[2024-06-23 04:25:48] production.ERROR: SQLSTATE[42000]: Syntax error or access violation: 1064 You have an error in your SQL syntax; check the manual that corresponds to your MySQL server version for the right syntax to use near '*) AS count from `orders` as `o` inner join `order_items` as `oi` on `o`.`id` = ' at line 1 (SQL: select DATE(o.created_at) AS order_date, COUNT(o.*) AS count from `orders` as `o` inner join `order_items` as `oi` on `o`.`id` = `oi`.`order_id` inner join `inventories` as `i` on `oi`.`inventory_id` = `i`.`id` inner join `products` as `p` on `i`.`product_id` = `p`.`id` inner join `customers` as `cust` on `o`.`customer_id` = `cust`.`id` where `customer_id` is not null and `o`.`created_at` between 2024-06-17 and 2024-06-23 and `o`.`order_status_id` <> 8 group by `o`.`order_date`) (View: /Users/aldyhelix/Projects/www/backend_rmi/resources/views/admin/dashboard/platform.blade.php) {"view":{"view":"/Users/aldyhelix/Projects/www/backend_rmi/vendor/laravel/framework/src/Illuminate/Database/Connection.php","data":[]},"userId":1,"exception":"[object] (Facade\\Ignition\\Exceptions\\ViewException(code: 0): SQLSTATE[42000]: Syntax error or access violation: 1064 You have an error in your SQL syntax; check the manual that corresponds to your MySQL server version for the right syntax to use near '*) AS count from `orders` as `o` inner join `order_items` as `oi` on `o`.`id` = ' at line 1 (SQL: select DATE(o.created_at) AS order_date, COUNT(o.*) AS count from `orders` as `o` inner join `order_items` as `oi` on `o`.`id` = `oi`.`order_id` inner join `inventories` as `i` on `oi`.`inventory_id` = `i`.`id` inner join `products` as `p` on `i`.`product_id` = `p`.`id` inner join `customers` as `cust` on `o`.`customer_id` = `cust`.`id` where `customer_id` is not null and `o`.`created_at` between 2024-06-17 and 2024-06-23 and `o`.`order_status_id` <> 8 group by `o`.`order_date`) (View: /Users/aldyhelix/Projects/www/backend_rmi/resources/views/admin/dashboard/platform.blade.php) at /Users/aldyhelix/Projects/www/backend_rmi/vendor/laravel/framework/src/Illuminate/Database/Connection.php:712)
[stacktrace]
#0 /Users/aldyhelix/Projects/www/backend_rmi/vendor/laravel/framework/src/Illuminate/Database/Connection.php(672): Illuminate\\Database\\Connection->runQueryCallback('select DATE(o.c...', Array, Object(Closure))
#1 /Users/aldyhelix/Projects/www/backend_rmi/vendor/laravel/framework/src/Illuminate/Database/Connection.php(359): Illuminate\\Database\\Connection->run('select DATE(o.c...', Array, Object(Closure))
#2 /Users/aldyhelix/Projects/www/backend_rmi/vendor/laravel/framework/src/Illuminate/Database/Query/Builder.php(2413): Illuminate\\Database\\Connection->select('select DATE(o.c...', Array, true)
#3 /Users/aldyhelix/Projects/www/backend_rmi/vendor/laravel/framework/src/Illuminate/Database/Query/Builder.php(2402): Illuminate\\Database\\Query\\Builder->runSelect()
#4 /Users/aldyhelix/Projects/www/backend_rmi/vendor/laravel/framework/src/Illuminate/Database/Query/Builder.php(2936): Illuminate\\Database\\Query\\Builder->Illuminate\\Database\\Query\\{closure}()
#5 /Users/aldyhelix/Projects/www/backend_rmi/vendor/laravel/framework/src/Illuminate/Database/Query/Builder.php(2401): Illuminate\\Database\\Query\\Builder->onceWithColumns(Array, Object(Closure))
#6 /Users/aldyhelix/Projects/www/backend_rmi/app/Http/Livewire/Dashboard.php(644): Illuminate\\Database\\Query\\Builder->get()
#7 /Users/aldyhelix/Projects/www/backend_rmi/app/Http/Livewire/Dashboard.php(268): App\\Http\\Livewire\\Dashboard->updatedChart1DataD1()
#8 /Users/aldyhelix/Projects/www/backend_rmi/app/Http/Livewire/Dashboard.php(127): App\\Http\\Livewire\\Dashboard->updateChartSection()
#9 /Users/aldyhelix/Projects/www/backend_rmi/vendor/laravel/framework/src/Illuminate/Container/BoundMethod.php(36): App\\Http\\Livewire\\Dashboard->mount(9, 0, 7, 0, 16, 0, 0, 0, 0, 0, 0, 0, 0, 0)
#10 /Users/aldyhelix/Projects/www/backend_rmi/vendor/laravel/framework/src/Illuminate/Container/Util.php(40): Illuminate\\Container\\BoundMethod::Illuminate\\Container\\{closure}()
#11 /Users/aldyhelix/Projects/www/backend_rmi/vendor/laravel/framework/src/Illuminate/Container/BoundMethod.php(93): Illuminate\\Container\\Util::unwrapIfClosure(Object(Closure))
#12 /Users/aldyhelix/Projects/www/backend_rmi/vendor/laravel/framework/src/Illuminate/Container/BoundMethod.php(35): Illuminate\\Container\\BoundMethod::callBoundMethod(Object(Illuminate\\Foundation\\Application), Array, Object(Closure))
#13 /Users/aldyhelix/Projects/www/backend_rmi/vendor/livewire/livewire/src/LifecycleManager.php(114): Illuminate\\Container\\BoundMethod::call(Object(Illuminate\\Foundation\\Application), Array, Array)
#14 /Users/aldyhelix/Projects/www/backend_rmi/vendor/livewire/livewire/src/LivewireManager.php(130): Livewire\\LifecycleManager->mount(Array)
#15 /Users/aldyhelix/Projects/www/backend_rmi/vendor/laravel/framework/src/Illuminate/Support/Facades/Facade.php(261): Livewire\\LivewireManager->mount('dashboard', Array)
#16 /Users/aldyhelix/Projects/www/backend_rmi/resources/views/admin/dashboard/platform.blade.php(13): Illuminate\\Support\\Facades\\Facade::__callStatic('mount', Array)
#17 /Users/aldyhelix/Projects/www/backend_rmi/vendor/laravel/framework/src/Illuminate/Filesystem/Filesystem.php(107): require('/Users/aldyheli...')
#18 /Users/aldyhelix/Projects/www/backend_rmi/vendor/laravel/framework/src/Illuminate/Filesystem/Filesystem.php(108): Illuminate\\Filesystem\\Filesystem::Illuminate\\Filesystem\\{closure}()
#19 /Users/aldyhelix/Projects/www/backend_rmi/vendor/laravel/framework/src/Illuminate/View/Engines/PhpEngine.php(58): Illuminate\\Filesystem\\Filesystem->getRequire('/Users/aldyheli...', Array)
#20 /Users/aldyhelix/Projects/www/backend_rmi/vendor/livewire/livewire/src/ComponentConcerns/RendersLivewireComponents.php(69): Illuminate\\View\\Engines\\PhpEngine->evaluatePath('/Users/aldyheli...', Array)
#21 /Users/aldyhelix/Projects/www/backend_rmi/vendor/laravel/framework/src/Illuminate/View/Engines/CompilerEngine.php(61): Livewire\\CompilerEngineForIgnition->evaluatePath('/Users/aldyheli...', Array)
#22 /Users/aldyhelix/Projects/www/backend_rmi/vendor/facade/ignition/src/Views/Engines/CompilerEngine.php(37): Illuminate\\View\\Engines\\CompilerEngine->get('/Users/aldyheli...', Array)
#23 /Users/aldyhelix/Projects/www/backend_rmi/vendor/livewire/livewire/src/ComponentConcerns/RendersLivewireComponents.php(35): Facade\\Ignition\\Views\\Engines\\CompilerEngine->get('/Users/aldyheli...', Array)
#24 /Users/aldyhelix/Projects/www/backend_rmi/vendor/laravel/framework/src/Illuminate/View/View.php(139): Livewire\\CompilerEngineForIgnition->get('/Users/aldyheli...', Array)
#25 /Users/aldyhelix/Projects/www/backend_rmi/vendor/laravel/framework/src/Illuminate/View/View.php(122): Illuminate\\View\\View->getContents()
#26 /Users/aldyhelix/Projects/www/backend_rmi/vendor/laravel/framework/src/Illuminate/View/View.php(91): Illuminate\\View\\View->renderContents()
#27 /Users/aldyhelix/Projects/www/backend_rmi/vendor/laravel/framework/src/Illuminate/Http/Response.php(69): Illuminate\\View\\View->render()
#28 /Users/aldyhelix/Projects/www/backend_rmi/vendor/laravel/framework/src/Illuminate/Http/Response.php(35): Illuminate\\Http\\Response->setContent(Object(Illuminate\\View\\View))
#29 /Users/aldyhelix/Projects/www/backend_rmi/vendor/laravel/framework/src/Illuminate/Routing/Router.php(820): Illuminate\\Http\\Response->__construct(Object(Illuminate\\View\\View), 200, Array)
#30 /Users/aldyhelix/Projects/www/backend_rmi/vendor/laravel/framework/src/Illuminate/Routing/Router.php(789): Illuminate\\Routing\\Router::toResponse(Object(Illuminate\\Http\\Request), Object(Illuminate\\View\\View))
#31 /Users/aldyhelix/Projects/www/backend_rmi/vendor/laravel/framework/src/Illuminate/Routing/Router.php(720): Illuminate\\Routing\\Router->prepareResponse(Object(Illuminate\\Http\\Request), Object(Illuminate\\View\\View))
#32 /Users/aldyhelix/Projects/www/backend_rmi/vendor/laravel/framework/src/Illuminate/Pipeline/Pipeline.php(128): Illuminate\\Routing\\Router->Illuminate\\Routing\\{closure}(Object(Illuminate\\Http\\Request))
#33 /Users/aldyhelix/Projects/www/backend_rmi/app/Http/Middleware/DashboardSetup.php(22): Illuminate\\Pipeline\\Pipeline->Illuminate\\Pipeline\\{closure}(Object(Illuminate\\Http\\Request))
#34 /Users/aldyhelix/Projects/www/backend_rmi/vendor/laravel/framework/src/Illuminate/Pipeline/Pipeline.php(167): App\\Http\\Middleware\\DashboardSetup->handle(Object(Illuminate\\Http\\Request), Object(Closure))
#35 /Users/aldyhelix/Projects/www/backend_rmi/app/Http/Middleware/CheckIfBillingInfoRequired.php(24): Illuminate\\Pipeline\\Pipeline->Illuminate\\Pipeline\\{closure}(Object(Illuminate\\Http\\Request))
#36 /Users/aldyhelix/Projects/www/backend_rmi/vendor/laravel/framework/src/Illuminate/Pipeline/Pipeline.php(167): App\\Http\\Middleware\\CheckIfBillingInfoRequired->handle(Object(Illuminate\\Http\\Request), Object(Closure))
#37 /Users/aldyhelix/Projects/www/backend_rmi/app/Http/Middleware/VerifyUserIsSubscribed.php(25): Illuminate\\Pipeline\\Pipeline->Illuminate\\Pipeline\\{closure}(Object(Illuminate\\Http\\Request))
#38 /Users/aldyhelix/Projects/www/backend_rmi/vendor/laravel/framework/src/Illuminate/Pipeline/Pipeline.php(167): App\\Http\\Middleware\\VerifyUserIsSubscribed->handle(Object(Illuminate\\Http\\Request), Object(Closure))
#39 /Users/aldyhelix/Projects/www/backend_rmi/app/Http/Middleware/CookieConsentMiddleware.php(21): Illuminate\\Pipeline\\Pipeline->Illuminate\\Pipeline\\{closure}(Object(Illuminate\\Http\\Request))
#40 /Users/aldyhelix/Projects/www/backend_rmi/vendor/laravel/framework/src/Illuminate/Pipeline/Pipeline.php(167): App\\Http\\Middleware\\CookieConsentMiddleware->handle(Object(Illuminate\\Http\\Request), Object(Closure))
#41 /Users/aldyhelix/Projects/www/backend_rmi/app/Http/Middleware/Language.php(64): Illuminate\\Pipeline\\Pipeline->Illuminate\\Pipeline\\{closure}(Object(Illuminate\\Http\\Request))
#42 /Users/aldyhelix/Projects/www/backend_rmi/vendor/laravel/framework/src/Illuminate/Pipeline/Pipeline.php(167): App\\Http\\Middleware\\Language->handle(Object(Illuminate\\Http\\Request), Object(Closure))
#43 /Users/aldyhelix/Projects/www/backend_rmi/app/Http/Middleware/InitSettings.php(8): Illuminate\\Pipeline\\Pipeline->Illuminate\\Pipeline\\{closure}(Object(Illuminate\\Http\\Request))
#44 /Users/aldyhelix/Projects/www/backend_rmi/vendor/laravel/framework/src/Illuminate/Pipeline/Pipeline.php(167): App\\Http\\Middleware\\InitSettings->handle(Object(Illuminate\\Http\\Request), Object(Closure))
#45 /Users/aldyhelix/Projects/www/backend_rmi/vendor/laravel/framework/src/Illuminate/Routing/Middleware/SubstituteBindings.php(50): Illuminate\\Pipeline\\Pipeline->Illuminate\\Pipeline\\{closure}(Object(Illuminate\\Http\\Request))
#46 /Users/aldyhelix/Projects/www/backend_rmi/vendor/laravel/framework/src/Illuminate/Pipeline/Pipeline.php(167): Illuminate\\Routing\\Middleware\\SubstituteBindings->handle(Object(Illuminate\\Http\\Request), Object(Closure))
#47 /Users/aldyhelix/Projects/www/backend_rmi/vendor/laravel/framework/src/Illuminate/Auth/Middleware/Authenticate.php(44): Illuminate\\Pipeline\\Pipeline->Illuminate\\Pipeline\\{closure}(Object(Illuminate\\Http\\Request))
#48 /Users/aldyhelix/Projects/www/backend_rmi/vendor/laravel/framework/src/Illuminate/Pipeline/Pipeline.php(167): Illuminate\\Auth\\Middleware\\Authenticate->handle(Object(Illuminate\\Http\\Request), Object(Closure))
#49 /Users/aldyhelix/Projects/www/backend_rmi/vendor/laravel/framework/src/Illuminate/Foundation/Http/Middleware/VerifyCsrfToken.php(78): Illuminate\\Pipeline\\Pipeline->Illuminate\\Pipeline\\{closure}(Object(Illuminate\\Http\\Request))
#50 /Users/aldyhelix/Projects/www/backend_rmi/vendor/laravel/framework/src/Illuminate/Pipeline/Pipeline.php(167): Illuminate\\Foundation\\Http\\Middleware\\VerifyCsrfToken->handle(Object(Illuminate\\Http\\Request), Object(Closure))
#51 /Users/aldyhelix/Projects/www/backend_rmi/vendor/laravel/framework/src/Illuminate/View/Middleware/ShareErrorsFromSession.php(49): Illuminate\\Pipeline\\Pipeline->Illuminate\\Pipeline\\{closure}(Object(Illuminate\\Http\\Request))
#52 /Users/aldyhelix/Projects/www/backend_rmi/vendor/laravel/framework/src/Illuminate/Pipeline/Pipeline.php(167): Illuminate\\View\\Middleware\\ShareErrorsFromSession->handle(Object(Illuminate\\Http\\Request), Object(Closure))
#53 /Users/aldyhelix/Projects/www/backend_rmi/vendor/laravel/framework/src/Illuminate/Session/Middleware/StartSession.php(121): Illuminate\\Pipeline\\Pipeline->Illuminate\\Pipeline\\{closure}(Object(Illuminate\\Http\\Request))
#54 /Users/aldyhelix/Projects/www/backend_rmi/vendor/laravel/framework/src/Illuminate/Session/Middleware/StartSession.php(64): Illuminate\\Session\\Middleware\\StartSession->handleStatefulRequest(Object(Illuminate\\Http\\Request), Object(Illuminate\\Session\\EncryptedStore), Object(Closure))
#55 /Users/aldyhelix/Projects/www/backend_rmi/vendor/laravel/framework/src/Illuminate/Pipeline/Pipeline.php(167): Illuminate\\Session\\Middleware\\StartSession->handle(Object(Illuminate\\Http\\Request), Object(Closure))
#56 /Users/aldyhelix/Projects/www/backend_rmi/vendor/laravel/framework/src/Illuminate/Cookie/Middleware/AddQueuedCookiesToResponse.php(37): Illuminate\\Pipeline\\Pipeline->Illuminate\\Pipeline\\{closure}(Object(Illuminate\\Http\\Request))
#57 /Users/aldyhelix/Projects/www/backend_rmi/vendor/laravel/framework/src/Illuminate/Pipeline/Pipeline.php(167): Illuminate\\Cookie\\Middleware\\AddQueuedCookiesToResponse->handle(Object(Illuminate\\Http\\Request), Object(Closure))
#58 /Users/aldyhelix/Projects/www/backend_rmi/vendor/laravel/framework/src/Illuminate/Cookie/Middleware/EncryptCookies.php(67): Illuminate\\Pipeline\\Pipeline->Illuminate\\Pipeline\\{closure}(Object(Illuminate\\Http\\Request))
#59 /Users/aldyhelix/Projects/www/backend_rmi/vendor/laravel/framework/src/Illuminate/Pipeline/Pipeline.php(167): Illuminate\\Cookie\\Middleware\\EncryptCookies->handle(Object(Illuminate\\Http\\Request), Object(Closure))
#60 /Users/aldyhelix/Projects/www/backend_rmi/vendor/laravel/framework/src/Illuminate/Pipeline/Pipeline.php(103): Illuminate\\Pipeline\\Pipeline->Illuminate\\Pipeline\\{closure}(Object(Illuminate\\Http\\Request))
#61 /Users/aldyhelix/Projects/www/backend_rmi/vendor/laravel/framework/src/Illuminate/Routing/Router.php(719): Illuminate\\Pipeline\\Pipeline->then(Object(Closure))
#62 /Users/aldyhelix/Projects/www/backend_rmi/vendor/laravel/framework/src/Illuminate/Routing/Router.php(698): Illuminate\\Routing\\Router->runRouteWithinStack(Object(Illuminate\\Routing\\Route), Object(Illuminate\\Http\\Request))
#63 /Users/aldyhelix/Projects/www/backend_rmi/vendor/laravel/framework/src/Illuminate/Routing/Router.php(662): Illuminate\\Routing\\Router->runRoute(Object(Illuminate\\Http\\Request), Object(Illuminate\\Routing\\Route))
#64 /Users/aldyhelix/Projects/www/backend_rmi/vendor/laravel/framework/src/Illuminate/Routing/Router.php(651): Illuminate\\Routing\\Router->dispatchToRoute(Object(Illuminate\\Http\\Request))
#65 /Users/aldyhelix/Projects/www/backend_rmi/vendor/laravel/framework/src/Illuminate/Foundation/Http/Kernel.php(167): Illuminate\\Routing\\Router->dispatch(Object(Illuminate\\Http\\Request))
#66 /Users/aldyhelix/Projects/www/backend_rmi/vendor/laravel/framework/src/Illuminate/Pipeline/Pipeline.php(128): Illuminate\\Foundation\\Http\\Kernel->Illuminate\\Foundation\\Http\\{closure}(Object(Illuminate\\Http\\Request))
#67 /Users/aldyhelix/Projects/www/backend_rmi/vendor/livewire/livewire/src/DisableBrowserCache.php(19): Illuminate\\Pipeline\\Pipeline->Illuminate\\Pipeline\\{closure}(Object(Illuminate\\Http\\Request))
#68 /Users/aldyhelix/Projects/www/backend_rmi/vendor/laravel/framework/src/Illuminate/Pipeline/Pipeline.php(167): Livewire\\DisableBrowserCache->handle(Object(Illuminate\\Http\\Request), Object(Closure))
#69 /Users/aldyhelix/Projects/www/backend_rmi/vendor/barryvdh/laravel-debugbar/src/Middleware/InjectDebugbar.php(66): Illuminate\\Pipeline\\Pipeline->Illuminate\\Pipeline\\{closure}(Object(Illuminate\\Http\\Request))
#70 /Users/aldyhelix/Projects/www/backend_rmi/vendor/laravel/framework/src/Illuminate/Pipeline/Pipeline.php(167): Barryvdh\\Debugbar\\Middleware\\InjectDebugbar->handle(Object(Illuminate\\Http\\Request), Object(Closure))
#71 /Users/aldyhelix/Projects/www/backend_rmi/app/Http/Middleware/CheckForInstallation.php(19): Illuminate\\Pipeline\\Pipeline->Illuminate\\Pipeline\\{closure}(Object(Illuminate\\Http\\Request))
#72 /Users/aldyhelix/Projects/www/backend_rmi/vendor/laravel/framework/src/Illuminate/Pipeline/Pipeline.php(167): App\\Http\\Middleware\\CheckForInstallation->handle(Object(Illuminate\\Http\\Request), Object(Closure))
#73 /Users/aldyhelix/Projects/www/backend_rmi/vendor/laravel/framework/src/Illuminate/Foundation/Http/Middleware/TransformsRequest.php(21): Illuminate\\Pipeline\\Pipeline->Illuminate\\Pipeline\\{closure}(Object(Illuminate\\Http\\Request))
#74 /Users/aldyhelix/Projects/www/backend_rmi/vendor/laravel/framework/src/Illuminate/Foundation/Http/Middleware/ConvertEmptyStringsToNull.php(31): Illuminate\\Foundation\\Http\\Middleware\\TransformsRequest->handle(Object(Illuminate\\Http\\Request), Object(Closure))
#75 /Users/aldyhelix/Projects/www/backend_rmi/vendor/laravel/framework/src/Illuminate/Pipeline/Pipeline.php(167): Illuminate\\Foundation\\Http\\Middleware\\ConvertEmptyStringsToNull->handle(Object(Illuminate\\Http\\Request), Object(Closure))
#76 /Users/aldyhelix/Projects/www/backend_rmi/vendor/laravel/framework/src/Illuminate/Foundation/Http/Middleware/TransformsRequest.php(21): Illuminate\\Pipeline\\Pipeline->Illuminate\\Pipeline\\{closure}(Object(Illuminate\\Http\\Request))
#77 /Users/aldyhelix/Projects/www/backend_rmi/vendor/laravel/framework/src/Illuminate/Foundation/Http/Middleware/TrimStrings.php(40): Illuminate\\Foundation\\Http\\Middleware\\TransformsRequest->handle(Object(Illuminate\\Http\\Request), Object(Closure))
#78 /Users/aldyhelix/Projects/www/backend_rmi/vendor/laravel/framework/src/Illuminate/Pipeline/Pipeline.php(167): Illuminate\\Foundation\\Http\\Middleware\\TrimStrings->handle(Object(Illuminate\\Http\\Request), Object(Closure))
#79 /Users/aldyhelix/Projects/www/backend_rmi/vendor/laravel/framework/src/Illuminate/Foundation/Http/Middleware/ValidatePostSize.php(27): Illuminate\\Pipeline\\Pipeline->Illuminate\\Pipeline\\{closure}(Object(Illuminate\\Http\\Request))
#80 /Users/aldyhelix/Projects/www/backend_rmi/vendor/laravel/framework/src/Illuminate/Pipeline/Pipeline.php(167): Illuminate\\Foundation\\Http\\Middleware\\ValidatePostSize->handle(Object(Illuminate\\Http\\Request), Object(Closure))
#81 /Users/aldyhelix/Projects/www/backend_rmi/vendor/laravel/framework/src/Illuminate/Foundation/Http/Middleware/PreventRequestsDuringMaintenance.php(86): Illuminate\\Pipeline\\Pipeline->Illuminate\\Pipeline\\{closure}(Object(Illuminate\\Http\\Request))
#82 /Users/aldyhelix/Projects/www/backend_rmi/vendor/laravel/framework/src/Illuminate/Pipeline/Pipeline.php(167): Illuminate\\Foundation\\Http\\Middleware\\PreventRequestsDuringMaintenance->handle(Object(Illuminate\\Http\\Request), Object(Closure))
#83 /Users/aldyhelix/Projects/www/backend_rmi/vendor/fruitcake/laravel-cors/src/HandleCors.php(38): Illuminate\\Pipeline\\Pipeline->Illuminate\\Pipeline\\{closure}(Object(Illuminate\\Http\\Request))
#84 /Users/aldyhelix/Projects/www/backend_rmi/vendor/laravel/framework/src/Illuminate/Pipeline/Pipeline.php(167): Fruitcake\\Cors\\HandleCors->handle(Object(Illuminate\\Http\\Request), Object(Closure))
#85 /Users/aldyhelix/Projects/www/backend_rmi/vendor/laravel/framework/src/Illuminate/Http/Middleware/TrustProxies.php(39): Illuminate\\Pipeline\\Pipeline->Illuminate\\Pipeline\\{closure}(Object(Illuminate\\Http\\Request))
#86 /Users/aldyhelix/Projects/www/backend_rmi/vendor/laravel/framework/src/Illuminate/Pipeline/Pipeline.php(167): Illuminate\\Http\\Middleware\\TrustProxies->handle(Object(Illuminate\\Http\\Request), Object(Closure))
#87 /Users/aldyhelix/Projects/www/backend_rmi/vendor/laravel/framework/src/Illuminate/Pipeline/Pipeline.php(103): Illuminate\\Pipeline\\Pipeline->Illuminate\\Pipeline\\{closure}(Object(Illuminate\\Http\\Request))
#88 /Users/aldyhelix/Projects/www/backend_rmi/vendor/laravel/framework/src/Illuminate/Foundation/Http/Kernel.php(142): Illuminate\\Pipeline\\Pipeline->then(Object(Closure))
#89 /Users/aldyhelix/Projects/www/backend_rmi/vendor/laravel/framework/src/Illuminate/Foundation/Http/Kernel.php(111): Illuminate\\Foundation\\Http\\Kernel->sendRequestThroughRouter(Object(Illuminate\\Http\\Request))
#90 /Users/aldyhelix/Projects/www/backend_rmi/public/index.php(58): Illuminate\\Foundation\\Http\\Kernel->handle(Object(Illuminate\\Http\\Request))
#91 /Applications/Herd.app/Contents/Resources/valet/server.php(153): require('/Users/aldyheli...')
#92 {main}

[previous exception] [object] (Illuminate\\Database\\QueryException(code: 42000): SQLSTATE[42000]: Syntax error or access violation: 1064 You have an error in your SQL syntax; check the manual that corresponds to your MySQL server version for the right syntax to use near '*) AS count from `orders` as `o` inner join `order_items` as `oi` on `o`.`id` = ' at line 1 (SQL: select DATE(o.created_at) AS order_date, COUNT(o.*) AS count from `orders` as `o` inner join `order_items` as `oi` on `o`.`id` = `oi`.`order_id` inner join `inventories` as `i` on `oi`.`inventory_id` = `i`.`id` inner join `products` as `p` on `i`.`product_id` = `p`.`id` inner join `customers` as `cust` on `o`.`customer_id` = `cust`.`id` where `customer_id` is not null and `o`.`created_at` between 2024-06-17 and 2024-06-23 and `o`.`order_status_id` <> 8 group by `o`.`order_date`) at /Users/aldyhelix/Projects/www/backend_rmi/vendor/laravel/framework/src/Illuminate/Database/Connection.php:712)
[stacktrace]
#0 /Users/aldyhelix/Projects/www/backend_rmi/vendor/laravel/framework/src/Illuminate/Database/Connection.php(672): Illuminate\\Database\\Connection->runQueryCallback('select DATE(o.c...', Array, Object(Closure))
#1 /Users/aldyhelix/Projects/www/backend_rmi/vendor/laravel/framework/src/Illuminate/Database/Connection.php(359): Illuminate\\Database\\Connection->run('select DATE(o.c...', Array, Object(Closure))
#2 /Users/aldyhelix/Projects/www/backend_rmi/vendor/laravel/framework/src/Illuminate/Database/Query/Builder.php(2413): Illuminate\\Database\\Connection->select('select DATE(o.c...', Array, true)
#3 /Users/aldyhelix/Projects/www/backend_rmi/vendor/laravel/framework/src/Illuminate/Database/Query/Builder.php(2402): Illuminate\\Database\\Query\\Builder->runSelect()
#4 /Users/aldyhelix/Projects/www/backend_rmi/vendor/laravel/framework/src/Illuminate/Database/Query/Builder.php(2936): Illuminate\\Database\\Query\\Builder->Illuminate\\Database\\Query\\{closure}()
#5 /Users/aldyhelix/Projects/www/backend_rmi/vendor/laravel/framework/src/Illuminate/Database/Query/Builder.php(2401): Illuminate\\Database\\Query\\Builder->onceWithColumns(Array, Object(Closure))
#6 /Users/aldyhelix/Projects/www/backend_rmi/app/Http/Livewire/Dashboard.php(644): Illuminate\\Database\\Query\\Builder->get()
#7 /Users/aldyhelix/Projects/www/backend_rmi/app/Http/Livewire/Dashboard.php(268): App\\Http\\Livewire\\Dashboard->updatedChart1DataD1()
#8 /Users/aldyhelix/Projects/www/backend_rmi/app/Http/Livewire/Dashboard.php(127): App\\Http\\Livewire\\Dashboard->updateChartSection()
#9 /Users/aldyhelix/Projects/www/backend_rmi/vendor/laravel/framework/src/Illuminate/Container/BoundMethod.php(36): App\\Http\\Livewire\\Dashboard->mount(9, 0, 7, 0, 16, 0, 0, 0, 0, 0, 0, 0, 0, 0)
#10 /Users/aldyhelix/Projects/www/backend_rmi/vendor/laravel/framework/src/Illuminate/Container/Util.php(40): Illuminate\\Container\\BoundMethod::Illuminate\\Container\\{closure}()
#11 /Users/aldyhelix/Projects/www/backend_rmi/vendor/laravel/framework/src/Illuminate/Container/BoundMethod.php(93): Illuminate\\Container\\Util::unwrapIfClosure(Object(Closure))
#12 /Users/aldyhelix/Projects/www/backend_rmi/vendor/laravel/framework/src/Illuminate/Container/BoundMethod.php(35): Illuminate\\Container\\BoundMethod::callBoundMethod(Object(Illuminate\\Foundation\\Application), Array, Object(Closure))
#13 /Users/aldyhelix/Projects/www/backend_rmi/vendor/livewire/livewire/src/LifecycleManager.php(114): Illuminate\\Container\\BoundMethod::call(Object(Illuminate\\Foundation\\Application), Array, Array)
#14 /Users/aldyhelix/Projects/www/backend_rmi/vendor/livewire/livewire/src/LivewireManager.php(130): Livewire\\LifecycleManager->mount(Array)
#15 /Users/aldyhelix/Projects/www/backend_rmi/vendor/laravel/framework/src/Illuminate/Support/Facades/Facade.php(261): Livewire\\LivewireManager->mount('dashboard', Array)
#16 /Users/aldyhelix/Projects/www/backend_rmi/storage/framework/views/7614a377bf597da1c7ed67416eae576b7feee755.php(13): Illuminate\\Support\\Facades\\Facade::__callStatic('mount', Array)
#17 /Users/aldyhelix/Projects/www/backend_rmi/vendor/laravel/framework/src/Illuminate/Filesystem/Filesystem.php(107): require('/Users/aldyheli...')
#18 /Users/aldyhelix/Projects/www/backend_rmi/vendor/laravel/framework/src/Illuminate/Filesystem/Filesystem.php(108): Illuminate\\Filesystem\\Filesystem::Illuminate\\Filesystem\\{closure}()
#19 /Users/aldyhelix/Projects/www/backend_rmi/vendor/laravel/framework/src/Illuminate/View/Engines/PhpEngine.php(58): Illuminate\\Filesystem\\Filesystem->getRequire('/Users/aldyheli...', Array)
#20 /Users/aldyhelix/Projects/www/backend_rmi/vendor/livewire/livewire/src/ComponentConcerns/RendersLivewireComponents.php(69): Illuminate\\View\\Engines\\PhpEngine->evaluatePath('/Users/aldyheli...', Array)
#21 /Users/aldyhelix/Projects/www/backend_rmi/vendor/laravel/framework/src/Illuminate/View/Engines/CompilerEngine.php(61): Livewire\\CompilerEngineForIgnition->evaluatePath('/Users/aldyheli...', Array)
#22 /Users/aldyhelix/Projects/www/backend_rmi/vendor/facade/ignition/src/Views/Engines/CompilerEngine.php(37): Illuminate\\View\\Engines\\CompilerEngine->get('/Users/aldyheli...', Array)
#23 /Users/aldyhelix/Projects/www/backend_rmi/vendor/livewire/livewire/src/ComponentConcerns/RendersLivewireComponents.php(35): Facade\\Ignition\\Views\\Engines\\CompilerEngine->get('/Users/aldyheli...', Array)
#24 /Users/aldyhelix/Projects/www/backend_rmi/vendor/laravel/framework/src/Illuminate/View/View.php(139): Livewire\\CompilerEngineForIgnition->get('/Users/aldyheli...', Array)
#25 /Users/aldyhelix/Projects/www/backend_rmi/vendor/laravel/framework/src/Illuminate/View/View.php(122): Illuminate\\View\\View->getContents()
#26 /Users/aldyhelix/Projects/www/backend_rmi/vendor/laravel/framework/src/Illuminate/View/View.php(91): Illuminate\\View\\View->renderContents()
#27 /Users/aldyhelix/Projects/www/backend_rmi/vendor/laravel/framework/src/Illuminate/Http/Response.php(69): Illuminate\\View\\View->render()
#28 /Users/aldyhelix/Projects/www/backend_rmi/vendor/laravel/framework/src/Illuminate/Http/Response.php(35): Illuminate\\Http\\Response->setContent(Object(Illuminate\\View\\View))
#29 /Users/aldyhelix/Projects/www/backend_rmi/vendor/laravel/framework/src/Illuminate/Routing/Router.php(820): Illuminate\\Http\\Response->__construct(Object(Illuminate\\View\\View), 200, Array)
#30 /Users/aldyhelix/Projects/www/backend_rmi/vendor/laravel/framework/src/Illuminate/Routing/Router.php(789): Illuminate\\Routing\\Router::toResponse(Object(Illuminate\\Http\\Request), Object(Illuminate\\View\\View))
#31 /Users/aldyhelix/Projects/www/backend_rmi/vendor/laravel/framework/src/Illuminate/Routing/Router.php(720): Illuminate\\Routing\\Router->prepareResponse(Object(Illuminate\\Http\\Request), Object(Illuminate\\View\\View))
#32 /Users/aldyhelix/Projects/www/backend_rmi/vendor/laravel/framework/src/Illuminate/Pipeline/Pipeline.php(128): Illuminate\\Routing\\Router->Illuminate\\Routing\\{closure}(Object(Illuminate\\Http\\Request))
#33 /Users/aldyhelix/Projects/www/backend_rmi/app/Http/Middleware/DashboardSetup.php(22): Illuminate\\Pipeline\\Pipeline->Illuminate\\Pipeline\\{closure}(Object(Illuminate\\Http\\Request))
#34 /Users/aldyhelix/Projects/www/backend_rmi/vendor/laravel/framework/src/Illuminate/Pipeline/Pipeline.php(167): App\\Http\\Middleware\\DashboardSetup->handle(Object(Illuminate\\Http\\Request), Object(Closure))
#35 /Users/aldyhelix/Projects/www/backend_rmi/app/Http/Middleware/CheckIfBillingInfoRequired.php(24): Illuminate\\Pipeline\\Pipeline->Illuminate\\Pipeline\\{closure}(Object(Illuminate\\Http\\Request))
#36 /Users/aldyhelix/Projects/www/backend_rmi/vendor/laravel/framework/src/Illuminate/Pipeline/Pipeline.php(167): App\\Http\\Middleware\\CheckIfBillingInfoRequired->handle(Object(Illuminate\\Http\\Request), Object(Closure))
#37 /Users/aldyhelix/Projects/www/backend_rmi/app/Http/Middleware/VerifyUserIsSubscribed.php(25): Illuminate\\Pipeline\\Pipeline->Illuminate\\Pipeline\\{closure}(Object(Illuminate\\Http\\Request))
#38 /Users/aldyhelix/Projects/www/backend_rmi/vendor/laravel/framework/src/Illuminate/Pipeline/Pipeline.php(167): App\\Http\\Middleware\\VerifyUserIsSubscribed->handle(Object(Illuminate\\Http\\Request), Object(Closure))
#39 /Users/aldyhelix/Projects/www/backend_rmi/app/Http/Middleware/CookieConsentMiddleware.php(21): Illuminate\\Pipeline\\Pipeline->Illuminate\\Pipeline\\{closure}(Object(Illuminate\\Http\\Request))
#40 /Users/aldyhelix/Projects/www/backend_rmi/vendor/laravel/framework/src/Illuminate/Pipeline/Pipeline.php(167): App\\Http\\Middleware\\CookieConsentMiddleware->handle(Object(Illuminate\\Http\\Request), Object(Closure))
#41 /Users/aldyhelix/Projects/www/backend_rmi/app/Http/Middleware/Language.php(64): Illuminate\\Pipeline\\Pipeline->Illuminate\\Pipeline\\{closure}(Object(Illuminate\\Http\\Request))
#42 /Users/aldyhelix/Projects/www/backend_rmi/vendor/laravel/framework/src/Illuminate/Pipeline/Pipeline.php(167): App\\Http\\Middleware\\Language->handle(Object(Illuminate\\Http\\Request), Object(Closure))
#43 /Users/aldyhelix/Projects/www/backend_rmi/app/Http/Middleware/InitSettings.php(8): Illuminate\\Pipeline\\Pipeline->Illuminate\\Pipeline\\{closure}(Object(Illuminate\\Http\\Request))
#44 /Users/aldyhelix/Projects/www/backend_rmi/vendor/laravel/framework/src/Illuminate/Pipeline/Pipeline.php(167): App\\Http\\Middleware\\InitSettings->handle(Object(Illuminate\\Http\\Request), Object(Closure))
#45 /Users/aldyhelix/Projects/www/backend_rmi/vendor/laravel/framework/src/Illuminate/Routing/Middleware/SubstituteBindings.php(50): Illuminate\\Pipeline\\Pipeline->Illuminate\\Pipeline\\{closure}(Object(Illuminate\\Http\\Request))
#46 /Users/aldyhelix/Projects/www/backend_rmi/vendor/laravel/framework/src/Illuminate/Pipeline/Pipeline.php(167): Illuminate\\Routing\\Middleware\\SubstituteBindings->handle(Object(Illuminate\\Http\\Request), Object(Closure))
#47 /Users/aldyhelix/Projects/www/backend_rmi/vendor/laravel/framework/src/Illuminate/Auth/Middleware/Authenticate.php(44): Illuminate\\Pipeline\\Pipeline->Illuminate\\Pipeline\\{closure}(Object(Illuminate\\Http\\Request))
#48 /Users/aldyhelix/Projects/www/backend_rmi/vendor/laravel/framework/src/Illuminate/Pipeline/Pipeline.php(167): Illuminate\\Auth\\Middleware\\Authenticate->handle(Object(Illuminate\\Http\\Request), Object(Closure))
#49 /Users/aldyhelix/Projects/www/backend_rmi/vendor/laravel/framework/src/Illuminate/Foundation/Http/Middleware/VerifyCsrfToken.php(78): Illuminate\\Pipeline\\Pipeline->Illuminate\\Pipeline\\{closure}(Object(Illuminate\\Http\\Request))
#50 /Users/aldyhelix/Projects/www/backend_rmi/vendor/laravel/framework/src/Illuminate/Pipeline/Pipeline.php(167): Illuminate\\Foundation\\Http\\Middleware\\VerifyCsrfToken->handle(Object(Illuminate\\Http\\Request), Object(Closure))
#51 /Users/aldyhelix/Projects/www/backend_rmi/vendor/laravel/framework/src/Illuminate/View/Middleware/ShareErrorsFromSession.php(49): Illuminate\\Pipeline\\Pipeline->Illuminate\\Pipeline\\{closure}(Object(Illuminate\\Http\\Request))
#52 /Users/aldyhelix/Projects/www/backend_rmi/vendor/laravel/framework/src/Illuminate/Pipeline/Pipeline.php(167): Illuminate\\View\\Middleware\\ShareErrorsFromSession->handle(Object(Illuminate\\Http\\Request), Object(Closure))
#53 /Users/aldyhelix/Projects/www/backend_rmi/vendor/laravel/framework/src/Illuminate/Session/Middleware/StartSession.php(121): Illuminate\\Pipeline\\Pipeline->Illuminate\\Pipeline\\{closure}(Object(Illuminate\\Http\\Request))
#54 /Users/aldyhelix/Projects/www/backend_rmi/vendor/laravel/framework/src/Illuminate/Session/Middleware/StartSession.php(64): Illuminate\\Session\\Middleware\\StartSession->handleStatefulRequest(Object(Illuminate\\Http\\Request), Object(Illuminate\\Session\\EncryptedStore), Object(Closure))
#55 /Users/aldyhelix/Projects/www/backend_rmi/vendor/laravel/framework/src/Illuminate/Pipeline/Pipeline.php(167): Illuminate\\Session\\Middleware\\StartSession->handle(Object(Illuminate\\Http\\Request), Object(Closure))
#56 /Users/aldyhelix/Projects/www/backend_rmi/vendor/laravel/framework/src/Illuminate/Cookie/Middleware/AddQueuedCookiesToResponse.php(37): Illuminate\\Pipeline\\Pipeline->Illuminate\\Pipeline\\{closure}(Object(Illuminate\\Http\\Request))
#57 /Users/aldyhelix/Projects/www/backend_rmi/vendor/laravel/framework/src/Illuminate/Pipeline/Pipeline.php(167): Illuminate\\Cookie\\Middleware\\AddQueuedCookiesToResponse->handle(Object(Illuminate\\Http\\Request), Object(Closure))
#58 /Users/aldyhelix/Projects/www/backend_rmi/vendor/laravel/framework/src/Illuminate/Cookie/Middleware/EncryptCookies.php(67): Illuminate\\Pipeline\\Pipeline->Illuminate\\Pipeline\\{closure}(Object(Illuminate\\Http\\Request))
#59 /Users/aldyhelix/Projects/www/backend_rmi/vendor/laravel/framework/src/Illuminate/Pipeline/Pipeline.php(167): Illuminate\\Cookie\\Middleware\\EncryptCookies->handle(Object(Illuminate\\Http\\Request), Object(Closure))
#60 /Users/aldyhelix/Projects/www/backend_rmi/vendor/laravel/framework/src/Illuminate/Pipeline/Pipeline.php(103): Illuminate\\Pipeline\\Pipeline->Illuminate\\Pipeline\\{closure}(Object(Illuminate\\Http\\Request))
#61 /Users/aldyhelix/Projects/www/backend_rmi/vendor/laravel/framework/src/Illuminate/Routing/Router.php(719): Illuminate\\Pipeline\\Pipeline->then(Object(Closure))
#62 /Users/aldyhelix/Projects/www/backend_rmi/vendor/laravel/framework/src/Illuminate/Routing/Router.php(698): Illuminate\\Routing\\Router->runRouteWithinStack(Object(Illuminate\\Routing\\Route), Object(Illuminate\\Http\\Request))
#63 /Users/aldyhelix/Projects/www/backend_rmi/vendor/laravel/framework/src/Illuminate/Routing/Router.php(662): Illuminate\\Routing\\Router->runRoute(Object(Illuminate\\Http\\Request), Object(Illuminate\\Routing\\Route))
#64 /Users/aldyhelix/Projects/www/backend_rmi/vendor/laravel/framework/src/Illuminate/Routing/Router.php(651): Illuminate\\Routing\\Router->dispatchToRoute(Object(Illuminate\\Http\\Request))
#65 /Users/aldyhelix/Projects/www/backend_rmi/vendor/laravel/framework/src/Illuminate/Foundation/Http/Kernel.php(167): Illuminate\\Routing\\Router->dispatch(Object(Illuminate\\Http\\Request))
#66 /Users/aldyhelix/Projects/www/backend_rmi/vendor/laravel/framework/src/Illuminate/Pipeline/Pipeline.php(128): Illuminate\\Foundation\\Http\\Kernel->Illuminate\\Foundation\\Http\\{closure}(Object(Illuminate\\Http\\Request))
#67 /Users/aldyhelix/Projects/www/backend_rmi/vendor/livewire/livewire/src/DisableBrowserCache.php(19): Illuminate\\Pipeline\\Pipeline->Illuminate\\Pipeline\\{closure}(Object(Illuminate\\Http\\Request))
#68 /Users/aldyhelix/Projects/www/backend_rmi/vendor/laravel/framework/src/Illuminate/Pipeline/Pipeline.php(167): Livewire\\DisableBrowserCache->handle(Object(Illuminate\\Http\\Request), Object(Closure))
#69 /Users/aldyhelix/Projects/www/backend_rmi/vendor/barryvdh/laravel-debugbar/src/Middleware/InjectDebugbar.php(66): Illuminate\\Pipeline\\Pipeline->Illuminate\\Pipeline\\{closure}(Object(Illuminate\\Http\\Request))
#70 /Users/aldyhelix/Projects/www/backend_rmi/vendor/laravel/framework/src/Illuminate/Pipeline/Pipeline.php(167): Barryvdh\\Debugbar\\Middleware\\InjectDebugbar->handle(Object(Illuminate\\Http\\Request), Object(Closure))
#71 /Users/aldyhelix/Projects/www/backend_rmi/app/Http/Middleware/CheckForInstallation.php(19): Illuminate\\Pipeline\\Pipeline->Illuminate\\Pipeline\\{closure}(Object(Illuminate\\Http\\Request))
#72 /Users/aldyhelix/Projects/www/backend_rmi/vendor/laravel/framework/src/Illuminate/Pipeline/Pipeline.php(167): App\\Http\\Middleware\\CheckForInstallation->handle(Object(Illuminate\\Http\\Request), Object(Closure))
#73 /Users/aldyhelix/Projects/www/backend_rmi/vendor/laravel/framework/src/Illuminate/Foundation/Http/Middleware/TransformsRequest.php(21): Illuminate\\Pipeline\\Pipeline->Illuminate\\Pipeline\\{closure}(Object(Illuminate\\Http\\Request))
#74 /Users/aldyhelix/Projects/www/backend_rmi/vendor/laravel/framework/src/Illuminate/Foundation/Http/Middleware/ConvertEmptyStringsToNull.php(31): Illuminate\\Foundation\\Http\\Middleware\\TransformsRequest->handle(Object(Illuminate\\Http\\Request), Object(Closure))
#75 /Users/aldyhelix/Projects/www/backend_rmi/vendor/laravel/framework/src/Illuminate/Pipeline/Pipeline.php(167): Illuminate\\Foundation\\Http\\Middleware\\ConvertEmptyStringsToNull->handle(Object(Illuminate\\Http\\Request), Object(Closure))
#76 /Users/aldyhelix/Projects/www/backend_rmi/vendor/laravel/framework/src/Illuminate/Foundation/Http/Middleware/TransformsRequest.php(21): Illuminate\\Pipeline\\Pipeline->Illuminate\\Pipeline\\{closure}(Object(Illuminate\\Http\\Request))
#77 /Users/aldyhelix/Projects/www/backend_rmi/vendor/laravel/framework/src/Illuminate/Foundation/Http/Middleware/TrimStrings.php(40): Illuminate\\Foundation\\Http\\Middleware\\TransformsRequest->handle(Object(Illuminate\\Http\\Request), Object(Closure))
#78 /Users/aldyhelix/Projects/www/backend_rmi/vendor/laravel/framework/src/Illuminate/Pipeline/Pipeline.php(167): Illuminate\\Foundation\\Http\\Middleware\\TrimStrings->handle(Object(Illuminate\\Http\\Request), Object(Closure))
#79 /Users/aldyhelix/Projects/www/backend_rmi/vendor/laravel/framework/src/Illuminate/Foundation/Http/Middleware/ValidatePostSize.php(27): Illuminate\\Pipeline\\Pipeline->Illuminate\\Pipeline\\{closure}(Object(Illuminate\\Http\\Request))
#80 /Users/aldyhelix/Projects/www/backend_rmi/vendor/laravel/framework/src/Illuminate/Pipeline/Pipeline.php(167): Illuminate\\Foundation\\Http\\Middleware\\ValidatePostSize->handle(Object(Illuminate\\Http\\Request), Object(Closure))
#81 /Users/aldyhelix/Projects/www/backend_rmi/vendor/laravel/framework/src/Illuminate/Foundation/Http/Middleware/PreventRequestsDuringMaintenance.php(86): Illuminate\\Pipeline\\Pipeline->Illuminate\\Pipeline\\{closure}(Object(Illuminate\\Http\\Request))
#82 /Users/aldyhelix/Projects/www/backend_rmi/vendor/laravel/framework/src/Illuminate/Pipeline/Pipeline.php(167): Illuminate\\Foundation\\Http\\Middleware\\PreventRequestsDuringMaintenance->handle(Object(Illuminate\\Http\\Request), Object(Closure))
#83 /Users/aldyhelix/Projects/www/backend_rmi/vendor/fruitcake/laravel-cors/src/HandleCors.php(38): Illuminate\\Pipeline\\Pipeline->Illuminate\\Pipeline\\{closure}(Object(Illuminate\\Http\\Request))
#84 /Users/aldyhelix/Projects/www/backend_rmi/vendor/laravel/framework/src/Illuminate/Pipeline/Pipeline.php(167): Fruitcake\\Cors\\HandleCors->handle(Object(Illuminate\\Http\\Request), Object(Closure))
#85 /Users/aldyhelix/Projects/www/backend_rmi/vendor/laravel/framework/src/Illuminate/Http/Middleware/TrustProxies.php(39): Illuminate\\Pipeline\\Pipeline->Illuminate\\Pipeline\\{closure}(Object(Illuminate\\Http\\Request))
#86 /Users/aldyhelix/Projects/www/backend_rmi/vendor/laravel/framework/src/Illuminate/Pipeline/Pipeline.php(167): Illuminate\\Http\\Middleware\\TrustProxies->handle(Object(Illuminate\\Http\\Request), Object(Closure))
#87 /Users/aldyhelix/Projects/www/backend_rmi/vendor/laravel/framework/src/Illuminate/Pipeline/Pipeline.php(103): Illuminate\\Pipeline\\Pipeline->Illuminate\\Pipeline\\{closure}(Object(Illuminate\\Http\\Request))
#88 /Users/aldyhelix/Projects/www/backend_rmi/vendor/laravel/framework/src/Illuminate/Foundation/Http/Kernel.php(142): Illuminate\\Pipeline\\Pipeline->then(Object(Closure))
#89 /Users/aldyhelix/Projects/www/backend_rmi/vendor/laravel/framework/src/Illuminate/Foundation/Http/Kernel.php(111): Illuminate\\Foundation\\Http\\Kernel->sendRequestThroughRouter(Object(Illuminate\\Http\\Request))
#90 /Users/aldyhelix/Projects/www/backend_rmi/public/index.php(58): Illuminate\\Foundation\\Http\\Kernel->handle(Object(Illuminate\\Http\\Request))
#91 /Applications/Herd.app/Contents/Resources/valet/server.php(153): require('/Users/aldyheli...')
#92 {main}

[previous exception] [object] (PDOException(code: 42000): SQLSTATE[42000]: Syntax error or access violation: 1064 You have an error in your SQL syntax; check the manual that corresponds to your MySQL server version for the right syntax to use near '*) AS count from `orders` as `o` inner join `order_items` as `oi` on `o`.`id` = ' at line 1 at /Users/aldyhelix/Projects/www/backend_rmi/vendor/laravel/framework/src/Illuminate/Database/Connection.php:368)
[stacktrace]
#0 /Users/aldyhelix/Projects/www/backend_rmi/vendor/laravel/framework/src/Illuminate/Database/Connection.php(368): PDO->prepare('select DATE(o.c...')
#1 /Users/aldyhelix/Projects/www/backend_rmi/vendor/laravel/framework/src/Illuminate/Database/Connection.php(705): Illuminate\\Database\\Connection->Illuminate\\Database\\{closure}('select DATE(o.c...', Array)
#2 /Users/aldyhelix/Projects/www/backend_rmi/vendor/laravel/framework/src/Illuminate/Database/Connection.php(672): Illuminate\\Database\\Connection->runQueryCallback('select DATE(o.c...', Array, Object(Closure))
#3 /Users/aldyhelix/Projects/www/backend_rmi/vendor/laravel/framework/src/Illuminate/Database/Connection.php(359): Illuminate\\Database\\Connection->run('select DATE(o.c...', Array, Object(Closure))
#4 /Users/aldyhelix/Projects/www/backend_rmi/vendor/laravel/framework/src/Illuminate/Database/Query/Builder.php(2413): Illuminate\\Database\\Connection->select('select DATE(o.c...', Array, true)
#5 /Users/aldyhelix/Projects/www/backend_rmi/vendor/laravel/framework/src/Illuminate/Database/Query/Builder.php(2402): Illuminate\\Database\\Query\\Builder->runSelect()
#6 /Users/aldyhelix/Projects/www/backend_rmi/vendor/laravel/framework/src/Illuminate/Database/Query/Builder.php(2936): Illuminate\\Database\\Query\\Builder->Illuminate\\Database\\Query\\{closure}()
#7 /Users/aldyhelix/Projects/www/backend_rmi/vendor/laravel/framework/src/Illuminate/Database/Query/Builder.php(2401): Illuminate\\Database\\Query\\Builder->onceWithColumns(Array, Object(Closure))
#8 /Users/aldyhelix/Projects/www/backend_rmi/app/Http/Livewire/Dashboard.php(644): Illuminate\\Database\\Query\\Builder->get()
#9 /Users/aldyhelix/Projects/www/backend_rmi/app/Http/Livewire/Dashboard.php(268): App\\Http\\Livewire\\Dashboard->updatedChart1DataD1()
#10 /Users/aldyhelix/Projects/www/backend_rmi/app/Http/Livewire/Dashboard.php(127): App\\Http\\Livewire\\Dashboard->updateChartSection()
#11 /Users/aldyhelix/Projects/www/backend_rmi/vendor/laravel/framework/src/Illuminate/Container/BoundMethod.php(36): App\\Http\\Livewire\\Dashboard->mount(9, 0, 7, 0, 16, 0, 0, 0, 0, 0, 0, 0, 0, 0)
#12 /Users/aldyhelix/Projects/www/backend_rmi/vendor/laravel/framework/src/Illuminate/Container/Util.php(40): Illuminate\\Container\\BoundMethod::Illuminate\\Container\\{closure}()
#13 /Users/aldyhelix/Projects/www/backend_rmi/vendor/laravel/framework/src/Illuminate/Container/BoundMethod.php(93): Illuminate\\Container\\Util::unwrapIfClosure(Object(Closure))
#14 /Users/aldyhelix/Projects/www/backend_rmi/vendor/laravel/framework/src/Illuminate/Container/BoundMethod.php(35): Illuminate\\Container\\BoundMethod::callBoundMethod(Object(Illuminate\\Foundation\\Application), Array, Object(Closure))
#15 /Users/aldyhelix/Projects/www/backend_rmi/vendor/livewire/livewire/src/LifecycleManager.php(114): Illuminate\\Container\\BoundMethod::call(Object(Illuminate\\Foundation\\Application), Array, Array)
#16 /Users/aldyhelix/Projects/www/backend_rmi/vendor/livewire/livewire/src/LivewireManager.php(130): Livewire\\LifecycleManager->mount(Array)
#17 /Users/aldyhelix/Projects/www/backend_rmi/vendor/laravel/framework/src/Illuminate/Support/Facades/Facade.php(261): Livewire\\LivewireManager->mount('dashboard', Array)
#18 /Users/aldyhelix/Projects/www/backend_rmi/storage/framework/views/7614a377bf597da1c7ed67416eae576b7feee755.php(13): Illuminate\\Support\\Facades\\Facade::__callStatic('mount', Array)
#19 /Users/aldyhelix/Projects/www/backend_rmi/vendor/laravel/framework/src/Illuminate/Filesystem/Filesystem.php(107): require('/Users/aldyheli...')
#20 /Users/aldyhelix/Projects/www/backend_rmi/vendor/laravel/framework/src/Illuminate/Filesystem/Filesystem.php(108): Illuminate\\Filesystem\\Filesystem::Illuminate\\Filesystem\\{closure}()
#21 /Users/aldyhelix/Projects/www/backend_rmi/vendor/laravel/framework/src/Illuminate/View/Engines/PhpEngine.php(58): Illuminate\\Filesystem\\Filesystem->getRequire('/Users/aldyheli...', Array)
#22 /Users/aldyhelix/Projects/www/backend_rmi/vendor/livewire/livewire/src/ComponentConcerns/RendersLivewireComponents.php(69): Illuminate\\View\\Engines\\PhpEngine->evaluatePath('/Users/aldyheli...', Array)
#23 /Users/aldyhelix/Projects/www/backend_rmi/vendor/laravel/framework/src/Illuminate/View/Engines/CompilerEngine.php(61): Livewire\\CompilerEngineForIgnition->evaluatePath('/Users/aldyheli...', Array)
#24 /Users/aldyhelix/Projects/www/backend_rmi/vendor/facade/ignition/src/Views/Engines/CompilerEngine.php(37): Illuminate\\View\\Engines\\CompilerEngine->get('/Users/aldyheli...', Array)
#25 /Users/aldyhelix/Projects/www/backend_rmi/vendor/livewire/livewire/src/ComponentConcerns/RendersLivewireComponents.php(35): Facade\\Ignition\\Views\\Engines\\CompilerEngine->get('/Users/aldyheli...', Array)
#26 /Users/aldyhelix/Projects/www/backend_rmi/vendor/laravel/framework/src/Illuminate/View/View.php(139): Livewire\\CompilerEngineForIgnition->get('/Users/aldyheli...', Array)
#27 /Users/aldyhelix/Projects/www/backend_rmi/vendor/laravel/framework/src/Illuminate/View/View.php(122): Illuminate\\View\\View->getContents()
#28 /Users/aldyhelix/Projects/www/backend_rmi/vendor/laravel/framework/src/Illuminate/View/View.php(91): Illuminate\\View\\View->renderContents()
#29 /Users/aldyhelix/Projects/www/backend_rmi/vendor/laravel/framework/src/Illuminate/Http/Response.php(69): Illuminate\\View\\View->render()
#30 /Users/aldyhelix/Projects/www/backend_rmi/vendor/laravel/framework/src/Illuminate/Http/Response.php(35): Illuminate\\Http\\Response->setContent(Object(Illuminate\\View\\View))
#31 /Users/aldyhelix/Projects/www/backend_rmi/vendor/laravel/framework/src/Illuminate/Routing/Router.php(820): Illuminate\\Http\\Response->__construct(Object(Illuminate\\View\\View), 200, Array)
#32 /Users/aldyhelix/Projects/www/backend_rmi/vendor/laravel/framework/src/Illuminate/Routing/Router.php(789): Illuminate\\Routing\\Router::toResponse(Object(Illuminate\\Http\\Request), Object(Illuminate\\View\\View))
#33 /Users/aldyhelix/Projects/www/backend_rmi/vendor/laravel/framework/src/Illuminate/Routing/Router.php(720): Illuminate\\Routing\\Router->prepareResponse(Object(Illuminate\\Http\\Request), Object(Illuminate\\View\\View))
#34 /Users/aldyhelix/Projects/www/backend_rmi/vendor/laravel/framework/src/Illuminate/Pipeline/Pipeline.php(128): Illuminate\\Routing\\Router->Illuminate\\Routing\\{closure}(Object(Illuminate\\Http\\Request))
#35 /Users/aldyhelix/Projects/www/backend_rmi/app/Http/Middleware/DashboardSetup.php(22): Illuminate\\Pipeline\\Pipeline->Illuminate\\Pipeline\\{closure}(Object(Illuminate\\Http\\Request))
#36 /Users/aldyhelix/Projects/www/backend_rmi/vendor/laravel/framework/src/Illuminate/Pipeline/Pipeline.php(167): App\\Http\\Middleware\\DashboardSetup->handle(Object(Illuminate\\Http\\Request), Object(Closure))
#37 /Users/aldyhelix/Projects/www/backend_rmi/app/Http/Middleware/CheckIfBillingInfoRequired.php(24): Illuminate\\Pipeline\\Pipeline->Illuminate\\Pipeline\\{closure}(Object(Illuminate\\Http\\Request))
#38 /Users/aldyhelix/Projects/www/backend_rmi/vendor/laravel/framework/src/Illuminate/Pipeline/Pipeline.php(167): App\\Http\\Middleware\\CheckIfBillingInfoRequired->handle(Object(Illuminate\\Http\\Request), Object(Closure))
#39 /Users/aldyhelix/Projects/www/backend_rmi/app/Http/Middleware/VerifyUserIsSubscribed.php(25): Illuminate\\Pipeline\\Pipeline->Illuminate\\Pipeline\\{closure}(Object(Illuminate\\Http\\Request))
#40 /Users/aldyhelix/Projects/www/backend_rmi/vendor/laravel/framework/src/Illuminate/Pipeline/Pipeline.php(167): App\\Http\\Middleware\\VerifyUserIsSubscribed->handle(Object(Illuminate\\Http\\Request), Object(Closure))
#41 /Users/aldyhelix/Projects/www/backend_rmi/app/Http/Middleware/CookieConsentMiddleware.php(21): Illuminate\\Pipeline\\Pipeline->Illuminate\\Pipeline\\{closure}(Object(Illuminate\\Http\\Request))
#42 /Users/aldyhelix/Projects/www/backend_rmi/vendor/laravel/framework/src/Illuminate/Pipeline/Pipeline.php(167): App\\Http\\Middleware\\CookieConsentMiddleware->handle(Object(Illuminate\\Http\\Request), Object(Closure))
#43 /Users/aldyhelix/Projects/www/backend_rmi/app/Http/Middleware/Language.php(64): Illuminate\\Pipeline\\Pipeline->Illuminate\\Pipeline\\{closure}(Object(Illuminate\\Http\\Request))
#44 /Users/aldyhelix/Projects/www/backend_rmi/vendor/laravel/framework/src/Illuminate/Pipeline/Pipeline.php(167): App\\Http\\Middleware\\Language->handle(Object(Illuminate\\Http\\Request), Object(Closure))
#45 /Users/aldyhelix/Projects/www/backend_rmi/app/Http/Middleware/InitSettings.php(8): Illuminate\\Pipeline\\Pipeline->Illuminate\\Pipeline\\{closure}(Object(Illuminate\\Http\\Request))
#46 /Users/aldyhelix/Projects/www/backend_rmi/vendor/laravel/framework/src/Illuminate/Pipeline/Pipeline.php(167): App\\Http\\Middleware\\InitSettings->handle(Object(Illuminate\\Http\\Request), Object(Closure))
#47 /Users/aldyhelix/Projects/www/backend_rmi/vendor/laravel/framework/src/Illuminate/Routing/Middleware/SubstituteBindings.php(50): Illuminate\\Pipeline\\Pipeline->Illuminate\\Pipeline\\{closure}(Object(Illuminate\\Http\\Request))
#48 /Users/aldyhelix/Projects/www/backend_rmi/vendor/laravel/framework/src/Illuminate/Pipeline/Pipeline.php(167): Illuminate\\Routing\\Middleware\\SubstituteBindings->handle(Object(Illuminate\\Http\\Request), Object(Closure))
#49 /Users/aldyhelix/Projects/www/backend_rmi/vendor/laravel/framework/src/Illuminate/Auth/Middleware/Authenticate.php(44): Illuminate\\Pipeline\\Pipeline->Illuminate\\Pipeline\\{closure}(Object(Illuminate\\Http\\Request))
#50 /Users/aldyhelix/Projects/www/backend_rmi/vendor/laravel/framework/src/Illuminate/Pipeline/Pipeline.php(167): Illuminate\\Auth\\Middleware\\Authenticate->handle(Object(Illuminate\\Http\\Request), Object(Closure))
#51 /Users/aldyhelix/Projects/www/backend_rmi/vendor/laravel/framework/src/Illuminate/Foundation/Http/Middleware/VerifyCsrfToken.php(78): Illuminate\\Pipeline\\Pipeline->Illuminate\\Pipeline\\{closure}(Object(Illuminate\\Http\\Request))
#52 /Users/aldyhelix/Projects/www/backend_rmi/vendor/laravel/framework/src/Illuminate/Pipeline/Pipeline.php(167): Illuminate\\Foundation\\Http\\Middleware\\VerifyCsrfToken->handle(Object(Illuminate\\Http\\Request), Object(Closure))
#53 /Users/aldyhelix/Projects/www/backend_rmi/vendor/laravel/framework/src/Illuminate/View/Middleware/ShareErrorsFromSession.php(49): Illuminate\\Pipeline\\Pipeline->Illuminate\\Pipeline\\{closure}(Object(Illuminate\\Http\\Request))
#54 /Users/aldyhelix/Projects/www/backend_rmi/vendor/laravel/framework/src/Illuminate/Pipeline/Pipeline.php(167): Illuminate\\View\\Middleware\\ShareErrorsFromSession->handle(Object(Illuminate\\Http\\Request), Object(Closure))
#55 /Users/aldyhelix/Projects/www/backend_rmi/vendor/laravel/framework/src/Illuminate/Session/Middleware/StartSession.php(121): Illuminate\\Pipeline\\Pipeline->Illuminate\\Pipeline\\{closure}(Object(Illuminate\\Http\\Request))
#56 /Users/aldyhelix/Projects/www/backend_rmi/vendor/laravel/framework/src/Illuminate/Session/Middleware/StartSession.php(64): Illuminate\\Session\\Middleware\\StartSession->handleStatefulRequest(Object(Illuminate\\Http\\Request), Object(Illuminate\\Session\\EncryptedStore), Object(Closure))
#57 /Users/aldyhelix/Projects/www/backend_rmi/vendor/laravel/framework/src/Illuminate/Pipeline/Pipeline.php(167): Illuminate\\Session\\Middleware\\StartSession->handle(Object(Illuminate\\Http\\Request), Object(Closure))
#58 /Users/aldyhelix/Projects/www/backend_rmi/vendor/laravel/framework/src/Illuminate/Cookie/Middleware/AddQueuedCookiesToResponse.php(37): Illuminate\\Pipeline\\Pipeline->Illuminate\\Pipeline\\{closure}(Object(Illuminate\\Http\\Request))
#59 /Users/aldyhelix/Projects/www/backend_rmi/vendor/laravel/framework/src/Illuminate/Pipeline/Pipeline.php(167): Illuminate\\Cookie\\Middleware\\AddQueuedCookiesToResponse->handle(Object(Illuminate\\Http\\Request), Object(Closure))
#60 /Users/aldyhelix/Projects/www/backend_rmi/vendor/laravel/framework/src/Illuminate/Cookie/Middleware/EncryptCookies.php(67): Illuminate\\Pipeline\\Pipeline->Illuminate\\Pipeline\\{closure}(Object(Illuminate\\Http\\Request))
#61 /Users/aldyhelix/Projects/www/backend_rmi/vendor/laravel/framework/src/Illuminate/Pipeline/Pipeline.php(167): Illuminate\\Cookie\\Middleware\\EncryptCookies->handle(Object(Illuminate\\Http\\Request), Object(Closure))
#62 /Users/aldyhelix/Projects/www/backend_rmi/vendor/laravel/framework/src/Illuminate/Pipeline/Pipeline.php(103): Illuminate\\Pipeline\\Pipeline->Illuminate\\Pipeline\\{closure}(Object(Illuminate\\Http\\Request))
#63 /Users/aldyhelix/Projects/www/backend_rmi/vendor/laravel/framework/src/Illuminate/Routing/Router.php(719): Illuminate\\Pipeline\\Pipeline->then(Object(Closure))
#64 /Users/aldyhelix/Projects/www/backend_rmi/vendor/laravel/framework/src/Illuminate/Routing/Router.php(698): Illuminate\\Routing\\Router->runRouteWithinStack(Object(Illuminate\\Routing\\Route), Object(Illuminate\\Http\\Request))
#65 /Users/aldyhelix/Projects/www/backend_rmi/vendor/laravel/framework/src/Illuminate/Routing/Router.php(662): Illuminate\\Routing\\Router->runRoute(Object(Illuminate\\Http\\Request), Object(Illuminate\\Routing\\Route))
#66 /Users/aldyhelix/Projects/www/backend_rmi/vendor/laravel/framework/src/Illuminate/Routing/Router.php(651): Illuminate\\Routing\\Router->dispatchToRoute(Object(Illuminate\\Http\\Request))
#67 /Users/aldyhelix/Projects/www/backend_rmi/vendor/laravel/framework/src/Illuminate/Foundation/Http/Kernel.php(167): Illuminate\\Routing\\Router->dispatch(Object(Illuminate\\Http\\Request))
#68 /Users/aldyhelix/Projects/www/backend_rmi/vendor/laravel/framework/src/Illuminate/Pipeline/Pipeline.php(128): Illuminate\\Foundation\\Http\\Kernel->Illuminate\\Foundation\\Http\\{closure}(Object(Illuminate\\Http\\Request))
#69 /Users/aldyhelix/Projects/www/backend_rmi/vendor/livewire/livewire/src/DisableBrowserCache.php(19): Illuminate\\Pipeline\\Pipeline->Illuminate\\Pipeline\\{closure}(Object(Illuminate\\Http\\Request))
#70 /Users/aldyhelix/Projects/www/backend_rmi/vendor/laravel/framework/src/Illuminate/Pipeline/Pipeline.php(167): Livewire\\DisableBrowserCache->handle(Object(Illuminate\\Http\\Request), Object(Closure))
#71 /Users/aldyhelix/Projects/www/backend_rmi/vendor/barryvdh/laravel-debugbar/src/Middleware/InjectDebugbar.php(66): Illuminate\\Pipeline\\Pipeline->Illuminate\\Pipeline\\{closure}(Object(Illuminate\\Http\\Request))
#72 /Users/aldyhelix/Projects/www/backend_rmi/vendor/laravel/framework/src/Illuminate/Pipeline/Pipeline.php(167): Barryvdh\\Debugbar\\Middleware\\InjectDebugbar->handle(Object(Illuminate\\Http\\Request), Object(Closure))
#73 /Users/aldyhelix/Projects/www/backend_rmi/app/Http/Middleware/CheckForInstallation.php(19): Illuminate\\Pipeline\\Pipeline->Illuminate\\Pipeline\\{closure}(Object(Illuminate\\Http\\Request))
#74 /Users/aldyhelix/Projects/www/backend_rmi/vendor/laravel/framework/src/Illuminate/Pipeline/Pipeline.php(167): App\\Http\\Middleware\\CheckForInstallation->handle(Object(Illuminate\\Http\\Request), Object(Closure))
#75 /Users/aldyhelix/Projects/www/backend_rmi/vendor/laravel/framework/src/Illuminate/Foundation/Http/Middleware/TransformsRequest.php(21): Illuminate\\Pipeline\\Pipeline->Illuminate\\Pipeline\\{closure}(Object(Illuminate\\Http\\Request))
#76 /Users/aldyhelix/Projects/www/backend_rmi/vendor/laravel/framework/src/Illuminate/Foundation/Http/Middleware/ConvertEmptyStringsToNull.php(31): Illuminate\\Foundation\\Http\\Middleware\\TransformsRequest->handle(Object(Illuminate\\Http\\Request), Object(Closure))
#77 /Users/aldyhelix/Projects/www/backend_rmi/vendor/laravel/framework/src/Illuminate/Pipeline/Pipeline.php(167): Illuminate\\Foundation\\Http\\Middleware\\ConvertEmptyStringsToNull->handle(Object(Illuminate\\Http\\Request), Object(Closure))
#78 /Users/aldyhelix/Projects/www/backend_rmi/vendor/laravel/framework/src/Illuminate/Foundation/Http/Middleware/TransformsRequest.php(21): Illuminate\\Pipeline\\Pipeline->Illuminate\\Pipeline\\{closure}(Object(Illuminate\\Http\\Request))
#79 /Users/aldyhelix/Projects/www/backend_rmi/vendor/laravel/framework/src/Illuminate/Foundation/Http/Middleware/TrimStrings.php(40): Illuminate\\Foundation\\Http\\Middleware\\TransformsRequest->handle(Object(Illuminate\\Http\\Request), Object(Closure))
#80 /Users/aldyhelix/Projects/www/backend_rmi/vendor/laravel/framework/src/Illuminate/Pipeline/Pipeline.php(167): Illuminate\\Foundation\\Http\\Middleware\\TrimStrings->handle(Object(Illuminate\\Http\\Request), Object(Closure))
#81 /Users/aldyhelix/Projects/www/backend_rmi/vendor/laravel/framework/src/Illuminate/Foundation/Http/Middleware/ValidatePostSize.php(27): Illuminate\\Pipeline\\Pipeline->Illuminate\\Pipeline\\{closure}(Object(Illuminate\\Http\\Request))
#82 /Users/aldyhelix/Projects/www/backend_rmi/vendor/laravel/framework/src/Illuminate/Pipeline/Pipeline.php(167): Illuminate\\Foundation\\Http\\Middleware\\ValidatePostSize->handle(Object(Illuminate\\Http\\Request), Object(Closure))
#83 /Users/aldyhelix/Projects/www/backend_rmi/vendor/laravel/framework/src/Illuminate/Foundation/Http/Middleware/PreventRequestsDuringMaintenance.php(86): Illuminate\\Pipeline\\Pipeline->Illuminate\\Pipeline\\{closure}(Object(Illuminate\\Http\\Request))
#84 /Users/aldyhelix/Projects/www/backend_rmi/vendor/laravel/framework/src/Illuminate/Pipeline/Pipeline.php(167): Illuminate\\Foundation\\Http\\Middleware\\PreventRequestsDuringMaintenance->handle(Object(Illuminate\\Http\\Request), Object(Closure))
#85 /Users/aldyhelix/Projects/www/backend_rmi/vendor/fruitcake/laravel-cors/src/HandleCors.php(38): Illuminate\\Pipeline\\Pipeline->Illuminate\\Pipeline\\{closure}(Object(Illuminate\\Http\\Request))
#86 /Users/aldyhelix/Projects/www/backend_rmi/vendor/laravel/framework/src/Illuminate/Pipeline/Pipeline.php(167): Fruitcake\\Cors\\HandleCors->handle(Object(Illuminate\\Http\\Request), Object(Closure))
#87 /Users/aldyhelix/Projects/www/backend_rmi/vendor/laravel/framework/src/Illuminate/Http/Middleware/TrustProxies.php(39): Illuminate\\Pipeline\\Pipeline->Illuminate\\Pipeline\\{closure}(Object(Illuminate\\Http\\Request))
#88 /Users/aldyhelix/Projects/www/backend_rmi/vendor/laravel/framework/src/Illuminate/Pipeline/Pipeline.php(167): Illuminate\\Http\\Middleware\\TrustProxies->handle(Object(Illuminate\\Http\\Request), Object(Closure))
#89 /Users/aldyhelix/Projects/www/backend_rmi/vendor/laravel/framework/src/Illuminate/Pipeline/Pipeline.php(103): Illuminate\\Pipeline\\Pipeline->Illuminate\\Pipeline\\{closure}(Object(Illuminate\\Http\\Request))
#90 /Users/aldyhelix/Projects/www/backend_rmi/vendor/laravel/framework/src/Illuminate/Foundation/Http/Kernel.php(142): Illuminate\\Pipeline\\Pipeline->then(Object(Closure))
#91 /Users/aldyhelix/Projects/www/backend_rmi/vendor/laravel/framework/src/Illuminate/Foundation/Http/Kernel.php(111): Illuminate\\Foundation\\Http\\Kernel->sendRequestThroughRouter(Object(Illuminate\\Http\\Request))
#92 /Users/aldyhelix/Projects/www/backend_rmi/public/index.php(58): Illuminate\\Foundation\\Http\\Kernel->handle(Object(Illuminate\\Http\\Request))
#93 /Applications/Herd.app/Contents/Resources/valet/server.php(153): require('/Users/aldyheli...')
#94 {main}
"} 
[2024-06-23 04:26:19] production.ERROR: SQLSTATE[42000]: Syntax error or access violation: 1064 You have an error in your SQL syntax; check the manual that corresponds to your MySQL server version for the right syntax to use near '*) AS count from `orders` as `o` inner join `order_items` as `oi` on `o`.`id` = ' at line 1 (SQL: select DATE(o.created_at) AS order_date, COUNT(o.*) AS count from `orders` as `o` inner join `order_items` as `oi` on `o`.`id` = `oi`.`order_id` inner join `inventories` as `i` on `oi`.`inventory_id` = `i`.`id` inner join `products` as `p` on `i`.`product_id` = `p`.`id` inner join `customers` as `cust` on `o`.`customer_id` = `cust`.`id` where `customer_id` is not null and `o`.`created_at` between 2024-06-17 and 2024-06-23 and `o`.`order_status_id` <> 8 group by `order_date`) (View: /Users/aldyhelix/Projects/www/backend_rmi/resources/views/admin/dashboard/platform.blade.php) {"view":{"view":"/Users/aldyhelix/Projects/www/backend_rmi/vendor/laravel/framework/src/Illuminate/Database/Connection.php","data":[]},"userId":1,"exception":"[object] (Facade\\Ignition\\Exceptions\\ViewException(code: 0): SQLSTATE[42000]: Syntax error or access violation: 1064 You have an error in your SQL syntax; check the manual that corresponds to your MySQL server version for the right syntax to use near '*) AS count from `orders` as `o` inner join `order_items` as `oi` on `o`.`id` = ' at line 1 (SQL: select DATE(o.created_at) AS order_date, COUNT(o.*) AS count from `orders` as `o` inner join `order_items` as `oi` on `o`.`id` = `oi`.`order_id` inner join `inventories` as `i` on `oi`.`inventory_id` = `i`.`id` inner join `products` as `p` on `i`.`product_id` = `p`.`id` inner join `customers` as `cust` on `o`.`customer_id` = `cust`.`id` where `customer_id` is not null and `o`.`created_at` between 2024-06-17 and 2024-06-23 and `o`.`order_status_id` <> 8 group by `order_date`) (View: /Users/aldyhelix/Projects/www/backend_rmi/resources/views/admin/dashboard/platform.blade.php) at /Users/aldyhelix/Projects/www/backend_rmi/vendor/laravel/framework/src/Illuminate/Database/Connection.php:712)
[stacktrace]
#0 /Users/aldyhelix/Projects/www/backend_rmi/vendor/laravel/framework/src/Illuminate/Database/Connection.php(672): Illuminate\\Database\\Connection->runQueryCallback('select DATE(o.c...', Array, Object(Closure))
#1 /Users/aldyhelix/Projects/www/backend_rmi/vendor/laravel/framework/src/Illuminate/Database/Connection.php(359): Illuminate\\Database\\Connection->run('select DATE(o.c...', Array, Object(Closure))
#2 /Users/aldyhelix/Projects/www/backend_rmi/vendor/laravel/framework/src/Illuminate/Database/Query/Builder.php(2413): Illuminate\\Database\\Connection->select('select DATE(o.c...', Array, true)
#3 /Users/aldyhelix/Projects/www/backend_rmi/vendor/laravel/framework/src/Illuminate/Database/Query/Builder.php(2402): Illuminate\\Database\\Query\\Builder->runSelect()
#4 /Users/aldyhelix/Projects/www/backend_rmi/vendor/laravel/framework/src/Illuminate/Database/Query/Builder.php(2936): Illuminate\\Database\\Query\\Builder->Illuminate\\Database\\Query\\{closure}()
#5 /Users/aldyhelix/Projects/www/backend_rmi/vendor/laravel/framework/src/Illuminate/Database/Query/Builder.php(2401): Illuminate\\Database\\Query\\Builder->onceWithColumns(Array, Object(Closure))
#6 /Users/aldyhelix/Projects/www/backend_rmi/app/Http/Livewire/Dashboard.php(644): Illuminate\\Database\\Query\\Builder->get()
#7 /Users/aldyhelix/Projects/www/backend_rmi/app/Http/Livewire/Dashboard.php(268): App\\Http\\Livewire\\Dashboard->updatedChart1DataD1()
#8 /Users/aldyhelix/Projects/www/backend_rmi/app/Http/Livewire/Dashboard.php(127): App\\Http\\Livewire\\Dashboard->updateChartSection()
#9 /Users/aldyhelix/Projects/www/backend_rmi/vendor/laravel/framework/src/Illuminate/Container/BoundMethod.php(36): App\\Http\\Livewire\\Dashboard->mount(9, 0, 7, 0, 16, 0, 0, 0, 0, 0, 0, 0, 0, 0)
#10 /Users/aldyhelix/Projects/www/backend_rmi/vendor/laravel/framework/src/Illuminate/Container/Util.php(40): Illuminate\\Container\\BoundMethod::Illuminate\\Container\\{closure}()
#11 /Users/aldyhelix/Projects/www/backend_rmi/vendor/laravel/framework/src/Illuminate/Container/BoundMethod.php(93): Illuminate\\Container\\Util::unwrapIfClosure(Object(Closure))
#12 /Users/aldyhelix/Projects/www/backend_rmi/vendor/laravel/framework/src/Illuminate/Container/BoundMethod.php(35): Illuminate\\Container\\BoundMethod::callBoundMethod(Object(Illuminate\\Foundation\\Application), Array, Object(Closure))
#13 /Users/aldyhelix/Projects/www/backend_rmi/vendor/livewire/livewire/src/LifecycleManager.php(114): Illuminate\\Container\\BoundMethod::call(Object(Illuminate\\Foundation\\Application), Array, Array)
#14 /Users/aldyhelix/Projects/www/backend_rmi/vendor/livewire/livewire/src/LivewireManager.php(130): Livewire\\LifecycleManager->mount(Array)
#15 /Users/aldyhelix/Projects/www/backend_rmi/vendor/laravel/framework/src/Illuminate/Support/Facades/Facade.php(261): Livewire\\LivewireManager->mount('dashboard', Array)
#16 /Users/aldyhelix/Projects/www/backend_rmi/resources/views/admin/dashboard/platform.blade.php(13): Illuminate\\Support\\Facades\\Facade::__callStatic('mount', Array)
#17 /Users/aldyhelix/Projects/www/backend_rmi/vendor/laravel/framework/src/Illuminate/Filesystem/Filesystem.php(107): require('/Users/aldyheli...')
#18 /Users/aldyhelix/Projects/www/backend_rmi/vendor/laravel/framework/src/Illuminate/Filesystem/Filesystem.php(108): Illuminate\\Filesystem\\Filesystem::Illuminate\\Filesystem\\{closure}()
#19 /Users/aldyhelix/Projects/www/backend_rmi/vendor/laravel/framework/src/Illuminate/View/Engines/PhpEngine.php(58): Illuminate\\Filesystem\\Filesystem->getRequire('/Users/aldyheli...', Array)
#20 /Users/aldyhelix/Projects/www/backend_rmi/vendor/livewire/livewire/src/ComponentConcerns/RendersLivewireComponents.php(69): Illuminate\\View\\Engines\\PhpEngine->evaluatePath('/Users/aldyheli...', Array)
#21 /Users/aldyhelix/Projects/www/backend_rmi/vendor/laravel/framework/src/Illuminate/View/Engines/CompilerEngine.php(61): Livewire\\CompilerEngineForIgnition->evaluatePath('/Users/aldyheli...', Array)
#22 /Users/aldyhelix/Projects/www/backend_rmi/vendor/facade/ignition/src/Views/Engines/CompilerEngine.php(37): Illuminate\\View\\Engines\\CompilerEngine->get('/Users/aldyheli...', Array)
#23 /Users/aldyhelix/Projects/www/backend_rmi/vendor/livewire/livewire/src/ComponentConcerns/RendersLivewireComponents.php(35): Facade\\Ignition\\Views\\Engines\\CompilerEngine->get('/Users/aldyheli...', Array)
#24 /Users/aldyhelix/Projects/www/backend_rmi/vendor/laravel/framework/src/Illuminate/View/View.php(139): Livewire\\CompilerEngineForIgnition->get('/Users/aldyheli...', Array)
#25 /Users/aldyhelix/Projects/www/backend_rmi/vendor/laravel/framework/src/Illuminate/View/View.php(122): Illuminate\\View\\View->getContents()
#26 /Users/aldyhelix/Projects/www/backend_rmi/vendor/laravel/framework/src/Illuminate/View/View.php(91): Illuminate\\View\\View->renderContents()
#27 /Users/aldyhelix/Projects/www/backend_rmi/vendor/laravel/framework/src/Illuminate/Http/Response.php(69): Illuminate\\View\\View->render()
#28 /Users/aldyhelix/Projects/www/backend_rmi/vendor/laravel/framework/src/Illuminate/Http/Response.php(35): Illuminate\\Http\\Response->setContent(Object(Illuminate\\View\\View))
#29 /Users/aldyhelix/Projects/www/backend_rmi/vendor/laravel/framework/src/Illuminate/Routing/Router.php(820): Illuminate\\Http\\Response->__construct(Object(Illuminate\\View\\View), 200, Array)
#30 /Users/aldyhelix/Projects/www/backend_rmi/vendor/laravel/framework/src/Illuminate/Routing/Router.php(789): Illuminate\\Routing\\Router::toResponse(Object(Illuminate\\Http\\Request), Object(Illuminate\\View\\View))
#31 /Users/aldyhelix/Projects/www/backend_rmi/vendor/laravel/framework/src/Illuminate/Routing/Router.php(720): Illuminate\\Routing\\Router->prepareResponse(Object(Illuminate\\Http\\Request), Object(Illuminate\\View\\View))
#32 /Users/aldyhelix/Projects/www/backend_rmi/vendor/laravel/framework/src/Illuminate/Pipeline/Pipeline.php(128): Illuminate\\Routing\\Router->Illuminate\\Routing\\{closure}(Object(Illuminate\\Http\\Request))
#33 /Users/aldyhelix/Projects/www/backend_rmi/app/Http/Middleware/DashboardSetup.php(22): Illuminate\\Pipeline\\Pipeline->Illuminate\\Pipeline\\{closure}(Object(Illuminate\\Http\\Request))
#34 /Users/aldyhelix/Projects/www/backend_rmi/vendor/laravel/framework/src/Illuminate/Pipeline/Pipeline.php(167): App\\Http\\Middleware\\DashboardSetup->handle(Object(Illuminate\\Http\\Request), Object(Closure))
#35 /Users/aldyhelix/Projects/www/backend_rmi/app/Http/Middleware/CheckIfBillingInfoRequired.php(24): Illuminate\\Pipeline\\Pipeline->Illuminate\\Pipeline\\{closure}(Object(Illuminate\\Http\\Request))
#36 /Users/aldyhelix/Projects/www/backend_rmi/vendor/laravel/framework/src/Illuminate/Pipeline/Pipeline.php(167): App\\Http\\Middleware\\CheckIfBillingInfoRequired->handle(Object(Illuminate\\Http\\Request), Object(Closure))
#37 /Users/aldyhelix/Projects/www/backend_rmi/app/Http/Middleware/VerifyUserIsSubscribed.php(25): Illuminate\\Pipeline\\Pipeline->Illuminate\\Pipeline\\{closure}(Object(Illuminate\\Http\\Request))
#38 /Users/aldyhelix/Projects/www/backend_rmi/vendor/laravel/framework/src/Illuminate/Pipeline/Pipeline.php(167): App\\Http\\Middleware\\VerifyUserIsSubscribed->handle(Object(Illuminate\\Http\\Request), Object(Closure))
#39 /Users/aldyhelix/Projects/www/backend_rmi/app/Http/Middleware/CookieConsentMiddleware.php(21): Illuminate\\Pipeline\\Pipeline->Illuminate\\Pipeline\\{closure}(Object(Illuminate\\Http\\Request))
#40 /Users/aldyhelix/Projects/www/backend_rmi/vendor/laravel/framework/src/Illuminate/Pipeline/Pipeline.php(167): App\\Http\\Middleware\\CookieConsentMiddleware->handle(Object(Illuminate\\Http\\Request), Object(Closure))
#41 /Users/aldyhelix/Projects/www/backend_rmi/app/Http/Middleware/Language.php(64): Illuminate\\Pipeline\\Pipeline->Illuminate\\Pipeline\\{closure}(Object(Illuminate\\Http\\Request))
#42 /Users/aldyhelix/Projects/www/backend_rmi/vendor/laravel/framework/src/Illuminate/Pipeline/Pipeline.php(167): App\\Http\\Middleware\\Language->handle(Object(Illuminate\\Http\\Request), Object(Closure))
#43 /Users/aldyhelix/Projects/www/backend_rmi/app/Http/Middleware/InitSettings.php(8): Illuminate\\Pipeline\\Pipeline->Illuminate\\Pipeline\\{closure}(Object(Illuminate\\Http\\Request))
#44 /Users/aldyhelix/Projects/www/backend_rmi/vendor/laravel/framework/src/Illuminate/Pipeline/Pipeline.php(167): App\\Http\\Middleware\\InitSettings->handle(Object(Illuminate\\Http\\Request), Object(Closure))
#45 /Users/aldyhelix/Projects/www/backend_rmi/vendor/laravel/framework/src/Illuminate/Routing/Middleware/SubstituteBindings.php(50): Illuminate\\Pipeline\\Pipeline->Illuminate\\Pipeline\\{closure}(Object(Illuminate\\Http\\Request))
#46 /Users/aldyhelix/Projects/www/backend_rmi/vendor/laravel/framework/src/Illuminate/Pipeline/Pipeline.php(167): Illuminate\\Routing\\Middleware\\SubstituteBindings->handle(Object(Illuminate\\Http\\Request), Object(Closure))
#47 /Users/aldyhelix/Projects/www/backend_rmi/vendor/laravel/framework/src/Illuminate/Auth/Middleware/Authenticate.php(44): Illuminate\\Pipeline\\Pipeline->Illuminate\\Pipeline\\{closure}(Object(Illuminate\\Http\\Request))
#48 /Users/aldyhelix/Projects/www/backend_rmi/vendor/laravel/framework/src/Illuminate/Pipeline/Pipeline.php(167): Illuminate\\Auth\\Middleware\\Authenticate->handle(Object(Illuminate\\Http\\Request), Object(Closure))
#49 /Users/aldyhelix/Projects/www/backend_rmi/vendor/laravel/framework/src/Illuminate/Foundation/Http/Middleware/VerifyCsrfToken.php(78): Illuminate\\Pipeline\\Pipeline->Illuminate\\Pipeline\\{closure}(Object(Illuminate\\Http\\Request))
#50 /Users/aldyhelix/Projects/www/backend_rmi/vendor/laravel/framework/src/Illuminate/Pipeline/Pipeline.php(167): Illuminate\\Foundation\\Http\\Middleware\\VerifyCsrfToken->handle(Object(Illuminate\\Http\\Request), Object(Closure))
#51 /Users/aldyhelix/Projects/www/backend_rmi/vendor/laravel/framework/src/Illuminate/View/Middleware/ShareErrorsFromSession.php(49): Illuminate\\Pipeline\\Pipeline->Illuminate\\Pipeline\\{closure}(Object(Illuminate\\Http\\Request))
#52 /Users/aldyhelix/Projects/www/backend_rmi/vendor/laravel/framework/src/Illuminate/Pipeline/Pipeline.php(167): Illuminate\\View\\Middleware\\ShareErrorsFromSession->handle(Object(Illuminate\\Http\\Request), Object(Closure))
#53 /Users/aldyhelix/Projects/www/backend_rmi/vendor/laravel/framework/src/Illuminate/Session/Middleware/StartSession.php(121): Illuminate\\Pipeline\\Pipeline->Illuminate\\Pipeline\\{closure}(Object(Illuminate\\Http\\Request))
#54 /Users/aldyhelix/Projects/www/backend_rmi/vendor/laravel/framework/src/Illuminate/Session/Middleware/StartSession.php(64): Illuminate\\Session\\Middleware\\StartSession->handleStatefulRequest(Object(Illuminate\\Http\\Request), Object(Illuminate\\Session\\EncryptedStore), Object(Closure))
#55 /Users/aldyhelix/Projects/www/backend_rmi/vendor/laravel/framework/src/Illuminate/Pipeline/Pipeline.php(167): Illuminate\\Session\\Middleware\\StartSession->handle(Object(Illuminate\\Http\\Request), Object(Closure))
#56 /Users/aldyhelix/Projects/www/backend_rmi/vendor/laravel/framework/src/Illuminate/Cookie/Middleware/AddQueuedCookiesToResponse.php(37): Illuminate\\Pipeline\\Pipeline->Illuminate\\Pipeline\\{closure}(Object(Illuminate\\Http\\Request))
#57 /Users/aldyhelix/Projects/www/backend_rmi/vendor/laravel/framework/src/Illuminate/Pipeline/Pipeline.php(167): Illuminate\\Cookie\\Middleware\\AddQueuedCookiesToResponse->handle(Object(Illuminate\\Http\\Request), Object(Closure))
#58 /Users/aldyhelix/Projects/www/backend_rmi/vendor/laravel/framework/src/Illuminate/Cookie/Middleware/EncryptCookies.php(67): Illuminate\\Pipeline\\Pipeline->Illuminate\\Pipeline\\{closure}(Object(Illuminate\\Http\\Request))
#59 /Users/aldyhelix/Projects/www/backend_rmi/vendor/laravel/framework/src/Illuminate/Pipeline/Pipeline.php(167): Illuminate\\Cookie\\Middleware\\EncryptCookies->handle(Object(Illuminate\\Http\\Request), Object(Closure))
#60 /Users/aldyhelix/Projects/www/backend_rmi/vendor/laravel/framework/src/Illuminate/Pipeline/Pipeline.php(103): Illuminate\\Pipeline\\Pipeline->Illuminate\\Pipeline\\{closure}(Object(Illuminate\\Http\\Request))
#61 /Users/aldyhelix/Projects/www/backend_rmi/vendor/laravel/framework/src/Illuminate/Routing/Router.php(719): Illuminate\\Pipeline\\Pipeline->then(Object(Closure))
#62 /Users/aldyhelix/Projects/www/backend_rmi/vendor/laravel/framework/src/Illuminate/Routing/Router.php(698): Illuminate\\Routing\\Router->runRouteWithinStack(Object(Illuminate\\Routing\\Route), Object(Illuminate\\Http\\Request))
#63 /Users/aldyhelix/Projects/www/backend_rmi/vendor/laravel/framework/src/Illuminate/Routing/Router.php(662): Illuminate\\Routing\\Router->runRoute(Object(Illuminate\\Http\\Request), Object(Illuminate\\Routing\\Route))
#64 /Users/aldyhelix/Projects/www/backend_rmi/vendor/laravel/framework/src/Illuminate/Routing/Router.php(651): Illuminate\\Routing\\Router->dispatchToRoute(Object(Illuminate\\Http\\Request))
#65 /Users/aldyhelix/Projects/www/backend_rmi/vendor/laravel/framework/src/Illuminate/Foundation/Http/Kernel.php(167): Illuminate\\Routing\\Router->dispatch(Object(Illuminate\\Http\\Request))
#66 /Users/aldyhelix/Projects/www/backend_rmi/vendor/laravel/framework/src/Illuminate/Pipeline/Pipeline.php(128): Illuminate\\Foundation\\Http\\Kernel->Illuminate\\Foundation\\Http\\{closure}(Object(Illuminate\\Http\\Request))
#67 /Users/aldyhelix/Projects/www/backend_rmi/vendor/livewire/livewire/src/DisableBrowserCache.php(19): Illuminate\\Pipeline\\Pipeline->Illuminate\\Pipeline\\{closure}(Object(Illuminate\\Http\\Request))
#68 /Users/aldyhelix/Projects/www/backend_rmi/vendor/laravel/framework/src/Illuminate/Pipeline/Pipeline.php(167): Livewire\\DisableBrowserCache->handle(Object(Illuminate\\Http\\Request), Object(Closure))
#69 /Users/aldyhelix/Projects/www/backend_rmi/vendor/barryvdh/laravel-debugbar/src/Middleware/InjectDebugbar.php(66): Illuminate\\Pipeline\\Pipeline->Illuminate\\Pipeline\\{closure}(Object(Illuminate\\Http\\Request))
#70 /Users/aldyhelix/Projects/www/backend_rmi/vendor/laravel/framework/src/Illuminate/Pipeline/Pipeline.php(167): Barryvdh\\Debugbar\\Middleware\\InjectDebugbar->handle(Object(Illuminate\\Http\\Request), Object(Closure))
#71 /Users/aldyhelix/Projects/www/backend_rmi/app/Http/Middleware/CheckForInstallation.php(19): Illuminate\\Pipeline\\Pipeline->Illuminate\\Pipeline\\{closure}(Object(Illuminate\\Http\\Request))
#72 /Users/aldyhelix/Projects/www/backend_rmi/vendor/laravel/framework/src/Illuminate/Pipeline/Pipeline.php(167): App\\Http\\Middleware\\CheckForInstallation->handle(Object(Illuminate\\Http\\Request), Object(Closure))
#73 /Users/aldyhelix/Projects/www/backend_rmi/vendor/laravel/framework/src/Illuminate/Foundation/Http/Middleware/TransformsRequest.php(21): Illuminate\\Pipeline\\Pipeline->Illuminate\\Pipeline\\{closure}(Object(Illuminate\\Http\\Request))
#74 /Users/aldyhelix/Projects/www/backend_rmi/vendor/laravel/framework/src/Illuminate/Foundation/Http/Middleware/ConvertEmptyStringsToNull.php(31): Illuminate\\Foundation\\Http\\Middleware\\TransformsRequest->handle(Object(Illuminate\\Http\\Request), Object(Closure))
#75 /Users/aldyhelix/Projects/www/backend_rmi/vendor/laravel/framework/src/Illuminate/Pipeline/Pipeline.php(167): Illuminate\\Foundation\\Http\\Middleware\\ConvertEmptyStringsToNull->handle(Object(Illuminate\\Http\\Request), Object(Closure))
#76 /Users/aldyhelix/Projects/www/backend_rmi/vendor/laravel/framework/src/Illuminate/Foundation/Http/Middleware/TransformsRequest.php(21): Illuminate\\Pipeline\\Pipeline->Illuminate\\Pipeline\\{closure}(Object(Illuminate\\Http\\Request))
#77 /Users/aldyhelix/Projects/www/backend_rmi/vendor/laravel/framework/src/Illuminate/Foundation/Http/Middleware/TrimStrings.php(40): Illuminate\\Foundation\\Http\\Middleware\\TransformsRequest->handle(Object(Illuminate\\Http\\Request), Object(Closure))
#78 /Users/aldyhelix/Projects/www/backend_rmi/vendor/laravel/framework/src/Illuminate/Pipeline/Pipeline.php(167): Illuminate\\Foundation\\Http\\Middleware\\TrimStrings->handle(Object(Illuminate\\Http\\Request), Object(Closure))
#79 /Users/aldyhelix/Projects/www/backend_rmi/vendor/laravel/framework/src/Illuminate/Foundation/Http/Middleware/ValidatePostSize.php(27): Illuminate\\Pipeline\\Pipeline->Illuminate\\Pipeline\\{closure}(Object(Illuminate\\Http\\Request))
#80 /Users/aldyhelix/Projects/www/backend_rmi/vendor/laravel/framework/src/Illuminate/Pipeline/Pipeline.php(167): Illuminate\\Foundation\\Http\\Middleware\\ValidatePostSize->handle(Object(Illuminate\\Http\\Request), Object(Closure))
#81 /Users/aldyhelix/Projects/www/backend_rmi/vendor/laravel/framework/src/Illuminate/Foundation/Http/Middleware/PreventRequestsDuringMaintenance.php(86): Illuminate\\Pipeline\\Pipeline->Illuminate\\Pipeline\\{closure}(Object(Illuminate\\Http\\Request))
#82 /Users/aldyhelix/Projects/www/backend_rmi/vendor/laravel/framework/src/Illuminate/Pipeline/Pipeline.php(167): Illuminate\\Foundation\\Http\\Middleware\\PreventRequestsDuringMaintenance->handle(Object(Illuminate\\Http\\Request), Object(Closure))
#83 /Users/aldyhelix/Projects/www/backend_rmi/vendor/fruitcake/laravel-cors/src/HandleCors.php(38): Illuminate\\Pipeline\\Pipeline->Illuminate\\Pipeline\\{closure}(Object(Illuminate\\Http\\Request))
#84 /Users/aldyhelix/Projects/www/backend_rmi/vendor/laravel/framework/src/Illuminate/Pipeline/Pipeline.php(167): Fruitcake\\Cors\\HandleCors->handle(Object(Illuminate\\Http\\Request), Object(Closure))
#85 /Users/aldyhelix/Projects/www/backend_rmi/vendor/laravel/framework/src/Illuminate/Http/Middleware/TrustProxies.php(39): Illuminate\\Pipeline\\Pipeline->Illuminate\\Pipeline\\{closure}(Object(Illuminate\\Http\\Request))
#86 /Users/aldyhelix/Projects/www/backend_rmi/vendor/laravel/framework/src/Illuminate/Pipeline/Pipeline.php(167): Illuminate\\Http\\Middleware\\TrustProxies->handle(Object(Illuminate\\Http\\Request), Object(Closure))
#87 /Users/aldyhelix/Projects/www/backend_rmi/vendor/laravel/framework/src/Illuminate/Pipeline/Pipeline.php(103): Illuminate\\Pipeline\\Pipeline->Illuminate\\Pipeline\\{closure}(Object(Illuminate\\Http\\Request))
#88 /Users/aldyhelix/Projects/www/backend_rmi/vendor/laravel/framework/src/Illuminate/Foundation/Http/Kernel.php(142): Illuminate\\Pipeline\\Pipeline->then(Object(Closure))
#89 /Users/aldyhelix/Projects/www/backend_rmi/vendor/laravel/framework/src/Illuminate/Foundation/Http/Kernel.php(111): Illuminate\\Foundation\\Http\\Kernel->sendRequestThroughRouter(Object(Illuminate\\Http\\Request))
#90 /Users/aldyhelix/Projects/www/backend_rmi/public/index.php(58): Illuminate\\Foundation\\Http\\Kernel->handle(Object(Illuminate\\Http\\Request))
#91 /Applications/Herd.app/Contents/Resources/valet/server.php(153): require('/Users/aldyheli...')
#92 {main}

[previous exception] [object] (Illuminate\\Database\\QueryException(code: 42000): SQLSTATE[42000]: Syntax error or access violation: 1064 You have an error in your SQL syntax; check the manual that corresponds to your MySQL server version for the right syntax to use near '*) AS count from `orders` as `o` inner join `order_items` as `oi` on `o`.`id` = ' at line 1 (SQL: select DATE(o.created_at) AS order_date, COUNT(o.*) AS count from `orders` as `o` inner join `order_items` as `oi` on `o`.`id` = `oi`.`order_id` inner join `inventories` as `i` on `oi`.`inventory_id` = `i`.`id` inner join `products` as `p` on `i`.`product_id` = `p`.`id` inner join `customers` as `cust` on `o`.`customer_id` = `cust`.`id` where `customer_id` is not null and `o`.`created_at` between 2024-06-17 and 2024-06-23 and `o`.`order_status_id` <> 8 group by `order_date`) at /Users/aldyhelix/Projects/www/backend_rmi/vendor/laravel/framework/src/Illuminate/Database/Connection.php:712)
[stacktrace]
#0 /Users/aldyhelix/Projects/www/backend_rmi/vendor/laravel/framework/src/Illuminate/Database/Connection.php(672): Illuminate\\Database\\Connection->runQueryCallback('select DATE(o.c...', Array, Object(Closure))
#1 /Users/aldyhelix/Projects/www/backend_rmi/vendor/laravel/framework/src/Illuminate/Database/Connection.php(359): Illuminate\\Database\\Connection->run('select DATE(o.c...', Array, Object(Closure))
#2 /Users/aldyhelix/Projects/www/backend_rmi/vendor/laravel/framework/src/Illuminate/Database/Query/Builder.php(2413): Illuminate\\Database\\Connection->select('select DATE(o.c...', Array, true)
#3 /Users/aldyhelix/Projects/www/backend_rmi/vendor/laravel/framework/src/Illuminate/Database/Query/Builder.php(2402): Illuminate\\Database\\Query\\Builder->runSelect()
#4 /Users/aldyhelix/Projects/www/backend_rmi/vendor/laravel/framework/src/Illuminate/Database/Query/Builder.php(2936): Illuminate\\Database\\Query\\Builder->Illuminate\\Database\\Query\\{closure}()
#5 /Users/aldyhelix/Projects/www/backend_rmi/vendor/laravel/framework/src/Illuminate/Database/Query/Builder.php(2401): Illuminate\\Database\\Query\\Builder->onceWithColumns(Array, Object(Closure))
#6 /Users/aldyhelix/Projects/www/backend_rmi/app/Http/Livewire/Dashboard.php(644): Illuminate\\Database\\Query\\Builder->get()
#7 /Users/aldyhelix/Projects/www/backend_rmi/app/Http/Livewire/Dashboard.php(268): App\\Http\\Livewire\\Dashboard->updatedChart1DataD1()
#8 /Users/aldyhelix/Projects/www/backend_rmi/app/Http/Livewire/Dashboard.php(127): App\\Http\\Livewire\\Dashboard->updateChartSection()
#9 /Users/aldyhelix/Projects/www/backend_rmi/vendor/laravel/framework/src/Illuminate/Container/BoundMethod.php(36): App\\Http\\Livewire\\Dashboard->mount(9, 0, 7, 0, 16, 0, 0, 0, 0, 0, 0, 0, 0, 0)
#10 /Users/aldyhelix/Projects/www/backend_rmi/vendor/laravel/framework/src/Illuminate/Container/Util.php(40): Illuminate\\Container\\BoundMethod::Illuminate\\Container\\{closure}()
#11 /Users/aldyhelix/Projects/www/backend_rmi/vendor/laravel/framework/src/Illuminate/Container/BoundMethod.php(93): Illuminate\\Container\\Util::unwrapIfClosure(Object(Closure))
#12 /Users/aldyhelix/Projects/www/backend_rmi/vendor/laravel/framework/src/Illuminate/Container/BoundMethod.php(35): Illuminate\\Container\\BoundMethod::callBoundMethod(Object(Illuminate\\Foundation\\Application), Array, Object(Closure))
#13 /Users/aldyhelix/Projects/www/backend_rmi/vendor/livewire/livewire/src/LifecycleManager.php(114): Illuminate\\Container\\BoundMethod::call(Object(Illuminate\\Foundation\\Application), Array, Array)
#14 /Users/aldyhelix/Projects/www/backend_rmi/vendor/livewire/livewire/src/LivewireManager.php(130): Livewire\\LifecycleManager->mount(Array)
#15 /Users/aldyhelix/Projects/www/backend_rmi/vendor/laravel/framework/src/Illuminate/Support/Facades/Facade.php(261): Livewire\\LivewireManager->mount('dashboard', Array)
#16 /Users/aldyhelix/Projects/www/backend_rmi/storage/framework/views/7614a377bf597da1c7ed67416eae576b7feee755.php(13): Illuminate\\Support\\Facades\\Facade::__callStatic('mount', Array)
#17 /Users/aldyhelix/Projects/www/backend_rmi/vendor/laravel/framework/src/Illuminate/Filesystem/Filesystem.php(107): require('/Users/aldyheli...')
#18 /Users/aldyhelix/Projects/www/backend_rmi/vendor/laravel/framework/src/Illuminate/Filesystem/Filesystem.php(108): Illuminate\\Filesystem\\Filesystem::Illuminate\\Filesystem\\{closure}()
#19 /Users/aldyhelix/Projects/www/backend_rmi/vendor/laravel/framework/src/Illuminate/View/Engines/PhpEngine.php(58): Illuminate\\Filesystem\\Filesystem->getRequire('/Users/aldyheli...', Array)
#20 /Users/aldyhelix/Projects/www/backend_rmi/vendor/livewire/livewire/src/ComponentConcerns/RendersLivewireComponents.php(69): Illuminate\\View\\Engines\\PhpEngine->evaluatePath('/Users/aldyheli...', Array)
#21 /Users/aldyhelix/Projects/www/backend_rmi/vendor/laravel/framework/src/Illuminate/View/Engines/CompilerEngine.php(61): Livewire\\CompilerEngineForIgnition->evaluatePath('/Users/aldyheli...', Array)
#22 /Users/aldyhelix/Projects/www/backend_rmi/vendor/facade/ignition/src/Views/Engines/CompilerEngine.php(37): Illuminate\\View\\Engines\\CompilerEngine->get('/Users/aldyheli...', Array)
#23 /Users/aldyhelix/Projects/www/backend_rmi/vendor/livewire/livewire/src/ComponentConcerns/RendersLivewireComponents.php(35): Facade\\Ignition\\Views\\Engines\\CompilerEngine->get('/Users/aldyheli...', Array)
#24 /Users/aldyhelix/Projects/www/backend_rmi/vendor/laravel/framework/src/Illuminate/View/View.php(139): Livewire\\CompilerEngineForIgnition->get('/Users/aldyheli...', Array)
#25 /Users/aldyhelix/Projects/www/backend_rmi/vendor/laravel/framework/src/Illuminate/View/View.php(122): Illuminate\\View\\View->getContents()
#26 /Users/aldyhelix/Projects/www/backend_rmi/vendor/laravel/framework/src/Illuminate/View/View.php(91): Illuminate\\View\\View->renderContents()
#27 /Users/aldyhelix/Projects/www/backend_rmi/vendor/laravel/framework/src/Illuminate/Http/Response.php(69): Illuminate\\View\\View->render()
#28 /Users/aldyhelix/Projects/www/backend_rmi/vendor/laravel/framework/src/Illuminate/Http/Response.php(35): Illuminate\\Http\\Response->setContent(Object(Illuminate\\View\\View))
#29 /Users/aldyhelix/Projects/www/backend_rmi/vendor/laravel/framework/src/Illuminate/Routing/Router.php(820): Illuminate\\Http\\Response->__construct(Object(Illuminate\\View\\View), 200, Array)
#30 /Users/aldyhelix/Projects/www/backend_rmi/vendor/laravel/framework/src/Illuminate/Routing/Router.php(789): Illuminate\\Routing\\Router::toResponse(Object(Illuminate\\Http\\Request), Object(Illuminate\\View\\View))
#31 /Users/aldyhelix/Projects/www/backend_rmi/vendor/laravel/framework/src/Illuminate/Routing/Router.php(720): Illuminate\\Routing\\Router->prepareResponse(Object(Illuminate\\Http\\Request), Object(Illuminate\\View\\View))
#32 /Users/aldyhelix/Projects/www/backend_rmi/vendor/laravel/framework/src/Illuminate/Pipeline/Pipeline.php(128): Illuminate\\Routing\\Router->Illuminate\\Routing\\{closure}(Object(Illuminate\\Http\\Request))
#33 /Users/aldyhelix/Projects/www/backend_rmi/app/Http/Middleware/DashboardSetup.php(22): Illuminate\\Pipeline\\Pipeline->Illuminate\\Pipeline\\{closure}(Object(Illuminate\\Http\\Request))
#34 /Users/aldyhelix/Projects/www/backend_rmi/vendor/laravel/framework/src/Illuminate/Pipeline/Pipeline.php(167): App\\Http\\Middleware\\DashboardSetup->handle(Object(Illuminate\\Http\\Request), Object(Closure))
#35 /Users/aldyhelix/Projects/www/backend_rmi/app/Http/Middleware/CheckIfBillingInfoRequired.php(24): Illuminate\\Pipeline\\Pipeline->Illuminate\\Pipeline\\{closure}(Object(Illuminate\\Http\\Request))
#36 /Users/aldyhelix/Projects/www/backend_rmi/vendor/laravel/framework/src/Illuminate/Pipeline/Pipeline.php(167): App\\Http\\Middleware\\CheckIfBillingInfoRequired->handle(Object(Illuminate\\Http\\Request), Object(Closure))
#37 /Users/aldyhelix/Projects/www/backend_rmi/app/Http/Middleware/VerifyUserIsSubscribed.php(25): Illuminate\\Pipeline\\Pipeline->Illuminate\\Pipeline\\{closure}(Object(Illuminate\\Http\\Request))
#38 /Users/aldyhelix/Projects/www/backend_rmi/vendor/laravel/framework/src/Illuminate/Pipeline/Pipeline.php(167): App\\Http\\Middleware\\VerifyUserIsSubscribed->handle(Object(Illuminate\\Http\\Request), Object(Closure))
#39 /Users/aldyhelix/Projects/www/backend_rmi/app/Http/Middleware/CookieConsentMiddleware.php(21): Illuminate\\Pipeline\\Pipeline->Illuminate\\Pipeline\\{closure}(Object(Illuminate\\Http\\Request))
#40 /Users/aldyhelix/Projects/www/backend_rmi/vendor/laravel/framework/src/Illuminate/Pipeline/Pipeline.php(167): App\\Http\\Middleware\\CookieConsentMiddleware->handle(Object(Illuminate\\Http\\Request), Object(Closure))
#41 /Users/aldyhelix/Projects/www/backend_rmi/app/Http/Middleware/Language.php(64): Illuminate\\Pipeline\\Pipeline->Illuminate\\Pipeline\\{closure}(Object(Illuminate\\Http\\Request))
#42 /Users/aldyhelix/Projects/www/backend_rmi/vendor/laravel/framework/src/Illuminate/Pipeline/Pipeline.php(167): App\\Http\\Middleware\\Language->handle(Object(Illuminate\\Http\\Request), Object(Closure))
#43 /Users/aldyhelix/Projects/www/backend_rmi/app/Http/Middleware/InitSettings.php(8): Illuminate\\Pipeline\\Pipeline->Illuminate\\Pipeline\\{closure}(Object(Illuminate\\Http\\Request))
#44 /Users/aldyhelix/Projects/www/backend_rmi/vendor/laravel/framework/src/Illuminate/Pipeline/Pipeline.php(167): App\\Http\\Middleware\\InitSettings->handle(Object(Illuminate\\Http\\Request), Object(Closure))
#45 /Users/aldyhelix/Projects/www/backend_rmi/vendor/laravel/framework/src/Illuminate/Routing/Middleware/SubstituteBindings.php(50): Illuminate\\Pipeline\\Pipeline->Illuminate\\Pipeline\\{closure}(Object(Illuminate\\Http\\Request))
#46 /Users/aldyhelix/Projects/www/backend_rmi/vendor/laravel/framework/src/Illuminate/Pipeline/Pipeline.php(167): Illuminate\\Routing\\Middleware\\SubstituteBindings->handle(Object(Illuminate\\Http\\Request), Object(Closure))
#47 /Users/aldyhelix/Projects/www/backend_rmi/vendor/laravel/framework/src/Illuminate/Auth/Middleware/Authenticate.php(44): Illuminate\\Pipeline\\Pipeline->Illuminate\\Pipeline\\{closure}(Object(Illuminate\\Http\\Request))
#48 /Users/aldyhelix/Projects/www/backend_rmi/vendor/laravel/framework/src/Illuminate/Pipeline/Pipeline.php(167): Illuminate\\Auth\\Middleware\\Authenticate->handle(Object(Illuminate\\Http\\Request), Object(Closure))
#49 /Users/aldyhelix/Projects/www/backend_rmi/vendor/laravel/framework/src/Illuminate/Foundation/Http/Middleware/VerifyCsrfToken.php(78): Illuminate\\Pipeline\\Pipeline->Illuminate\\Pipeline\\{closure}(Object(Illuminate\\Http\\Request))
#50 /Users/aldyhelix/Projects/www/backend_rmi/vendor/laravel/framework/src/Illuminate/Pipeline/Pipeline.php(167): Illuminate\\Foundation\\Http\\Middleware\\VerifyCsrfToken->handle(Object(Illuminate\\Http\\Request), Object(Closure))
#51 /Users/aldyhelix/Projects/www/backend_rmi/vendor/laravel/framework/src/Illuminate/View/Middleware/ShareErrorsFromSession.php(49): Illuminate\\Pipeline\\Pipeline->Illuminate\\Pipeline\\{closure}(Object(Illuminate\\Http\\Request))
#52 /Users/aldyhelix/Projects/www/backend_rmi/vendor/laravel/framework/src/Illuminate/Pipeline/Pipeline.php(167): Illuminate\\View\\Middleware\\ShareErrorsFromSession->handle(Object(Illuminate\\Http\\Request), Object(Closure))
#53 /Users/aldyhelix/Projects/www/backend_rmi/vendor/laravel/framework/src/Illuminate/Session/Middleware/StartSession.php(121): Illuminate\\Pipeline\\Pipeline->Illuminate\\Pipeline\\{closure}(Object(Illuminate\\Http\\Request))
#54 /Users/aldyhelix/Projects/www/backend_rmi/vendor/laravel/framework/src/Illuminate/Session/Middleware/StartSession.php(64): Illuminate\\Session\\Middleware\\StartSession->handleStatefulRequest(Object(Illuminate\\Http\\Request), Object(Illuminate\\Session\\EncryptedStore), Object(Closure))
#55 /Users/aldyhelix/Projects/www/backend_rmi/vendor/laravel/framework/src/Illuminate/Pipeline/Pipeline.php(167): Illuminate\\Session\\Middleware\\StartSession->handle(Object(Illuminate\\Http\\Request), Object(Closure))
#56 /Users/aldyhelix/Projects/www/backend_rmi/vendor/laravel/framework/src/Illuminate/Cookie/Middleware/AddQueuedCookiesToResponse.php(37): Illuminate\\Pipeline\\Pipeline->Illuminate\\Pipeline\\{closure}(Object(Illuminate\\Http\\Request))
#57 /Users/aldyhelix/Projects/www/backend_rmi/vendor/laravel/framework/src/Illuminate/Pipeline/Pipeline.php(167): Illuminate\\Cookie\\Middleware\\AddQueuedCookiesToResponse->handle(Object(Illuminate\\Http\\Request), Object(Closure))
#58 /Users/aldyhelix/Projects/www/backend_rmi/vendor/laravel/framework/src/Illuminate/Cookie/Middleware/EncryptCookies.php(67): Illuminate\\Pipeline\\Pipeline->Illuminate\\Pipeline\\{closure}(Object(Illuminate\\Http\\Request))
#59 /Users/aldyhelix/Projects/www/backend_rmi/vendor/laravel/framework/src/Illuminate/Pipeline/Pipeline.php(167): Illuminate\\Cookie\\Middleware\\EncryptCookies->handle(Object(Illuminate\\Http\\Request), Object(Closure))
#60 /Users/aldyhelix/Projects/www/backend_rmi/vendor/laravel/framework/src/Illuminate/Pipeline/Pipeline.php(103): Illuminate\\Pipeline\\Pipeline->Illuminate\\Pipeline\\{closure}(Object(Illuminate\\Http\\Request))
#61 /Users/aldyhelix/Projects/www/backend_rmi/vendor/laravel/framework/src/Illuminate/Routing/Router.php(719): Illuminate\\Pipeline\\Pipeline->then(Object(Closure))
#62 /Users/aldyhelix/Projects/www/backend_rmi/vendor/laravel/framework/src/Illuminate/Routing/Router.php(698): Illuminate\\Routing\\Router->runRouteWithinStack(Object(Illuminate\\Routing\\Route), Object(Illuminate\\Http\\Request))
#63 /Users/aldyhelix/Projects/www/backend_rmi/vendor/laravel/framework/src/Illuminate/Routing/Router.php(662): Illuminate\\Routing\\Router->runRoute(Object(Illuminate\\Http\\Request), Object(Illuminate\\Routing\\Route))
#64 /Users/aldyhelix/Projects/www/backend_rmi/vendor/laravel/framework/src/Illuminate/Routing/Router.php(651): Illuminate\\Routing\\Router->dispatchToRoute(Object(Illuminate\\Http\\Request))
#65 /Users/aldyhelix/Projects/www/backend_rmi/vendor/laravel/framework/src/Illuminate/Foundation/Http/Kernel.php(167): Illuminate\\Routing\\Router->dispatch(Object(Illuminate\\Http\\Request))
#66 /Users/aldyhelix/Projects/www/backend_rmi/vendor/laravel/framework/src/Illuminate/Pipeline/Pipeline.php(128): Illuminate\\Foundation\\Http\\Kernel->Illuminate\\Foundation\\Http\\{closure}(Object(Illuminate\\Http\\Request))
#67 /Users/aldyhelix/Projects/www/backend_rmi/vendor/livewire/livewire/src/DisableBrowserCache.php(19): Illuminate\\Pipeline\\Pipeline->Illuminate\\Pipeline\\{closure}(Object(Illuminate\\Http\\Request))
#68 /Users/aldyhelix/Projects/www/backend_rmi/vendor/laravel/framework/src/Illuminate/Pipeline/Pipeline.php(167): Livewire\\DisableBrowserCache->handle(Object(Illuminate\\Http\\Request), Object(Closure))
#69 /Users/aldyhelix/Projects/www/backend_rmi/vendor/barryvdh/laravel-debugbar/src/Middleware/InjectDebugbar.php(66): Illuminate\\Pipeline\\Pipeline->Illuminate\\Pipeline\\{closure}(Object(Illuminate\\Http\\Request))
#70 /Users/aldyhelix/Projects/www/backend_rmi/vendor/laravel/framework/src/Illuminate/Pipeline/Pipeline.php(167): Barryvdh\\Debugbar\\Middleware\\InjectDebugbar->handle(Object(Illuminate\\Http\\Request), Object(Closure))
#71 /Users/aldyhelix/Projects/www/backend_rmi/app/Http/Middleware/CheckForInstallation.php(19): Illuminate\\Pipeline\\Pipeline->Illuminate\\Pipeline\\{closure}(Object(Illuminate\\Http\\Request))
#72 /Users/aldyhelix/Projects/www/backend_rmi/vendor/laravel/framework/src/Illuminate/Pipeline/Pipeline.php(167): App\\Http\\Middleware\\CheckForInstallation->handle(Object(Illuminate\\Http\\Request), Object(Closure))
#73 /Users/aldyhelix/Projects/www/backend_rmi/vendor/laravel/framework/src/Illuminate/Foundation/Http/Middleware/TransformsRequest.php(21): Illuminate\\Pipeline\\Pipeline->Illuminate\\Pipeline\\{closure}(Object(Illuminate\\Http\\Request))
#74 /Users/aldyhelix/Projects/www/backend_rmi/vendor/laravel/framework/src/Illuminate/Foundation/Http/Middleware/ConvertEmptyStringsToNull.php(31): Illuminate\\Foundation\\Http\\Middleware\\TransformsRequest->handle(Object(Illuminate\\Http\\Request), Object(Closure))
#75 /Users/aldyhelix/Projects/www/backend_rmi/vendor/laravel/framework/src/Illuminate/Pipeline/Pipeline.php(167): Illuminate\\Foundation\\Http\\Middleware\\ConvertEmptyStringsToNull->handle(Object(Illuminate\\Http\\Request), Object(Closure))
#76 /Users/aldyhelix/Projects/www/backend_rmi/vendor/laravel/framework/src/Illuminate/Foundation/Http/Middleware/TransformsRequest.php(21): Illuminate\\Pipeline\\Pipeline->Illuminate\\Pipeline\\{closure}(Object(Illuminate\\Http\\Request))
#77 /Users/aldyhelix/Projects/www/backend_rmi/vendor/laravel/framework/src/Illuminate/Foundation/Http/Middleware/TrimStrings.php(40): Illuminate\\Foundation\\Http\\Middleware\\TransformsRequest->handle(Object(Illuminate\\Http\\Request), Object(Closure))
#78 /Users/aldyhelix/Projects/www/backend_rmi/vendor/laravel/framework/src/Illuminate/Pipeline/Pipeline.php(167): Illuminate\\Foundation\\Http\\Middleware\\TrimStrings->handle(Object(Illuminate\\Http\\Request), Object(Closure))
#79 /Users/aldyhelix/Projects/www/backend_rmi/vendor/laravel/framework/src/Illuminate/Foundation/Http/Middleware/ValidatePostSize.php(27): Illuminate\\Pipeline\\Pipeline->Illuminate\\Pipeline\\{closure}(Object(Illuminate\\Http\\Request))
#80 /Users/aldyhelix/Projects/www/backend_rmi/vendor/laravel/framework/src/Illuminate/Pipeline/Pipeline.php(167): Illuminate\\Foundation\\Http\\Middleware\\ValidatePostSize->handle(Object(Illuminate\\Http\\Request), Object(Closure))
#81 /Users/aldyhelix/Projects/www/backend_rmi/vendor/laravel/framework/src/Illuminate/Foundation/Http/Middleware/PreventRequestsDuringMaintenance.php(86): Illuminate\\Pipeline\\Pipeline->Illuminate\\Pipeline\\{closure}(Object(Illuminate\\Http\\Request))
#82 /Users/aldyhelix/Projects/www/backend_rmi/vendor/laravel/framework/src/Illuminate/Pipeline/Pipeline.php(167): Illuminate\\Foundation\\Http\\Middleware\\PreventRequestsDuringMaintenance->handle(Object(Illuminate\\Http\\Request), Object(Closure))
#83 /Users/aldyhelix/Projects/www/backend_rmi/vendor/fruitcake/laravel-cors/src/HandleCors.php(38): Illuminate\\Pipeline\\Pipeline->Illuminate\\Pipeline\\{closure}(Object(Illuminate\\Http\\Request))
#84 /Users/aldyhelix/Projects/www/backend_rmi/vendor/laravel/framework/src/Illuminate/Pipeline/Pipeline.php(167): Fruitcake\\Cors\\HandleCors->handle(Object(Illuminate\\Http\\Request), Object(Closure))
#85 /Users/aldyhelix/Projects/www/backend_rmi/vendor/laravel/framework/src/Illuminate/Http/Middleware/TrustProxies.php(39): Illuminate\\Pipeline\\Pipeline->Illuminate\\Pipeline\\{closure}(Object(Illuminate\\Http\\Request))
#86 /Users/aldyhelix/Projects/www/backend_rmi/vendor/laravel/framework/src/Illuminate/Pipeline/Pipeline.php(167): Illuminate\\Http\\Middleware\\TrustProxies->handle(Object(Illuminate\\Http\\Request), Object(Closure))
#87 /Users/aldyhelix/Projects/www/backend_rmi/vendor/laravel/framework/src/Illuminate/Pipeline/Pipeline.php(103): Illuminate\\Pipeline\\Pipeline->Illuminate\\Pipeline\\{closure}(Object(Illuminate\\Http\\Request))
#88 /Users/aldyhelix/Projects/www/backend_rmi/vendor/laravel/framework/src/Illuminate/Foundation/Http/Kernel.php(142): Illuminate\\Pipeline\\Pipeline->then(Object(Closure))
#89 /Users/aldyhelix/Projects/www/backend_rmi/vendor/laravel/framework/src/Illuminate/Foundation/Http/Kernel.php(111): Illuminate\\Foundation\\Http\\Kernel->sendRequestThroughRouter(Object(Illuminate\\Http\\Request))
#90 /Users/aldyhelix/Projects/www/backend_rmi/public/index.php(58): Illuminate\\Foundation\\Http\\Kernel->handle(Object(Illuminate\\Http\\Request))
#91 /Applications/Herd.app/Contents/Resources/valet/server.php(153): require('/Users/aldyheli...')
#92 {main}

[previous exception] [object] (PDOException(code: 42000): SQLSTATE[42000]: Syntax error or access violation: 1064 You have an error in your SQL syntax; check the manual that corresponds to your MySQL server version for the right syntax to use near '*) AS count from `orders` as `o` inner join `order_items` as `oi` on `o`.`id` = ' at line 1 at /Users/aldyhelix/Projects/www/backend_rmi/vendor/laravel/framework/src/Illuminate/Database/Connection.php:368)
[stacktrace]
#0 /Users/aldyhelix/Projects/www/backend_rmi/vendor/laravel/framework/src/Illuminate/Database/Connection.php(368): PDO->prepare('select DATE(o.c...')
#1 /Users/aldyhelix/Projects/www/backend_rmi/vendor/laravel/framework/src/Illuminate/Database/Connection.php(705): Illuminate\\Database\\Connection->Illuminate\\Database\\{closure}('select DATE(o.c...', Array)
#2 /Users/aldyhelix/Projects/www/backend_rmi/vendor/laravel/framework/src/Illuminate/Database/Connection.php(672): Illuminate\\Database\\Connection->runQueryCallback('select DATE(o.c...', Array, Object(Closure))
#3 /Users/aldyhelix/Projects/www/backend_rmi/vendor/laravel/framework/src/Illuminate/Database/Connection.php(359): Illuminate\\Database\\Connection->run('select DATE(o.c...', Array, Object(Closure))
#4 /Users/aldyhelix/Projects/www/backend_rmi/vendor/laravel/framework/src/Illuminate/Database/Query/Builder.php(2413): Illuminate\\Database\\Connection->select('select DATE(o.c...', Array, true)
#5 /Users/aldyhelix/Projects/www/backend_rmi/vendor/laravel/framework/src/Illuminate/Database/Query/Builder.php(2402): Illuminate\\Database\\Query\\Builder->runSelect()
#6 /Users/aldyhelix/Projects/www/backend_rmi/vendor/laravel/framework/src/Illuminate/Database/Query/Builder.php(2936): Illuminate\\Database\\Query\\Builder->Illuminate\\Database\\Query\\{closure}()
#7 /Users/aldyhelix/Projects/www/backend_rmi/vendor/laravel/framework/src/Illuminate/Database/Query/Builder.php(2401): Illuminate\\Database\\Query\\Builder->onceWithColumns(Array, Object(Closure))
#8 /Users/aldyhelix/Projects/www/backend_rmi/app/Http/Livewire/Dashboard.php(644): Illuminate\\Database\\Query\\Builder->get()
#9 /Users/aldyhelix/Projects/www/backend_rmi/app/Http/Livewire/Dashboard.php(268): App\\Http\\Livewire\\Dashboard->updatedChart1DataD1()
#10 /Users/aldyhelix/Projects/www/backend_rmi/app/Http/Livewire/Dashboard.php(127): App\\Http\\Livewire\\Dashboard->updateChartSection()
#11 /Users/aldyhelix/Projects/www/backend_rmi/vendor/laravel/framework/src/Illuminate/Container/BoundMethod.php(36): App\\Http\\Livewire\\Dashboard->mount(9, 0, 7, 0, 16, 0, 0, 0, 0, 0, 0, 0, 0, 0)
#12 /Users/aldyhelix/Projects/www/backend_rmi/vendor/laravel/framework/src/Illuminate/Container/Util.php(40): Illuminate\\Container\\BoundMethod::Illuminate\\Container\\{closure}()
#13 /Users/aldyhelix/Projects/www/backend_rmi/vendor/laravel/framework/src/Illuminate/Container/BoundMethod.php(93): Illuminate\\Container\\Util::unwrapIfClosure(Object(Closure))
#14 /Users/aldyhelix/Projects/www/backend_rmi/vendor/laravel/framework/src/Illuminate/Container/BoundMethod.php(35): Illuminate\\Container\\BoundMethod::callBoundMethod(Object(Illuminate\\Foundation\\Application), Array, Object(Closure))
#15 /Users/aldyhelix/Projects/www/backend_rmi/vendor/livewire/livewire/src/LifecycleManager.php(114): Illuminate\\Container\\BoundMethod::call(Object(Illuminate\\Foundation\\Application), Array, Array)
#16 /Users/aldyhelix/Projects/www/backend_rmi/vendor/livewire/livewire/src/LivewireManager.php(130): Livewire\\LifecycleManager->mount(Array)
#17 /Users/aldyhelix/Projects/www/backend_rmi/vendor/laravel/framework/src/Illuminate/Support/Facades/Facade.php(261): Livewire\\LivewireManager->mount('dashboard', Array)
#18 /Users/aldyhelix/Projects/www/backend_rmi/storage/framework/views/7614a377bf597da1c7ed67416eae576b7feee755.php(13): Illuminate\\Support\\Facades\\Facade::__callStatic('mount', Array)
#19 /Users/aldyhelix/Projects/www/backend_rmi/vendor/laravel/framework/src/Illuminate/Filesystem/Filesystem.php(107): require('/Users/aldyheli...')
#20 /Users/aldyhelix/Projects/www/backend_rmi/vendor/laravel/framework/src/Illuminate/Filesystem/Filesystem.php(108): Illuminate\\Filesystem\\Filesystem::Illuminate\\Filesystem\\{closure}()
#21 /Users/aldyhelix/Projects/www/backend_rmi/vendor/laravel/framework/src/Illuminate/View/Engines/PhpEngine.php(58): Illuminate\\Filesystem\\Filesystem->getRequire('/Users/aldyheli...', Array)
#22 /Users/aldyhelix/Projects/www/backend_rmi/vendor/livewire/livewire/src/ComponentConcerns/RendersLivewireComponents.php(69): Illuminate\\View\\Engines\\PhpEngine->evaluatePath('/Users/aldyheli...', Array)
#23 /Users/aldyhelix/Projects/www/backend_rmi/vendor/laravel/framework/src/Illuminate/View/Engines/CompilerEngine.php(61): Livewire\\CompilerEngineForIgnition->evaluatePath('/Users/aldyheli...', Array)
#24 /Users/aldyhelix/Projects/www/backend_rmi/vendor/facade/ignition/src/Views/Engines/CompilerEngine.php(37): Illuminate\\View\\Engines\\CompilerEngine->get('/Users/aldyheli...', Array)
#25 /Users/aldyhelix/Projects/www/backend_rmi/vendor/livewire/livewire/src/ComponentConcerns/RendersLivewireComponents.php(35): Facade\\Ignition\\Views\\Engines\\CompilerEngine->get('/Users/aldyheli...', Array)
#26 /Users/aldyhelix/Projects/www/backend_rmi/vendor/laravel/framework/src/Illuminate/View/View.php(139): Livewire\\CompilerEngineForIgnition->get('/Users/aldyheli...', Array)
#27 /Users/aldyhelix/Projects/www/backend_rmi/vendor/laravel/framework/src/Illuminate/View/View.php(122): Illuminate\\View\\View->getContents()
#28 /Users/aldyhelix/Projects/www/backend_rmi/vendor/laravel/framework/src/Illuminate/View/View.php(91): Illuminate\\View\\View->renderContents()
#29 /Users/aldyhelix/Projects/www/backend_rmi/vendor/laravel/framework/src/Illuminate/Http/Response.php(69): Illuminate\\View\\View->render()
#30 /Users/aldyhelix/Projects/www/backend_rmi/vendor/laravel/framework/src/Illuminate/Http/Response.php(35): Illuminate\\Http\\Response->setContent(Object(Illuminate\\View\\View))
#31 /Users/aldyhelix/Projects/www/backend_rmi/vendor/laravel/framework/src/Illuminate/Routing/Router.php(820): Illuminate\\Http\\Response->__construct(Object(Illuminate\\View\\View), 200, Array)
#32 /Users/aldyhelix/Projects/www/backend_rmi/vendor/laravel/framework/src/Illuminate/Routing/Router.php(789): Illuminate\\Routing\\Router::toResponse(Object(Illuminate\\Http\\Request), Object(Illuminate\\View\\View))
#33 /Users/aldyhelix/Projects/www/backend_rmi/vendor/laravel/framework/src/Illuminate/Routing/Router.php(720): Illuminate\\Routing\\Router->prepareResponse(Object(Illuminate\\Http\\Request), Object(Illuminate\\View\\View))
#34 /Users/aldyhelix/Projects/www/backend_rmi/vendor/laravel/framework/src/Illuminate/Pipeline/Pipeline.php(128): Illuminate\\Routing\\Router->Illuminate\\Routing\\{closure}(Object(Illuminate\\Http\\Request))
#35 /Users/aldyhelix/Projects/www/backend_rmi/app/Http/Middleware/DashboardSetup.php(22): Illuminate\\Pipeline\\Pipeline->Illuminate\\Pipeline\\{closure}(Object(Illuminate\\Http\\Request))
#36 /Users/aldyhelix/Projects/www/backend_rmi/vendor/laravel/framework/src/Illuminate/Pipeline/Pipeline.php(167): App\\Http\\Middleware\\DashboardSetup->handle(Object(Illuminate\\Http\\Request), Object(Closure))
#37 /Users/aldyhelix/Projects/www/backend_rmi/app/Http/Middleware/CheckIfBillingInfoRequired.php(24): Illuminate\\Pipeline\\Pipeline->Illuminate\\Pipeline\\{closure}(Object(Illuminate\\Http\\Request))
#38 /Users/aldyhelix/Projects/www/backend_rmi/vendor/laravel/framework/src/Illuminate/Pipeline/Pipeline.php(167): App\\Http\\Middleware\\CheckIfBillingInfoRequired->handle(Object(Illuminate\\Http\\Request), Object(Closure))
#39 /Users/aldyhelix/Projects/www/backend_rmi/app/Http/Middleware/VerifyUserIsSubscribed.php(25): Illuminate\\Pipeline\\Pipeline->Illuminate\\Pipeline\\{closure}(Object(Illuminate\\Http\\Request))
#40 /Users/aldyhelix/Projects/www/backend_rmi/vendor/laravel/framework/src/Illuminate/Pipeline/Pipeline.php(167): App\\Http\\Middleware\\VerifyUserIsSubscribed->handle(Object(Illuminate\\Http\\Request), Object(Closure))
#41 /Users/aldyhelix/Projects/www/backend_rmi/app/Http/Middleware/CookieConsentMiddleware.php(21): Illuminate\\Pipeline\\Pipeline->Illuminate\\Pipeline\\{closure}(Object(Illuminate\\Http\\Request))
#42 /Users/aldyhelix/Projects/www/backend_rmi/vendor/laravel/framework/src/Illuminate/Pipeline/Pipeline.php(167): App\\Http\\Middleware\\CookieConsentMiddleware->handle(Object(Illuminate\\Http\\Request), Object(Closure))
#43 /Users/aldyhelix/Projects/www/backend_rmi/app/Http/Middleware/Language.php(64): Illuminate\\Pipeline\\Pipeline->Illuminate\\Pipeline\\{closure}(Object(Illuminate\\Http\\Request))
#44 /Users/aldyhelix/Projects/www/backend_rmi/vendor/laravel/framework/src/Illuminate/Pipeline/Pipeline.php(167): App\\Http\\Middleware\\Language->handle(Object(Illuminate\\Http\\Request), Object(Closure))
#45 /Users/aldyhelix/Projects/www/backend_rmi/app/Http/Middleware/InitSettings.php(8): Illuminate\\Pipeline\\Pipeline->Illuminate\\Pipeline\\{closure}(Object(Illuminate\\Http\\Request))
#46 /Users/aldyhelix/Projects/www/backend_rmi/vendor/laravel/framework/src/Illuminate/Pipeline/Pipeline.php(167): App\\Http\\Middleware\\InitSettings->handle(Object(Illuminate\\Http\\Request), Object(Closure))
#47 /Users/aldyhelix/Projects/www/backend_rmi/vendor/laravel/framework/src/Illuminate/Routing/Middleware/SubstituteBindings.php(50): Illuminate\\Pipeline\\Pipeline->Illuminate\\Pipeline\\{closure}(Object(Illuminate\\Http\\Request))
#48 /Users/aldyhelix/Projects/www/backend_rmi/vendor/laravel/framework/src/Illuminate/Pipeline/Pipeline.php(167): Illuminate\\Routing\\Middleware\\SubstituteBindings->handle(Object(Illuminate\\Http\\Request), Object(Closure))
#49 /Users/aldyhelix/Projects/www/backend_rmi/vendor/laravel/framework/src/Illuminate/Auth/Middleware/Authenticate.php(44): Illuminate\\Pipeline\\Pipeline->Illuminate\\Pipeline\\{closure}(Object(Illuminate\\Http\\Request))
#50 /Users/aldyhelix/Projects/www/backend_rmi/vendor/laravel/framework/src/Illuminate/Pipeline/Pipeline.php(167): Illuminate\\Auth\\Middleware\\Authenticate->handle(Object(Illuminate\\Http\\Request), Object(Closure))
#51 /Users/aldyhelix/Projects/www/backend_rmi/vendor/laravel/framework/src/Illuminate/Foundation/Http/Middleware/VerifyCsrfToken.php(78): Illuminate\\Pipeline\\Pipeline->Illuminate\\Pipeline\\{closure}(Object(Illuminate\\Http\\Request))
#52 /Users/aldyhelix/Projects/www/backend_rmi/vendor/laravel/framework/src/Illuminate/Pipeline/Pipeline.php(167): Illuminate\\Foundation\\Http\\Middleware\\VerifyCsrfToken->handle(Object(Illuminate\\Http\\Request), Object(Closure))
#53 /Users/aldyhelix/Projects/www/backend_rmi/vendor/laravel/framework/src/Illuminate/View/Middleware/ShareErrorsFromSession.php(49): Illuminate\\Pipeline\\Pipeline->Illuminate\\Pipeline\\{closure}(Object(Illuminate\\Http\\Request))
#54 /Users/aldyhelix/Projects/www/backend_rmi/vendor/laravel/framework/src/Illuminate/Pipeline/Pipeline.php(167): Illuminate\\View\\Middleware\\ShareErrorsFromSession->handle(Object(Illuminate\\Http\\Request), Object(Closure))
#55 /Users/aldyhelix/Projects/www/backend_rmi/vendor/laravel/framework/src/Illuminate/Session/Middleware/StartSession.php(121): Illuminate\\Pipeline\\Pipeline->Illuminate\\Pipeline\\{closure}(Object(Illuminate\\Http\\Request))
#56 /Users/aldyhelix/Projects/www/backend_rmi/vendor/laravel/framework/src/Illuminate/Session/Middleware/StartSession.php(64): Illuminate\\Session\\Middleware\\StartSession->handleStatefulRequest(Object(Illuminate\\Http\\Request), Object(Illuminate\\Session\\EncryptedStore), Object(Closure))
#57 /Users/aldyhelix/Projects/www/backend_rmi/vendor/laravel/framework/src/Illuminate/Pipeline/Pipeline.php(167): Illuminate\\Session\\Middleware\\StartSession->handle(Object(Illuminate\\Http\\Request), Object(Closure))
#58 /Users/aldyhelix/Projects/www/backend_rmi/vendor/laravel/framework/src/Illuminate/Cookie/Middleware/AddQueuedCookiesToResponse.php(37): Illuminate\\Pipeline\\Pipeline->Illuminate\\Pipeline\\{closure}(Object(Illuminate\\Http\\Request))
#59 /Users/aldyhelix/Projects/www/backend_rmi/vendor/laravel/framework/src/Illuminate/Pipeline/Pipeline.php(167): Illuminate\\Cookie\\Middleware\\AddQueuedCookiesToResponse->handle(Object(Illuminate\\Http\\Request), Object(Closure))
#60 /Users/aldyhelix/Projects/www/backend_rmi/vendor/laravel/framework/src/Illuminate/Cookie/Middleware/EncryptCookies.php(67): Illuminate\\Pipeline\\Pipeline->Illuminate\\Pipeline\\{closure}(Object(Illuminate\\Http\\Request))
#61 /Users/aldyhelix/Projects/www/backend_rmi/vendor/laravel/framework/src/Illuminate/Pipeline/Pipeline.php(167): Illuminate\\Cookie\\Middleware\\EncryptCookies->handle(Object(Illuminate\\Http\\Request), Object(Closure))
#62 /Users/aldyhelix/Projects/www/backend_rmi/vendor/laravel/framework/src/Illuminate/Pipeline/Pipeline.php(103): Illuminate\\Pipeline\\Pipeline->Illuminate\\Pipeline\\{closure}(Object(Illuminate\\Http\\Request))
#63 /Users/aldyhelix/Projects/www/backend_rmi/vendor/laravel/framework/src/Illuminate/Routing/Router.php(719): Illuminate\\Pipeline\\Pipeline->then(Object(Closure))
#64 /Users/aldyhelix/Projects/www/backend_rmi/vendor/laravel/framework/src/Illuminate/Routing/Router.php(698): Illuminate\\Routing\\Router->runRouteWithinStack(Object(Illuminate\\Routing\\Route), Object(Illuminate\\Http\\Request))
#65 /Users/aldyhelix/Projects/www/backend_rmi/vendor/laravel/framework/src/Illuminate/Routing/Router.php(662): Illuminate\\Routing\\Router->runRoute(Object(Illuminate\\Http\\Request), Object(Illuminate\\Routing\\Route))
#66 /Users/aldyhelix/Projects/www/backend_rmi/vendor/laravel/framework/src/Illuminate/Routing/Router.php(651): Illuminate\\Routing\\Router->dispatchToRoute(Object(Illuminate\\Http\\Request))
#67 /Users/aldyhelix/Projects/www/backend_rmi/vendor/laravel/framework/src/Illuminate/Foundation/Http/Kernel.php(167): Illuminate\\Routing\\Router->dispatch(Object(Illuminate\\Http\\Request))
#68 /Users/aldyhelix/Projects/www/backend_rmi/vendor/laravel/framework/src/Illuminate/Pipeline/Pipeline.php(128): Illuminate\\Foundation\\Http\\Kernel->Illuminate\\Foundation\\Http\\{closure}(Object(Illuminate\\Http\\Request))
#69 /Users/aldyhelix/Projects/www/backend_rmi/vendor/livewire/livewire/src/DisableBrowserCache.php(19): Illuminate\\Pipeline\\Pipeline->Illuminate\\Pipeline\\{closure}(Object(Illuminate\\Http\\Request))
#70 /Users/aldyhelix/Projects/www/backend_rmi/vendor/laravel/framework/src/Illuminate/Pipeline/Pipeline.php(167): Livewire\\DisableBrowserCache->handle(Object(Illuminate\\Http\\Request), Object(Closure))
#71 /Users/aldyhelix/Projects/www/backend_rmi/vendor/barryvdh/laravel-debugbar/src/Middleware/InjectDebugbar.php(66): Illuminate\\Pipeline\\Pipeline->Illuminate\\Pipeline\\{closure}(Object(Illuminate\\Http\\Request))
#72 /Users/aldyhelix/Projects/www/backend_rmi/vendor/laravel/framework/src/Illuminate/Pipeline/Pipeline.php(167): Barryvdh\\Debugbar\\Middleware\\InjectDebugbar->handle(Object(Illuminate\\Http\\Request), Object(Closure))
#73 /Users/aldyhelix/Projects/www/backend_rmi/app/Http/Middleware/CheckForInstallation.php(19): Illuminate\\Pipeline\\Pipeline->Illuminate\\Pipeline\\{closure}(Object(Illuminate\\Http\\Request))
#74 /Users/aldyhelix/Projects/www/backend_rmi/vendor/laravel/framework/src/Illuminate/Pipeline/Pipeline.php(167): App\\Http\\Middleware\\CheckForInstallation->handle(Object(Illuminate\\Http\\Request), Object(Closure))
#75 /Users/aldyhelix/Projects/www/backend_rmi/vendor/laravel/framework/src/Illuminate/Foundation/Http/Middleware/TransformsRequest.php(21): Illuminate\\Pipeline\\Pipeline->Illuminate\\Pipeline\\{closure}(Object(Illuminate\\Http\\Request))
#76 /Users/aldyhelix/Projects/www/backend_rmi/vendor/laravel/framework/src/Illuminate/Foundation/Http/Middleware/ConvertEmptyStringsToNull.php(31): Illuminate\\Foundation\\Http\\Middleware\\TransformsRequest->handle(Object(Illuminate\\Http\\Request), Object(Closure))
#77 /Users/aldyhelix/Projects/www/backend_rmi/vendor/laravel/framework/src/Illuminate/Pipeline/Pipeline.php(167): Illuminate\\Foundation\\Http\\Middleware\\ConvertEmptyStringsToNull->handle(Object(Illuminate\\Http\\Request), Object(Closure))
#78 /Users/aldyhelix/Projects/www/backend_rmi/vendor/laravel/framework/src/Illuminate/Foundation/Http/Middleware/TransformsRequest.php(21): Illuminate\\Pipeline\\Pipeline->Illuminate\\Pipeline\\{closure}(Object(Illuminate\\Http\\Request))
#79 /Users/aldyhelix/Projects/www/backend_rmi/vendor/laravel/framework/src/Illuminate/Foundation/Http/Middleware/TrimStrings.php(40): Illuminate\\Foundation\\Http\\Middleware\\TransformsRequest->handle(Object(Illuminate\\Http\\Request), Object(Closure))
#80 /Users/aldyhelix/Projects/www/backend_rmi/vendor/laravel/framework/src/Illuminate/Pipeline/Pipeline.php(167): Illuminate\\Foundation\\Http\\Middleware\\TrimStrings->handle(Object(Illuminate\\Http\\Request), Object(Closure))
#81 /Users/aldyhelix/Projects/www/backend_rmi/vendor/laravel/framework/src/Illuminate/Foundation/Http/Middleware/ValidatePostSize.php(27): Illuminate\\Pipeline\\Pipeline->Illuminate\\Pipeline\\{closure}(Object(Illuminate\\Http\\Request))
#82 /Users/aldyhelix/Projects/www/backend_rmi/vendor/laravel/framework/src/Illuminate/Pipeline/Pipeline.php(167): Illuminate\\Foundation\\Http\\Middleware\\ValidatePostSize->handle(Object(Illuminate\\Http\\Request), Object(Closure))
#83 /Users/aldyhelix/Projects/www/backend_rmi/vendor/laravel/framework/src/Illuminate/Foundation/Http/Middleware/PreventRequestsDuringMaintenance.php(86): Illuminate\\Pipeline\\Pipeline->Illuminate\\Pipeline\\{closure}(Object(Illuminate\\Http\\Request))
#84 /Users/aldyhelix/Projects/www/backend_rmi/vendor/laravel/framework/src/Illuminate/Pipeline/Pipeline.php(167): Illuminate\\Foundation\\Http\\Middleware\\PreventRequestsDuringMaintenance->handle(Object(Illuminate\\Http\\Request), Object(Closure))
#85 /Users/aldyhelix/Projects/www/backend_rmi/vendor/fruitcake/laravel-cors/src/HandleCors.php(38): Illuminate\\Pipeline\\Pipeline->Illuminate\\Pipeline\\{closure}(Object(Illuminate\\Http\\Request))
#86 /Users/aldyhelix/Projects/www/backend_rmi/vendor/laravel/framework/src/Illuminate/Pipeline/Pipeline.php(167): Fruitcake\\Cors\\HandleCors->handle(Object(Illuminate\\Http\\Request), Object(Closure))
#87 /Users/aldyhelix/Projects/www/backend_rmi/vendor/laravel/framework/src/Illuminate/Http/Middleware/TrustProxies.php(39): Illuminate\\Pipeline\\Pipeline->Illuminate\\Pipeline\\{closure}(Object(Illuminate\\Http\\Request))
#88 /Users/aldyhelix/Projects/www/backend_rmi/vendor/laravel/framework/src/Illuminate/Pipeline/Pipeline.php(167): Illuminate\\Http\\Middleware\\TrustProxies->handle(Object(Illuminate\\Http\\Request), Object(Closure))
#89 /Users/aldyhelix/Projects/www/backend_rmi/vendor/laravel/framework/src/Illuminate/Pipeline/Pipeline.php(103): Illuminate\\Pipeline\\Pipeline->Illuminate\\Pipeline\\{closure}(Object(Illuminate\\Http\\Request))
#90 /Users/aldyhelix/Projects/www/backend_rmi/vendor/laravel/framework/src/Illuminate/Foundation/Http/Kernel.php(142): Illuminate\\Pipeline\\Pipeline->then(Object(Closure))
#91 /Users/aldyhelix/Projects/www/backend_rmi/vendor/laravel/framework/src/Illuminate/Foundation/Http/Kernel.php(111): Illuminate\\Foundation\\Http\\Kernel->sendRequestThroughRouter(Object(Illuminate\\Http\\Request))
#92 /Users/aldyhelix/Projects/www/backend_rmi/public/index.php(58): Illuminate\\Foundation\\Http\\Kernel->handle(Object(Illuminate\\Http\\Request))
#93 /Applications/Herd.app/Contents/Resources/valet/server.php(153): require('/Users/aldyheli...')
#94 {main}
"} 
[2024-06-23 04:26:25] production.ERROR: SQLSTATE[42000]: Syntax error or access violation: 1064 You have an error in your SQL syntax; check the manual that corresponds to your MySQL server version for the right syntax to use near '*) AS count from `orders` as `o` inner join `order_items` as `oi` on `o`.`id` = ' at line 1 (SQL: select DATE(created_at) AS order_date, COUNT(o.*) AS count from `orders` as `o` inner join `order_items` as `oi` on `o`.`id` = `oi`.`order_id` inner join `inventories` as `i` on `oi`.`inventory_id` = `i`.`id` inner join `products` as `p` on `i`.`product_id` = `p`.`id` inner join `customers` as `cust` on `o`.`customer_id` = `cust`.`id` where `customer_id` is not null and `o`.`created_at` between 2024-06-17 and 2024-06-23 and `o`.`order_status_id` <> 8 group by `order_date`) (View: /Users/aldyhelix/Projects/www/backend_rmi/resources/views/admin/dashboard/platform.blade.php) {"view":{"view":"/Users/aldyhelix/Projects/www/backend_rmi/vendor/laravel/framework/src/Illuminate/Database/Connection.php","data":[]},"userId":1,"exception":"[object] (Facade\\Ignition\\Exceptions\\ViewException(code: 0): SQLSTATE[42000]: Syntax error or access violation: 1064 You have an error in your SQL syntax; check the manual that corresponds to your MySQL server version for the right syntax to use near '*) AS count from `orders` as `o` inner join `order_items` as `oi` on `o`.`id` = ' at line 1 (SQL: select DATE(created_at) AS order_date, COUNT(o.*) AS count from `orders` as `o` inner join `order_items` as `oi` on `o`.`id` = `oi`.`order_id` inner join `inventories` as `i` on `oi`.`inventory_id` = `i`.`id` inner join `products` as `p` on `i`.`product_id` = `p`.`id` inner join `customers` as `cust` on `o`.`customer_id` = `cust`.`id` where `customer_id` is not null and `o`.`created_at` between 2024-06-17 and 2024-06-23 and `o`.`order_status_id` <> 8 group by `order_date`) (View: /Users/aldyhelix/Projects/www/backend_rmi/resources/views/admin/dashboard/platform.blade.php) at /Users/aldyhelix/Projects/www/backend_rmi/vendor/laravel/framework/src/Illuminate/Database/Connection.php:712)
[stacktrace]
#0 /Users/aldyhelix/Projects/www/backend_rmi/vendor/laravel/framework/src/Illuminate/Database/Connection.php(672): Illuminate\\Database\\Connection->runQueryCallback('select DATE(cre...', Array, Object(Closure))
#1 /Users/aldyhelix/Projects/www/backend_rmi/vendor/laravel/framework/src/Illuminate/Database/Connection.php(359): Illuminate\\Database\\Connection->run('select DATE(cre...', Array, Object(Closure))
#2 /Users/aldyhelix/Projects/www/backend_rmi/vendor/laravel/framework/src/Illuminate/Database/Query/Builder.php(2413): Illuminate\\Database\\Connection->select('select DATE(cre...', Array, true)
#3 /Users/aldyhelix/Projects/www/backend_rmi/vendor/laravel/framework/src/Illuminate/Database/Query/Builder.php(2402): Illuminate\\Database\\Query\\Builder->runSelect()
#4 /Users/aldyhelix/Projects/www/backend_rmi/vendor/laravel/framework/src/Illuminate/Database/Query/Builder.php(2936): Illuminate\\Database\\Query\\Builder->Illuminate\\Database\\Query\\{closure}()
#5 /Users/aldyhelix/Projects/www/backend_rmi/vendor/laravel/framework/src/Illuminate/Database/Query/Builder.php(2401): Illuminate\\Database\\Query\\Builder->onceWithColumns(Array, Object(Closure))
#6 /Users/aldyhelix/Projects/www/backend_rmi/app/Http/Livewire/Dashboard.php(644): Illuminate\\Database\\Query\\Builder->get()
#7 /Users/aldyhelix/Projects/www/backend_rmi/app/Http/Livewire/Dashboard.php(268): App\\Http\\Livewire\\Dashboard->updatedChart1DataD1()
#8 /Users/aldyhelix/Projects/www/backend_rmi/app/Http/Livewire/Dashboard.php(127): App\\Http\\Livewire\\Dashboard->updateChartSection()
#9 /Users/aldyhelix/Projects/www/backend_rmi/vendor/laravel/framework/src/Illuminate/Container/BoundMethod.php(36): App\\Http\\Livewire\\Dashboard->mount(9, 0, 7, 0, 16, 0, 0, 0, 0, 0, 0, 0, 0, 0)
#10 /Users/aldyhelix/Projects/www/backend_rmi/vendor/laravel/framework/src/Illuminate/Container/Util.php(40): Illuminate\\Container\\BoundMethod::Illuminate\\Container\\{closure}()
#11 /Users/aldyhelix/Projects/www/backend_rmi/vendor/laravel/framework/src/Illuminate/Container/BoundMethod.php(93): Illuminate\\Container\\Util::unwrapIfClosure(Object(Closure))
#12 /Users/aldyhelix/Projects/www/backend_rmi/vendor/laravel/framework/src/Illuminate/Container/BoundMethod.php(35): Illuminate\\Container\\BoundMethod::callBoundMethod(Object(Illuminate\\Foundation\\Application), Array, Object(Closure))
#13 /Users/aldyhelix/Projects/www/backend_rmi/vendor/livewire/livewire/src/LifecycleManager.php(114): Illuminate\\Container\\BoundMethod::call(Object(Illuminate\\Foundation\\Application), Array, Array)
#14 /Users/aldyhelix/Projects/www/backend_rmi/vendor/livewire/livewire/src/LivewireManager.php(130): Livewire\\LifecycleManager->mount(Array)
#15 /Users/aldyhelix/Projects/www/backend_rmi/vendor/laravel/framework/src/Illuminate/Support/Facades/Facade.php(261): Livewire\\LivewireManager->mount('dashboard', Array)
#16 /Users/aldyhelix/Projects/www/backend_rmi/resources/views/admin/dashboard/platform.blade.php(13): Illuminate\\Support\\Facades\\Facade::__callStatic('mount', Array)
#17 /Users/aldyhelix/Projects/www/backend_rmi/vendor/laravel/framework/src/Illuminate/Filesystem/Filesystem.php(107): require('/Users/aldyheli...')
#18 /Users/aldyhelix/Projects/www/backend_rmi/vendor/laravel/framework/src/Illuminate/Filesystem/Filesystem.php(108): Illuminate\\Filesystem\\Filesystem::Illuminate\\Filesystem\\{closure}()
#19 /Users/aldyhelix/Projects/www/backend_rmi/vendor/laravel/framework/src/Illuminate/View/Engines/PhpEngine.php(58): Illuminate\\Filesystem\\Filesystem->getRequire('/Users/aldyheli...', Array)
#20 /Users/aldyhelix/Projects/www/backend_rmi/vendor/livewire/livewire/src/ComponentConcerns/RendersLivewireComponents.php(69): Illuminate\\View\\Engines\\PhpEngine->evaluatePath('/Users/aldyheli...', Array)
#21 /Users/aldyhelix/Projects/www/backend_rmi/vendor/laravel/framework/src/Illuminate/View/Engines/CompilerEngine.php(61): Livewire\\CompilerEngineForIgnition->evaluatePath('/Users/aldyheli...', Array)
#22 /Users/aldyhelix/Projects/www/backend_rmi/vendor/facade/ignition/src/Views/Engines/CompilerEngine.php(37): Illuminate\\View\\Engines\\CompilerEngine->get('/Users/aldyheli...', Array)
#23 /Users/aldyhelix/Projects/www/backend_rmi/vendor/livewire/livewire/src/ComponentConcerns/RendersLivewireComponents.php(35): Facade\\Ignition\\Views\\Engines\\CompilerEngine->get('/Users/aldyheli...', Array)
#24 /Users/aldyhelix/Projects/www/backend_rmi/vendor/laravel/framework/src/Illuminate/View/View.php(139): Livewire\\CompilerEngineForIgnition->get('/Users/aldyheli...', Array)
#25 /Users/aldyhelix/Projects/www/backend_rmi/vendor/laravel/framework/src/Illuminate/View/View.php(122): Illuminate\\View\\View->getContents()
#26 /Users/aldyhelix/Projects/www/backend_rmi/vendor/laravel/framework/src/Illuminate/View/View.php(91): Illuminate\\View\\View->renderContents()
#27 /Users/aldyhelix/Projects/www/backend_rmi/vendor/laravel/framework/src/Illuminate/Http/Response.php(69): Illuminate\\View\\View->render()
#28 /Users/aldyhelix/Projects/www/backend_rmi/vendor/laravel/framework/src/Illuminate/Http/Response.php(35): Illuminate\\Http\\Response->setContent(Object(Illuminate\\View\\View))
#29 /Users/aldyhelix/Projects/www/backend_rmi/vendor/laravel/framework/src/Illuminate/Routing/Router.php(820): Illuminate\\Http\\Response->__construct(Object(Illuminate\\View\\View), 200, Array)
#30 /Users/aldyhelix/Projects/www/backend_rmi/vendor/laravel/framework/src/Illuminate/Routing/Router.php(789): Illuminate\\Routing\\Router::toResponse(Object(Illuminate\\Http\\Request), Object(Illuminate\\View\\View))
#31 /Users/aldyhelix/Projects/www/backend_rmi/vendor/laravel/framework/src/Illuminate/Routing/Router.php(720): Illuminate\\Routing\\Router->prepareResponse(Object(Illuminate\\Http\\Request), Object(Illuminate\\View\\View))
#32 /Users/aldyhelix/Projects/www/backend_rmi/vendor/laravel/framework/src/Illuminate/Pipeline/Pipeline.php(128): Illuminate\\Routing\\Router->Illuminate\\Routing\\{closure}(Object(Illuminate\\Http\\Request))
#33 /Users/aldyhelix/Projects/www/backend_rmi/app/Http/Middleware/DashboardSetup.php(22): Illuminate\\Pipeline\\Pipeline->Illuminate\\Pipeline\\{closure}(Object(Illuminate\\Http\\Request))
#34 /Users/aldyhelix/Projects/www/backend_rmi/vendor/laravel/framework/src/Illuminate/Pipeline/Pipeline.php(167): App\\Http\\Middleware\\DashboardSetup->handle(Object(Illuminate\\Http\\Request), Object(Closure))
#35 /Users/aldyhelix/Projects/www/backend_rmi/app/Http/Middleware/CheckIfBillingInfoRequired.php(24): Illuminate\\Pipeline\\Pipeline->Illuminate\\Pipeline\\{closure}(Object(Illuminate\\Http\\Request))
#36 /Users/aldyhelix/Projects/www/backend_rmi/vendor/laravel/framework/src/Illuminate/Pipeline/Pipeline.php(167): App\\Http\\Middleware\\CheckIfBillingInfoRequired->handle(Object(Illuminate\\Http\\Request), Object(Closure))
#37 /Users/aldyhelix/Projects/www/backend_rmi/app/Http/Middleware/VerifyUserIsSubscribed.php(25): Illuminate\\Pipeline\\Pipeline->Illuminate\\Pipeline\\{closure}(Object(Illuminate\\Http\\Request))
#38 /Users/aldyhelix/Projects/www/backend_rmi/vendor/laravel/framework/src/Illuminate/Pipeline/Pipeline.php(167): App\\Http\\Middleware\\VerifyUserIsSubscribed->handle(Object(Illuminate\\Http\\Request), Object(Closure))
#39 /Users/aldyhelix/Projects/www/backend_rmi/app/Http/Middleware/CookieConsentMiddleware.php(21): Illuminate\\Pipeline\\Pipeline->Illuminate\\Pipeline\\{closure}(Object(Illuminate\\Http\\Request))
#40 /Users/aldyhelix/Projects/www/backend_rmi/vendor/laravel/framework/src/Illuminate/Pipeline/Pipeline.php(167): App\\Http\\Middleware\\CookieConsentMiddleware->handle(Object(Illuminate\\Http\\Request), Object(Closure))
#41 /Users/aldyhelix/Projects/www/backend_rmi/app/Http/Middleware/Language.php(64): Illuminate\\Pipeline\\Pipeline->Illuminate\\Pipeline\\{closure}(Object(Illuminate\\Http\\Request))
#42 /Users/aldyhelix/Projects/www/backend_rmi/vendor/laravel/framework/src/Illuminate/Pipeline/Pipeline.php(167): App\\Http\\Middleware\\Language->handle(Object(Illuminate\\Http\\Request), Object(Closure))
#43 /Users/aldyhelix/Projects/www/backend_rmi/app/Http/Middleware/InitSettings.php(8): Illuminate\\Pipeline\\Pipeline->Illuminate\\Pipeline\\{closure}(Object(Illuminate\\Http\\Request))
#44 /Users/aldyhelix/Projects/www/backend_rmi/vendor/laravel/framework/src/Illuminate/Pipeline/Pipeline.php(167): App\\Http\\Middleware\\InitSettings->handle(Object(Illuminate\\Http\\Request), Object(Closure))
#45 /Users/aldyhelix/Projects/www/backend_rmi/vendor/laravel/framework/src/Illuminate/Routing/Middleware/SubstituteBindings.php(50): Illuminate\\Pipeline\\Pipeline->Illuminate\\Pipeline\\{closure}(Object(Illuminate\\Http\\Request))
#46 /Users/aldyhelix/Projects/www/backend_rmi/vendor/laravel/framework/src/Illuminate/Pipeline/Pipeline.php(167): Illuminate\\Routing\\Middleware\\SubstituteBindings->handle(Object(Illuminate\\Http\\Request), Object(Closure))
#47 /Users/aldyhelix/Projects/www/backend_rmi/vendor/laravel/framework/src/Illuminate/Auth/Middleware/Authenticate.php(44): Illuminate\\Pipeline\\Pipeline->Illuminate\\Pipeline\\{closure}(Object(Illuminate\\Http\\Request))
#48 /Users/aldyhelix/Projects/www/backend_rmi/vendor/laravel/framework/src/Illuminate/Pipeline/Pipeline.php(167): Illuminate\\Auth\\Middleware\\Authenticate->handle(Object(Illuminate\\Http\\Request), Object(Closure))
#49 /Users/aldyhelix/Projects/www/backend_rmi/vendor/laravel/framework/src/Illuminate/Foundation/Http/Middleware/VerifyCsrfToken.php(78): Illuminate\\Pipeline\\Pipeline->Illuminate\\Pipeline\\{closure}(Object(Illuminate\\Http\\Request))
#50 /Users/aldyhelix/Projects/www/backend_rmi/vendor/laravel/framework/src/Illuminate/Pipeline/Pipeline.php(167): Illuminate\\Foundation\\Http\\Middleware\\VerifyCsrfToken->handle(Object(Illuminate\\Http\\Request), Object(Closure))
#51 /Users/aldyhelix/Projects/www/backend_rmi/vendor/laravel/framework/src/Illuminate/View/Middleware/ShareErrorsFromSession.php(49): Illuminate\\Pipeline\\Pipeline->Illuminate\\Pipeline\\{closure}(Object(Illuminate\\Http\\Request))
#52 /Users/aldyhelix/Projects/www/backend_rmi/vendor/laravel/framework/src/Illuminate/Pipeline/Pipeline.php(167): Illuminate\\View\\Middleware\\ShareErrorsFromSession->handle(Object(Illuminate\\Http\\Request), Object(Closure))
#53 /Users/aldyhelix/Projects/www/backend_rmi/vendor/laravel/framework/src/Illuminate/Session/Middleware/StartSession.php(121): Illuminate\\Pipeline\\Pipeline->Illuminate\\Pipeline\\{closure}(Object(Illuminate\\Http\\Request))
#54 /Users/aldyhelix/Projects/www/backend_rmi/vendor/laravel/framework/src/Illuminate/Session/Middleware/StartSession.php(64): Illuminate\\Session\\Middleware\\StartSession->handleStatefulRequest(Object(Illuminate\\Http\\Request), Object(Illuminate\\Session\\EncryptedStore), Object(Closure))
#55 /Users/aldyhelix/Projects/www/backend_rmi/vendor/laravel/framework/src/Illuminate/Pipeline/Pipeline.php(167): Illuminate\\Session\\Middleware\\StartSession->handle(Object(Illuminate\\Http\\Request), Object(Closure))
#56 /Users/aldyhelix/Projects/www/backend_rmi/vendor/laravel/framework/src/Illuminate/Cookie/Middleware/AddQueuedCookiesToResponse.php(37): Illuminate\\Pipeline\\Pipeline->Illuminate\\Pipeline\\{closure}(Object(Illuminate\\Http\\Request))
#57 /Users/aldyhelix/Projects/www/backend_rmi/vendor/laravel/framework/src/Illuminate/Pipeline/Pipeline.php(167): Illuminate\\Cookie\\Middleware\\AddQueuedCookiesToResponse->handle(Object(Illuminate\\Http\\Request), Object(Closure))
#58 /Users/aldyhelix/Projects/www/backend_rmi/vendor/laravel/framework/src/Illuminate/Cookie/Middleware/EncryptCookies.php(67): Illuminate\\Pipeline\\Pipeline->Illuminate\\Pipeline\\{closure}(Object(Illuminate\\Http\\Request))
#59 /Users/aldyhelix/Projects/www/backend_rmi/vendor/laravel/framework/src/Illuminate/Pipeline/Pipeline.php(167): Illuminate\\Cookie\\Middleware\\EncryptCookies->handle(Object(Illuminate\\Http\\Request), Object(Closure))
#60 /Users/aldyhelix/Projects/www/backend_rmi/vendor/laravel/framework/src/Illuminate/Pipeline/Pipeline.php(103): Illuminate\\Pipeline\\Pipeline->Illuminate\\Pipeline\\{closure}(Object(Illuminate\\Http\\Request))
#61 /Users/aldyhelix/Projects/www/backend_rmi/vendor/laravel/framework/src/Illuminate/Routing/Router.php(719): Illuminate\\Pipeline\\Pipeline->then(Object(Closure))
#62 /Users/aldyhelix/Projects/www/backend_rmi/vendor/laravel/framework/src/Illuminate/Routing/Router.php(698): Illuminate\\Routing\\Router->runRouteWithinStack(Object(Illuminate\\Routing\\Route), Object(Illuminate\\Http\\Request))
#63 /Users/aldyhelix/Projects/www/backend_rmi/vendor/laravel/framework/src/Illuminate/Routing/Router.php(662): Illuminate\\Routing\\Router->runRoute(Object(Illuminate\\Http\\Request), Object(Illuminate\\Routing\\Route))
#64 /Users/aldyhelix/Projects/www/backend_rmi/vendor/laravel/framework/src/Illuminate/Routing/Router.php(651): Illuminate\\Routing\\Router->dispatchToRoute(Object(Illuminate\\Http\\Request))
#65 /Users/aldyhelix/Projects/www/backend_rmi/vendor/laravel/framework/src/Illuminate/Foundation/Http/Kernel.php(167): Illuminate\\Routing\\Router->dispatch(Object(Illuminate\\Http\\Request))
#66 /Users/aldyhelix/Projects/www/backend_rmi/vendor/laravel/framework/src/Illuminate/Pipeline/Pipeline.php(128): Illuminate\\Foundation\\Http\\Kernel->Illuminate\\Foundation\\Http\\{closure}(Object(Illuminate\\Http\\Request))
#67 /Users/aldyhelix/Projects/www/backend_rmi/vendor/livewire/livewire/src/DisableBrowserCache.php(19): Illuminate\\Pipeline\\Pipeline->Illuminate\\Pipeline\\{closure}(Object(Illuminate\\Http\\Request))
#68 /Users/aldyhelix/Projects/www/backend_rmi/vendor/laravel/framework/src/Illuminate/Pipeline/Pipeline.php(167): Livewire\\DisableBrowserCache->handle(Object(Illuminate\\Http\\Request), Object(Closure))
#69 /Users/aldyhelix/Projects/www/backend_rmi/vendor/barryvdh/laravel-debugbar/src/Middleware/InjectDebugbar.php(66): Illuminate\\Pipeline\\Pipeline->Illuminate\\Pipeline\\{closure}(Object(Illuminate\\Http\\Request))
#70 /Users/aldyhelix/Projects/www/backend_rmi/vendor/laravel/framework/src/Illuminate/Pipeline/Pipeline.php(167): Barryvdh\\Debugbar\\Middleware\\InjectDebugbar->handle(Object(Illuminate\\Http\\Request), Object(Closure))
#71 /Users/aldyhelix/Projects/www/backend_rmi/app/Http/Middleware/CheckForInstallation.php(19): Illuminate\\Pipeline\\Pipeline->Illuminate\\Pipeline\\{closure}(Object(Illuminate\\Http\\Request))
#72 /Users/aldyhelix/Projects/www/backend_rmi/vendor/laravel/framework/src/Illuminate/Pipeline/Pipeline.php(167): App\\Http\\Middleware\\CheckForInstallation->handle(Object(Illuminate\\Http\\Request), Object(Closure))
#73 /Users/aldyhelix/Projects/www/backend_rmi/vendor/laravel/framework/src/Illuminate/Foundation/Http/Middleware/TransformsRequest.php(21): Illuminate\\Pipeline\\Pipeline->Illuminate\\Pipeline\\{closure}(Object(Illuminate\\Http\\Request))
#74 /Users/aldyhelix/Projects/www/backend_rmi/vendor/laravel/framework/src/Illuminate/Foundation/Http/Middleware/ConvertEmptyStringsToNull.php(31): Illuminate\\Foundation\\Http\\Middleware\\TransformsRequest->handle(Object(Illuminate\\Http\\Request), Object(Closure))
#75 /Users/aldyhelix/Projects/www/backend_rmi/vendor/laravel/framework/src/Illuminate/Pipeline/Pipeline.php(167): Illuminate\\Foundation\\Http\\Middleware\\ConvertEmptyStringsToNull->handle(Object(Illuminate\\Http\\Request), Object(Closure))
#76 /Users/aldyhelix/Projects/www/backend_rmi/vendor/laravel/framework/src/Illuminate/Foundation/Http/Middleware/TransformsRequest.php(21): Illuminate\\Pipeline\\Pipeline->Illuminate\\Pipeline\\{closure}(Object(Illuminate\\Http\\Request))
#77 /Users/aldyhelix/Projects/www/backend_rmi/vendor/laravel/framework/src/Illuminate/Foundation/Http/Middleware/TrimStrings.php(40): Illuminate\\Foundation\\Http\\Middleware\\TransformsRequest->handle(Object(Illuminate\\Http\\Request), Object(Closure))
#78 /Users/aldyhelix/Projects/www/backend_rmi/vendor/laravel/framework/src/Illuminate/Pipeline/Pipeline.php(167): Illuminate\\Foundation\\Http\\Middleware\\TrimStrings->handle(Object(Illuminate\\Http\\Request), Object(Closure))
#79 /Users/aldyhelix/Projects/www/backend_rmi/vendor/laravel/framework/src/Illuminate/Foundation/Http/Middleware/ValidatePostSize.php(27): Illuminate\\Pipeline\\Pipeline->Illuminate\\Pipeline\\{closure}(Object(Illuminate\\Http\\Request))
#80 /Users/aldyhelix/Projects/www/backend_rmi/vendor/laravel/framework/src/Illuminate/Pipeline/Pipeline.php(167): Illuminate\\Foundation\\Http\\Middleware\\ValidatePostSize->handle(Object(Illuminate\\Http\\Request), Object(Closure))
#81 /Users/aldyhelix/Projects/www/backend_rmi/vendor/laravel/framework/src/Illuminate/Foundation/Http/Middleware/PreventRequestsDuringMaintenance.php(86): Illuminate\\Pipeline\\Pipeline->Illuminate\\Pipeline\\{closure}(Object(Illuminate\\Http\\Request))
#82 /Users/aldyhelix/Projects/www/backend_rmi/vendor/laravel/framework/src/Illuminate/Pipeline/Pipeline.php(167): Illuminate\\Foundation\\Http\\Middleware\\PreventRequestsDuringMaintenance->handle(Object(Illuminate\\Http\\Request), Object(Closure))
#83 /Users/aldyhelix/Projects/www/backend_rmi/vendor/fruitcake/laravel-cors/src/HandleCors.php(38): Illuminate\\Pipeline\\Pipeline->Illuminate\\Pipeline\\{closure}(Object(Illuminate\\Http\\Request))
#84 /Users/aldyhelix/Projects/www/backend_rmi/vendor/laravel/framework/src/Illuminate/Pipeline/Pipeline.php(167): Fruitcake\\Cors\\HandleCors->handle(Object(Illuminate\\Http\\Request), Object(Closure))
#85 /Users/aldyhelix/Projects/www/backend_rmi/vendor/laravel/framework/src/Illuminate/Http/Middleware/TrustProxies.php(39): Illuminate\\Pipeline\\Pipeline->Illuminate\\Pipeline\\{closure}(Object(Illuminate\\Http\\Request))
#86 /Users/aldyhelix/Projects/www/backend_rmi/vendor/laravel/framework/src/Illuminate/Pipeline/Pipeline.php(167): Illuminate\\Http\\Middleware\\TrustProxies->handle(Object(Illuminate\\Http\\Request), Object(Closure))
#87 /Users/aldyhelix/Projects/www/backend_rmi/vendor/laravel/framework/src/Illuminate/Pipeline/Pipeline.php(103): Illuminate\\Pipeline\\Pipeline->Illuminate\\Pipeline\\{closure}(Object(Illuminate\\Http\\Request))
#88 /Users/aldyhelix/Projects/www/backend_rmi/vendor/laravel/framework/src/Illuminate/Foundation/Http/Kernel.php(142): Illuminate\\Pipeline\\Pipeline->then(Object(Closure))
#89 /Users/aldyhelix/Projects/www/backend_rmi/vendor/laravel/framework/src/Illuminate/Foundation/Http/Kernel.php(111): Illuminate\\Foundation\\Http\\Kernel->sendRequestThroughRouter(Object(Illuminate\\Http\\Request))
#90 /Users/aldyhelix/Projects/www/backend_rmi/public/index.php(58): Illuminate\\Foundation\\Http\\Kernel->handle(Object(Illuminate\\Http\\Request))
#91 /Applications/Herd.app/Contents/Resources/valet/server.php(153): require('/Users/aldyheli...')
#92 {main}

[previous exception] [object] (Illuminate\\Database\\QueryException(code: 42000): SQLSTATE[42000]: Syntax error or access violation: 1064 You have an error in your SQL syntax; check the manual that corresponds to your MySQL server version for the right syntax to use near '*) AS count from `orders` as `o` inner join `order_items` as `oi` on `o`.`id` = ' at line 1 (SQL: select DATE(created_at) AS order_date, COUNT(o.*) AS count from `orders` as `o` inner join `order_items` as `oi` on `o`.`id` = `oi`.`order_id` inner join `inventories` as `i` on `oi`.`inventory_id` = `i`.`id` inner join `products` as `p` on `i`.`product_id` = `p`.`id` inner join `customers` as `cust` on `o`.`customer_id` = `cust`.`id` where `customer_id` is not null and `o`.`created_at` between 2024-06-17 and 2024-06-23 and `o`.`order_status_id` <> 8 group by `order_date`) at /Users/aldyhelix/Projects/www/backend_rmi/vendor/laravel/framework/src/Illuminate/Database/Connection.php:712)
[stacktrace]
#0 /Users/aldyhelix/Projects/www/backend_rmi/vendor/laravel/framework/src/Illuminate/Database/Connection.php(672): Illuminate\\Database\\Connection->runQueryCallback('select DATE(cre...', Array, Object(Closure))
#1 /Users/aldyhelix/Projects/www/backend_rmi/vendor/laravel/framework/src/Illuminate/Database/Connection.php(359): Illuminate\\Database\\Connection->run('select DATE(cre...', Array, Object(Closure))
#2 /Users/aldyhelix/Projects/www/backend_rmi/vendor/laravel/framework/src/Illuminate/Database/Query/Builder.php(2413): Illuminate\\Database\\Connection->select('select DATE(cre...', Array, true)
#3 /Users/aldyhelix/Projects/www/backend_rmi/vendor/laravel/framework/src/Illuminate/Database/Query/Builder.php(2402): Illuminate\\Database\\Query\\Builder->runSelect()
#4 /Users/aldyhelix/Projects/www/backend_rmi/vendor/laravel/framework/src/Illuminate/Database/Query/Builder.php(2936): Illuminate\\Database\\Query\\Builder->Illuminate\\Database\\Query\\{closure}()
#5 /Users/aldyhelix/Projects/www/backend_rmi/vendor/laravel/framework/src/Illuminate/Database/Query/Builder.php(2401): Illuminate\\Database\\Query\\Builder->onceWithColumns(Array, Object(Closure))
#6 /Users/aldyhelix/Projects/www/backend_rmi/app/Http/Livewire/Dashboard.php(644): Illuminate\\Database\\Query\\Builder->get()
#7 /Users/aldyhelix/Projects/www/backend_rmi/app/Http/Livewire/Dashboard.php(268): App\\Http\\Livewire\\Dashboard->updatedChart1DataD1()
#8 /Users/aldyhelix/Projects/www/backend_rmi/app/Http/Livewire/Dashboard.php(127): App\\Http\\Livewire\\Dashboard->updateChartSection()
#9 /Users/aldyhelix/Projects/www/backend_rmi/vendor/laravel/framework/src/Illuminate/Container/BoundMethod.php(36): App\\Http\\Livewire\\Dashboard->mount(9, 0, 7, 0, 16, 0, 0, 0, 0, 0, 0, 0, 0, 0)
#10 /Users/aldyhelix/Projects/www/backend_rmi/vendor/laravel/framework/src/Illuminate/Container/Util.php(40): Illuminate\\Container\\BoundMethod::Illuminate\\Container\\{closure}()
#11 /Users/aldyhelix/Projects/www/backend_rmi/vendor/laravel/framework/src/Illuminate/Container/BoundMethod.php(93): Illuminate\\Container\\Util::unwrapIfClosure(Object(Closure))
#12 /Users/aldyhelix/Projects/www/backend_rmi/vendor/laravel/framework/src/Illuminate/Container/BoundMethod.php(35): Illuminate\\Container\\BoundMethod::callBoundMethod(Object(Illuminate\\Foundation\\Application), Array, Object(Closure))
#13 /Users/aldyhelix/Projects/www/backend_rmi/vendor/livewire/livewire/src/LifecycleManager.php(114): Illuminate\\Container\\BoundMethod::call(Object(Illuminate\\Foundation\\Application), Array, Array)
#14 /Users/aldyhelix/Projects/www/backend_rmi/vendor/livewire/livewire/src/LivewireManager.php(130): Livewire\\LifecycleManager->mount(Array)
#15 /Users/aldyhelix/Projects/www/backend_rmi/vendor/laravel/framework/src/Illuminate/Support/Facades/Facade.php(261): Livewire\\LivewireManager->mount('dashboard', Array)
#16 /Users/aldyhelix/Projects/www/backend_rmi/storage/framework/views/7614a377bf597da1c7ed67416eae576b7feee755.php(13): Illuminate\\Support\\Facades\\Facade::__callStatic('mount', Array)
#17 /Users/aldyhelix/Projects/www/backend_rmi/vendor/laravel/framework/src/Illuminate/Filesystem/Filesystem.php(107): require('/Users/aldyheli...')
#18 /Users/aldyhelix/Projects/www/backend_rmi/vendor/laravel/framework/src/Illuminate/Filesystem/Filesystem.php(108): Illuminate\\Filesystem\\Filesystem::Illuminate\\Filesystem\\{closure}()
#19 /Users/aldyhelix/Projects/www/backend_rmi/vendor/laravel/framework/src/Illuminate/View/Engines/PhpEngine.php(58): Illuminate\\Filesystem\\Filesystem->getRequire('/Users/aldyheli...', Array)
#20 /Users/aldyhelix/Projects/www/backend_rmi/vendor/livewire/livewire/src/ComponentConcerns/RendersLivewireComponents.php(69): Illuminate\\View\\Engines\\PhpEngine->evaluatePath('/Users/aldyheli...', Array)
#21 /Users/aldyhelix/Projects/www/backend_rmi/vendor/laravel/framework/src/Illuminate/View/Engines/CompilerEngine.php(61): Livewire\\CompilerEngineForIgnition->evaluatePath('/Users/aldyheli...', Array)
#22 /Users/aldyhelix/Projects/www/backend_rmi/vendor/facade/ignition/src/Views/Engines/CompilerEngine.php(37): Illuminate\\View\\Engines\\CompilerEngine->get('/Users/aldyheli...', Array)
#23 /Users/aldyhelix/Projects/www/backend_rmi/vendor/livewire/livewire/src/ComponentConcerns/RendersLivewireComponents.php(35): Facade\\Ignition\\Views\\Engines\\CompilerEngine->get('/Users/aldyheli...', Array)
#24 /Users/aldyhelix/Projects/www/backend_rmi/vendor/laravel/framework/src/Illuminate/View/View.php(139): Livewire\\CompilerEngineForIgnition->get('/Users/aldyheli...', Array)
#25 /Users/aldyhelix/Projects/www/backend_rmi/vendor/laravel/framework/src/Illuminate/View/View.php(122): Illuminate\\View\\View->getContents()
#26 /Users/aldyhelix/Projects/www/backend_rmi/vendor/laravel/framework/src/Illuminate/View/View.php(91): Illuminate\\View\\View->renderContents()
#27 /Users/aldyhelix/Projects/www/backend_rmi/vendor/laravel/framework/src/Illuminate/Http/Response.php(69): Illuminate\\View\\View->render()
#28 /Users/aldyhelix/Projects/www/backend_rmi/vendor/laravel/framework/src/Illuminate/Http/Response.php(35): Illuminate\\Http\\Response->setContent(Object(Illuminate\\View\\View))
#29 /Users/aldyhelix/Projects/www/backend_rmi/vendor/laravel/framework/src/Illuminate/Routing/Router.php(820): Illuminate\\Http\\Response->__construct(Object(Illuminate\\View\\View), 200, Array)
#30 /Users/aldyhelix/Projects/www/backend_rmi/vendor/laravel/framework/src/Illuminate/Routing/Router.php(789): Illuminate\\Routing\\Router::toResponse(Object(Illuminate\\Http\\Request), Object(Illuminate\\View\\View))
#31 /Users/aldyhelix/Projects/www/backend_rmi/vendor/laravel/framework/src/Illuminate/Routing/Router.php(720): Illuminate\\Routing\\Router->prepareResponse(Object(Illuminate\\Http\\Request), Object(Illuminate\\View\\View))
#32 /Users/aldyhelix/Projects/www/backend_rmi/vendor/laravel/framework/src/Illuminate/Pipeline/Pipeline.php(128): Illuminate\\Routing\\Router->Illuminate\\Routing\\{closure}(Object(Illuminate\\Http\\Request))
#33 /Users/aldyhelix/Projects/www/backend_rmi/app/Http/Middleware/DashboardSetup.php(22): Illuminate\\Pipeline\\Pipeline->Illuminate\\Pipeline\\{closure}(Object(Illuminate\\Http\\Request))
#34 /Users/aldyhelix/Projects/www/backend_rmi/vendor/laravel/framework/src/Illuminate/Pipeline/Pipeline.php(167): App\\Http\\Middleware\\DashboardSetup->handle(Object(Illuminate\\Http\\Request), Object(Closure))
#35 /Users/aldyhelix/Projects/www/backend_rmi/app/Http/Middleware/CheckIfBillingInfoRequired.php(24): Illuminate\\Pipeline\\Pipeline->Illuminate\\Pipeline\\{closure}(Object(Illuminate\\Http\\Request))
#36 /Users/aldyhelix/Projects/www/backend_rmi/vendor/laravel/framework/src/Illuminate/Pipeline/Pipeline.php(167): App\\Http\\Middleware\\CheckIfBillingInfoRequired->handle(Object(Illuminate\\Http\\Request), Object(Closure))
#37 /Users/aldyhelix/Projects/www/backend_rmi/app/Http/Middleware/VerifyUserIsSubscribed.php(25): Illuminate\\Pipeline\\Pipeline->Illuminate\\Pipeline\\{closure}(Object(Illuminate\\Http\\Request))
#38 /Users/aldyhelix/Projects/www/backend_rmi/vendor/laravel/framework/src/Illuminate/Pipeline/Pipeline.php(167): App\\Http\\Middleware\\VerifyUserIsSubscribed->handle(Object(Illuminate\\Http\\Request), Object(Closure))
#39 /Users/aldyhelix/Projects/www/backend_rmi/app/Http/Middleware/CookieConsentMiddleware.php(21): Illuminate\\Pipeline\\Pipeline->Illuminate\\Pipeline\\{closure}(Object(Illuminate\\Http\\Request))
#40 /Users/aldyhelix/Projects/www/backend_rmi/vendor/laravel/framework/src/Illuminate/Pipeline/Pipeline.php(167): App\\Http\\Middleware\\CookieConsentMiddleware->handle(Object(Illuminate\\Http\\Request), Object(Closure))
#41 /Users/aldyhelix/Projects/www/backend_rmi/app/Http/Middleware/Language.php(64): Illuminate\\Pipeline\\Pipeline->Illuminate\\Pipeline\\{closure}(Object(Illuminate\\Http\\Request))
#42 /Users/aldyhelix/Projects/www/backend_rmi/vendor/laravel/framework/src/Illuminate/Pipeline/Pipeline.php(167): App\\Http\\Middleware\\Language->handle(Object(Illuminate\\Http\\Request), Object(Closure))
#43 /Users/aldyhelix/Projects/www/backend_rmi/app/Http/Middleware/InitSettings.php(8): Illuminate\\Pipeline\\Pipeline->Illuminate\\Pipeline\\{closure}(Object(Illuminate\\Http\\Request))
#44 /Users/aldyhelix/Projects/www/backend_rmi/vendor/laravel/framework/src/Illuminate/Pipeline/Pipeline.php(167): App\\Http\\Middleware\\InitSettings->handle(Object(Illuminate\\Http\\Request), Object(Closure))
#45 /Users/aldyhelix/Projects/www/backend_rmi/vendor/laravel/framework/src/Illuminate/Routing/Middleware/SubstituteBindings.php(50): Illuminate\\Pipeline\\Pipeline->Illuminate\\Pipeline\\{closure}(Object(Illuminate\\Http\\Request))
#46 /Users/aldyhelix/Projects/www/backend_rmi/vendor/laravel/framework/src/Illuminate/Pipeline/Pipeline.php(167): Illuminate\\Routing\\Middleware\\SubstituteBindings->handle(Object(Illuminate\\Http\\Request), Object(Closure))
#47 /Users/aldyhelix/Projects/www/backend_rmi/vendor/laravel/framework/src/Illuminate/Auth/Middleware/Authenticate.php(44): Illuminate\\Pipeline\\Pipeline->Illuminate\\Pipeline\\{closure}(Object(Illuminate\\Http\\Request))
#48 /Users/aldyhelix/Projects/www/backend_rmi/vendor/laravel/framework/src/Illuminate/Pipeline/Pipeline.php(167): Illuminate\\Auth\\Middleware\\Authenticate->handle(Object(Illuminate\\Http\\Request), Object(Closure))
#49 /Users/aldyhelix/Projects/www/backend_rmi/vendor/laravel/framework/src/Illuminate/Foundation/Http/Middleware/VerifyCsrfToken.php(78): Illuminate\\Pipeline\\Pipeline->Illuminate\\Pipeline\\{closure}(Object(Illuminate\\Http\\Request))
#50 /Users/aldyhelix/Projects/www/backend_rmi/vendor/laravel/framework/src/Illuminate/Pipeline/Pipeline.php(167): Illuminate\\Foundation\\Http\\Middleware\\VerifyCsrfToken->handle(Object(Illuminate\\Http\\Request), Object(Closure))
#51 /Users/aldyhelix/Projects/www/backend_rmi/vendor/laravel/framework/src/Illuminate/View/Middleware/ShareErrorsFromSession.php(49): Illuminate\\Pipeline\\Pipeline->Illuminate\\Pipeline\\{closure}(Object(Illuminate\\Http\\Request))
#52 /Users/aldyhelix/Projects/www/backend_rmi/vendor/laravel/framework/src/Illuminate/Pipeline/Pipeline.php(167): Illuminate\\View\\Middleware\\ShareErrorsFromSession->handle(Object(Illuminate\\Http\\Request), Object(Closure))
#53 /Users/aldyhelix/Projects/www/backend_rmi/vendor/laravel/framework/src/Illuminate/Session/Middleware/StartSession.php(121): Illuminate\\Pipeline\\Pipeline->Illuminate\\Pipeline\\{closure}(Object(Illuminate\\Http\\Request))
#54 /Users/aldyhelix/Projects/www/backend_rmi/vendor/laravel/framework/src/Illuminate/Session/Middleware/StartSession.php(64): Illuminate\\Session\\Middleware\\StartSession->handleStatefulRequest(Object(Illuminate\\Http\\Request), Object(Illuminate\\Session\\EncryptedStore), Object(Closure))
#55 /Users/aldyhelix/Projects/www/backend_rmi/vendor/laravel/framework/src/Illuminate/Pipeline/Pipeline.php(167): Illuminate\\Session\\Middleware\\StartSession->handle(Object(Illuminate\\Http\\Request), Object(Closure))
#56 /Users/aldyhelix/Projects/www/backend_rmi/vendor/laravel/framework/src/Illuminate/Cookie/Middleware/AddQueuedCookiesToResponse.php(37): Illuminate\\Pipeline\\Pipeline->Illuminate\\Pipeline\\{closure}(Object(Illuminate\\Http\\Request))
#57 /Users/aldyhelix/Projects/www/backend_rmi/vendor/laravel/framework/src/Illuminate/Pipeline/Pipeline.php(167): Illuminate\\Cookie\\Middleware\\AddQueuedCookiesToResponse->handle(Object(Illuminate\\Http\\Request), Object(Closure))
#58 /Users/aldyhelix/Projects/www/backend_rmi/vendor/laravel/framework/src/Illuminate/Cookie/Middleware/EncryptCookies.php(67): Illuminate\\Pipeline\\Pipeline->Illuminate\\Pipeline\\{closure}(Object(Illuminate\\Http\\Request))
#59 /Users/aldyhelix/Projects/www/backend_rmi/vendor/laravel/framework/src/Illuminate/Pipeline/Pipeline.php(167): Illuminate\\Cookie\\Middleware\\EncryptCookies->handle(Object(Illuminate\\Http\\Request), Object(Closure))
#60 /Users/aldyhelix/Projects/www/backend_rmi/vendor/laravel/framework/src/Illuminate/Pipeline/Pipeline.php(103): Illuminate\\Pipeline\\Pipeline->Illuminate\\Pipeline\\{closure}(Object(Illuminate\\Http\\Request))
#61 /Users/aldyhelix/Projects/www/backend_rmi/vendor/laravel/framework/src/Illuminate/Routing/Router.php(719): Illuminate\\Pipeline\\Pipeline->then(Object(Closure))
#62 /Users/aldyhelix/Projects/www/backend_rmi/vendor/laravel/framework/src/Illuminate/Routing/Router.php(698): Illuminate\\Routing\\Router->runRouteWithinStack(Object(Illuminate\\Routing\\Route), Object(Illuminate\\Http\\Request))
#63 /Users/aldyhelix/Projects/www/backend_rmi/vendor/laravel/framework/src/Illuminate/Routing/Router.php(662): Illuminate\\Routing\\Router->runRoute(Object(Illuminate\\Http\\Request), Object(Illuminate\\Routing\\Route))
#64 /Users/aldyhelix/Projects/www/backend_rmi/vendor/laravel/framework/src/Illuminate/Routing/Router.php(651): Illuminate\\Routing\\Router->dispatchToRoute(Object(Illuminate\\Http\\Request))
#65 /Users/aldyhelix/Projects/www/backend_rmi/vendor/laravel/framework/src/Illuminate/Foundation/Http/Kernel.php(167): Illuminate\\Routing\\Router->dispatch(Object(Illuminate\\Http\\Request))
#66 /Users/aldyhelix/Projects/www/backend_rmi/vendor/laravel/framework/src/Illuminate/Pipeline/Pipeline.php(128): Illuminate\\Foundation\\Http\\Kernel->Illuminate\\Foundation\\Http\\{closure}(Object(Illuminate\\Http\\Request))
#67 /Users/aldyhelix/Projects/www/backend_rmi/vendor/livewire/livewire/src/DisableBrowserCache.php(19): Illuminate\\Pipeline\\Pipeline->Illuminate\\Pipeline\\{closure}(Object(Illuminate\\Http\\Request))
#68 /Users/aldyhelix/Projects/www/backend_rmi/vendor/laravel/framework/src/Illuminate/Pipeline/Pipeline.php(167): Livewire\\DisableBrowserCache->handle(Object(Illuminate\\Http\\Request), Object(Closure))
#69 /Users/aldyhelix/Projects/www/backend_rmi/vendor/barryvdh/laravel-debugbar/src/Middleware/InjectDebugbar.php(66): Illuminate\\Pipeline\\Pipeline->Illuminate\\Pipeline\\{closure}(Object(Illuminate\\Http\\Request))
#70 /Users/aldyhelix/Projects/www/backend_rmi/vendor/laravel/framework/src/Illuminate/Pipeline/Pipeline.php(167): Barryvdh\\Debugbar\\Middleware\\InjectDebugbar->handle(Object(Illuminate\\Http\\Request), Object(Closure))
#71 /Users/aldyhelix/Projects/www/backend_rmi/app/Http/Middleware/CheckForInstallation.php(19): Illuminate\\Pipeline\\Pipeline->Illuminate\\Pipeline\\{closure}(Object(Illuminate\\Http\\Request))
#72 /Users/aldyhelix/Projects/www/backend_rmi/vendor/laravel/framework/src/Illuminate/Pipeline/Pipeline.php(167): App\\Http\\Middleware\\CheckForInstallation->handle(Object(Illuminate\\Http\\Request), Object(Closure))
#73 /Users/aldyhelix/Projects/www/backend_rmi/vendor/laravel/framework/src/Illuminate/Foundation/Http/Middleware/TransformsRequest.php(21): Illuminate\\Pipeline\\Pipeline->Illuminate\\Pipeline\\{closure}(Object(Illuminate\\Http\\Request))
#74 /Users/aldyhelix/Projects/www/backend_rmi/vendor/laravel/framework/src/Illuminate/Foundation/Http/Middleware/ConvertEmptyStringsToNull.php(31): Illuminate\\Foundation\\Http\\Middleware\\TransformsRequest->handle(Object(Illuminate\\Http\\Request), Object(Closure))
#75 /Users/aldyhelix/Projects/www/backend_rmi/vendor/laravel/framework/src/Illuminate/Pipeline/Pipeline.php(167): Illuminate\\Foundation\\Http\\Middleware\\ConvertEmptyStringsToNull->handle(Object(Illuminate\\Http\\Request), Object(Closure))
#76 /Users/aldyhelix/Projects/www/backend_rmi/vendor/laravel/framework/src/Illuminate/Foundation/Http/Middleware/TransformsRequest.php(21): Illuminate\\Pipeline\\Pipeline->Illuminate\\Pipeline\\{closure}(Object(Illuminate\\Http\\Request))
#77 /Users/aldyhelix/Projects/www/backend_rmi/vendor/laravel/framework/src/Illuminate/Foundation/Http/Middleware/TrimStrings.php(40): Illuminate\\Foundation\\Http\\Middleware\\TransformsRequest->handle(Object(Illuminate\\Http\\Request), Object(Closure))
#78 /Users/aldyhelix/Projects/www/backend_rmi/vendor/laravel/framework/src/Illuminate/Pipeline/Pipeline.php(167): Illuminate\\Foundation\\Http\\Middleware\\TrimStrings->handle(Object(Illuminate\\Http\\Request), Object(Closure))
#79 /Users/aldyhelix/Projects/www/backend_rmi/vendor/laravel/framework/src/Illuminate/Foundation/Http/Middleware/ValidatePostSize.php(27): Illuminate\\Pipeline\\Pipeline->Illuminate\\Pipeline\\{closure}(Object(Illuminate\\Http\\Request))
#80 /Users/aldyhelix/Projects/www/backend_rmi/vendor/laravel/framework/src/Illuminate/Pipeline/Pipeline.php(167): Illuminate\\Foundation\\Http\\Middleware\\ValidatePostSize->handle(Object(Illuminate\\Http\\Request), Object(Closure))
#81 /Users/aldyhelix/Projects/www/backend_rmi/vendor/laravel/framework/src/Illuminate/Foundation/Http/Middleware/PreventRequestsDuringMaintenance.php(86): Illuminate\\Pipeline\\Pipeline->Illuminate\\Pipeline\\{closure}(Object(Illuminate\\Http\\Request))
#82 /Users/aldyhelix/Projects/www/backend_rmi/vendor/laravel/framework/src/Illuminate/Pipeline/Pipeline.php(167): Illuminate\\Foundation\\Http\\Middleware\\PreventRequestsDuringMaintenance->handle(Object(Illuminate\\Http\\Request), Object(Closure))
#83 /Users/aldyhelix/Projects/www/backend_rmi/vendor/fruitcake/laravel-cors/src/HandleCors.php(38): Illuminate\\Pipeline\\Pipeline->Illuminate\\Pipeline\\{closure}(Object(Illuminate\\Http\\Request))
#84 /Users/aldyhelix/Projects/www/backend_rmi/vendor/laravel/framework/src/Illuminate/Pipeline/Pipeline.php(167): Fruitcake\\Cors\\HandleCors->handle(Object(Illuminate\\Http\\Request), Object(Closure))
#85 /Users/aldyhelix/Projects/www/backend_rmi/vendor/laravel/framework/src/Illuminate/Http/Middleware/TrustProxies.php(39): Illuminate\\Pipeline\\Pipeline->Illuminate\\Pipeline\\{closure}(Object(Illuminate\\Http\\Request))
#86 /Users/aldyhelix/Projects/www/backend_rmi/vendor/laravel/framework/src/Illuminate/Pipeline/Pipeline.php(167): Illuminate\\Http\\Middleware\\TrustProxies->handle(Object(Illuminate\\Http\\Request), Object(Closure))
#87 /Users/aldyhelix/Projects/www/backend_rmi/vendor/laravel/framework/src/Illuminate/Pipeline/Pipeline.php(103): Illuminate\\Pipeline\\Pipeline->Illuminate\\Pipeline\\{closure}(Object(Illuminate\\Http\\Request))
#88 /Users/aldyhelix/Projects/www/backend_rmi/vendor/laravel/framework/src/Illuminate/Foundation/Http/Kernel.php(142): Illuminate\\Pipeline\\Pipeline->then(Object(Closure))
#89 /Users/aldyhelix/Projects/www/backend_rmi/vendor/laravel/framework/src/Illuminate/Foundation/Http/Kernel.php(111): Illuminate\\Foundation\\Http\\Kernel->sendRequestThroughRouter(Object(Illuminate\\Http\\Request))
#90 /Users/aldyhelix/Projects/www/backend_rmi/public/index.php(58): Illuminate\\Foundation\\Http\\Kernel->handle(Object(Illuminate\\Http\\Request))
#91 /Applications/Herd.app/Contents/Resources/valet/server.php(153): require('/Users/aldyheli...')
#92 {main}

[previous exception] [object] (PDOException(code: 42000): SQLSTATE[42000]: Syntax error or access violation: 1064 You have an error in your SQL syntax; check the manual that corresponds to your MySQL server version for the right syntax to use near '*) AS count from `orders` as `o` inner join `order_items` as `oi` on `o`.`id` = ' at line 1 at /Users/aldyhelix/Projects/www/backend_rmi/vendor/laravel/framework/src/Illuminate/Database/Connection.php:368)
[stacktrace]
#0 /Users/aldyhelix/Projects/www/backend_rmi/vendor/laravel/framework/src/Illuminate/Database/Connection.php(368): PDO->prepare('select DATE(cre...')
#1 /Users/aldyhelix/Projects/www/backend_rmi/vendor/laravel/framework/src/Illuminate/Database/Connection.php(705): Illuminate\\Database\\Connection->Illuminate\\Database\\{closure}('select DATE(cre...', Array)
#2 /Users/aldyhelix/Projects/www/backend_rmi/vendor/laravel/framework/src/Illuminate/Database/Connection.php(672): Illuminate\\Database\\Connection->runQueryCallback('select DATE(cre...', Array, Object(Closure))
#3 /Users/aldyhelix/Projects/www/backend_rmi/vendor/laravel/framework/src/Illuminate/Database/Connection.php(359): Illuminate\\Database\\Connection->run('select DATE(cre...', Array, Object(Closure))
#4 /Users/aldyhelix/Projects/www/backend_rmi/vendor/laravel/framework/src/Illuminate/Database/Query/Builder.php(2413): Illuminate\\Database\\Connection->select('select DATE(cre...', Array, true)
#5 /Users/aldyhelix/Projects/www/backend_rmi/vendor/laravel/framework/src/Illuminate/Database/Query/Builder.php(2402): Illuminate\\Database\\Query\\Builder->runSelect()
#6 /Users/aldyhelix/Projects/www/backend_rmi/vendor/laravel/framework/src/Illuminate/Database/Query/Builder.php(2936): Illuminate\\Database\\Query\\Builder->Illuminate\\Database\\Query\\{closure}()
#7 /Users/aldyhelix/Projects/www/backend_rmi/vendor/laravel/framework/src/Illuminate/Database/Query/Builder.php(2401): Illuminate\\Database\\Query\\Builder->onceWithColumns(Array, Object(Closure))
#8 /Users/aldyhelix/Projects/www/backend_rmi/app/Http/Livewire/Dashboard.php(644): Illuminate\\Database\\Query\\Builder->get()
#9 /Users/aldyhelix/Projects/www/backend_rmi/app/Http/Livewire/Dashboard.php(268): App\\Http\\Livewire\\Dashboard->updatedChart1DataD1()
#10 /Users/aldyhelix/Projects/www/backend_rmi/app/Http/Livewire/Dashboard.php(127): App\\Http\\Livewire\\Dashboard->updateChartSection()
#11 /Users/aldyhelix/Projects/www/backend_rmi/vendor/laravel/framework/src/Illuminate/Container/BoundMethod.php(36): App\\Http\\Livewire\\Dashboard->mount(9, 0, 7, 0, 16, 0, 0, 0, 0, 0, 0, 0, 0, 0)
#12 /Users/aldyhelix/Projects/www/backend_rmi/vendor/laravel/framework/src/Illuminate/Container/Util.php(40): Illuminate\\Container\\BoundMethod::Illuminate\\Container\\{closure}()
#13 /Users/aldyhelix/Projects/www/backend_rmi/vendor/laravel/framework/src/Illuminate/Container/BoundMethod.php(93): Illuminate\\Container\\Util::unwrapIfClosure(Object(Closure))
#14 /Users/aldyhelix/Projects/www/backend_rmi/vendor/laravel/framework/src/Illuminate/Container/BoundMethod.php(35): Illuminate\\Container\\BoundMethod::callBoundMethod(Object(Illuminate\\Foundation\\Application), Array, Object(Closure))
#15 /Users/aldyhelix/Projects/www/backend_rmi/vendor/livewire/livewire/src/LifecycleManager.php(114): Illuminate\\Container\\BoundMethod::call(Object(Illuminate\\Foundation\\Application), Array, Array)
#16 /Users/aldyhelix/Projects/www/backend_rmi/vendor/livewire/livewire/src/LivewireManager.php(130): Livewire\\LifecycleManager->mount(Array)
#17 /Users/aldyhelix/Projects/www/backend_rmi/vendor/laravel/framework/src/Illuminate/Support/Facades/Facade.php(261): Livewire\\LivewireManager->mount('dashboard', Array)
#18 /Users/aldyhelix/Projects/www/backend_rmi/storage/framework/views/7614a377bf597da1c7ed67416eae576b7feee755.php(13): Illuminate\\Support\\Facades\\Facade::__callStatic('mount', Array)
#19 /Users/aldyhelix/Projects/www/backend_rmi/vendor/laravel/framework/src/Illuminate/Filesystem/Filesystem.php(107): require('/Users/aldyheli...')
#20 /Users/aldyhelix/Projects/www/backend_rmi/vendor/laravel/framework/src/Illuminate/Filesystem/Filesystem.php(108): Illuminate\\Filesystem\\Filesystem::Illuminate\\Filesystem\\{closure}()
#21 /Users/aldyhelix/Projects/www/backend_rmi/vendor/laravel/framework/src/Illuminate/View/Engines/PhpEngine.php(58): Illuminate\\Filesystem\\Filesystem->getRequire('/Users/aldyheli...', Array)
#22 /Users/aldyhelix/Projects/www/backend_rmi/vendor/livewire/livewire/src/ComponentConcerns/RendersLivewireComponents.php(69): Illuminate\\View\\Engines\\PhpEngine->evaluatePath('/Users/aldyheli...', Array)
#23 /Users/aldyhelix/Projects/www/backend_rmi/vendor/laravel/framework/src/Illuminate/View/Engines/CompilerEngine.php(61): Livewire\\CompilerEngineForIgnition->evaluatePath('/Users/aldyheli...', Array)
#24 /Users/aldyhelix/Projects/www/backend_rmi/vendor/facade/ignition/src/Views/Engines/CompilerEngine.php(37): Illuminate\\View\\Engines\\CompilerEngine->get('/Users/aldyheli...', Array)
#25 /Users/aldyhelix/Projects/www/backend_rmi/vendor/livewire/livewire/src/ComponentConcerns/RendersLivewireComponents.php(35): Facade\\Ignition\\Views\\Engines\\CompilerEngine->get('/Users/aldyheli...', Array)
#26 /Users/aldyhelix/Projects/www/backend_rmi/vendor/laravel/framework/src/Illuminate/View/View.php(139): Livewire\\CompilerEngineForIgnition->get('/Users/aldyheli...', Array)
#27 /Users/aldyhelix/Projects/www/backend_rmi/vendor/laravel/framework/src/Illuminate/View/View.php(122): Illuminate\\View\\View->getContents()
#28 /Users/aldyhelix/Projects/www/backend_rmi/vendor/laravel/framework/src/Illuminate/View/View.php(91): Illuminate\\View\\View->renderContents()
#29 /Users/aldyhelix/Projects/www/backend_rmi/vendor/laravel/framework/src/Illuminate/Http/Response.php(69): Illuminate\\View\\View->render()
#30 /Users/aldyhelix/Projects/www/backend_rmi/vendor/laravel/framework/src/Illuminate/Http/Response.php(35): Illuminate\\Http\\Response->setContent(Object(Illuminate\\View\\View))
#31 /Users/aldyhelix/Projects/www/backend_rmi/vendor/laravel/framework/src/Illuminate/Routing/Router.php(820): Illuminate\\Http\\Response->__construct(Object(Illuminate\\View\\View), 200, Array)
#32 /Users/aldyhelix/Projects/www/backend_rmi/vendor/laravel/framework/src/Illuminate/Routing/Router.php(789): Illuminate\\Routing\\Router::toResponse(Object(Illuminate\\Http\\Request), Object(Illuminate\\View\\View))
#33 /Users/aldyhelix/Projects/www/backend_rmi/vendor/laravel/framework/src/Illuminate/Routing/Router.php(720): Illuminate\\Routing\\Router->prepareResponse(Object(Illuminate\\Http\\Request), Object(Illuminate\\View\\View))
#34 /Users/aldyhelix/Projects/www/backend_rmi/vendor/laravel/framework/src/Illuminate/Pipeline/Pipeline.php(128): Illuminate\\Routing\\Router->Illuminate\\Routing\\{closure}(Object(Illuminate\\Http\\Request))
#35 /Users/aldyhelix/Projects/www/backend_rmi/app/Http/Middleware/DashboardSetup.php(22): Illuminate\\Pipeline\\Pipeline->Illuminate\\Pipeline\\{closure}(Object(Illuminate\\Http\\Request))
#36 /Users/aldyhelix/Projects/www/backend_rmi/vendor/laravel/framework/src/Illuminate/Pipeline/Pipeline.php(167): App\\Http\\Middleware\\DashboardSetup->handle(Object(Illuminate\\Http\\Request), Object(Closure))
#37 /Users/aldyhelix/Projects/www/backend_rmi/app/Http/Middleware/CheckIfBillingInfoRequired.php(24): Illuminate\\Pipeline\\Pipeline->Illuminate\\Pipeline\\{closure}(Object(Illuminate\\Http\\Request))
#38 /Users/aldyhelix/Projects/www/backend_rmi/vendor/laravel/framework/src/Illuminate/Pipeline/Pipeline.php(167): App\\Http\\Middleware\\CheckIfBillingInfoRequired->handle(Object(Illuminate\\Http\\Request), Object(Closure))
#39 /Users/aldyhelix/Projects/www/backend_rmi/app/Http/Middleware/VerifyUserIsSubscribed.php(25): Illuminate\\Pipeline\\Pipeline->Illuminate\\Pipeline\\{closure}(Object(Illuminate\\Http\\Request))
#40 /Users/aldyhelix/Projects/www/backend_rmi/vendor/laravel/framework/src/Illuminate/Pipeline/Pipeline.php(167): App\\Http\\Middleware\\VerifyUserIsSubscribed->handle(Object(Illuminate\\Http\\Request), Object(Closure))
#41 /Users/aldyhelix/Projects/www/backend_rmi/app/Http/Middleware/CookieConsentMiddleware.php(21): Illuminate\\Pipeline\\Pipeline->Illuminate\\Pipeline\\{closure}(Object(Illuminate\\Http\\Request))
#42 /Users/aldyhelix/Projects/www/backend_rmi/vendor/laravel/framework/src/Illuminate/Pipeline/Pipeline.php(167): App\\Http\\Middleware\\CookieConsentMiddleware->handle(Object(Illuminate\\Http\\Request), Object(Closure))
#43 /Users/aldyhelix/Projects/www/backend_rmi/app/Http/Middleware/Language.php(64): Illuminate\\Pipeline\\Pipeline->Illuminate\\Pipeline\\{closure}(Object(Illuminate\\Http\\Request))
#44 /Users/aldyhelix/Projects/www/backend_rmi/vendor/laravel/framework/src/Illuminate/Pipeline/Pipeline.php(167): App\\Http\\Middleware\\Language->handle(Object(Illuminate\\Http\\Request), Object(Closure))
#45 /Users/aldyhelix/Projects/www/backend_rmi/app/Http/Middleware/InitSettings.php(8): Illuminate\\Pipeline\\Pipeline->Illuminate\\Pipeline\\{closure}(Object(Illuminate\\Http\\Request))
#46 /Users/aldyhelix/Projects/www/backend_rmi/vendor/laravel/framework/src/Illuminate/Pipeline/Pipeline.php(167): App\\Http\\Middleware\\InitSettings->handle(Object(Illuminate\\Http\\Request), Object(Closure))
#47 /Users/aldyhelix/Projects/www/backend_rmi/vendor/laravel/framework/src/Illuminate/Routing/Middleware/SubstituteBindings.php(50): Illuminate\\Pipeline\\Pipeline->Illuminate\\Pipeline\\{closure}(Object(Illuminate\\Http\\Request))
#48 /Users/aldyhelix/Projects/www/backend_rmi/vendor/laravel/framework/src/Illuminate/Pipeline/Pipeline.php(167): Illuminate\\Routing\\Middleware\\SubstituteBindings->handle(Object(Illuminate\\Http\\Request), Object(Closure))
#49 /Users/aldyhelix/Projects/www/backend_rmi/vendor/laravel/framework/src/Illuminate/Auth/Middleware/Authenticate.php(44): Illuminate\\Pipeline\\Pipeline->Illuminate\\Pipeline\\{closure}(Object(Illuminate\\Http\\Request))
#50 /Users/aldyhelix/Projects/www/backend_rmi/vendor/laravel/framework/src/Illuminate/Pipeline/Pipeline.php(167): Illuminate\\Auth\\Middleware\\Authenticate->handle(Object(Illuminate\\Http\\Request), Object(Closure))
#51 /Users/aldyhelix/Projects/www/backend_rmi/vendor/laravel/framework/src/Illuminate/Foundation/Http/Middleware/VerifyCsrfToken.php(78): Illuminate\\Pipeline\\Pipeline->Illuminate\\Pipeline\\{closure}(Object(Illuminate\\Http\\Request))
#52 /Users/aldyhelix/Projects/www/backend_rmi/vendor/laravel/framework/src/Illuminate/Pipeline/Pipeline.php(167): Illuminate\\Foundation\\Http\\Middleware\\VerifyCsrfToken->handle(Object(Illuminate\\Http\\Request), Object(Closure))
#53 /Users/aldyhelix/Projects/www/backend_rmi/vendor/laravel/framework/src/Illuminate/View/Middleware/ShareErrorsFromSession.php(49): Illuminate\\Pipeline\\Pipeline->Illuminate\\Pipeline\\{closure}(Object(Illuminate\\Http\\Request))
#54 /Users/aldyhelix/Projects/www/backend_rmi/vendor/laravel/framework/src/Illuminate/Pipeline/Pipeline.php(167): Illuminate\\View\\Middleware\\ShareErrorsFromSession->handle(Object(Illuminate\\Http\\Request), Object(Closure))
#55 /Users/aldyhelix/Projects/www/backend_rmi/vendor/laravel/framework/src/Illuminate/Session/Middleware/StartSession.php(121): Illuminate\\Pipeline\\Pipeline->Illuminate\\Pipeline\\{closure}(Object(Illuminate\\Http\\Request))
#56 /Users/aldyhelix/Projects/www/backend_rmi/vendor/laravel/framework/src/Illuminate/Session/Middleware/StartSession.php(64): Illuminate\\Session\\Middleware\\StartSession->handleStatefulRequest(Object(Illuminate\\Http\\Request), Object(Illuminate\\Session\\EncryptedStore), Object(Closure))
#57 /Users/aldyhelix/Projects/www/backend_rmi/vendor/laravel/framework/src/Illuminate/Pipeline/Pipeline.php(167): Illuminate\\Session\\Middleware\\StartSession->handle(Object(Illuminate\\Http\\Request), Object(Closure))
#58 /Users/aldyhelix/Projects/www/backend_rmi/vendor/laravel/framework/src/Illuminate/Cookie/Middleware/AddQueuedCookiesToResponse.php(37): Illuminate\\Pipeline\\Pipeline->Illuminate\\Pipeline\\{closure}(Object(Illuminate\\Http\\Request))
#59 /Users/aldyhelix/Projects/www/backend_rmi/vendor/laravel/framework/src/Illuminate/Pipeline/Pipeline.php(167): Illuminate\\Cookie\\Middleware\\AddQueuedCookiesToResponse->handle(Object(Illuminate\\Http\\Request), Object(Closure))
#60 /Users/aldyhelix/Projects/www/backend_rmi/vendor/laravel/framework/src/Illuminate/Cookie/Middleware/EncryptCookies.php(67): Illuminate\\Pipeline\\Pipeline->Illuminate\\Pipeline\\{closure}(Object(Illuminate\\Http\\Request))
#61 /Users/aldyhelix/Projects/www/backend_rmi/vendor/laravel/framework/src/Illuminate/Pipeline/Pipeline.php(167): Illuminate\\Cookie\\Middleware\\EncryptCookies->handle(Object(Illuminate\\Http\\Request), Object(Closure))
#62 /Users/aldyhelix/Projects/www/backend_rmi/vendor/laravel/framework/src/Illuminate/Pipeline/Pipeline.php(103): Illuminate\\Pipeline\\Pipeline->Illuminate\\Pipeline\\{closure}(Object(Illuminate\\Http\\Request))
#63 /Users/aldyhelix/Projects/www/backend_rmi/vendor/laravel/framework/src/Illuminate/Routing/Router.php(719): Illuminate\\Pipeline\\Pipeline->then(Object(Closure))
#64 /Users/aldyhelix/Projects/www/backend_rmi/vendor/laravel/framework/src/Illuminate/Routing/Router.php(698): Illuminate\\Routing\\Router->runRouteWithinStack(Object(Illuminate\\Routing\\Route), Object(Illuminate\\Http\\Request))
#65 /Users/aldyhelix/Projects/www/backend_rmi/vendor/laravel/framework/src/Illuminate/Routing/Router.php(662): Illuminate\\Routing\\Router->runRoute(Object(Illuminate\\Http\\Request), Object(Illuminate\\Routing\\Route))
#66 /Users/aldyhelix/Projects/www/backend_rmi/vendor/laravel/framework/src/Illuminate/Routing/Router.php(651): Illuminate\\Routing\\Router->dispatchToRoute(Object(Illuminate\\Http\\Request))
#67 /Users/aldyhelix/Projects/www/backend_rmi/vendor/laravel/framework/src/Illuminate/Foundation/Http/Kernel.php(167): Illuminate\\Routing\\Router->dispatch(Object(Illuminate\\Http\\Request))
#68 /Users/aldyhelix/Projects/www/backend_rmi/vendor/laravel/framework/src/Illuminate/Pipeline/Pipeline.php(128): Illuminate\\Foundation\\Http\\Kernel->Illuminate\\Foundation\\Http\\{closure}(Object(Illuminate\\Http\\Request))
#69 /Users/aldyhelix/Projects/www/backend_rmi/vendor/livewire/livewire/src/DisableBrowserCache.php(19): Illuminate\\Pipeline\\Pipeline->Illuminate\\Pipeline\\{closure}(Object(Illuminate\\Http\\Request))
#70 /Users/aldyhelix/Projects/www/backend_rmi/vendor/laravel/framework/src/Illuminate/Pipeline/Pipeline.php(167): Livewire\\DisableBrowserCache->handle(Object(Illuminate\\Http\\Request), Object(Closure))
#71 /Users/aldyhelix/Projects/www/backend_rmi/vendor/barryvdh/laravel-debugbar/src/Middleware/InjectDebugbar.php(66): Illuminate\\Pipeline\\Pipeline->Illuminate\\Pipeline\\{closure}(Object(Illuminate\\Http\\Request))
#72 /Users/aldyhelix/Projects/www/backend_rmi/vendor/laravel/framework/src/Illuminate/Pipeline/Pipeline.php(167): Barryvdh\\Debugbar\\Middleware\\InjectDebugbar->handle(Object(Illuminate\\Http\\Request), Object(Closure))
#73 /Users/aldyhelix/Projects/www/backend_rmi/app/Http/Middleware/CheckForInstallation.php(19): Illuminate\\Pipeline\\Pipeline->Illuminate\\Pipeline\\{closure}(Object(Illuminate\\Http\\Request))
#74 /Users/aldyhelix/Projects/www/backend_rmi/vendor/laravel/framework/src/Illuminate/Pipeline/Pipeline.php(167): App\\Http\\Middleware\\CheckForInstallation->handle(Object(Illuminate\\Http\\Request), Object(Closure))
#75 /Users/aldyhelix/Projects/www/backend_rmi/vendor/laravel/framework/src/Illuminate/Foundation/Http/Middleware/TransformsRequest.php(21): Illuminate\\Pipeline\\Pipeline->Illuminate\\Pipeline\\{closure}(Object(Illuminate\\Http\\Request))
#76 /Users/aldyhelix/Projects/www/backend_rmi/vendor/laravel/framework/src/Illuminate/Foundation/Http/Middleware/ConvertEmptyStringsToNull.php(31): Illuminate\\Foundation\\Http\\Middleware\\TransformsRequest->handle(Object(Illuminate\\Http\\Request), Object(Closure))
#77 /Users/aldyhelix/Projects/www/backend_rmi/vendor/laravel/framework/src/Illuminate/Pipeline/Pipeline.php(167): Illuminate\\Foundation\\Http\\Middleware\\ConvertEmptyStringsToNull->handle(Object(Illuminate\\Http\\Request), Object(Closure))
#78 /Users/aldyhelix/Projects/www/backend_rmi/vendor/laravel/framework/src/Illuminate/Foundation/Http/Middleware/TransformsRequest.php(21): Illuminate\\Pipeline\\Pipeline->Illuminate\\Pipeline\\{closure}(Object(Illuminate\\Http\\Request))
#79 /Users/aldyhelix/Projects/www/backend_rmi/vendor/laravel/framework/src/Illuminate/Foundation/Http/Middleware/TrimStrings.php(40): Illuminate\\Foundation\\Http\\Middleware\\TransformsRequest->handle(Object(Illuminate\\Http\\Request), Object(Closure))
#80 /Users/aldyhelix/Projects/www/backend_rmi/vendor/laravel/framework/src/Illuminate/Pipeline/Pipeline.php(167): Illuminate\\Foundation\\Http\\Middleware\\TrimStrings->handle(Object(Illuminate\\Http\\Request), Object(Closure))
#81 /Users/aldyhelix/Projects/www/backend_rmi/vendor/laravel/framework/src/Illuminate/Foundation/Http/Middleware/ValidatePostSize.php(27): Illuminate\\Pipeline\\Pipeline->Illuminate\\Pipeline\\{closure}(Object(Illuminate\\Http\\Request))
#82 /Users/aldyhelix/Projects/www/backend_rmi/vendor/laravel/framework/src/Illuminate/Pipeline/Pipeline.php(167): Illuminate\\Foundation\\Http\\Middleware\\ValidatePostSize->handle(Object(Illuminate\\Http\\Request), Object(Closure))
#83 /Users/aldyhelix/Projects/www/backend_rmi/vendor/laravel/framework/src/Illuminate/Foundation/Http/Middleware/PreventRequestsDuringMaintenance.php(86): Illuminate\\Pipeline\\Pipeline->Illuminate\\Pipeline\\{closure}(Object(Illuminate\\Http\\Request))
#84 /Users/aldyhelix/Projects/www/backend_rmi/vendor/laravel/framework/src/Illuminate/Pipeline/Pipeline.php(167): Illuminate\\Foundation\\Http\\Middleware\\PreventRequestsDuringMaintenance->handle(Object(Illuminate\\Http\\Request), Object(Closure))
#85 /Users/aldyhelix/Projects/www/backend_rmi/vendor/fruitcake/laravel-cors/src/HandleCors.php(38): Illuminate\\Pipeline\\Pipeline->Illuminate\\Pipeline\\{closure}(Object(Illuminate\\Http\\Request))
#86 /Users/aldyhelix/Projects/www/backend_rmi/vendor/laravel/framework/src/Illuminate/Pipeline/Pipeline.php(167): Fruitcake\\Cors\\HandleCors->handle(Object(Illuminate\\Http\\Request), Object(Closure))
#87 /Users/aldyhelix/Projects/www/backend_rmi/vendor/laravel/framework/src/Illuminate/Http/Middleware/TrustProxies.php(39): Illuminate\\Pipeline\\Pipeline->Illuminate\\Pipeline\\{closure}(Object(Illuminate\\Http\\Request))
#88 /Users/aldyhelix/Projects/www/backend_rmi/vendor/laravel/framework/src/Illuminate/Pipeline/Pipeline.php(167): Illuminate\\Http\\Middleware\\TrustProxies->handle(Object(Illuminate\\Http\\Request), Object(Closure))
#89 /Users/aldyhelix/Projects/www/backend_rmi/vendor/laravel/framework/src/Illuminate/Pipeline/Pipeline.php(103): Illuminate\\Pipeline\\Pipeline->Illuminate\\Pipeline\\{closure}(Object(Illuminate\\Http\\Request))
#90 /Users/aldyhelix/Projects/www/backend_rmi/vendor/laravel/framework/src/Illuminate/Foundation/Http/Kernel.php(142): Illuminate\\Pipeline\\Pipeline->then(Object(Closure))
#91 /Users/aldyhelix/Projects/www/backend_rmi/vendor/laravel/framework/src/Illuminate/Foundation/Http/Kernel.php(111): Illuminate\\Foundation\\Http\\Kernel->sendRequestThroughRouter(Object(Illuminate\\Http\\Request))
#92 /Users/aldyhelix/Projects/www/backend_rmi/public/index.php(58): Illuminate\\Foundation\\Http\\Kernel->handle(Object(Illuminate\\Http\\Request))
#93 /Applications/Herd.app/Contents/Resources/valet/server.php(153): require('/Users/aldyheli...')
#94 {main}
"} 
[2024-06-23 04:26:52] production.ERROR: SQLSTATE[23000]: Integrity constraint violation: 1052 Column 'created_at' in field list is ambiguous (SQL: select DATE(created_at) AS order_date, COUNT(*) AS count from `orders` as `o` inner join `order_items` as `oi` on `o`.`id` = `oi`.`order_id` inner join `inventories` as `i` on `oi`.`inventory_id` = `i`.`id` inner join `products` as `p` on `i`.`product_id` = `p`.`id` inner join `customers` as `cust` on `o`.`customer_id` = `cust`.`id` where `customer_id` is not null and `o`.`created_at` between 2024-06-17 and 2024-06-23 and `o`.`order_status_id` <> 8 group by `order_date`) (View: /Users/aldyhelix/Projects/www/backend_rmi/resources/views/admin/dashboard/platform.blade.php) {"view":{"view":"/Users/aldyhelix/Projects/www/backend_rmi/vendor/laravel/framework/src/Illuminate/Database/Connection.php","data":[]},"userId":1,"exception":"[object] (Facade\\Ignition\\Exceptions\\ViewException(code: 0): SQLSTATE[23000]: Integrity constraint violation: 1052 Column 'created_at' in field list is ambiguous (SQL: select DATE(created_at) AS order_date, COUNT(*) AS count from `orders` as `o` inner join `order_items` as `oi` on `o`.`id` = `oi`.`order_id` inner join `inventories` as `i` on `oi`.`inventory_id` = `i`.`id` inner join `products` as `p` on `i`.`product_id` = `p`.`id` inner join `customers` as `cust` on `o`.`customer_id` = `cust`.`id` where `customer_id` is not null and `o`.`created_at` between 2024-06-17 and 2024-06-23 and `o`.`order_status_id` <> 8 group by `order_date`) (View: /Users/aldyhelix/Projects/www/backend_rmi/resources/views/admin/dashboard/platform.blade.php) at /Users/aldyhelix/Projects/www/backend_rmi/vendor/laravel/framework/src/Illuminate/Database/Connection.php:712)
[stacktrace]
#0 /Users/aldyhelix/Projects/www/backend_rmi/vendor/laravel/framework/src/Illuminate/Database/Connection.php(672): Illuminate\\Database\\Connection->runQueryCallback('select DATE(cre...', Array, Object(Closure))
#1 /Users/aldyhelix/Projects/www/backend_rmi/vendor/laravel/framework/src/Illuminate/Database/Connection.php(359): Illuminate\\Database\\Connection->run('select DATE(cre...', Array, Object(Closure))
#2 /Users/aldyhelix/Projects/www/backend_rmi/vendor/laravel/framework/src/Illuminate/Database/Query/Builder.php(2413): Illuminate\\Database\\Connection->select('select DATE(cre...', Array, true)
#3 /Users/aldyhelix/Projects/www/backend_rmi/vendor/laravel/framework/src/Illuminate/Database/Query/Builder.php(2402): Illuminate\\Database\\Query\\Builder->runSelect()
#4 /Users/aldyhelix/Projects/www/backend_rmi/vendor/laravel/framework/src/Illuminate/Database/Query/Builder.php(2936): Illuminate\\Database\\Query\\Builder->Illuminate\\Database\\Query\\{closure}()
#5 /Users/aldyhelix/Projects/www/backend_rmi/vendor/laravel/framework/src/Illuminate/Database/Query/Builder.php(2401): Illuminate\\Database\\Query\\Builder->onceWithColumns(Array, Object(Closure))
#6 /Users/aldyhelix/Projects/www/backend_rmi/app/Http/Livewire/Dashboard.php(645): Illuminate\\Database\\Query\\Builder->get()
#7 /Users/aldyhelix/Projects/www/backend_rmi/app/Http/Livewire/Dashboard.php(268): App\\Http\\Livewire\\Dashboard->updatedChart1DataD1()
#8 /Users/aldyhelix/Projects/www/backend_rmi/app/Http/Livewire/Dashboard.php(127): App\\Http\\Livewire\\Dashboard->updateChartSection()
#9 /Users/aldyhelix/Projects/www/backend_rmi/vendor/laravel/framework/src/Illuminate/Container/BoundMethod.php(36): App\\Http\\Livewire\\Dashboard->mount(9, 0, 7, 0, 16, 0, 0, 0, 0, 0, 0, 0, 0, 0)
#10 /Users/aldyhelix/Projects/www/backend_rmi/vendor/laravel/framework/src/Illuminate/Container/Util.php(40): Illuminate\\Container\\BoundMethod::Illuminate\\Container\\{closure}()
#11 /Users/aldyhelix/Projects/www/backend_rmi/vendor/laravel/framework/src/Illuminate/Container/BoundMethod.php(93): Illuminate\\Container\\Util::unwrapIfClosure(Object(Closure))
#12 /Users/aldyhelix/Projects/www/backend_rmi/vendor/laravel/framework/src/Illuminate/Container/BoundMethod.php(35): Illuminate\\Container\\BoundMethod::callBoundMethod(Object(Illuminate\\Foundation\\Application), Array, Object(Closure))
#13 /Users/aldyhelix/Projects/www/backend_rmi/vendor/livewire/livewire/src/LifecycleManager.php(114): Illuminate\\Container\\BoundMethod::call(Object(Illuminate\\Foundation\\Application), Array, Array)
#14 /Users/aldyhelix/Projects/www/backend_rmi/vendor/livewire/livewire/src/LivewireManager.php(130): Livewire\\LifecycleManager->mount(Array)
#15 /Users/aldyhelix/Projects/www/backend_rmi/vendor/laravel/framework/src/Illuminate/Support/Facades/Facade.php(261): Livewire\\LivewireManager->mount('dashboard', Array)
#16 /Users/aldyhelix/Projects/www/backend_rmi/resources/views/admin/dashboard/platform.blade.php(13): Illuminate\\Support\\Facades\\Facade::__callStatic('mount', Array)
#17 /Users/aldyhelix/Projects/www/backend_rmi/vendor/laravel/framework/src/Illuminate/Filesystem/Filesystem.php(107): require('/Users/aldyheli...')
#18 /Users/aldyhelix/Projects/www/backend_rmi/vendor/laravel/framework/src/Illuminate/Filesystem/Filesystem.php(108): Illuminate\\Filesystem\\Filesystem::Illuminate\\Filesystem\\{closure}()
#19 /Users/aldyhelix/Projects/www/backend_rmi/vendor/laravel/framework/src/Illuminate/View/Engines/PhpEngine.php(58): Illuminate\\Filesystem\\Filesystem->getRequire('/Users/aldyheli...', Array)
#20 /Users/aldyhelix/Projects/www/backend_rmi/vendor/livewire/livewire/src/ComponentConcerns/RendersLivewireComponents.php(69): Illuminate\\View\\Engines\\PhpEngine->evaluatePath('/Users/aldyheli...', Array)
#21 /Users/aldyhelix/Projects/www/backend_rmi/vendor/laravel/framework/src/Illuminate/View/Engines/CompilerEngine.php(61): Livewire\\CompilerEngineForIgnition->evaluatePath('/Users/aldyheli...', Array)
#22 /Users/aldyhelix/Projects/www/backend_rmi/vendor/facade/ignition/src/Views/Engines/CompilerEngine.php(37): Illuminate\\View\\Engines\\CompilerEngine->get('/Users/aldyheli...', Array)
#23 /Users/aldyhelix/Projects/www/backend_rmi/vendor/livewire/livewire/src/ComponentConcerns/RendersLivewireComponents.php(35): Facade\\Ignition\\Views\\Engines\\CompilerEngine->get('/Users/aldyheli...', Array)
#24 /Users/aldyhelix/Projects/www/backend_rmi/vendor/laravel/framework/src/Illuminate/View/View.php(139): Livewire\\CompilerEngineForIgnition->get('/Users/aldyheli...', Array)
#25 /Users/aldyhelix/Projects/www/backend_rmi/vendor/laravel/framework/src/Illuminate/View/View.php(122): Illuminate\\View\\View->getContents()
#26 /Users/aldyhelix/Projects/www/backend_rmi/vendor/laravel/framework/src/Illuminate/View/View.php(91): Illuminate\\View\\View->renderContents()
#27 /Users/aldyhelix/Projects/www/backend_rmi/vendor/laravel/framework/src/Illuminate/Http/Response.php(69): Illuminate\\View\\View->render()
#28 /Users/aldyhelix/Projects/www/backend_rmi/vendor/laravel/framework/src/Illuminate/Http/Response.php(35): Illuminate\\Http\\Response->setContent(Object(Illuminate\\View\\View))
#29 /Users/aldyhelix/Projects/www/backend_rmi/vendor/laravel/framework/src/Illuminate/Routing/Router.php(820): Illuminate\\Http\\Response->__construct(Object(Illuminate\\View\\View), 200, Array)
#30 /Users/aldyhelix/Projects/www/backend_rmi/vendor/laravel/framework/src/Illuminate/Routing/Router.php(789): Illuminate\\Routing\\Router::toResponse(Object(Illuminate\\Http\\Request), Object(Illuminate\\View\\View))
#31 /Users/aldyhelix/Projects/www/backend_rmi/vendor/laravel/framework/src/Illuminate/Routing/Router.php(720): Illuminate\\Routing\\Router->prepareResponse(Object(Illuminate\\Http\\Request), Object(Illuminate\\View\\View))
#32 /Users/aldyhelix/Projects/www/backend_rmi/vendor/laravel/framework/src/Illuminate/Pipeline/Pipeline.php(128): Illuminate\\Routing\\Router->Illuminate\\Routing\\{closure}(Object(Illuminate\\Http\\Request))
#33 /Users/aldyhelix/Projects/www/backend_rmi/app/Http/Middleware/DashboardSetup.php(22): Illuminate\\Pipeline\\Pipeline->Illuminate\\Pipeline\\{closure}(Object(Illuminate\\Http\\Request))
#34 /Users/aldyhelix/Projects/www/backend_rmi/vendor/laravel/framework/src/Illuminate/Pipeline/Pipeline.php(167): App\\Http\\Middleware\\DashboardSetup->handle(Object(Illuminate\\Http\\Request), Object(Closure))
#35 /Users/aldyhelix/Projects/www/backend_rmi/app/Http/Middleware/CheckIfBillingInfoRequired.php(24): Illuminate\\Pipeline\\Pipeline->Illuminate\\Pipeline\\{closure}(Object(Illuminate\\Http\\Request))
#36 /Users/aldyhelix/Projects/www/backend_rmi/vendor/laravel/framework/src/Illuminate/Pipeline/Pipeline.php(167): App\\Http\\Middleware\\CheckIfBillingInfoRequired->handle(Object(Illuminate\\Http\\Request), Object(Closure))
#37 /Users/aldyhelix/Projects/www/backend_rmi/app/Http/Middleware/VerifyUserIsSubscribed.php(25): Illuminate\\Pipeline\\Pipeline->Illuminate\\Pipeline\\{closure}(Object(Illuminate\\Http\\Request))
#38 /Users/aldyhelix/Projects/www/backend_rmi/vendor/laravel/framework/src/Illuminate/Pipeline/Pipeline.php(167): App\\Http\\Middleware\\VerifyUserIsSubscribed->handle(Object(Illuminate\\Http\\Request), Object(Closure))
#39 /Users/aldyhelix/Projects/www/backend_rmi/app/Http/Middleware/CookieConsentMiddleware.php(21): Illuminate\\Pipeline\\Pipeline->Illuminate\\Pipeline\\{closure}(Object(Illuminate\\Http\\Request))
#40 /Users/aldyhelix/Projects/www/backend_rmi/vendor/laravel/framework/src/Illuminate/Pipeline/Pipeline.php(167): App\\Http\\Middleware\\CookieConsentMiddleware->handle(Object(Illuminate\\Http\\Request), Object(Closure))
#41 /Users/aldyhelix/Projects/www/backend_rmi/app/Http/Middleware/Language.php(64): Illuminate\\Pipeline\\Pipeline->Illuminate\\Pipeline\\{closure}(Object(Illuminate\\Http\\Request))
#42 /Users/aldyhelix/Projects/www/backend_rmi/vendor/laravel/framework/src/Illuminate/Pipeline/Pipeline.php(167): App\\Http\\Middleware\\Language->handle(Object(Illuminate\\Http\\Request), Object(Closure))
#43 /Users/aldyhelix/Projects/www/backend_rmi/app/Http/Middleware/InitSettings.php(8): Illuminate\\Pipeline\\Pipeline->Illuminate\\Pipeline\\{closure}(Object(Illuminate\\Http\\Request))
#44 /Users/aldyhelix/Projects/www/backend_rmi/vendor/laravel/framework/src/Illuminate/Pipeline/Pipeline.php(167): App\\Http\\Middleware\\InitSettings->handle(Object(Illuminate\\Http\\Request), Object(Closure))
#45 /Users/aldyhelix/Projects/www/backend_rmi/vendor/laravel/framework/src/Illuminate/Routing/Middleware/SubstituteBindings.php(50): Illuminate\\Pipeline\\Pipeline->Illuminate\\Pipeline\\{closure}(Object(Illuminate\\Http\\Request))
#46 /Users/aldyhelix/Projects/www/backend_rmi/vendor/laravel/framework/src/Illuminate/Pipeline/Pipeline.php(167): Illuminate\\Routing\\Middleware\\SubstituteBindings->handle(Object(Illuminate\\Http\\Request), Object(Closure))
#47 /Users/aldyhelix/Projects/www/backend_rmi/vendor/laravel/framework/src/Illuminate/Auth/Middleware/Authenticate.php(44): Illuminate\\Pipeline\\Pipeline->Illuminate\\Pipeline\\{closure}(Object(Illuminate\\Http\\Request))
#48 /Users/aldyhelix/Projects/www/backend_rmi/vendor/laravel/framework/src/Illuminate/Pipeline/Pipeline.php(167): Illuminate\\Auth\\Middleware\\Authenticate->handle(Object(Illuminate\\Http\\Request), Object(Closure))
#49 /Users/aldyhelix/Projects/www/backend_rmi/vendor/laravel/framework/src/Illuminate/Foundation/Http/Middleware/VerifyCsrfToken.php(78): Illuminate\\Pipeline\\Pipeline->Illuminate\\Pipeline\\{closure}(Object(Illuminate\\Http\\Request))
#50 /Users/aldyhelix/Projects/www/backend_rmi/vendor/laravel/framework/src/Illuminate/Pipeline/Pipeline.php(167): Illuminate\\Foundation\\Http\\Middleware\\VerifyCsrfToken->handle(Object(Illuminate\\Http\\Request), Object(Closure))
#51 /Users/aldyhelix/Projects/www/backend_rmi/vendor/laravel/framework/src/Illuminate/View/Middleware/ShareErrorsFromSession.php(49): Illuminate\\Pipeline\\Pipeline->Illuminate\\Pipeline\\{closure}(Object(Illuminate\\Http\\Request))
#52 /Users/aldyhelix/Projects/www/backend_rmi/vendor/laravel/framework/src/Illuminate/Pipeline/Pipeline.php(167): Illuminate\\View\\Middleware\\ShareErrorsFromSession->handle(Object(Illuminate\\Http\\Request), Object(Closure))
#53 /Users/aldyhelix/Projects/www/backend_rmi/vendor/laravel/framework/src/Illuminate/Session/Middleware/StartSession.php(121): Illuminate\\Pipeline\\Pipeline->Illuminate\\Pipeline\\{closure}(Object(Illuminate\\Http\\Request))
#54 /Users/aldyhelix/Projects/www/backend_rmi/vendor/laravel/framework/src/Illuminate/Session/Middleware/StartSession.php(64): Illuminate\\Session\\Middleware\\StartSession->handleStatefulRequest(Object(Illuminate\\Http\\Request), Object(Illuminate\\Session\\EncryptedStore), Object(Closure))
#55 /Users/aldyhelix/Projects/www/backend_rmi/vendor/laravel/framework/src/Illuminate/Pipeline/Pipeline.php(167): Illuminate\\Session\\Middleware\\StartSession->handle(Object(Illuminate\\Http\\Request), Object(Closure))
#56 /Users/aldyhelix/Projects/www/backend_rmi/vendor/laravel/framework/src/Illuminate/Cookie/Middleware/AddQueuedCookiesToResponse.php(37): Illuminate\\Pipeline\\Pipeline->Illuminate\\Pipeline\\{closure}(Object(Illuminate\\Http\\Request))
#57 /Users/aldyhelix/Projects/www/backend_rmi/vendor/laravel/framework/src/Illuminate/Pipeline/Pipeline.php(167): Illuminate\\Cookie\\Middleware\\AddQueuedCookiesToResponse->handle(Object(Illuminate\\Http\\Request), Object(Closure))
#58 /Users/aldyhelix/Projects/www/backend_rmi/vendor/laravel/framework/src/Illuminate/Cookie/Middleware/EncryptCookies.php(67): Illuminate\\Pipeline\\Pipeline->Illuminate\\Pipeline\\{closure}(Object(Illuminate\\Http\\Request))
#59 /Users/aldyhelix/Projects/www/backend_rmi/vendor/laravel/framework/src/Illuminate/Pipeline/Pipeline.php(167): Illuminate\\Cookie\\Middleware\\EncryptCookies->handle(Object(Illuminate\\Http\\Request), Object(Closure))
#60 /Users/aldyhelix/Projects/www/backend_rmi/vendor/laravel/framework/src/Illuminate/Pipeline/Pipeline.php(103): Illuminate\\Pipeline\\Pipeline->Illuminate\\Pipeline\\{closure}(Object(Illuminate\\Http\\Request))
#61 /Users/aldyhelix/Projects/www/backend_rmi/vendor/laravel/framework/src/Illuminate/Routing/Router.php(719): Illuminate\\Pipeline\\Pipeline->then(Object(Closure))
#62 /Users/aldyhelix/Projects/www/backend_rmi/vendor/laravel/framework/src/Illuminate/Routing/Router.php(698): Illuminate\\Routing\\Router->runRouteWithinStack(Object(Illuminate\\Routing\\Route), Object(Illuminate\\Http\\Request))
#63 /Users/aldyhelix/Projects/www/backend_rmi/vendor/laravel/framework/src/Illuminate/Routing/Router.php(662): Illuminate\\Routing\\Router->runRoute(Object(Illuminate\\Http\\Request), Object(Illuminate\\Routing\\Route))
#64 /Users/aldyhelix/Projects/www/backend_rmi/vendor/laravel/framework/src/Illuminate/Routing/Router.php(651): Illuminate\\Routing\\Router->dispatchToRoute(Object(Illuminate\\Http\\Request))
#65 /Users/aldyhelix/Projects/www/backend_rmi/vendor/laravel/framework/src/Illuminate/Foundation/Http/Kernel.php(167): Illuminate\\Routing\\Router->dispatch(Object(Illuminate\\Http\\Request))
#66 /Users/aldyhelix/Projects/www/backend_rmi/vendor/laravel/framework/src/Illuminate/Pipeline/Pipeline.php(128): Illuminate\\Foundation\\Http\\Kernel->Illuminate\\Foundation\\Http\\{closure}(Object(Illuminate\\Http\\Request))
#67 /Users/aldyhelix/Projects/www/backend_rmi/vendor/livewire/livewire/src/DisableBrowserCache.php(19): Illuminate\\Pipeline\\Pipeline->Illuminate\\Pipeline\\{closure}(Object(Illuminate\\Http\\Request))
#68 /Users/aldyhelix/Projects/www/backend_rmi/vendor/laravel/framework/src/Illuminate/Pipeline/Pipeline.php(167): Livewire\\DisableBrowserCache->handle(Object(Illuminate\\Http\\Request), Object(Closure))
#69 /Users/aldyhelix/Projects/www/backend_rmi/vendor/barryvdh/laravel-debugbar/src/Middleware/InjectDebugbar.php(66): Illuminate\\Pipeline\\Pipeline->Illuminate\\Pipeline\\{closure}(Object(Illuminate\\Http\\Request))
#70 /Users/aldyhelix/Projects/www/backend_rmi/vendor/laravel/framework/src/Illuminate/Pipeline/Pipeline.php(167): Barryvdh\\Debugbar\\Middleware\\InjectDebugbar->handle(Object(Illuminate\\Http\\Request), Object(Closure))
#71 /Users/aldyhelix/Projects/www/backend_rmi/app/Http/Middleware/CheckForInstallation.php(19): Illuminate\\Pipeline\\Pipeline->Illuminate\\Pipeline\\{closure}(Object(Illuminate\\Http\\Request))
#72 /Users/aldyhelix/Projects/www/backend_rmi/vendor/laravel/framework/src/Illuminate/Pipeline/Pipeline.php(167): App\\Http\\Middleware\\CheckForInstallation->handle(Object(Illuminate\\Http\\Request), Object(Closure))
#73 /Users/aldyhelix/Projects/www/backend_rmi/vendor/laravel/framework/src/Illuminate/Foundation/Http/Middleware/TransformsRequest.php(21): Illuminate\\Pipeline\\Pipeline->Illuminate\\Pipeline\\{closure}(Object(Illuminate\\Http\\Request))
#74 /Users/aldyhelix/Projects/www/backend_rmi/vendor/laravel/framework/src/Illuminate/Foundation/Http/Middleware/ConvertEmptyStringsToNull.php(31): Illuminate\\Foundation\\Http\\Middleware\\TransformsRequest->handle(Object(Illuminate\\Http\\Request), Object(Closure))
#75 /Users/aldyhelix/Projects/www/backend_rmi/vendor/laravel/framework/src/Illuminate/Pipeline/Pipeline.php(167): Illuminate\\Foundation\\Http\\Middleware\\ConvertEmptyStringsToNull->handle(Object(Illuminate\\Http\\Request), Object(Closure))
#76 /Users/aldyhelix/Projects/www/backend_rmi/vendor/laravel/framework/src/Illuminate/Foundation/Http/Middleware/TransformsRequest.php(21): Illuminate\\Pipeline\\Pipeline->Illuminate\\Pipeline\\{closure}(Object(Illuminate\\Http\\Request))
#77 /Users/aldyhelix/Projects/www/backend_rmi/vendor/laravel/framework/src/Illuminate/Foundation/Http/Middleware/TrimStrings.php(40): Illuminate\\Foundation\\Http\\Middleware\\TransformsRequest->handle(Object(Illuminate\\Http\\Request), Object(Closure))
#78 /Users/aldyhelix/Projects/www/backend_rmi/vendor/laravel/framework/src/Illuminate/Pipeline/Pipeline.php(167): Illuminate\\Foundation\\Http\\Middleware\\TrimStrings->handle(Object(Illuminate\\Http\\Request), Object(Closure))
#79 /Users/aldyhelix/Projects/www/backend_rmi/vendor/laravel/framework/src/Illuminate/Foundation/Http/Middleware/ValidatePostSize.php(27): Illuminate\\Pipeline\\Pipeline->Illuminate\\Pipeline\\{closure}(Object(Illuminate\\Http\\Request))
#80 /Users/aldyhelix/Projects/www/backend_rmi/vendor/laravel/framework/src/Illuminate/Pipeline/Pipeline.php(167): Illuminate\\Foundation\\Http\\Middleware\\ValidatePostSize->handle(Object(Illuminate\\Http\\Request), Object(Closure))
#81 /Users/aldyhelix/Projects/www/backend_rmi/vendor/laravel/framework/src/Illuminate/Foundation/Http/Middleware/PreventRequestsDuringMaintenance.php(86): Illuminate\\Pipeline\\Pipeline->Illuminate\\Pipeline\\{closure}(Object(Illuminate\\Http\\Request))
#82 /Users/aldyhelix/Projects/www/backend_rmi/vendor/laravel/framework/src/Illuminate/Pipeline/Pipeline.php(167): Illuminate\\Foundation\\Http\\Middleware\\PreventRequestsDuringMaintenance->handle(Object(Illuminate\\Http\\Request), Object(Closure))
#83 /Users/aldyhelix/Projects/www/backend_rmi/vendor/fruitcake/laravel-cors/src/HandleCors.php(38): Illuminate\\Pipeline\\Pipeline->Illuminate\\Pipeline\\{closure}(Object(Illuminate\\Http\\Request))
#84 /Users/aldyhelix/Projects/www/backend_rmi/vendor/laravel/framework/src/Illuminate/Pipeline/Pipeline.php(167): Fruitcake\\Cors\\HandleCors->handle(Object(Illuminate\\Http\\Request), Object(Closure))
#85 /Users/aldyhelix/Projects/www/backend_rmi/vendor/laravel/framework/src/Illuminate/Http/Middleware/TrustProxies.php(39): Illuminate\\Pipeline\\Pipeline->Illuminate\\Pipeline\\{closure}(Object(Illuminate\\Http\\Request))
#86 /Users/aldyhelix/Projects/www/backend_rmi/vendor/laravel/framework/src/Illuminate/Pipeline/Pipeline.php(167): Illuminate\\Http\\Middleware\\TrustProxies->handle(Object(Illuminate\\Http\\Request), Object(Closure))
#87 /Users/aldyhelix/Projects/www/backend_rmi/vendor/laravel/framework/src/Illuminate/Pipeline/Pipeline.php(103): Illuminate\\Pipeline\\Pipeline->Illuminate\\Pipeline\\{closure}(Object(Illuminate\\Http\\Request))
#88 /Users/aldyhelix/Projects/www/backend_rmi/vendor/laravel/framework/src/Illuminate/Foundation/Http/Kernel.php(142): Illuminate\\Pipeline\\Pipeline->then(Object(Closure))
#89 /Users/aldyhelix/Projects/www/backend_rmi/vendor/laravel/framework/src/Illuminate/Foundation/Http/Kernel.php(111): Illuminate\\Foundation\\Http\\Kernel->sendRequestThroughRouter(Object(Illuminate\\Http\\Request))
#90 /Users/aldyhelix/Projects/www/backend_rmi/public/index.php(58): Illuminate\\Foundation\\Http\\Kernel->handle(Object(Illuminate\\Http\\Request))
#91 /Applications/Herd.app/Contents/Resources/valet/server.php(153): require('/Users/aldyheli...')
#92 {main}

[previous exception] [object] (Illuminate\\Database\\QueryException(code: 23000): SQLSTATE[23000]: Integrity constraint violation: 1052 Column 'created_at' in field list is ambiguous (SQL: select DATE(created_at) AS order_date, COUNT(*) AS count from `orders` as `o` inner join `order_items` as `oi` on `o`.`id` = `oi`.`order_id` inner join `inventories` as `i` on `oi`.`inventory_id` = `i`.`id` inner join `products` as `p` on `i`.`product_id` = `p`.`id` inner join `customers` as `cust` on `o`.`customer_id` = `cust`.`id` where `customer_id` is not null and `o`.`created_at` between 2024-06-17 and 2024-06-23 and `o`.`order_status_id` <> 8 group by `order_date`) at /Users/aldyhelix/Projects/www/backend_rmi/vendor/laravel/framework/src/Illuminate/Database/Connection.php:712)
[stacktrace]
#0 /Users/aldyhelix/Projects/www/backend_rmi/vendor/laravel/framework/src/Illuminate/Database/Connection.php(672): Illuminate\\Database\\Connection->runQueryCallback('select DATE(cre...', Array, Object(Closure))
#1 /Users/aldyhelix/Projects/www/backend_rmi/vendor/laravel/framework/src/Illuminate/Database/Connection.php(359): Illuminate\\Database\\Connection->run('select DATE(cre...', Array, Object(Closure))
#2 /Users/aldyhelix/Projects/www/backend_rmi/vendor/laravel/framework/src/Illuminate/Database/Query/Builder.php(2413): Illuminate\\Database\\Connection->select('select DATE(cre...', Array, true)
#3 /Users/aldyhelix/Projects/www/backend_rmi/vendor/laravel/framework/src/Illuminate/Database/Query/Builder.php(2402): Illuminate\\Database\\Query\\Builder->runSelect()
#4 /Users/aldyhelix/Projects/www/backend_rmi/vendor/laravel/framework/src/Illuminate/Database/Query/Builder.php(2936): Illuminate\\Database\\Query\\Builder->Illuminate\\Database\\Query\\{closure}()
#5 /Users/aldyhelix/Projects/www/backend_rmi/vendor/laravel/framework/src/Illuminate/Database/Query/Builder.php(2401): Illuminate\\Database\\Query\\Builder->onceWithColumns(Array, Object(Closure))
#6 /Users/aldyhelix/Projects/www/backend_rmi/app/Http/Livewire/Dashboard.php(645): Illuminate\\Database\\Query\\Builder->get()
#7 /Users/aldyhelix/Projects/www/backend_rmi/app/Http/Livewire/Dashboard.php(268): App\\Http\\Livewire\\Dashboard->updatedChart1DataD1()
#8 /Users/aldyhelix/Projects/www/backend_rmi/app/Http/Livewire/Dashboard.php(127): App\\Http\\Livewire\\Dashboard->updateChartSection()
#9 /Users/aldyhelix/Projects/www/backend_rmi/vendor/laravel/framework/src/Illuminate/Container/BoundMethod.php(36): App\\Http\\Livewire\\Dashboard->mount(9, 0, 7, 0, 16, 0, 0, 0, 0, 0, 0, 0, 0, 0)
#10 /Users/aldyhelix/Projects/www/backend_rmi/vendor/laravel/framework/src/Illuminate/Container/Util.php(40): Illuminate\\Container\\BoundMethod::Illuminate\\Container\\{closure}()
#11 /Users/aldyhelix/Projects/www/backend_rmi/vendor/laravel/framework/src/Illuminate/Container/BoundMethod.php(93): Illuminate\\Container\\Util::unwrapIfClosure(Object(Closure))
#12 /Users/aldyhelix/Projects/www/backend_rmi/vendor/laravel/framework/src/Illuminate/Container/BoundMethod.php(35): Illuminate\\Container\\BoundMethod::callBoundMethod(Object(Illuminate\\Foundation\\Application), Array, Object(Closure))
#13 /Users/aldyhelix/Projects/www/backend_rmi/vendor/livewire/livewire/src/LifecycleManager.php(114): Illuminate\\Container\\BoundMethod::call(Object(Illuminate\\Foundation\\Application), Array, Array)
#14 /Users/aldyhelix/Projects/www/backend_rmi/vendor/livewire/livewire/src/LivewireManager.php(130): Livewire\\LifecycleManager->mount(Array)
#15 /Users/aldyhelix/Projects/www/backend_rmi/vendor/laravel/framework/src/Illuminate/Support/Facades/Facade.php(261): Livewire\\LivewireManager->mount('dashboard', Array)
#16 /Users/aldyhelix/Projects/www/backend_rmi/storage/framework/views/7614a377bf597da1c7ed67416eae576b7feee755.php(13): Illuminate\\Support\\Facades\\Facade::__callStatic('mount', Array)
#17 /Users/aldyhelix/Projects/www/backend_rmi/vendor/laravel/framework/src/Illuminate/Filesystem/Filesystem.php(107): require('/Users/aldyheli...')
#18 /Users/aldyhelix/Projects/www/backend_rmi/vendor/laravel/framework/src/Illuminate/Filesystem/Filesystem.php(108): Illuminate\\Filesystem\\Filesystem::Illuminate\\Filesystem\\{closure}()
#19 /Users/aldyhelix/Projects/www/backend_rmi/vendor/laravel/framework/src/Illuminate/View/Engines/PhpEngine.php(58): Illuminate\\Filesystem\\Filesystem->getRequire('/Users/aldyheli...', Array)
#20 /Users/aldyhelix/Projects/www/backend_rmi/vendor/livewire/livewire/src/ComponentConcerns/RendersLivewireComponents.php(69): Illuminate\\View\\Engines\\PhpEngine->evaluatePath('/Users/aldyheli...', Array)
#21 /Users/aldyhelix/Projects/www/backend_rmi/vendor/laravel/framework/src/Illuminate/View/Engines/CompilerEngine.php(61): Livewire\\CompilerEngineForIgnition->evaluatePath('/Users/aldyheli...', Array)
#22 /Users/aldyhelix/Projects/www/backend_rmi/vendor/facade/ignition/src/Views/Engines/CompilerEngine.php(37): Illuminate\\View\\Engines\\CompilerEngine->get('/Users/aldyheli...', Array)
#23 /Users/aldyhelix/Projects/www/backend_rmi/vendor/livewire/livewire/src/ComponentConcerns/RendersLivewireComponents.php(35): Facade\\Ignition\\Views\\Engines\\CompilerEngine->get('/Users/aldyheli...', Array)
#24 /Users/aldyhelix/Projects/www/backend_rmi/vendor/laravel/framework/src/Illuminate/View/View.php(139): Livewire\\CompilerEngineForIgnition->get('/Users/aldyheli...', Array)
#25 /Users/aldyhelix/Projects/www/backend_rmi/vendor/laravel/framework/src/Illuminate/View/View.php(122): Illuminate\\View\\View->getContents()
#26 /Users/aldyhelix/Projects/www/backend_rmi/vendor/laravel/framework/src/Illuminate/View/View.php(91): Illuminate\\View\\View->renderContents()
#27 /Users/aldyhelix/Projects/www/backend_rmi/vendor/laravel/framework/src/Illuminate/Http/Response.php(69): Illuminate\\View\\View->render()
#28 /Users/aldyhelix/Projects/www/backend_rmi/vendor/laravel/framework/src/Illuminate/Http/Response.php(35): Illuminate\\Http\\Response->setContent(Object(Illuminate\\View\\View))
#29 /Users/aldyhelix/Projects/www/backend_rmi/vendor/laravel/framework/src/Illuminate/Routing/Router.php(820): Illuminate\\Http\\Response->__construct(Object(Illuminate\\View\\View), 200, Array)
#30 /Users/aldyhelix/Projects/www/backend_rmi/vendor/laravel/framework/src/Illuminate/Routing/Router.php(789): Illuminate\\Routing\\Router::toResponse(Object(Illuminate\\Http\\Request), Object(Illuminate\\View\\View))
#31 /Users/aldyhelix/Projects/www/backend_rmi/vendor/laravel/framework/src/Illuminate/Routing/Router.php(720): Illuminate\\Routing\\Router->prepareResponse(Object(Illuminate\\Http\\Request), Object(Illuminate\\View\\View))
#32 /Users/aldyhelix/Projects/www/backend_rmi/vendor/laravel/framework/src/Illuminate/Pipeline/Pipeline.php(128): Illuminate\\Routing\\Router->Illuminate\\Routing\\{closure}(Object(Illuminate\\Http\\Request))
#33 /Users/aldyhelix/Projects/www/backend_rmi/app/Http/Middleware/DashboardSetup.php(22): Illuminate\\Pipeline\\Pipeline->Illuminate\\Pipeline\\{closure}(Object(Illuminate\\Http\\Request))
#34 /Users/aldyhelix/Projects/www/backend_rmi/vendor/laravel/framework/src/Illuminate/Pipeline/Pipeline.php(167): App\\Http\\Middleware\\DashboardSetup->handle(Object(Illuminate\\Http\\Request), Object(Closure))
#35 /Users/aldyhelix/Projects/www/backend_rmi/app/Http/Middleware/CheckIfBillingInfoRequired.php(24): Illuminate\\Pipeline\\Pipeline->Illuminate\\Pipeline\\{closure}(Object(Illuminate\\Http\\Request))
#36 /Users/aldyhelix/Projects/www/backend_rmi/vendor/laravel/framework/src/Illuminate/Pipeline/Pipeline.php(167): App\\Http\\Middleware\\CheckIfBillingInfoRequired->handle(Object(Illuminate\\Http\\Request), Object(Closure))
#37 /Users/aldyhelix/Projects/www/backend_rmi/app/Http/Middleware/VerifyUserIsSubscribed.php(25): Illuminate\\Pipeline\\Pipeline->Illuminate\\Pipeline\\{closure}(Object(Illuminate\\Http\\Request))
#38 /Users/aldyhelix/Projects/www/backend_rmi/vendor/laravel/framework/src/Illuminate/Pipeline/Pipeline.php(167): App\\Http\\Middleware\\VerifyUserIsSubscribed->handle(Object(Illuminate\\Http\\Request), Object(Closure))
#39 /Users/aldyhelix/Projects/www/backend_rmi/app/Http/Middleware/CookieConsentMiddleware.php(21): Illuminate\\Pipeline\\Pipeline->Illuminate\\Pipeline\\{closure}(Object(Illuminate\\Http\\Request))
#40 /Users/aldyhelix/Projects/www/backend_rmi/vendor/laravel/framework/src/Illuminate/Pipeline/Pipeline.php(167): App\\Http\\Middleware\\CookieConsentMiddleware->handle(Object(Illuminate\\Http\\Request), Object(Closure))
#41 /Users/aldyhelix/Projects/www/backend_rmi/app/Http/Middleware/Language.php(64): Illuminate\\Pipeline\\Pipeline->Illuminate\\Pipeline\\{closure}(Object(Illuminate\\Http\\Request))
#42 /Users/aldyhelix/Projects/www/backend_rmi/vendor/laravel/framework/src/Illuminate/Pipeline/Pipeline.php(167): App\\Http\\Middleware\\Language->handle(Object(Illuminate\\Http\\Request), Object(Closure))
#43 /Users/aldyhelix/Projects/www/backend_rmi/app/Http/Middleware/InitSettings.php(8): Illuminate\\Pipeline\\Pipeline->Illuminate\\Pipeline\\{closure}(Object(Illuminate\\Http\\Request))
#44 /Users/aldyhelix/Projects/www/backend_rmi/vendor/laravel/framework/src/Illuminate/Pipeline/Pipeline.php(167): App\\Http\\Middleware\\InitSettings->handle(Object(Illuminate\\Http\\Request), Object(Closure))
#45 /Users/aldyhelix/Projects/www/backend_rmi/vendor/laravel/framework/src/Illuminate/Routing/Middleware/SubstituteBindings.php(50): Illuminate\\Pipeline\\Pipeline->Illuminate\\Pipeline\\{closure}(Object(Illuminate\\Http\\Request))
#46 /Users/aldyhelix/Projects/www/backend_rmi/vendor/laravel/framework/src/Illuminate/Pipeline/Pipeline.php(167): Illuminate\\Routing\\Middleware\\SubstituteBindings->handle(Object(Illuminate\\Http\\Request), Object(Closure))
#47 /Users/aldyhelix/Projects/www/backend_rmi/vendor/laravel/framework/src/Illuminate/Auth/Middleware/Authenticate.php(44): Illuminate\\Pipeline\\Pipeline->Illuminate\\Pipeline\\{closure}(Object(Illuminate\\Http\\Request))
#48 /Users/aldyhelix/Projects/www/backend_rmi/vendor/laravel/framework/src/Illuminate/Pipeline/Pipeline.php(167): Illuminate\\Auth\\Middleware\\Authenticate->handle(Object(Illuminate\\Http\\Request), Object(Closure))
#49 /Users/aldyhelix/Projects/www/backend_rmi/vendor/laravel/framework/src/Illuminate/Foundation/Http/Middleware/VerifyCsrfToken.php(78): Illuminate\\Pipeline\\Pipeline->Illuminate\\Pipeline\\{closure}(Object(Illuminate\\Http\\Request))
#50 /Users/aldyhelix/Projects/www/backend_rmi/vendor/laravel/framework/src/Illuminate/Pipeline/Pipeline.php(167): Illuminate\\Foundation\\Http\\Middleware\\VerifyCsrfToken->handle(Object(Illuminate\\Http\\Request), Object(Closure))
#51 /Users/aldyhelix/Projects/www/backend_rmi/vendor/laravel/framework/src/Illuminate/View/Middleware/ShareErrorsFromSession.php(49): Illuminate\\Pipeline\\Pipeline->Illuminate\\Pipeline\\{closure}(Object(Illuminate\\Http\\Request))
#52 /Users/aldyhelix/Projects/www/backend_rmi/vendor/laravel/framework/src/Illuminate/Pipeline/Pipeline.php(167): Illuminate\\View\\Middleware\\ShareErrorsFromSession->handle(Object(Illuminate\\Http\\Request), Object(Closure))
#53 /Users/aldyhelix/Projects/www/backend_rmi/vendor/laravel/framework/src/Illuminate/Session/Middleware/StartSession.php(121): Illuminate\\Pipeline\\Pipeline->Illuminate\\Pipeline\\{closure}(Object(Illuminate\\Http\\Request))
#54 /Users/aldyhelix/Projects/www/backend_rmi/vendor/laravel/framework/src/Illuminate/Session/Middleware/StartSession.php(64): Illuminate\\Session\\Middleware\\StartSession->handleStatefulRequest(Object(Illuminate\\Http\\Request), Object(Illuminate\\Session\\EncryptedStore), Object(Closure))
#55 /Users/aldyhelix/Projects/www/backend_rmi/vendor/laravel/framework/src/Illuminate/Pipeline/Pipeline.php(167): Illuminate\\Session\\Middleware\\StartSession->handle(Object(Illuminate\\Http\\Request), Object(Closure))
#56 /Users/aldyhelix/Projects/www/backend_rmi/vendor/laravel/framework/src/Illuminate/Cookie/Middleware/AddQueuedCookiesToResponse.php(37): Illuminate\\Pipeline\\Pipeline->Illuminate\\Pipeline\\{closure}(Object(Illuminate\\Http\\Request))
#57 /Users/aldyhelix/Projects/www/backend_rmi/vendor/laravel/framework/src/Illuminate/Pipeline/Pipeline.php(167): Illuminate\\Cookie\\Middleware\\AddQueuedCookiesToResponse->handle(Object(Illuminate\\Http\\Request), Object(Closure))
#58 /Users/aldyhelix/Projects/www/backend_rmi/vendor/laravel/framework/src/Illuminate/Cookie/Middleware/EncryptCookies.php(67): Illuminate\\Pipeline\\Pipeline->Illuminate\\Pipeline\\{closure}(Object(Illuminate\\Http\\Request))
#59 /Users/aldyhelix/Projects/www/backend_rmi/vendor/laravel/framework/src/Illuminate/Pipeline/Pipeline.php(167): Illuminate\\Cookie\\Middleware\\EncryptCookies->handle(Object(Illuminate\\Http\\Request), Object(Closure))
#60 /Users/aldyhelix/Projects/www/backend_rmi/vendor/laravel/framework/src/Illuminate/Pipeline/Pipeline.php(103): Illuminate\\Pipeline\\Pipeline->Illuminate\\Pipeline\\{closure}(Object(Illuminate\\Http\\Request))
#61 /Users/aldyhelix/Projects/www/backend_rmi/vendor/laravel/framework/src/Illuminate/Routing/Router.php(719): Illuminate\\Pipeline\\Pipeline->then(Object(Closure))
#62 /Users/aldyhelix/Projects/www/backend_rmi/vendor/laravel/framework/src/Illuminate/Routing/Router.php(698): Illuminate\\Routing\\Router->runRouteWithinStack(Object(Illuminate\\Routing\\Route), Object(Illuminate\\Http\\Request))
#63 /Users/aldyhelix/Projects/www/backend_rmi/vendor/laravel/framework/src/Illuminate/Routing/Router.php(662): Illuminate\\Routing\\Router->runRoute(Object(Illuminate\\Http\\Request), Object(Illuminate\\Routing\\Route))
#64 /Users/aldyhelix/Projects/www/backend_rmi/vendor/laravel/framework/src/Illuminate/Routing/Router.php(651): Illuminate\\Routing\\Router->dispatchToRoute(Object(Illuminate\\Http\\Request))
#65 /Users/aldyhelix/Projects/www/backend_rmi/vendor/laravel/framework/src/Illuminate/Foundation/Http/Kernel.php(167): Illuminate\\Routing\\Router->dispatch(Object(Illuminate\\Http\\Request))
#66 /Users/aldyhelix/Projects/www/backend_rmi/vendor/laravel/framework/src/Illuminate/Pipeline/Pipeline.php(128): Illuminate\\Foundation\\Http\\Kernel->Illuminate\\Foundation\\Http\\{closure}(Object(Illuminate\\Http\\Request))
#67 /Users/aldyhelix/Projects/www/backend_rmi/vendor/livewire/livewire/src/DisableBrowserCache.php(19): Illuminate\\Pipeline\\Pipeline->Illuminate\\Pipeline\\{closure}(Object(Illuminate\\Http\\Request))
#68 /Users/aldyhelix/Projects/www/backend_rmi/vendor/laravel/framework/src/Illuminate/Pipeline/Pipeline.php(167): Livewire\\DisableBrowserCache->handle(Object(Illuminate\\Http\\Request), Object(Closure))
#69 /Users/aldyhelix/Projects/www/backend_rmi/vendor/barryvdh/laravel-debugbar/src/Middleware/InjectDebugbar.php(66): Illuminate\\Pipeline\\Pipeline->Illuminate\\Pipeline\\{closure}(Object(Illuminate\\Http\\Request))
#70 /Users/aldyhelix/Projects/www/backend_rmi/vendor/laravel/framework/src/Illuminate/Pipeline/Pipeline.php(167): Barryvdh\\Debugbar\\Middleware\\InjectDebugbar->handle(Object(Illuminate\\Http\\Request), Object(Closure))
#71 /Users/aldyhelix/Projects/www/backend_rmi/app/Http/Middleware/CheckForInstallation.php(19): Illuminate\\Pipeline\\Pipeline->Illuminate\\Pipeline\\{closure}(Object(Illuminate\\Http\\Request))
#72 /Users/aldyhelix/Projects/www/backend_rmi/vendor/laravel/framework/src/Illuminate/Pipeline/Pipeline.php(167): App\\Http\\Middleware\\CheckForInstallation->handle(Object(Illuminate\\Http\\Request), Object(Closure))
#73 /Users/aldyhelix/Projects/www/backend_rmi/vendor/laravel/framework/src/Illuminate/Foundation/Http/Middleware/TransformsRequest.php(21): Illuminate\\Pipeline\\Pipeline->Illuminate\\Pipeline\\{closure}(Object(Illuminate\\Http\\Request))
#74 /Users/aldyhelix/Projects/www/backend_rmi/vendor/laravel/framework/src/Illuminate/Foundation/Http/Middleware/ConvertEmptyStringsToNull.php(31): Illuminate\\Foundation\\Http\\Middleware\\TransformsRequest->handle(Object(Illuminate\\Http\\Request), Object(Closure))
#75 /Users/aldyhelix/Projects/www/backend_rmi/vendor/laravel/framework/src/Illuminate/Pipeline/Pipeline.php(167): Illuminate\\Foundation\\Http\\Middleware\\ConvertEmptyStringsToNull->handle(Object(Illuminate\\Http\\Request), Object(Closure))
#76 /Users/aldyhelix/Projects/www/backend_rmi/vendor/laravel/framework/src/Illuminate/Foundation/Http/Middleware/TransformsRequest.php(21): Illuminate\\Pipeline\\Pipeline->Illuminate\\Pipeline\\{closure}(Object(Illuminate\\Http\\Request))
#77 /Users/aldyhelix/Projects/www/backend_rmi/vendor/laravel/framework/src/Illuminate/Foundation/Http/Middleware/TrimStrings.php(40): Illuminate\\Foundation\\Http\\Middleware\\TransformsRequest->handle(Object(Illuminate\\Http\\Request), Object(Closure))
#78 /Users/aldyhelix/Projects/www/backend_rmi/vendor/laravel/framework/src/Illuminate/Pipeline/Pipeline.php(167): Illuminate\\Foundation\\Http\\Middleware\\TrimStrings->handle(Object(Illuminate\\Http\\Request), Object(Closure))
#79 /Users/aldyhelix/Projects/www/backend_rmi/vendor/laravel/framework/src/Illuminate/Foundation/Http/Middleware/ValidatePostSize.php(27): Illuminate\\Pipeline\\Pipeline->Illuminate\\Pipeline\\{closure}(Object(Illuminate\\Http\\Request))
#80 /Users/aldyhelix/Projects/www/backend_rmi/vendor/laravel/framework/src/Illuminate/Pipeline/Pipeline.php(167): Illuminate\\Foundation\\Http\\Middleware\\ValidatePostSize->handle(Object(Illuminate\\Http\\Request), Object(Closure))
#81 /Users/aldyhelix/Projects/www/backend_rmi/vendor/laravel/framework/src/Illuminate/Foundation/Http/Middleware/PreventRequestsDuringMaintenance.php(86): Illuminate\\Pipeline\\Pipeline->Illuminate\\Pipeline\\{closure}(Object(Illuminate\\Http\\Request))
#82 /Users/aldyhelix/Projects/www/backend_rmi/vendor/laravel/framework/src/Illuminate/Pipeline/Pipeline.php(167): Illuminate\\Foundation\\Http\\Middleware\\PreventRequestsDuringMaintenance->handle(Object(Illuminate\\Http\\Request), Object(Closure))
#83 /Users/aldyhelix/Projects/www/backend_rmi/vendor/fruitcake/laravel-cors/src/HandleCors.php(38): Illuminate\\Pipeline\\Pipeline->Illuminate\\Pipeline\\{closure}(Object(Illuminate\\Http\\Request))
#84 /Users/aldyhelix/Projects/www/backend_rmi/vendor/laravel/framework/src/Illuminate/Pipeline/Pipeline.php(167): Fruitcake\\Cors\\HandleCors->handle(Object(Illuminate\\Http\\Request), Object(Closure))
#85 /Users/aldyhelix/Projects/www/backend_rmi/vendor/laravel/framework/src/Illuminate/Http/Middleware/TrustProxies.php(39): Illuminate\\Pipeline\\Pipeline->Illuminate\\Pipeline\\{closure}(Object(Illuminate\\Http\\Request))
#86 /Users/aldyhelix/Projects/www/backend_rmi/vendor/laravel/framework/src/Illuminate/Pipeline/Pipeline.php(167): Illuminate\\Http\\Middleware\\TrustProxies->handle(Object(Illuminate\\Http\\Request), Object(Closure))
#87 /Users/aldyhelix/Projects/www/backend_rmi/vendor/laravel/framework/src/Illuminate/Pipeline/Pipeline.php(103): Illuminate\\Pipeline\\Pipeline->Illuminate\\Pipeline\\{closure}(Object(Illuminate\\Http\\Request))
#88 /Users/aldyhelix/Projects/www/backend_rmi/vendor/laravel/framework/src/Illuminate/Foundation/Http/Kernel.php(142): Illuminate\\Pipeline\\Pipeline->then(Object(Closure))
#89 /Users/aldyhelix/Projects/www/backend_rmi/vendor/laravel/framework/src/Illuminate/Foundation/Http/Kernel.php(111): Illuminate\\Foundation\\Http\\Kernel->sendRequestThroughRouter(Object(Illuminate\\Http\\Request))
#90 /Users/aldyhelix/Projects/www/backend_rmi/public/index.php(58): Illuminate\\Foundation\\Http\\Kernel->handle(Object(Illuminate\\Http\\Request))
#91 /Applications/Herd.app/Contents/Resources/valet/server.php(153): require('/Users/aldyheli...')
#92 {main}

[previous exception] [object] (PDOException(code: 23000): SQLSTATE[23000]: Integrity constraint violation: 1052 Column 'created_at' in field list is ambiguous at /Users/aldyhelix/Projects/www/backend_rmi/vendor/laravel/framework/src/Illuminate/Database/Connection.php:368)
[stacktrace]
#0 /Users/aldyhelix/Projects/www/backend_rmi/vendor/laravel/framework/src/Illuminate/Database/Connection.php(368): PDO->prepare('select DATE(cre...')
#1 /Users/aldyhelix/Projects/www/backend_rmi/vendor/laravel/framework/src/Illuminate/Database/Connection.php(705): Illuminate\\Database\\Connection->Illuminate\\Database\\{closure}('select DATE(cre...', Array)
#2 /Users/aldyhelix/Projects/www/backend_rmi/vendor/laravel/framework/src/Illuminate/Database/Connection.php(672): Illuminate\\Database\\Connection->runQueryCallback('select DATE(cre...', Array, Object(Closure))
#3 /Users/aldyhelix/Projects/www/backend_rmi/vendor/laravel/framework/src/Illuminate/Database/Connection.php(359): Illuminate\\Database\\Connection->run('select DATE(cre...', Array, Object(Closure))
#4 /Users/aldyhelix/Projects/www/backend_rmi/vendor/laravel/framework/src/Illuminate/Database/Query/Builder.php(2413): Illuminate\\Database\\Connection->select('select DATE(cre...', Array, true)
#5 /Users/aldyhelix/Projects/www/backend_rmi/vendor/laravel/framework/src/Illuminate/Database/Query/Builder.php(2402): Illuminate\\Database\\Query\\Builder->runSelect()
#6 /Users/aldyhelix/Projects/www/backend_rmi/vendor/laravel/framework/src/Illuminate/Database/Query/Builder.php(2936): Illuminate\\Database\\Query\\Builder->Illuminate\\Database\\Query\\{closure}()
#7 /Users/aldyhelix/Projects/www/backend_rmi/vendor/laravel/framework/src/Illuminate/Database/Query/Builder.php(2401): Illuminate\\Database\\Query\\Builder->onceWithColumns(Array, Object(Closure))
#8 /Users/aldyhelix/Projects/www/backend_rmi/app/Http/Livewire/Dashboard.php(645): Illuminate\\Database\\Query\\Builder->get()
#9 /Users/aldyhelix/Projects/www/backend_rmi/app/Http/Livewire/Dashboard.php(268): App\\Http\\Livewire\\Dashboard->updatedChart1DataD1()
#10 /Users/aldyhelix/Projects/www/backend_rmi/app/Http/Livewire/Dashboard.php(127): App\\Http\\Livewire\\Dashboard->updateChartSection()
#11 /Users/aldyhelix/Projects/www/backend_rmi/vendor/laravel/framework/src/Illuminate/Container/BoundMethod.php(36): App\\Http\\Livewire\\Dashboard->mount(9, 0, 7, 0, 16, 0, 0, 0, 0, 0, 0, 0, 0, 0)
#12 /Users/aldyhelix/Projects/www/backend_rmi/vendor/laravel/framework/src/Illuminate/Container/Util.php(40): Illuminate\\Container\\BoundMethod::Illuminate\\Container\\{closure}()
#13 /Users/aldyhelix/Projects/www/backend_rmi/vendor/laravel/framework/src/Illuminate/Container/BoundMethod.php(93): Illuminate\\Container\\Util::unwrapIfClosure(Object(Closure))
#14 /Users/aldyhelix/Projects/www/backend_rmi/vendor/laravel/framework/src/Illuminate/Container/BoundMethod.php(35): Illuminate\\Container\\BoundMethod::callBoundMethod(Object(Illuminate\\Foundation\\Application), Array, Object(Closure))
#15 /Users/aldyhelix/Projects/www/backend_rmi/vendor/livewire/livewire/src/LifecycleManager.php(114): Illuminate\\Container\\BoundMethod::call(Object(Illuminate\\Foundation\\Application), Array, Array)
#16 /Users/aldyhelix/Projects/www/backend_rmi/vendor/livewire/livewire/src/LivewireManager.php(130): Livewire\\LifecycleManager->mount(Array)
#17 /Users/aldyhelix/Projects/www/backend_rmi/vendor/laravel/framework/src/Illuminate/Support/Facades/Facade.php(261): Livewire\\LivewireManager->mount('dashboard', Array)
#18 /Users/aldyhelix/Projects/www/backend_rmi/storage/framework/views/7614a377bf597da1c7ed67416eae576b7feee755.php(13): Illuminate\\Support\\Facades\\Facade::__callStatic('mount', Array)
#19 /Users/aldyhelix/Projects/www/backend_rmi/vendor/laravel/framework/src/Illuminate/Filesystem/Filesystem.php(107): require('/Users/aldyheli...')
#20 /Users/aldyhelix/Projects/www/backend_rmi/vendor/laravel/framework/src/Illuminate/Filesystem/Filesystem.php(108): Illuminate\\Filesystem\\Filesystem::Illuminate\\Filesystem\\{closure}()
#21 /Users/aldyhelix/Projects/www/backend_rmi/vendor/laravel/framework/src/Illuminate/View/Engines/PhpEngine.php(58): Illuminate\\Filesystem\\Filesystem->getRequire('/Users/aldyheli...', Array)
#22 /Users/aldyhelix/Projects/www/backend_rmi/vendor/livewire/livewire/src/ComponentConcerns/RendersLivewireComponents.php(69): Illuminate\\View\\Engines\\PhpEngine->evaluatePath('/Users/aldyheli...', Array)
#23 /Users/aldyhelix/Projects/www/backend_rmi/vendor/laravel/framework/src/Illuminate/View/Engines/CompilerEngine.php(61): Livewire\\CompilerEngineForIgnition->evaluatePath('/Users/aldyheli...', Array)
#24 /Users/aldyhelix/Projects/www/backend_rmi/vendor/facade/ignition/src/Views/Engines/CompilerEngine.php(37): Illuminate\\View\\Engines\\CompilerEngine->get('/Users/aldyheli...', Array)
#25 /Users/aldyhelix/Projects/www/backend_rmi/vendor/livewire/livewire/src/ComponentConcerns/RendersLivewireComponents.php(35): Facade\\Ignition\\Views\\Engines\\CompilerEngine->get('/Users/aldyheli...', Array)
#26 /Users/aldyhelix/Projects/www/backend_rmi/vendor/laravel/framework/src/Illuminate/View/View.php(139): Livewire\\CompilerEngineForIgnition->get('/Users/aldyheli...', Array)
#27 /Users/aldyhelix/Projects/www/backend_rmi/vendor/laravel/framework/src/Illuminate/View/View.php(122): Illuminate\\View\\View->getContents()
#28 /Users/aldyhelix/Projects/www/backend_rmi/vendor/laravel/framework/src/Illuminate/View/View.php(91): Illuminate\\View\\View->renderContents()
#29 /Users/aldyhelix/Projects/www/backend_rmi/vendor/laravel/framework/src/Illuminate/Http/Response.php(69): Illuminate\\View\\View->render()
#30 /Users/aldyhelix/Projects/www/backend_rmi/vendor/laravel/framework/src/Illuminate/Http/Response.php(35): Illuminate\\Http\\Response->setContent(Object(Illuminate\\View\\View))
#31 /Users/aldyhelix/Projects/www/backend_rmi/vendor/laravel/framework/src/Illuminate/Routing/Router.php(820): Illuminate\\Http\\Response->__construct(Object(Illuminate\\View\\View), 200, Array)
#32 /Users/aldyhelix/Projects/www/backend_rmi/vendor/laravel/framework/src/Illuminate/Routing/Router.php(789): Illuminate\\Routing\\Router::toResponse(Object(Illuminate\\Http\\Request), Object(Illuminate\\View\\View))
#33 /Users/aldyhelix/Projects/www/backend_rmi/vendor/laravel/framework/src/Illuminate/Routing/Router.php(720): Illuminate\\Routing\\Router->prepareResponse(Object(Illuminate\\Http\\Request), Object(Illuminate\\View\\View))
#34 /Users/aldyhelix/Projects/www/backend_rmi/vendor/laravel/framework/src/Illuminate/Pipeline/Pipeline.php(128): Illuminate\\Routing\\Router->Illuminate\\Routing\\{closure}(Object(Illuminate\\Http\\Request))
#35 /Users/aldyhelix/Projects/www/backend_rmi/app/Http/Middleware/DashboardSetup.php(22): Illuminate\\Pipeline\\Pipeline->Illuminate\\Pipeline\\{closure}(Object(Illuminate\\Http\\Request))
#36 /Users/aldyhelix/Projects/www/backend_rmi/vendor/laravel/framework/src/Illuminate/Pipeline/Pipeline.php(167): App\\Http\\Middleware\\DashboardSetup->handle(Object(Illuminate\\Http\\Request), Object(Closure))
#37 /Users/aldyhelix/Projects/www/backend_rmi/app/Http/Middleware/CheckIfBillingInfoRequired.php(24): Illuminate\\Pipeline\\Pipeline->Illuminate\\Pipeline\\{closure}(Object(Illuminate\\Http\\Request))
#38 /Users/aldyhelix/Projects/www/backend_rmi/vendor/laravel/framework/src/Illuminate/Pipeline/Pipeline.php(167): App\\Http\\Middleware\\CheckIfBillingInfoRequired->handle(Object(Illuminate\\Http\\Request), Object(Closure))
#39 /Users/aldyhelix/Projects/www/backend_rmi/app/Http/Middleware/VerifyUserIsSubscribed.php(25): Illuminate\\Pipeline\\Pipeline->Illuminate\\Pipeline\\{closure}(Object(Illuminate\\Http\\Request))
#40 /Users/aldyhelix/Projects/www/backend_rmi/vendor/laravel/framework/src/Illuminate/Pipeline/Pipeline.php(167): App\\Http\\Middleware\\VerifyUserIsSubscribed->handle(Object(Illuminate\\Http\\Request), Object(Closure))
#41 /Users/aldyhelix/Projects/www/backend_rmi/app/Http/Middleware/CookieConsentMiddleware.php(21): Illuminate\\Pipeline\\Pipeline->Illuminate\\Pipeline\\{closure}(Object(Illuminate\\Http\\Request))
#42 /Users/aldyhelix/Projects/www/backend_rmi/vendor/laravel/framework/src/Illuminate/Pipeline/Pipeline.php(167): App\\Http\\Middleware\\CookieConsentMiddleware->handle(Object(Illuminate\\Http\\Request), Object(Closure))
#43 /Users/aldyhelix/Projects/www/backend_rmi/app/Http/Middleware/Language.php(64): Illuminate\\Pipeline\\Pipeline->Illuminate\\Pipeline\\{closure}(Object(Illuminate\\Http\\Request))
#44 /Users/aldyhelix/Projects/www/backend_rmi/vendor/laravel/framework/src/Illuminate/Pipeline/Pipeline.php(167): App\\Http\\Middleware\\Language->handle(Object(Illuminate\\Http\\Request), Object(Closure))
#45 /Users/aldyhelix/Projects/www/backend_rmi/app/Http/Middleware/InitSettings.php(8): Illuminate\\Pipeline\\Pipeline->Illuminate\\Pipeline\\{closure}(Object(Illuminate\\Http\\Request))
#46 /Users/aldyhelix/Projects/www/backend_rmi/vendor/laravel/framework/src/Illuminate/Pipeline/Pipeline.php(167): App\\Http\\Middleware\\InitSettings->handle(Object(Illuminate\\Http\\Request), Object(Closure))
#47 /Users/aldyhelix/Projects/www/backend_rmi/vendor/laravel/framework/src/Illuminate/Routing/Middleware/SubstituteBindings.php(50): Illuminate\\Pipeline\\Pipeline->Illuminate\\Pipeline\\{closure}(Object(Illuminate\\Http\\Request))
#48 /Users/aldyhelix/Projects/www/backend_rmi/vendor/laravel/framework/src/Illuminate/Pipeline/Pipeline.php(167): Illuminate\\Routing\\Middleware\\SubstituteBindings->handle(Object(Illuminate\\Http\\Request), Object(Closure))
#49 /Users/aldyhelix/Projects/www/backend_rmi/vendor/laravel/framework/src/Illuminate/Auth/Middleware/Authenticate.php(44): Illuminate\\Pipeline\\Pipeline->Illuminate\\Pipeline\\{closure}(Object(Illuminate\\Http\\Request))
#50 /Users/aldyhelix/Projects/www/backend_rmi/vendor/laravel/framework/src/Illuminate/Pipeline/Pipeline.php(167): Illuminate\\Auth\\Middleware\\Authenticate->handle(Object(Illuminate\\Http\\Request), Object(Closure))
#51 /Users/aldyhelix/Projects/www/backend_rmi/vendor/laravel/framework/src/Illuminate/Foundation/Http/Middleware/VerifyCsrfToken.php(78): Illuminate\\Pipeline\\Pipeline->Illuminate\\Pipeline\\{closure}(Object(Illuminate\\Http\\Request))
#52 /Users/aldyhelix/Projects/www/backend_rmi/vendor/laravel/framework/src/Illuminate/Pipeline/Pipeline.php(167): Illuminate\\Foundation\\Http\\Middleware\\VerifyCsrfToken->handle(Object(Illuminate\\Http\\Request), Object(Closure))
#53 /Users/aldyhelix/Projects/www/backend_rmi/vendor/laravel/framework/src/Illuminate/View/Middleware/ShareErrorsFromSession.php(49): Illuminate\\Pipeline\\Pipeline->Illuminate\\Pipeline\\{closure}(Object(Illuminate\\Http\\Request))
#54 /Users/aldyhelix/Projects/www/backend_rmi/vendor/laravel/framework/src/Illuminate/Pipeline/Pipeline.php(167): Illuminate\\View\\Middleware\\ShareErrorsFromSession->handle(Object(Illuminate\\Http\\Request), Object(Closure))
#55 /Users/aldyhelix/Projects/www/backend_rmi/vendor/laravel/framework/src/Illuminate/Session/Middleware/StartSession.php(121): Illuminate\\Pipeline\\Pipeline->Illuminate\\Pipeline\\{closure}(Object(Illuminate\\Http\\Request))
#56 /Users/aldyhelix/Projects/www/backend_rmi/vendor/laravel/framework/src/Illuminate/Session/Middleware/StartSession.php(64): Illuminate\\Session\\Middleware\\StartSession->handleStatefulRequest(Object(Illuminate\\Http\\Request), Object(Illuminate\\Session\\EncryptedStore), Object(Closure))
#57 /Users/aldyhelix/Projects/www/backend_rmi/vendor/laravel/framework/src/Illuminate/Pipeline/Pipeline.php(167): Illuminate\\Session\\Middleware\\StartSession->handle(Object(Illuminate\\Http\\Request), Object(Closure))
#58 /Users/aldyhelix/Projects/www/backend_rmi/vendor/laravel/framework/src/Illuminate/Cookie/Middleware/AddQueuedCookiesToResponse.php(37): Illuminate\\Pipeline\\Pipeline->Illuminate\\Pipeline\\{closure}(Object(Illuminate\\Http\\Request))
#59 /Users/aldyhelix/Projects/www/backend_rmi/vendor/laravel/framework/src/Illuminate/Pipeline/Pipeline.php(167): Illuminate\\Cookie\\Middleware\\AddQueuedCookiesToResponse->handle(Object(Illuminate\\Http\\Request), Object(Closure))
#60 /Users/aldyhelix/Projects/www/backend_rmi/vendor/laravel/framework/src/Illuminate/Cookie/Middleware/EncryptCookies.php(67): Illuminate\\Pipeline\\Pipeline->Illuminate\\Pipeline\\{closure}(Object(Illuminate\\Http\\Request))
#61 /Users/aldyhelix/Projects/www/backend_rmi/vendor/laravel/framework/src/Illuminate/Pipeline/Pipeline.php(167): Illuminate\\Cookie\\Middleware\\EncryptCookies->handle(Object(Illuminate\\Http\\Request), Object(Closure))
#62 /Users/aldyhelix/Projects/www/backend_rmi/vendor/laravel/framework/src/Illuminate/Pipeline/Pipeline.php(103): Illuminate\\Pipeline\\Pipeline->Illuminate\\Pipeline\\{closure}(Object(Illuminate\\Http\\Request))
#63 /Users/aldyhelix/Projects/www/backend_rmi/vendor/laravel/framework/src/Illuminate/Routing/Router.php(719): Illuminate\\Pipeline\\Pipeline->then(Object(Closure))
#64 /Users/aldyhelix/Projects/www/backend_rmi/vendor/laravel/framework/src/Illuminate/Routing/Router.php(698): Illuminate\\Routing\\Router->runRouteWithinStack(Object(Illuminate\\Routing\\Route), Object(Illuminate\\Http\\Request))
#65 /Users/aldyhelix/Projects/www/backend_rmi/vendor/laravel/framework/src/Illuminate/Routing/Router.php(662): Illuminate\\Routing\\Router->runRoute(Object(Illuminate\\Http\\Request), Object(Illuminate\\Routing\\Route))
#66 /Users/aldyhelix/Projects/www/backend_rmi/vendor/laravel/framework/src/Illuminate/Routing/Router.php(651): Illuminate\\Routing\\Router->dispatchToRoute(Object(Illuminate\\Http\\Request))
#67 /Users/aldyhelix/Projects/www/backend_rmi/vendor/laravel/framework/src/Illuminate/Foundation/Http/Kernel.php(167): Illuminate\\Routing\\Router->dispatch(Object(Illuminate\\Http\\Request))
#68 /Users/aldyhelix/Projects/www/backend_rmi/vendor/laravel/framework/src/Illuminate/Pipeline/Pipeline.php(128): Illuminate\\Foundation\\Http\\Kernel->Illuminate\\Foundation\\Http\\{closure}(Object(Illuminate\\Http\\Request))
#69 /Users/aldyhelix/Projects/www/backend_rmi/vendor/livewire/livewire/src/DisableBrowserCache.php(19): Illuminate\\Pipeline\\Pipeline->Illuminate\\Pipeline\\{closure}(Object(Illuminate\\Http\\Request))
#70 /Users/aldyhelix/Projects/www/backend_rmi/vendor/laravel/framework/src/Illuminate/Pipeline/Pipeline.php(167): Livewire\\DisableBrowserCache->handle(Object(Illuminate\\Http\\Request), Object(Closure))
#71 /Users/aldyhelix/Projects/www/backend_rmi/vendor/barryvdh/laravel-debugbar/src/Middleware/InjectDebugbar.php(66): Illuminate\\Pipeline\\Pipeline->Illuminate\\Pipeline\\{closure}(Object(Illuminate\\Http\\Request))
#72 /Users/aldyhelix/Projects/www/backend_rmi/vendor/laravel/framework/src/Illuminate/Pipeline/Pipeline.php(167): Barryvdh\\Debugbar\\Middleware\\InjectDebugbar->handle(Object(Illuminate\\Http\\Request), Object(Closure))
#73 /Users/aldyhelix/Projects/www/backend_rmi/app/Http/Middleware/CheckForInstallation.php(19): Illuminate\\Pipeline\\Pipeline->Illuminate\\Pipeline\\{closure}(Object(Illuminate\\Http\\Request))
#74 /Users/aldyhelix/Projects/www/backend_rmi/vendor/laravel/framework/src/Illuminate/Pipeline/Pipeline.php(167): App\\Http\\Middleware\\CheckForInstallation->handle(Object(Illuminate\\Http\\Request), Object(Closure))
#75 /Users/aldyhelix/Projects/www/backend_rmi/vendor/laravel/framework/src/Illuminate/Foundation/Http/Middleware/TransformsRequest.php(21): Illuminate\\Pipeline\\Pipeline->Illuminate\\Pipeline\\{closure}(Object(Illuminate\\Http\\Request))
#76 /Users/aldyhelix/Projects/www/backend_rmi/vendor/laravel/framework/src/Illuminate/Foundation/Http/Middleware/ConvertEmptyStringsToNull.php(31): Illuminate\\Foundation\\Http\\Middleware\\TransformsRequest->handle(Object(Illuminate\\Http\\Request), Object(Closure))
#77 /Users/aldyhelix/Projects/www/backend_rmi/vendor/laravel/framework/src/Illuminate/Pipeline/Pipeline.php(167): Illuminate\\Foundation\\Http\\Middleware\\ConvertEmptyStringsToNull->handle(Object(Illuminate\\Http\\Request), Object(Closure))
#78 /Users/aldyhelix/Projects/www/backend_rmi/vendor/laravel/framework/src/Illuminate/Foundation/Http/Middleware/TransformsRequest.php(21): Illuminate\\Pipeline\\Pipeline->Illuminate\\Pipeline\\{closure}(Object(Illuminate\\Http\\Request))
#79 /Users/aldyhelix/Projects/www/backend_rmi/vendor/laravel/framework/src/Illuminate/Foundation/Http/Middleware/TrimStrings.php(40): Illuminate\\Foundation\\Http\\Middleware\\TransformsRequest->handle(Object(Illuminate\\Http\\Request), Object(Closure))
#80 /Users/aldyhelix/Projects/www/backend_rmi/vendor/laravel/framework/src/Illuminate/Pipeline/Pipeline.php(167): Illuminate\\Foundation\\Http\\Middleware\\TrimStrings->handle(Object(Illuminate\\Http\\Request), Object(Closure))
#81 /Users/aldyhelix/Projects/www/backend_rmi/vendor/laravel/framework/src/Illuminate/Foundation/Http/Middleware/ValidatePostSize.php(27): Illuminate\\Pipeline\\Pipeline->Illuminate\\Pipeline\\{closure}(Object(Illuminate\\Http\\Request))
#82 /Users/aldyhelix/Projects/www/backend_rmi/vendor/laravel/framework/src/Illuminate/Pipeline/Pipeline.php(167): Illuminate\\Foundation\\Http\\Middleware\\ValidatePostSize->handle(Object(Illuminate\\Http\\Request), Object(Closure))
#83 /Users/aldyhelix/Projects/www/backend_rmi/vendor/laravel/framework/src/Illuminate/Foundation/Http/Middleware/PreventRequestsDuringMaintenance.php(86): Illuminate\\Pipeline\\Pipeline->Illuminate\\Pipeline\\{closure}(Object(Illuminate\\Http\\Request))
#84 /Users/aldyhelix/Projects/www/backend_rmi/vendor/laravel/framework/src/Illuminate/Pipeline/Pipeline.php(167): Illuminate\\Foundation\\Http\\Middleware\\PreventRequestsDuringMaintenance->handle(Object(Illuminate\\Http\\Request), Object(Closure))
#85 /Users/aldyhelix/Projects/www/backend_rmi/vendor/fruitcake/laravel-cors/src/HandleCors.php(38): Illuminate\\Pipeline\\Pipeline->Illuminate\\Pipeline\\{closure}(Object(Illuminate\\Http\\Request))
#86 /Users/aldyhelix/Projects/www/backend_rmi/vendor/laravel/framework/src/Illuminate/Pipeline/Pipeline.php(167): Fruitcake\\Cors\\HandleCors->handle(Object(Illuminate\\Http\\Request), Object(Closure))
#87 /Users/aldyhelix/Projects/www/backend_rmi/vendor/laravel/framework/src/Illuminate/Http/Middleware/TrustProxies.php(39): Illuminate\\Pipeline\\Pipeline->Illuminate\\Pipeline\\{closure}(Object(Illuminate\\Http\\Request))
#88 /Users/aldyhelix/Projects/www/backend_rmi/vendor/laravel/framework/src/Illuminate/Pipeline/Pipeline.php(167): Illuminate\\Http\\Middleware\\TrustProxies->handle(Object(Illuminate\\Http\\Request), Object(Closure))
#89 /Users/aldyhelix/Projects/www/backend_rmi/vendor/laravel/framework/src/Illuminate/Pipeline/Pipeline.php(103): Illuminate\\Pipeline\\Pipeline->Illuminate\\Pipeline\\{closure}(Object(Illuminate\\Http\\Request))
#90 /Users/aldyhelix/Projects/www/backend_rmi/vendor/laravel/framework/src/Illuminate/Foundation/Http/Kernel.php(142): Illuminate\\Pipeline\\Pipeline->then(Object(Closure))
#91 /Users/aldyhelix/Projects/www/backend_rmi/vendor/laravel/framework/src/Illuminate/Foundation/Http/Kernel.php(111): Illuminate\\Foundation\\Http\\Kernel->sendRequestThroughRouter(Object(Illuminate\\Http\\Request))
#92 /Users/aldyhelix/Projects/www/backend_rmi/public/index.php(58): Illuminate\\Foundation\\Http\\Kernel->handle(Object(Illuminate\\Http\\Request))
#93 /Applications/Herd.app/Contents/Resources/valet/server.php(153): require('/Users/aldyheli...')
#94 {main}
"} 
[2024-06-23 04:27:00] production.ERROR: SQLSTATE[23000]: Integrity constraint violation: 1052 Column 'created_at' in field list is ambiguous (SQL: select DATE(created_at) AS order_date, COUNT(*) AS count, SUM(CASE WHEN DATE(created_at) = DATE(CURDATE()) THEN 1 ELSE 0 END) AS current_day_count, SUM(COUNT(*)) OVER (PARTITION BY MONTH(created_at) ORDER BY created_at ROWS BETWEEN UNBOUNDED PRECEDING AND CURRENT ROW) AS mtd_count from `orders` as `o` inner join `order_items` as `oi` on `o`.`id` = `oi`.`order_id` inner join `inventories` as `i` on `oi`.`inventory_id` = `i`.`id` inner join `products` as `p` on `i`.`product_id` = `p`.`id` inner join `customers` as `cust` on `o`.`customer_id` = `cust`.`id` where `customer_id` is not null and `created_at` between 2024-06-17 00:00:00 and 2024-06-23 23:59:59 and `order_status_id` <> 8 group by `order_date` order by `order_date` asc) (View: /Users/aldyhelix/Projects/www/backend_rmi/resources/views/admin/dashboard/platform.blade.php) {"view":{"view":"/Users/aldyhelix/Projects/www/backend_rmi/vendor/laravel/framework/src/Illuminate/Database/Connection.php","data":[]},"userId":1,"exception":"[object] (Facade\\Ignition\\Exceptions\\ViewException(code: 0): SQLSTATE[23000]: Integrity constraint violation: 1052 Column 'created_at' in field list is ambiguous (SQL: select DATE(created_at) AS order_date, COUNT(*) AS count, SUM(CASE WHEN DATE(created_at) = DATE(CURDATE()) THEN 1 ELSE 0 END) AS current_day_count, SUM(COUNT(*)) OVER (PARTITION BY MONTH(created_at) ORDER BY created_at ROWS BETWEEN UNBOUNDED PRECEDING AND CURRENT ROW) AS mtd_count from `orders` as `o` inner join `order_items` as `oi` on `o`.`id` = `oi`.`order_id` inner join `inventories` as `i` on `oi`.`inventory_id` = `i`.`id` inner join `products` as `p` on `i`.`product_id` = `p`.`id` inner join `customers` as `cust` on `o`.`customer_id` = `cust`.`id` where `customer_id` is not null and `created_at` between 2024-06-17 00:00:00 and 2024-06-23 23:59:59 and `order_status_id` <> 8 group by `order_date` order by `order_date` asc) (View: /Users/aldyhelix/Projects/www/backend_rmi/resources/views/admin/dashboard/platform.blade.php) at /Users/aldyhelix/Projects/www/backend_rmi/vendor/laravel/framework/src/Illuminate/Database/Connection.php:712)
[stacktrace]
#0 /Users/aldyhelix/Projects/www/backend_rmi/vendor/laravel/framework/src/Illuminate/Database/Connection.php(672): Illuminate\\Database\\Connection->runQueryCallback('select DATE(cre...', Array, Object(Closure))
#1 /Users/aldyhelix/Projects/www/backend_rmi/vendor/laravel/framework/src/Illuminate/Database/Connection.php(359): Illuminate\\Database\\Connection->run('select DATE(cre...', Array, Object(Closure))
#2 /Users/aldyhelix/Projects/www/backend_rmi/vendor/laravel/framework/src/Illuminate/Database/Query/Builder.php(2413): Illuminate\\Database\\Connection->select('select DATE(cre...', Array, true)
#3 /Users/aldyhelix/Projects/www/backend_rmi/vendor/laravel/framework/src/Illuminate/Database/Query/Builder.php(2402): Illuminate\\Database\\Query\\Builder->runSelect()
#4 /Users/aldyhelix/Projects/www/backend_rmi/vendor/laravel/framework/src/Illuminate/Database/Query/Builder.php(2936): Illuminate\\Database\\Query\\Builder->Illuminate\\Database\\Query\\{closure}()
#5 /Users/aldyhelix/Projects/www/backend_rmi/vendor/laravel/framework/src/Illuminate/Database/Query/Builder.php(2401): Illuminate\\Database\\Query\\Builder->onceWithColumns(Array, Object(Closure))
#6 /Users/aldyhelix/Projects/www/backend_rmi/app/Http/Livewire/Dashboard.php(685): Illuminate\\Database\\Query\\Builder->get()
#7 /Users/aldyhelix/Projects/www/backend_rmi/app/Http/Livewire/Dashboard.php(270): App\\Http\\Livewire\\Dashboard->updatedChart1DataD3()
#8 /Users/aldyhelix/Projects/www/backend_rmi/app/Http/Livewire/Dashboard.php(127): App\\Http\\Livewire\\Dashboard->updateChartSection()
#9 /Users/aldyhelix/Projects/www/backend_rmi/vendor/laravel/framework/src/Illuminate/Container/BoundMethod.php(36): App\\Http\\Livewire\\Dashboard->mount(9, 0, 7, 0, 16, 0, 0, 0, 0, 0, 0, 0, 0, 0)
#10 /Users/aldyhelix/Projects/www/backend_rmi/vendor/laravel/framework/src/Illuminate/Container/Util.php(40): Illuminate\\Container\\BoundMethod::Illuminate\\Container\\{closure}()
#11 /Users/aldyhelix/Projects/www/backend_rmi/vendor/laravel/framework/src/Illuminate/Container/BoundMethod.php(93): Illuminate\\Container\\Util::unwrapIfClosure(Object(Closure))
#12 /Users/aldyhelix/Projects/www/backend_rmi/vendor/laravel/framework/src/Illuminate/Container/BoundMethod.php(35): Illuminate\\Container\\BoundMethod::callBoundMethod(Object(Illuminate\\Foundation\\Application), Array, Object(Closure))
#13 /Users/aldyhelix/Projects/www/backend_rmi/vendor/livewire/livewire/src/LifecycleManager.php(114): Illuminate\\Container\\BoundMethod::call(Object(Illuminate\\Foundation\\Application), Array, Array)
#14 /Users/aldyhelix/Projects/www/backend_rmi/vendor/livewire/livewire/src/LivewireManager.php(130): Livewire\\LifecycleManager->mount(Array)
#15 /Users/aldyhelix/Projects/www/backend_rmi/vendor/laravel/framework/src/Illuminate/Support/Facades/Facade.php(261): Livewire\\LivewireManager->mount('dashboard', Array)
#16 /Users/aldyhelix/Projects/www/backend_rmi/resources/views/admin/dashboard/platform.blade.php(13): Illuminate\\Support\\Facades\\Facade::__callStatic('mount', Array)
#17 /Users/aldyhelix/Projects/www/backend_rmi/vendor/laravel/framework/src/Illuminate/Filesystem/Filesystem.php(107): require('/Users/aldyheli...')
#18 /Users/aldyhelix/Projects/www/backend_rmi/vendor/laravel/framework/src/Illuminate/Filesystem/Filesystem.php(108): Illuminate\\Filesystem\\Filesystem::Illuminate\\Filesystem\\{closure}()
#19 /Users/aldyhelix/Projects/www/backend_rmi/vendor/laravel/framework/src/Illuminate/View/Engines/PhpEngine.php(58): Illuminate\\Filesystem\\Filesystem->getRequire('/Users/aldyheli...', Array)
#20 /Users/aldyhelix/Projects/www/backend_rmi/vendor/livewire/livewire/src/ComponentConcerns/RendersLivewireComponents.php(69): Illuminate\\View\\Engines\\PhpEngine->evaluatePath('/Users/aldyheli...', Array)
#21 /Users/aldyhelix/Projects/www/backend_rmi/vendor/laravel/framework/src/Illuminate/View/Engines/CompilerEngine.php(61): Livewire\\CompilerEngineForIgnition->evaluatePath('/Users/aldyheli...', Array)
#22 /Users/aldyhelix/Projects/www/backend_rmi/vendor/facade/ignition/src/Views/Engines/CompilerEngine.php(37): Illuminate\\View\\Engines\\CompilerEngine->get('/Users/aldyheli...', Array)
#23 /Users/aldyhelix/Projects/www/backend_rmi/vendor/livewire/livewire/src/ComponentConcerns/RendersLivewireComponents.php(35): Facade\\Ignition\\Views\\Engines\\CompilerEngine->get('/Users/aldyheli...', Array)
#24 /Users/aldyhelix/Projects/www/backend_rmi/vendor/laravel/framework/src/Illuminate/View/View.php(139): Livewire\\CompilerEngineForIgnition->get('/Users/aldyheli...', Array)
#25 /Users/aldyhelix/Projects/www/backend_rmi/vendor/laravel/framework/src/Illuminate/View/View.php(122): Illuminate\\View\\View->getContents()
#26 /Users/aldyhelix/Projects/www/backend_rmi/vendor/laravel/framework/src/Illuminate/View/View.php(91): Illuminate\\View\\View->renderContents()
#27 /Users/aldyhelix/Projects/www/backend_rmi/vendor/laravel/framework/src/Illuminate/Http/Response.php(69): Illuminate\\View\\View->render()
#28 /Users/aldyhelix/Projects/www/backend_rmi/vendor/laravel/framework/src/Illuminate/Http/Response.php(35): Illuminate\\Http\\Response->setContent(Object(Illuminate\\View\\View))
#29 /Users/aldyhelix/Projects/www/backend_rmi/vendor/laravel/framework/src/Illuminate/Routing/Router.php(820): Illuminate\\Http\\Response->__construct(Object(Illuminate\\View\\View), 200, Array)
#30 /Users/aldyhelix/Projects/www/backend_rmi/vendor/laravel/framework/src/Illuminate/Routing/Router.php(789): Illuminate\\Routing\\Router::toResponse(Object(Illuminate\\Http\\Request), Object(Illuminate\\View\\View))
#31 /Users/aldyhelix/Projects/www/backend_rmi/vendor/laravel/framework/src/Illuminate/Routing/Router.php(720): Illuminate\\Routing\\Router->prepareResponse(Object(Illuminate\\Http\\Request), Object(Illuminate\\View\\View))
#32 /Users/aldyhelix/Projects/www/backend_rmi/vendor/laravel/framework/src/Illuminate/Pipeline/Pipeline.php(128): Illuminate\\Routing\\Router->Illuminate\\Routing\\{closure}(Object(Illuminate\\Http\\Request))
#33 /Users/aldyhelix/Projects/www/backend_rmi/app/Http/Middleware/DashboardSetup.php(22): Illuminate\\Pipeline\\Pipeline->Illuminate\\Pipeline\\{closure}(Object(Illuminate\\Http\\Request))
#34 /Users/aldyhelix/Projects/www/backend_rmi/vendor/laravel/framework/src/Illuminate/Pipeline/Pipeline.php(167): App\\Http\\Middleware\\DashboardSetup->handle(Object(Illuminate\\Http\\Request), Object(Closure))
#35 /Users/aldyhelix/Projects/www/backend_rmi/app/Http/Middleware/CheckIfBillingInfoRequired.php(24): Illuminate\\Pipeline\\Pipeline->Illuminate\\Pipeline\\{closure}(Object(Illuminate\\Http\\Request))
#36 /Users/aldyhelix/Projects/www/backend_rmi/vendor/laravel/framework/src/Illuminate/Pipeline/Pipeline.php(167): App\\Http\\Middleware\\CheckIfBillingInfoRequired->handle(Object(Illuminate\\Http\\Request), Object(Closure))
#37 /Users/aldyhelix/Projects/www/backend_rmi/app/Http/Middleware/VerifyUserIsSubscribed.php(25): Illuminate\\Pipeline\\Pipeline->Illuminate\\Pipeline\\{closure}(Object(Illuminate\\Http\\Request))
#38 /Users/aldyhelix/Projects/www/backend_rmi/vendor/laravel/framework/src/Illuminate/Pipeline/Pipeline.php(167): App\\Http\\Middleware\\VerifyUserIsSubscribed->handle(Object(Illuminate\\Http\\Request), Object(Closure))
#39 /Users/aldyhelix/Projects/www/backend_rmi/app/Http/Middleware/CookieConsentMiddleware.php(21): Illuminate\\Pipeline\\Pipeline->Illuminate\\Pipeline\\{closure}(Object(Illuminate\\Http\\Request))
#40 /Users/aldyhelix/Projects/www/backend_rmi/vendor/laravel/framework/src/Illuminate/Pipeline/Pipeline.php(167): App\\Http\\Middleware\\CookieConsentMiddleware->handle(Object(Illuminate\\Http\\Request), Object(Closure))
#41 /Users/aldyhelix/Projects/www/backend_rmi/app/Http/Middleware/Language.php(64): Illuminate\\Pipeline\\Pipeline->Illuminate\\Pipeline\\{closure}(Object(Illuminate\\Http\\Request))
#42 /Users/aldyhelix/Projects/www/backend_rmi/vendor/laravel/framework/src/Illuminate/Pipeline/Pipeline.php(167): App\\Http\\Middleware\\Language->handle(Object(Illuminate\\Http\\Request), Object(Closure))
#43 /Users/aldyhelix/Projects/www/backend_rmi/app/Http/Middleware/InitSettings.php(8): Illuminate\\Pipeline\\Pipeline->Illuminate\\Pipeline\\{closure}(Object(Illuminate\\Http\\Request))
#44 /Users/aldyhelix/Projects/www/backend_rmi/vendor/laravel/framework/src/Illuminate/Pipeline/Pipeline.php(167): App\\Http\\Middleware\\InitSettings->handle(Object(Illuminate\\Http\\Request), Object(Closure))
#45 /Users/aldyhelix/Projects/www/backend_rmi/vendor/laravel/framework/src/Illuminate/Routing/Middleware/SubstituteBindings.php(50): Illuminate\\Pipeline\\Pipeline->Illuminate\\Pipeline\\{closure}(Object(Illuminate\\Http\\Request))
#46 /Users/aldyhelix/Projects/www/backend_rmi/vendor/laravel/framework/src/Illuminate/Pipeline/Pipeline.php(167): Illuminate\\Routing\\Middleware\\SubstituteBindings->handle(Object(Illuminate\\Http\\Request), Object(Closure))
#47 /Users/aldyhelix/Projects/www/backend_rmi/vendor/laravel/framework/src/Illuminate/Auth/Middleware/Authenticate.php(44): Illuminate\\Pipeline\\Pipeline->Illuminate\\Pipeline\\{closure}(Object(Illuminate\\Http\\Request))
#48 /Users/aldyhelix/Projects/www/backend_rmi/vendor/laravel/framework/src/Illuminate/Pipeline/Pipeline.php(167): Illuminate\\Auth\\Middleware\\Authenticate->handle(Object(Illuminate\\Http\\Request), Object(Closure))
#49 /Users/aldyhelix/Projects/www/backend_rmi/vendor/laravel/framework/src/Illuminate/Foundation/Http/Middleware/VerifyCsrfToken.php(78): Illuminate\\Pipeline\\Pipeline->Illuminate\\Pipeline\\{closure}(Object(Illuminate\\Http\\Request))
#50 /Users/aldyhelix/Projects/www/backend_rmi/vendor/laravel/framework/src/Illuminate/Pipeline/Pipeline.php(167): Illuminate\\Foundation\\Http\\Middleware\\VerifyCsrfToken->handle(Object(Illuminate\\Http\\Request), Object(Closure))
#51 /Users/aldyhelix/Projects/www/backend_rmi/vendor/laravel/framework/src/Illuminate/View/Middleware/ShareErrorsFromSession.php(49): Illuminate\\Pipeline\\Pipeline->Illuminate\\Pipeline\\{closure}(Object(Illuminate\\Http\\Request))
#52 /Users/aldyhelix/Projects/www/backend_rmi/vendor/laravel/framework/src/Illuminate/Pipeline/Pipeline.php(167): Illuminate\\View\\Middleware\\ShareErrorsFromSession->handle(Object(Illuminate\\Http\\Request), Object(Closure))
#53 /Users/aldyhelix/Projects/www/backend_rmi/vendor/laravel/framework/src/Illuminate/Session/Middleware/StartSession.php(121): Illuminate\\Pipeline\\Pipeline->Illuminate\\Pipeline\\{closure}(Object(Illuminate\\Http\\Request))
#54 /Users/aldyhelix/Projects/www/backend_rmi/vendor/laravel/framework/src/Illuminate/Session/Middleware/StartSession.php(64): Illuminate\\Session\\Middleware\\StartSession->handleStatefulRequest(Object(Illuminate\\Http\\Request), Object(Illuminate\\Session\\EncryptedStore), Object(Closure))
#55 /Users/aldyhelix/Projects/www/backend_rmi/vendor/laravel/framework/src/Illuminate/Pipeline/Pipeline.php(167): Illuminate\\Session\\Middleware\\StartSession->handle(Object(Illuminate\\Http\\Request), Object(Closure))
#56 /Users/aldyhelix/Projects/www/backend_rmi/vendor/laravel/framework/src/Illuminate/Cookie/Middleware/AddQueuedCookiesToResponse.php(37): Illuminate\\Pipeline\\Pipeline->Illuminate\\Pipeline\\{closure}(Object(Illuminate\\Http\\Request))
#57 /Users/aldyhelix/Projects/www/backend_rmi/vendor/laravel/framework/src/Illuminate/Pipeline/Pipeline.php(167): Illuminate\\Cookie\\Middleware\\AddQueuedCookiesToResponse->handle(Object(Illuminate\\Http\\Request), Object(Closure))
#58 /Users/aldyhelix/Projects/www/backend_rmi/vendor/laravel/framework/src/Illuminate/Cookie/Middleware/EncryptCookies.php(67): Illuminate\\Pipeline\\Pipeline->Illuminate\\Pipeline\\{closure}(Object(Illuminate\\Http\\Request))
#59 /Users/aldyhelix/Projects/www/backend_rmi/vendor/laravel/framework/src/Illuminate/Pipeline/Pipeline.php(167): Illuminate\\Cookie\\Middleware\\EncryptCookies->handle(Object(Illuminate\\Http\\Request), Object(Closure))
#60 /Users/aldyhelix/Projects/www/backend_rmi/vendor/laravel/framework/src/Illuminate/Pipeline/Pipeline.php(103): Illuminate\\Pipeline\\Pipeline->Illuminate\\Pipeline\\{closure}(Object(Illuminate\\Http\\Request))
#61 /Users/aldyhelix/Projects/www/backend_rmi/vendor/laravel/framework/src/Illuminate/Routing/Router.php(719): Illuminate\\Pipeline\\Pipeline->then(Object(Closure))
#62 /Users/aldyhelix/Projects/www/backend_rmi/vendor/laravel/framework/src/Illuminate/Routing/Router.php(698): Illuminate\\Routing\\Router->runRouteWithinStack(Object(Illuminate\\Routing\\Route), Object(Illuminate\\Http\\Request))
#63 /Users/aldyhelix/Projects/www/backend_rmi/vendor/laravel/framework/src/Illuminate/Routing/Router.php(662): Illuminate\\Routing\\Router->runRoute(Object(Illuminate\\Http\\Request), Object(Illuminate\\Routing\\Route))
#64 /Users/aldyhelix/Projects/www/backend_rmi/vendor/laravel/framework/src/Illuminate/Routing/Router.php(651): Illuminate\\Routing\\Router->dispatchToRoute(Object(Illuminate\\Http\\Request))
#65 /Users/aldyhelix/Projects/www/backend_rmi/vendor/laravel/framework/src/Illuminate/Foundation/Http/Kernel.php(167): Illuminate\\Routing\\Router->dispatch(Object(Illuminate\\Http\\Request))
#66 /Users/aldyhelix/Projects/www/backend_rmi/vendor/laravel/framework/src/Illuminate/Pipeline/Pipeline.php(128): Illuminate\\Foundation\\Http\\Kernel->Illuminate\\Foundation\\Http\\{closure}(Object(Illuminate\\Http\\Request))
#67 /Users/aldyhelix/Projects/www/backend_rmi/vendor/livewire/livewire/src/DisableBrowserCache.php(19): Illuminate\\Pipeline\\Pipeline->Illuminate\\Pipeline\\{closure}(Object(Illuminate\\Http\\Request))
#68 /Users/aldyhelix/Projects/www/backend_rmi/vendor/laravel/framework/src/Illuminate/Pipeline/Pipeline.php(167): Livewire\\DisableBrowserCache->handle(Object(Illuminate\\Http\\Request), Object(Closure))
#69 /Users/aldyhelix/Projects/www/backend_rmi/vendor/barryvdh/laravel-debugbar/src/Middleware/InjectDebugbar.php(66): Illuminate\\Pipeline\\Pipeline->Illuminate\\Pipeline\\{closure}(Object(Illuminate\\Http\\Request))
#70 /Users/aldyhelix/Projects/www/backend_rmi/vendor/laravel/framework/src/Illuminate/Pipeline/Pipeline.php(167): Barryvdh\\Debugbar\\Middleware\\InjectDebugbar->handle(Object(Illuminate\\Http\\Request), Object(Closure))
#71 /Users/aldyhelix/Projects/www/backend_rmi/app/Http/Middleware/CheckForInstallation.php(19): Illuminate\\Pipeline\\Pipeline->Illuminate\\Pipeline\\{closure}(Object(Illuminate\\Http\\Request))
#72 /Users/aldyhelix/Projects/www/backend_rmi/vendor/laravel/framework/src/Illuminate/Pipeline/Pipeline.php(167): App\\Http\\Middleware\\CheckForInstallation->handle(Object(Illuminate\\Http\\Request), Object(Closure))
#73 /Users/aldyhelix/Projects/www/backend_rmi/vendor/laravel/framework/src/Illuminate/Foundation/Http/Middleware/TransformsRequest.php(21): Illuminate\\Pipeline\\Pipeline->Illuminate\\Pipeline\\{closure}(Object(Illuminate\\Http\\Request))
#74 /Users/aldyhelix/Projects/www/backend_rmi/vendor/laravel/framework/src/Illuminate/Foundation/Http/Middleware/ConvertEmptyStringsToNull.php(31): Illuminate\\Foundation\\Http\\Middleware\\TransformsRequest->handle(Object(Illuminate\\Http\\Request), Object(Closure))
#75 /Users/aldyhelix/Projects/www/backend_rmi/vendor/laravel/framework/src/Illuminate/Pipeline/Pipeline.php(167): Illuminate\\Foundation\\Http\\Middleware\\ConvertEmptyStringsToNull->handle(Object(Illuminate\\Http\\Request), Object(Closure))
#76 /Users/aldyhelix/Projects/www/backend_rmi/vendor/laravel/framework/src/Illuminate/Foundation/Http/Middleware/TransformsRequest.php(21): Illuminate\\Pipeline\\Pipeline->Illuminate\\Pipeline\\{closure}(Object(Illuminate\\Http\\Request))
#77 /Users/aldyhelix/Projects/www/backend_rmi/vendor/laravel/framework/src/Illuminate/Foundation/Http/Middleware/TrimStrings.php(40): Illuminate\\Foundation\\Http\\Middleware\\TransformsRequest->handle(Object(Illuminate\\Http\\Request), Object(Closure))
#78 /Users/aldyhelix/Projects/www/backend_rmi/vendor/laravel/framework/src/Illuminate/Pipeline/Pipeline.php(167): Illuminate\\Foundation\\Http\\Middleware\\TrimStrings->handle(Object(Illuminate\\Http\\Request), Object(Closure))
#79 /Users/aldyhelix/Projects/www/backend_rmi/vendor/laravel/framework/src/Illuminate/Foundation/Http/Middleware/ValidatePostSize.php(27): Illuminate\\Pipeline\\Pipeline->Illuminate\\Pipeline\\{closure}(Object(Illuminate\\Http\\Request))
#80 /Users/aldyhelix/Projects/www/backend_rmi/vendor/laravel/framework/src/Illuminate/Pipeline/Pipeline.php(167): Illuminate\\Foundation\\Http\\Middleware\\ValidatePostSize->handle(Object(Illuminate\\Http\\Request), Object(Closure))
#81 /Users/aldyhelix/Projects/www/backend_rmi/vendor/laravel/framework/src/Illuminate/Foundation/Http/Middleware/PreventRequestsDuringMaintenance.php(86): Illuminate\\Pipeline\\Pipeline->Illuminate\\Pipeline\\{closure}(Object(Illuminate\\Http\\Request))
#82 /Users/aldyhelix/Projects/www/backend_rmi/vendor/laravel/framework/src/Illuminate/Pipeline/Pipeline.php(167): Illuminate\\Foundation\\Http\\Middleware\\PreventRequestsDuringMaintenance->handle(Object(Illuminate\\Http\\Request), Object(Closure))
#83 /Users/aldyhelix/Projects/www/backend_rmi/vendor/fruitcake/laravel-cors/src/HandleCors.php(38): Illuminate\\Pipeline\\Pipeline->Illuminate\\Pipeline\\{closure}(Object(Illuminate\\Http\\Request))
#84 /Users/aldyhelix/Projects/www/backend_rmi/vendor/laravel/framework/src/Illuminate/Pipeline/Pipeline.php(167): Fruitcake\\Cors\\HandleCors->handle(Object(Illuminate\\Http\\Request), Object(Closure))
#85 /Users/aldyhelix/Projects/www/backend_rmi/vendor/laravel/framework/src/Illuminate/Http/Middleware/TrustProxies.php(39): Illuminate\\Pipeline\\Pipeline->Illuminate\\Pipeline\\{closure}(Object(Illuminate\\Http\\Request))
#86 /Users/aldyhelix/Projects/www/backend_rmi/vendor/laravel/framework/src/Illuminate/Pipeline/Pipeline.php(167): Illuminate\\Http\\Middleware\\TrustProxies->handle(Object(Illuminate\\Http\\Request), Object(Closure))
#87 /Users/aldyhelix/Projects/www/backend_rmi/vendor/laravel/framework/src/Illuminate/Pipeline/Pipeline.php(103): Illuminate\\Pipeline\\Pipeline->Illuminate\\Pipeline\\{closure}(Object(Illuminate\\Http\\Request))
#88 /Users/aldyhelix/Projects/www/backend_rmi/vendor/laravel/framework/src/Illuminate/Foundation/Http/Kernel.php(142): Illuminate\\Pipeline\\Pipeline->then(Object(Closure))
#89 /Users/aldyhelix/Projects/www/backend_rmi/vendor/laravel/framework/src/Illuminate/Foundation/Http/Kernel.php(111): Illuminate\\Foundation\\Http\\Kernel->sendRequestThroughRouter(Object(Illuminate\\Http\\Request))
#90 /Users/aldyhelix/Projects/www/backend_rmi/public/index.php(58): Illuminate\\Foundation\\Http\\Kernel->handle(Object(Illuminate\\Http\\Request))
#91 /Applications/Herd.app/Contents/Resources/valet/server.php(153): require('/Users/aldyheli...')
#92 {main}

[previous exception] [object] (Illuminate\\Database\\QueryException(code: 23000): SQLSTATE[23000]: Integrity constraint violation: 1052 Column 'created_at' in field list is ambiguous (SQL: select DATE(created_at) AS order_date, COUNT(*) AS count, SUM(CASE WHEN DATE(created_at) = DATE(CURDATE()) THEN 1 ELSE 0 END) AS current_day_count, SUM(COUNT(*)) OVER (PARTITION BY MONTH(created_at) ORDER BY created_at ROWS BETWEEN UNBOUNDED PRECEDING AND CURRENT ROW) AS mtd_count from `orders` as `o` inner join `order_items` as `oi` on `o`.`id` = `oi`.`order_id` inner join `inventories` as `i` on `oi`.`inventory_id` = `i`.`id` inner join `products` as `p` on `i`.`product_id` = `p`.`id` inner join `customers` as `cust` on `o`.`customer_id` = `cust`.`id` where `customer_id` is not null and `created_at` between 2024-06-17 00:00:00 and 2024-06-23 23:59:59 and `order_status_id` <> 8 group by `order_date` order by `order_date` asc) at /Users/aldyhelix/Projects/www/backend_rmi/vendor/laravel/framework/src/Illuminate/Database/Connection.php:712)
[stacktrace]
#0 /Users/aldyhelix/Projects/www/backend_rmi/vendor/laravel/framework/src/Illuminate/Database/Connection.php(672): Illuminate\\Database\\Connection->runQueryCallback('select DATE(cre...', Array, Object(Closure))
#1 /Users/aldyhelix/Projects/www/backend_rmi/vendor/laravel/framework/src/Illuminate/Database/Connection.php(359): Illuminate\\Database\\Connection->run('select DATE(cre...', Array, Object(Closure))
#2 /Users/aldyhelix/Projects/www/backend_rmi/vendor/laravel/framework/src/Illuminate/Database/Query/Builder.php(2413): Illuminate\\Database\\Connection->select('select DATE(cre...', Array, true)
#3 /Users/aldyhelix/Projects/www/backend_rmi/vendor/laravel/framework/src/Illuminate/Database/Query/Builder.php(2402): Illuminate\\Database\\Query\\Builder->runSelect()
#4 /Users/aldyhelix/Projects/www/backend_rmi/vendor/laravel/framework/src/Illuminate/Database/Query/Builder.php(2936): Illuminate\\Database\\Query\\Builder->Illuminate\\Database\\Query\\{closure}()
#5 /Users/aldyhelix/Projects/www/backend_rmi/vendor/laravel/framework/src/Illuminate/Database/Query/Builder.php(2401): Illuminate\\Database\\Query\\Builder->onceWithColumns(Array, Object(Closure))
#6 /Users/aldyhelix/Projects/www/backend_rmi/app/Http/Livewire/Dashboard.php(685): Illuminate\\Database\\Query\\Builder->get()
#7 /Users/aldyhelix/Projects/www/backend_rmi/app/Http/Livewire/Dashboard.php(270): App\\Http\\Livewire\\Dashboard->updatedChart1DataD3()
#8 /Users/aldyhelix/Projects/www/backend_rmi/app/Http/Livewire/Dashboard.php(127): App\\Http\\Livewire\\Dashboard->updateChartSection()
#9 /Users/aldyhelix/Projects/www/backend_rmi/vendor/laravel/framework/src/Illuminate/Container/BoundMethod.php(36): App\\Http\\Livewire\\Dashboard->mount(9, 0, 7, 0, 16, 0, 0, 0, 0, 0, 0, 0, 0, 0)
#10 /Users/aldyhelix/Projects/www/backend_rmi/vendor/laravel/framework/src/Illuminate/Container/Util.php(40): Illuminate\\Container\\BoundMethod::Illuminate\\Container\\{closure}()
#11 /Users/aldyhelix/Projects/www/backend_rmi/vendor/laravel/framework/src/Illuminate/Container/BoundMethod.php(93): Illuminate\\Container\\Util::unwrapIfClosure(Object(Closure))
#12 /Users/aldyhelix/Projects/www/backend_rmi/vendor/laravel/framework/src/Illuminate/Container/BoundMethod.php(35): Illuminate\\Container\\BoundMethod::callBoundMethod(Object(Illuminate\\Foundation\\Application), Array, Object(Closure))
#13 /Users/aldyhelix/Projects/www/backend_rmi/vendor/livewire/livewire/src/LifecycleManager.php(114): Illuminate\\Container\\BoundMethod::call(Object(Illuminate\\Foundation\\Application), Array, Array)
#14 /Users/aldyhelix/Projects/www/backend_rmi/vendor/livewire/livewire/src/LivewireManager.php(130): Livewire\\LifecycleManager->mount(Array)
#15 /Users/aldyhelix/Projects/www/backend_rmi/vendor/laravel/framework/src/Illuminate/Support/Facades/Facade.php(261): Livewire\\LivewireManager->mount('dashboard', Array)
#16 /Users/aldyhelix/Projects/www/backend_rmi/storage/framework/views/7614a377bf597da1c7ed67416eae576b7feee755.php(13): Illuminate\\Support\\Facades\\Facade::__callStatic('mount', Array)
#17 /Users/aldyhelix/Projects/www/backend_rmi/vendor/laravel/framework/src/Illuminate/Filesystem/Filesystem.php(107): require('/Users/aldyheli...')
#18 /Users/aldyhelix/Projects/www/backend_rmi/vendor/laravel/framework/src/Illuminate/Filesystem/Filesystem.php(108): Illuminate\\Filesystem\\Filesystem::Illuminate\\Filesystem\\{closure}()
#19 /Users/aldyhelix/Projects/www/backend_rmi/vendor/laravel/framework/src/Illuminate/View/Engines/PhpEngine.php(58): Illuminate\\Filesystem\\Filesystem->getRequire('/Users/aldyheli...', Array)
#20 /Users/aldyhelix/Projects/www/backend_rmi/vendor/livewire/livewire/src/ComponentConcerns/RendersLivewireComponents.php(69): Illuminate\\View\\Engines\\PhpEngine->evaluatePath('/Users/aldyheli...', Array)
#21 /Users/aldyhelix/Projects/www/backend_rmi/vendor/laravel/framework/src/Illuminate/View/Engines/CompilerEngine.php(61): Livewire\\CompilerEngineForIgnition->evaluatePath('/Users/aldyheli...', Array)
#22 /Users/aldyhelix/Projects/www/backend_rmi/vendor/facade/ignition/src/Views/Engines/CompilerEngine.php(37): Illuminate\\View\\Engines\\CompilerEngine->get('/Users/aldyheli...', Array)
#23 /Users/aldyhelix/Projects/www/backend_rmi/vendor/livewire/livewire/src/ComponentConcerns/RendersLivewireComponents.php(35): Facade\\Ignition\\Views\\Engines\\CompilerEngine->get('/Users/aldyheli...', Array)
#24 /Users/aldyhelix/Projects/www/backend_rmi/vendor/laravel/framework/src/Illuminate/View/View.php(139): Livewire\\CompilerEngineForIgnition->get('/Users/aldyheli...', Array)
#25 /Users/aldyhelix/Projects/www/backend_rmi/vendor/laravel/framework/src/Illuminate/View/View.php(122): Illuminate\\View\\View->getContents()
#26 /Users/aldyhelix/Projects/www/backend_rmi/vendor/laravel/framework/src/Illuminate/View/View.php(91): Illuminate\\View\\View->renderContents()
#27 /Users/aldyhelix/Projects/www/backend_rmi/vendor/laravel/framework/src/Illuminate/Http/Response.php(69): Illuminate\\View\\View->render()
#28 /Users/aldyhelix/Projects/www/backend_rmi/vendor/laravel/framework/src/Illuminate/Http/Response.php(35): Illuminate\\Http\\Response->setContent(Object(Illuminate\\View\\View))
#29 /Users/aldyhelix/Projects/www/backend_rmi/vendor/laravel/framework/src/Illuminate/Routing/Router.php(820): Illuminate\\Http\\Response->__construct(Object(Illuminate\\View\\View), 200, Array)
#30 /Users/aldyhelix/Projects/www/backend_rmi/vendor/laravel/framework/src/Illuminate/Routing/Router.php(789): Illuminate\\Routing\\Router::toResponse(Object(Illuminate\\Http\\Request), Object(Illuminate\\View\\View))
#31 /Users/aldyhelix/Projects/www/backend_rmi/vendor/laravel/framework/src/Illuminate/Routing/Router.php(720): Illuminate\\Routing\\Router->prepareResponse(Object(Illuminate\\Http\\Request), Object(Illuminate\\View\\View))
#32 /Users/aldyhelix/Projects/www/backend_rmi/vendor/laravel/framework/src/Illuminate/Pipeline/Pipeline.php(128): Illuminate\\Routing\\Router->Illuminate\\Routing\\{closure}(Object(Illuminate\\Http\\Request))
#33 /Users/aldyhelix/Projects/www/backend_rmi/app/Http/Middleware/DashboardSetup.php(22): Illuminate\\Pipeline\\Pipeline->Illuminate\\Pipeline\\{closure}(Object(Illuminate\\Http\\Request))
#34 /Users/aldyhelix/Projects/www/backend_rmi/vendor/laravel/framework/src/Illuminate/Pipeline/Pipeline.php(167): App\\Http\\Middleware\\DashboardSetup->handle(Object(Illuminate\\Http\\Request), Object(Closure))
#35 /Users/aldyhelix/Projects/www/backend_rmi/app/Http/Middleware/CheckIfBillingInfoRequired.php(24): Illuminate\\Pipeline\\Pipeline->Illuminate\\Pipeline\\{closure}(Object(Illuminate\\Http\\Request))
#36 /Users/aldyhelix/Projects/www/backend_rmi/vendor/laravel/framework/src/Illuminate/Pipeline/Pipeline.php(167): App\\Http\\Middleware\\CheckIfBillingInfoRequired->handle(Object(Illuminate\\Http\\Request), Object(Closure))
#37 /Users/aldyhelix/Projects/www/backend_rmi/app/Http/Middleware/VerifyUserIsSubscribed.php(25): Illuminate\\Pipeline\\Pipeline->Illuminate\\Pipeline\\{closure}(Object(Illuminate\\Http\\Request))
#38 /Users/aldyhelix/Projects/www/backend_rmi/vendor/laravel/framework/src/Illuminate/Pipeline/Pipeline.php(167): App\\Http\\Middleware\\VerifyUserIsSubscribed->handle(Object(Illuminate\\Http\\Request), Object(Closure))
#39 /Users/aldyhelix/Projects/www/backend_rmi/app/Http/Middleware/CookieConsentMiddleware.php(21): Illuminate\\Pipeline\\Pipeline->Illuminate\\Pipeline\\{closure}(Object(Illuminate\\Http\\Request))
#40 /Users/aldyhelix/Projects/www/backend_rmi/vendor/laravel/framework/src/Illuminate/Pipeline/Pipeline.php(167): App\\Http\\Middleware\\CookieConsentMiddleware->handle(Object(Illuminate\\Http\\Request), Object(Closure))
#41 /Users/aldyhelix/Projects/www/backend_rmi/app/Http/Middleware/Language.php(64): Illuminate\\Pipeline\\Pipeline->Illuminate\\Pipeline\\{closure}(Object(Illuminate\\Http\\Request))
#42 /Users/aldyhelix/Projects/www/backend_rmi/vendor/laravel/framework/src/Illuminate/Pipeline/Pipeline.php(167): App\\Http\\Middleware\\Language->handle(Object(Illuminate\\Http\\Request), Object(Closure))
#43 /Users/aldyhelix/Projects/www/backend_rmi/app/Http/Middleware/InitSettings.php(8): Illuminate\\Pipeline\\Pipeline->Illuminate\\Pipeline\\{closure}(Object(Illuminate\\Http\\Request))
#44 /Users/aldyhelix/Projects/www/backend_rmi/vendor/laravel/framework/src/Illuminate/Pipeline/Pipeline.php(167): App\\Http\\Middleware\\InitSettings->handle(Object(Illuminate\\Http\\Request), Object(Closure))
#45 /Users/aldyhelix/Projects/www/backend_rmi/vendor/laravel/framework/src/Illuminate/Routing/Middleware/SubstituteBindings.php(50): Illuminate\\Pipeline\\Pipeline->Illuminate\\Pipeline\\{closure}(Object(Illuminate\\Http\\Request))
#46 /Users/aldyhelix/Projects/www/backend_rmi/vendor/laravel/framework/src/Illuminate/Pipeline/Pipeline.php(167): Illuminate\\Routing\\Middleware\\SubstituteBindings->handle(Object(Illuminate\\Http\\Request), Object(Closure))
#47 /Users/aldyhelix/Projects/www/backend_rmi/vendor/laravel/framework/src/Illuminate/Auth/Middleware/Authenticate.php(44): Illuminate\\Pipeline\\Pipeline->Illuminate\\Pipeline\\{closure}(Object(Illuminate\\Http\\Request))
#48 /Users/aldyhelix/Projects/www/backend_rmi/vendor/laravel/framework/src/Illuminate/Pipeline/Pipeline.php(167): Illuminate\\Auth\\Middleware\\Authenticate->handle(Object(Illuminate\\Http\\Request), Object(Closure))
#49 /Users/aldyhelix/Projects/www/backend_rmi/vendor/laravel/framework/src/Illuminate/Foundation/Http/Middleware/VerifyCsrfToken.php(78): Illuminate\\Pipeline\\Pipeline->Illuminate\\Pipeline\\{closure}(Object(Illuminate\\Http\\Request))
#50 /Users/aldyhelix/Projects/www/backend_rmi/vendor/laravel/framework/src/Illuminate/Pipeline/Pipeline.php(167): Illuminate\\Foundation\\Http\\Middleware\\VerifyCsrfToken->handle(Object(Illuminate\\Http\\Request), Object(Closure))
#51 /Users/aldyhelix/Projects/www/backend_rmi/vendor/laravel/framework/src/Illuminate/View/Middleware/ShareErrorsFromSession.php(49): Illuminate\\Pipeline\\Pipeline->Illuminate\\Pipeline\\{closure}(Object(Illuminate\\Http\\Request))
#52 /Users/aldyhelix/Projects/www/backend_rmi/vendor/laravel/framework/src/Illuminate/Pipeline/Pipeline.php(167): Illuminate\\View\\Middleware\\ShareErrorsFromSession->handle(Object(Illuminate\\Http\\Request), Object(Closure))
#53 /Users/aldyhelix/Projects/www/backend_rmi/vendor/laravel/framework/src/Illuminate/Session/Middleware/StartSession.php(121): Illuminate\\Pipeline\\Pipeline->Illuminate\\Pipeline\\{closure}(Object(Illuminate\\Http\\Request))
#54 /Users/aldyhelix/Projects/www/backend_rmi/vendor/laravel/framework/src/Illuminate/Session/Middleware/StartSession.php(64): Illuminate\\Session\\Middleware\\StartSession->handleStatefulRequest(Object(Illuminate\\Http\\Request), Object(Illuminate\\Session\\EncryptedStore), Object(Closure))
#55 /Users/aldyhelix/Projects/www/backend_rmi/vendor/laravel/framework/src/Illuminate/Pipeline/Pipeline.php(167): Illuminate\\Session\\Middleware\\StartSession->handle(Object(Illuminate\\Http\\Request), Object(Closure))
#56 /Users/aldyhelix/Projects/www/backend_rmi/vendor/laravel/framework/src/Illuminate/Cookie/Middleware/AddQueuedCookiesToResponse.php(37): Illuminate\\Pipeline\\Pipeline->Illuminate\\Pipeline\\{closure}(Object(Illuminate\\Http\\Request))
#57 /Users/aldyhelix/Projects/www/backend_rmi/vendor/laravel/framework/src/Illuminate/Pipeline/Pipeline.php(167): Illuminate\\Cookie\\Middleware\\AddQueuedCookiesToResponse->handle(Object(Illuminate\\Http\\Request), Object(Closure))
#58 /Users/aldyhelix/Projects/www/backend_rmi/vendor/laravel/framework/src/Illuminate/Cookie/Middleware/EncryptCookies.php(67): Illuminate\\Pipeline\\Pipeline->Illuminate\\Pipeline\\{closure}(Object(Illuminate\\Http\\Request))
#59 /Users/aldyhelix/Projects/www/backend_rmi/vendor/laravel/framework/src/Illuminate/Pipeline/Pipeline.php(167): Illuminate\\Cookie\\Middleware\\EncryptCookies->handle(Object(Illuminate\\Http\\Request), Object(Closure))
#60 /Users/aldyhelix/Projects/www/backend_rmi/vendor/laravel/framework/src/Illuminate/Pipeline/Pipeline.php(103): Illuminate\\Pipeline\\Pipeline->Illuminate\\Pipeline\\{closure}(Object(Illuminate\\Http\\Request))
#61 /Users/aldyhelix/Projects/www/backend_rmi/vendor/laravel/framework/src/Illuminate/Routing/Router.php(719): Illuminate\\Pipeline\\Pipeline->then(Object(Closure))
#62 /Users/aldyhelix/Projects/www/backend_rmi/vendor/laravel/framework/src/Illuminate/Routing/Router.php(698): Illuminate\\Routing\\Router->runRouteWithinStack(Object(Illuminate\\Routing\\Route), Object(Illuminate\\Http\\Request))
#63 /Users/aldyhelix/Projects/www/backend_rmi/vendor/laravel/framework/src/Illuminate/Routing/Router.php(662): Illuminate\\Routing\\Router->runRoute(Object(Illuminate\\Http\\Request), Object(Illuminate\\Routing\\Route))
#64 /Users/aldyhelix/Projects/www/backend_rmi/vendor/laravel/framework/src/Illuminate/Routing/Router.php(651): Illuminate\\Routing\\Router->dispatchToRoute(Object(Illuminate\\Http\\Request))
#65 /Users/aldyhelix/Projects/www/backend_rmi/vendor/laravel/framework/src/Illuminate/Foundation/Http/Kernel.php(167): Illuminate\\Routing\\Router->dispatch(Object(Illuminate\\Http\\Request))
#66 /Users/aldyhelix/Projects/www/backend_rmi/vendor/laravel/framework/src/Illuminate/Pipeline/Pipeline.php(128): Illuminate\\Foundation\\Http\\Kernel->Illuminate\\Foundation\\Http\\{closure}(Object(Illuminate\\Http\\Request))
#67 /Users/aldyhelix/Projects/www/backend_rmi/vendor/livewire/livewire/src/DisableBrowserCache.php(19): Illuminate\\Pipeline\\Pipeline->Illuminate\\Pipeline\\{closure}(Object(Illuminate\\Http\\Request))
#68 /Users/aldyhelix/Projects/www/backend_rmi/vendor/laravel/framework/src/Illuminate/Pipeline/Pipeline.php(167): Livewire\\DisableBrowserCache->handle(Object(Illuminate\\Http\\Request), Object(Closure))
#69 /Users/aldyhelix/Projects/www/backend_rmi/vendor/barryvdh/laravel-debugbar/src/Middleware/InjectDebugbar.php(66): Illuminate\\Pipeline\\Pipeline->Illuminate\\Pipeline\\{closure}(Object(Illuminate\\Http\\Request))
#70 /Users/aldyhelix/Projects/www/backend_rmi/vendor/laravel/framework/src/Illuminate/Pipeline/Pipeline.php(167): Barryvdh\\Debugbar\\Middleware\\InjectDebugbar->handle(Object(Illuminate\\Http\\Request), Object(Closure))
#71 /Users/aldyhelix/Projects/www/backend_rmi/app/Http/Middleware/CheckForInstallation.php(19): Illuminate\\Pipeline\\Pipeline->Illuminate\\Pipeline\\{closure}(Object(Illuminate\\Http\\Request))
#72 /Users/aldyhelix/Projects/www/backend_rmi/vendor/laravel/framework/src/Illuminate/Pipeline/Pipeline.php(167): App\\Http\\Middleware\\CheckForInstallation->handle(Object(Illuminate\\Http\\Request), Object(Closure))
#73 /Users/aldyhelix/Projects/www/backend_rmi/vendor/laravel/framework/src/Illuminate/Foundation/Http/Middleware/TransformsRequest.php(21): Illuminate\\Pipeline\\Pipeline->Illuminate\\Pipeline\\{closure}(Object(Illuminate\\Http\\Request))
#74 /Users/aldyhelix/Projects/www/backend_rmi/vendor/laravel/framework/src/Illuminate/Foundation/Http/Middleware/ConvertEmptyStringsToNull.php(31): Illuminate\\Foundation\\Http\\Middleware\\TransformsRequest->handle(Object(Illuminate\\Http\\Request), Object(Closure))
#75 /Users/aldyhelix/Projects/www/backend_rmi/vendor/laravel/framework/src/Illuminate/Pipeline/Pipeline.php(167): Illuminate\\Foundation\\Http\\Middleware\\ConvertEmptyStringsToNull->handle(Object(Illuminate\\Http\\Request), Object(Closure))
#76 /Users/aldyhelix/Projects/www/backend_rmi/vendor/laravel/framework/src/Illuminate/Foundation/Http/Middleware/TransformsRequest.php(21): Illuminate\\Pipeline\\Pipeline->Illuminate\\Pipeline\\{closure}(Object(Illuminate\\Http\\Request))
#77 /Users/aldyhelix/Projects/www/backend_rmi/vendor/laravel/framework/src/Illuminate/Foundation/Http/Middleware/TrimStrings.php(40): Illuminate\\Foundation\\Http\\Middleware\\TransformsRequest->handle(Object(Illuminate\\Http\\Request), Object(Closure))
#78 /Users/aldyhelix/Projects/www/backend_rmi/vendor/laravel/framework/src/Illuminate/Pipeline/Pipeline.php(167): Illuminate\\Foundation\\Http\\Middleware\\TrimStrings->handle(Object(Illuminate\\Http\\Request), Object(Closure))
#79 /Users/aldyhelix/Projects/www/backend_rmi/vendor/laravel/framework/src/Illuminate/Foundation/Http/Middleware/ValidatePostSize.php(27): Illuminate\\Pipeline\\Pipeline->Illuminate\\Pipeline\\{closure}(Object(Illuminate\\Http\\Request))
#80 /Users/aldyhelix/Projects/www/backend_rmi/vendor/laravel/framework/src/Illuminate/Pipeline/Pipeline.php(167): Illuminate\\Foundation\\Http\\Middleware\\ValidatePostSize->handle(Object(Illuminate\\Http\\Request), Object(Closure))
#81 /Users/aldyhelix/Projects/www/backend_rmi/vendor/laravel/framework/src/Illuminate/Foundation/Http/Middleware/PreventRequestsDuringMaintenance.php(86): Illuminate\\Pipeline\\Pipeline->Illuminate\\Pipeline\\{closure}(Object(Illuminate\\Http\\Request))
#82 /Users/aldyhelix/Projects/www/backend_rmi/vendor/laravel/framework/src/Illuminate/Pipeline/Pipeline.php(167): Illuminate\\Foundation\\Http\\Middleware\\PreventRequestsDuringMaintenance->handle(Object(Illuminate\\Http\\Request), Object(Closure))
#83 /Users/aldyhelix/Projects/www/backend_rmi/vendor/fruitcake/laravel-cors/src/HandleCors.php(38): Illuminate\\Pipeline\\Pipeline->Illuminate\\Pipeline\\{closure}(Object(Illuminate\\Http\\Request))
#84 /Users/aldyhelix/Projects/www/backend_rmi/vendor/laravel/framework/src/Illuminate/Pipeline/Pipeline.php(167): Fruitcake\\Cors\\HandleCors->handle(Object(Illuminate\\Http\\Request), Object(Closure))
#85 /Users/aldyhelix/Projects/www/backend_rmi/vendor/laravel/framework/src/Illuminate/Http/Middleware/TrustProxies.php(39): Illuminate\\Pipeline\\Pipeline->Illuminate\\Pipeline\\{closure}(Object(Illuminate\\Http\\Request))
#86 /Users/aldyhelix/Projects/www/backend_rmi/vendor/laravel/framework/src/Illuminate/Pipeline/Pipeline.php(167): Illuminate\\Http\\Middleware\\TrustProxies->handle(Object(Illuminate\\Http\\Request), Object(Closure))
#87 /Users/aldyhelix/Projects/www/backend_rmi/vendor/laravel/framework/src/Illuminate/Pipeline/Pipeline.php(103): Illuminate\\Pipeline\\Pipeline->Illuminate\\Pipeline\\{closure}(Object(Illuminate\\Http\\Request))
#88 /Users/aldyhelix/Projects/www/backend_rmi/vendor/laravel/framework/src/Illuminate/Foundation/Http/Kernel.php(142): Illuminate\\Pipeline\\Pipeline->then(Object(Closure))
#89 /Users/aldyhelix/Projects/www/backend_rmi/vendor/laravel/framework/src/Illuminate/Foundation/Http/Kernel.php(111): Illuminate\\Foundation\\Http\\Kernel->sendRequestThroughRouter(Object(Illuminate\\Http\\Request))
#90 /Users/aldyhelix/Projects/www/backend_rmi/public/index.php(58): Illuminate\\Foundation\\Http\\Kernel->handle(Object(Illuminate\\Http\\Request))
#91 /Applications/Herd.app/Contents/Resources/valet/server.php(153): require('/Users/aldyheli...')
#92 {main}

[previous exception] [object] (PDOException(code: 23000): SQLSTATE[23000]: Integrity constraint violation: 1052 Column 'created_at' in field list is ambiguous at /Users/aldyhelix/Projects/www/backend_rmi/vendor/laravel/framework/src/Illuminate/Database/Connection.php:368)
[stacktrace]
#0 /Users/aldyhelix/Projects/www/backend_rmi/vendor/laravel/framework/src/Illuminate/Database/Connection.php(368): PDO->prepare('select DATE(cre...')
#1 /Users/aldyhelix/Projects/www/backend_rmi/vendor/laravel/framework/src/Illuminate/Database/Connection.php(705): Illuminate\\Database\\Connection->Illuminate\\Database\\{closure}('select DATE(cre...', Array)
#2 /Users/aldyhelix/Projects/www/backend_rmi/vendor/laravel/framework/src/Illuminate/Database/Connection.php(672): Illuminate\\Database\\Connection->runQueryCallback('select DATE(cre...', Array, Object(Closure))
#3 /Users/aldyhelix/Projects/www/backend_rmi/vendor/laravel/framework/src/Illuminate/Database/Connection.php(359): Illuminate\\Database\\Connection->run('select DATE(cre...', Array, Object(Closure))
#4 /Users/aldyhelix/Projects/www/backend_rmi/vendor/laravel/framework/src/Illuminate/Database/Query/Builder.php(2413): Illuminate\\Database\\Connection->select('select DATE(cre...', Array, true)
#5 /Users/aldyhelix/Projects/www/backend_rmi/vendor/laravel/framework/src/Illuminate/Database/Query/Builder.php(2402): Illuminate\\Database\\Query\\Builder->runSelect()
#6 /Users/aldyhelix/Projects/www/backend_rmi/vendor/laravel/framework/src/Illuminate/Database/Query/Builder.php(2936): Illuminate\\Database\\Query\\Builder->Illuminate\\Database\\Query\\{closure}()
#7 /Users/aldyhelix/Projects/www/backend_rmi/vendor/laravel/framework/src/Illuminate/Database/Query/Builder.php(2401): Illuminate\\Database\\Query\\Builder->onceWithColumns(Array, Object(Closure))
#8 /Users/aldyhelix/Projects/www/backend_rmi/app/Http/Livewire/Dashboard.php(685): Illuminate\\Database\\Query\\Builder->get()
#9 /Users/aldyhelix/Projects/www/backend_rmi/app/Http/Livewire/Dashboard.php(270): App\\Http\\Livewire\\Dashboard->updatedChart1DataD3()
#10 /Users/aldyhelix/Projects/www/backend_rmi/app/Http/Livewire/Dashboard.php(127): App\\Http\\Livewire\\Dashboard->updateChartSection()
#11 /Users/aldyhelix/Projects/www/backend_rmi/vendor/laravel/framework/src/Illuminate/Container/BoundMethod.php(36): App\\Http\\Livewire\\Dashboard->mount(9, 0, 7, 0, 16, 0, 0, 0, 0, 0, 0, 0, 0, 0)
#12 /Users/aldyhelix/Projects/www/backend_rmi/vendor/laravel/framework/src/Illuminate/Container/Util.php(40): Illuminate\\Container\\BoundMethod::Illuminate\\Container\\{closure}()
#13 /Users/aldyhelix/Projects/www/backend_rmi/vendor/laravel/framework/src/Illuminate/Container/BoundMethod.php(93): Illuminate\\Container\\Util::unwrapIfClosure(Object(Closure))
#14 /Users/aldyhelix/Projects/www/backend_rmi/vendor/laravel/framework/src/Illuminate/Container/BoundMethod.php(35): Illuminate\\Container\\BoundMethod::callBoundMethod(Object(Illuminate\\Foundation\\Application), Array, Object(Closure))
#15 /Users/aldyhelix/Projects/www/backend_rmi/vendor/livewire/livewire/src/LifecycleManager.php(114): Illuminate\\Container\\BoundMethod::call(Object(Illuminate\\Foundation\\Application), Array, Array)
#16 /Users/aldyhelix/Projects/www/backend_rmi/vendor/livewire/livewire/src/LivewireManager.php(130): Livewire\\LifecycleManager->mount(Array)
#17 /Users/aldyhelix/Projects/www/backend_rmi/vendor/laravel/framework/src/Illuminate/Support/Facades/Facade.php(261): Livewire\\LivewireManager->mount('dashboard', Array)
#18 /Users/aldyhelix/Projects/www/backend_rmi/storage/framework/views/7614a377bf597da1c7ed67416eae576b7feee755.php(13): Illuminate\\Support\\Facades\\Facade::__callStatic('mount', Array)
#19 /Users/aldyhelix/Projects/www/backend_rmi/vendor/laravel/framework/src/Illuminate/Filesystem/Filesystem.php(107): require('/Users/aldyheli...')
#20 /Users/aldyhelix/Projects/www/backend_rmi/vendor/laravel/framework/src/Illuminate/Filesystem/Filesystem.php(108): Illuminate\\Filesystem\\Filesystem::Illuminate\\Filesystem\\{closure}()
#21 /Users/aldyhelix/Projects/www/backend_rmi/vendor/laravel/framework/src/Illuminate/View/Engines/PhpEngine.php(58): Illuminate\\Filesystem\\Filesystem->getRequire('/Users/aldyheli...', Array)
#22 /Users/aldyhelix/Projects/www/backend_rmi/vendor/livewire/livewire/src/ComponentConcerns/RendersLivewireComponents.php(69): Illuminate\\View\\Engines\\PhpEngine->evaluatePath('/Users/aldyheli...', Array)
#23 /Users/aldyhelix/Projects/www/backend_rmi/vendor/laravel/framework/src/Illuminate/View/Engines/CompilerEngine.php(61): Livewire\\CompilerEngineForIgnition->evaluatePath('/Users/aldyheli...', Array)
#24 /Users/aldyhelix/Projects/www/backend_rmi/vendor/facade/ignition/src/Views/Engines/CompilerEngine.php(37): Illuminate\\View\\Engines\\CompilerEngine->get('/Users/aldyheli...', Array)
#25 /Users/aldyhelix/Projects/www/backend_rmi/vendor/livewire/livewire/src/ComponentConcerns/RendersLivewireComponents.php(35): Facade\\Ignition\\Views\\Engines\\CompilerEngine->get('/Users/aldyheli...', Array)
#26 /Users/aldyhelix/Projects/www/backend_rmi/vendor/laravel/framework/src/Illuminate/View/View.php(139): Livewire\\CompilerEngineForIgnition->get('/Users/aldyheli...', Array)
#27 /Users/aldyhelix/Projects/www/backend_rmi/vendor/laravel/framework/src/Illuminate/View/View.php(122): Illuminate\\View\\View->getContents()
#28 /Users/aldyhelix/Projects/www/backend_rmi/vendor/laravel/framework/src/Illuminate/View/View.php(91): Illuminate\\View\\View->renderContents()
#29 /Users/aldyhelix/Projects/www/backend_rmi/vendor/laravel/framework/src/Illuminate/Http/Response.php(69): Illuminate\\View\\View->render()
#30 /Users/aldyhelix/Projects/www/backend_rmi/vendor/laravel/framework/src/Illuminate/Http/Response.php(35): Illuminate\\Http\\Response->setContent(Object(Illuminate\\View\\View))
#31 /Users/aldyhelix/Projects/www/backend_rmi/vendor/laravel/framework/src/Illuminate/Routing/Router.php(820): Illuminate\\Http\\Response->__construct(Object(Illuminate\\View\\View), 200, Array)
#32 /Users/aldyhelix/Projects/www/backend_rmi/vendor/laravel/framework/src/Illuminate/Routing/Router.php(789): Illuminate\\Routing\\Router::toResponse(Object(Illuminate\\Http\\Request), Object(Illuminate\\View\\View))
#33 /Users/aldyhelix/Projects/www/backend_rmi/vendor/laravel/framework/src/Illuminate/Routing/Router.php(720): Illuminate\\Routing\\Router->prepareResponse(Object(Illuminate\\Http\\Request), Object(Illuminate\\View\\View))
#34 /Users/aldyhelix/Projects/www/backend_rmi/vendor/laravel/framework/src/Illuminate/Pipeline/Pipeline.php(128): Illuminate\\Routing\\Router->Illuminate\\Routing\\{closure}(Object(Illuminate\\Http\\Request))
#35 /Users/aldyhelix/Projects/www/backend_rmi/app/Http/Middleware/DashboardSetup.php(22): Illuminate\\Pipeline\\Pipeline->Illuminate\\Pipeline\\{closure}(Object(Illuminate\\Http\\Request))
#36 /Users/aldyhelix/Projects/www/backend_rmi/vendor/laravel/framework/src/Illuminate/Pipeline/Pipeline.php(167): App\\Http\\Middleware\\DashboardSetup->handle(Object(Illuminate\\Http\\Request), Object(Closure))
#37 /Users/aldyhelix/Projects/www/backend_rmi/app/Http/Middleware/CheckIfBillingInfoRequired.php(24): Illuminate\\Pipeline\\Pipeline->Illuminate\\Pipeline\\{closure}(Object(Illuminate\\Http\\Request))
#38 /Users/aldyhelix/Projects/www/backend_rmi/vendor/laravel/framework/src/Illuminate/Pipeline/Pipeline.php(167): App\\Http\\Middleware\\CheckIfBillingInfoRequired->handle(Object(Illuminate\\Http\\Request), Object(Closure))
#39 /Users/aldyhelix/Projects/www/backend_rmi/app/Http/Middleware/VerifyUserIsSubscribed.php(25): Illuminate\\Pipeline\\Pipeline->Illuminate\\Pipeline\\{closure}(Object(Illuminate\\Http\\Request))
#40 /Users/aldyhelix/Projects/www/backend_rmi/vendor/laravel/framework/src/Illuminate/Pipeline/Pipeline.php(167): App\\Http\\Middleware\\VerifyUserIsSubscribed->handle(Object(Illuminate\\Http\\Request), Object(Closure))
#41 /Users/aldyhelix/Projects/www/backend_rmi/app/Http/Middleware/CookieConsentMiddleware.php(21): Illuminate\\Pipeline\\Pipeline->Illuminate\\Pipeline\\{closure}(Object(Illuminate\\Http\\Request))
#42 /Users/aldyhelix/Projects/www/backend_rmi/vendor/laravel/framework/src/Illuminate/Pipeline/Pipeline.php(167): App\\Http\\Middleware\\CookieConsentMiddleware->handle(Object(Illuminate\\Http\\Request), Object(Closure))
#43 /Users/aldyhelix/Projects/www/backend_rmi/app/Http/Middleware/Language.php(64): Illuminate\\Pipeline\\Pipeline->Illuminate\\Pipeline\\{closure}(Object(Illuminate\\Http\\Request))
#44 /Users/aldyhelix/Projects/www/backend_rmi/vendor/laravel/framework/src/Illuminate/Pipeline/Pipeline.php(167): App\\Http\\Middleware\\Language->handle(Object(Illuminate\\Http\\Request), Object(Closure))
#45 /Users/aldyhelix/Projects/www/backend_rmi/app/Http/Middleware/InitSettings.php(8): Illuminate\\Pipeline\\Pipeline->Illuminate\\Pipeline\\{closure}(Object(Illuminate\\Http\\Request))
#46 /Users/aldyhelix/Projects/www/backend_rmi/vendor/laravel/framework/src/Illuminate/Pipeline/Pipeline.php(167): App\\Http\\Middleware\\InitSettings->handle(Object(Illuminate\\Http\\Request), Object(Closure))
#47 /Users/aldyhelix/Projects/www/backend_rmi/vendor/laravel/framework/src/Illuminate/Routing/Middleware/SubstituteBindings.php(50): Illuminate\\Pipeline\\Pipeline->Illuminate\\Pipeline\\{closure}(Object(Illuminate\\Http\\Request))
#48 /Users/aldyhelix/Projects/www/backend_rmi/vendor/laravel/framework/src/Illuminate/Pipeline/Pipeline.php(167): Illuminate\\Routing\\Middleware\\SubstituteBindings->handle(Object(Illuminate\\Http\\Request), Object(Closure))
#49 /Users/aldyhelix/Projects/www/backend_rmi/vendor/laravel/framework/src/Illuminate/Auth/Middleware/Authenticate.php(44): Illuminate\\Pipeline\\Pipeline->Illuminate\\Pipeline\\{closure}(Object(Illuminate\\Http\\Request))
#50 /Users/aldyhelix/Projects/www/backend_rmi/vendor/laravel/framework/src/Illuminate/Pipeline/Pipeline.php(167): Illuminate\\Auth\\Middleware\\Authenticate->handle(Object(Illuminate\\Http\\Request), Object(Closure))
#51 /Users/aldyhelix/Projects/www/backend_rmi/vendor/laravel/framework/src/Illuminate/Foundation/Http/Middleware/VerifyCsrfToken.php(78): Illuminate\\Pipeline\\Pipeline->Illuminate\\Pipeline\\{closure}(Object(Illuminate\\Http\\Request))
#52 /Users/aldyhelix/Projects/www/backend_rmi/vendor/laravel/framework/src/Illuminate/Pipeline/Pipeline.php(167): Illuminate\\Foundation\\Http\\Middleware\\VerifyCsrfToken->handle(Object(Illuminate\\Http\\Request), Object(Closure))
#53 /Users/aldyhelix/Projects/www/backend_rmi/vendor/laravel/framework/src/Illuminate/View/Middleware/ShareErrorsFromSession.php(49): Illuminate\\Pipeline\\Pipeline->Illuminate\\Pipeline\\{closure}(Object(Illuminate\\Http\\Request))
#54 /Users/aldyhelix/Projects/www/backend_rmi/vendor/laravel/framework/src/Illuminate/Pipeline/Pipeline.php(167): Illuminate\\View\\Middleware\\ShareErrorsFromSession->handle(Object(Illuminate\\Http\\Request), Object(Closure))
#55 /Users/aldyhelix/Projects/www/backend_rmi/vendor/laravel/framework/src/Illuminate/Session/Middleware/StartSession.php(121): Illuminate\\Pipeline\\Pipeline->Illuminate\\Pipeline\\{closure}(Object(Illuminate\\Http\\Request))
#56 /Users/aldyhelix/Projects/www/backend_rmi/vendor/laravel/framework/src/Illuminate/Session/Middleware/StartSession.php(64): Illuminate\\Session\\Middleware\\StartSession->handleStatefulRequest(Object(Illuminate\\Http\\Request), Object(Illuminate\\Session\\EncryptedStore), Object(Closure))
#57 /Users/aldyhelix/Projects/www/backend_rmi/vendor/laravel/framework/src/Illuminate/Pipeline/Pipeline.php(167): Illuminate\\Session\\Middleware\\StartSession->handle(Object(Illuminate\\Http\\Request), Object(Closure))
#58 /Users/aldyhelix/Projects/www/backend_rmi/vendor/laravel/framework/src/Illuminate/Cookie/Middleware/AddQueuedCookiesToResponse.php(37): Illuminate\\Pipeline\\Pipeline->Illuminate\\Pipeline\\{closure}(Object(Illuminate\\Http\\Request))
#59 /Users/aldyhelix/Projects/www/backend_rmi/vendor/laravel/framework/src/Illuminate/Pipeline/Pipeline.php(167): Illuminate\\Cookie\\Middleware\\AddQueuedCookiesToResponse->handle(Object(Illuminate\\Http\\Request), Object(Closure))
#60 /Users/aldyhelix/Projects/www/backend_rmi/vendor/laravel/framework/src/Illuminate/Cookie/Middleware/EncryptCookies.php(67): Illuminate\\Pipeline\\Pipeline->Illuminate\\Pipeline\\{closure}(Object(Illuminate\\Http\\Request))
#61 /Users/aldyhelix/Projects/www/backend_rmi/vendor/laravel/framework/src/Illuminate/Pipeline/Pipeline.php(167): Illuminate\\Cookie\\Middleware\\EncryptCookies->handle(Object(Illuminate\\Http\\Request), Object(Closure))
#62 /Users/aldyhelix/Projects/www/backend_rmi/vendor/laravel/framework/src/Illuminate/Pipeline/Pipeline.php(103): Illuminate\\Pipeline\\Pipeline->Illuminate\\Pipeline\\{closure}(Object(Illuminate\\Http\\Request))
#63 /Users/aldyhelix/Projects/www/backend_rmi/vendor/laravel/framework/src/Illuminate/Routing/Router.php(719): Illuminate\\Pipeline\\Pipeline->then(Object(Closure))
#64 /Users/aldyhelix/Projects/www/backend_rmi/vendor/laravel/framework/src/Illuminate/Routing/Router.php(698): Illuminate\\Routing\\Router->runRouteWithinStack(Object(Illuminate\\Routing\\Route), Object(Illuminate\\Http\\Request))
#65 /Users/aldyhelix/Projects/www/backend_rmi/vendor/laravel/framework/src/Illuminate/Routing/Router.php(662): Illuminate\\Routing\\Router->runRoute(Object(Illuminate\\Http\\Request), Object(Illuminate\\Routing\\Route))
#66 /Users/aldyhelix/Projects/www/backend_rmi/vendor/laravel/framework/src/Illuminate/Routing/Router.php(651): Illuminate\\Routing\\Router->dispatchToRoute(Object(Illuminate\\Http\\Request))
#67 /Users/aldyhelix/Projects/www/backend_rmi/vendor/laravel/framework/src/Illuminate/Foundation/Http/Kernel.php(167): Illuminate\\Routing\\Router->dispatch(Object(Illuminate\\Http\\Request))
#68 /Users/aldyhelix/Projects/www/backend_rmi/vendor/laravel/framework/src/Illuminate/Pipeline/Pipeline.php(128): Illuminate\\Foundation\\Http\\Kernel->Illuminate\\Foundation\\Http\\{closure}(Object(Illuminate\\Http\\Request))
#69 /Users/aldyhelix/Projects/www/backend_rmi/vendor/livewire/livewire/src/DisableBrowserCache.php(19): Illuminate\\Pipeline\\Pipeline->Illuminate\\Pipeline\\{closure}(Object(Illuminate\\Http\\Request))
#70 /Users/aldyhelix/Projects/www/backend_rmi/vendor/laravel/framework/src/Illuminate/Pipeline/Pipeline.php(167): Livewire\\DisableBrowserCache->handle(Object(Illuminate\\Http\\Request), Object(Closure))
#71 /Users/aldyhelix/Projects/www/backend_rmi/vendor/barryvdh/laravel-debugbar/src/Middleware/InjectDebugbar.php(66): Illuminate\\Pipeline\\Pipeline->Illuminate\\Pipeline\\{closure}(Object(Illuminate\\Http\\Request))
#72 /Users/aldyhelix/Projects/www/backend_rmi/vendor/laravel/framework/src/Illuminate/Pipeline/Pipeline.php(167): Barryvdh\\Debugbar\\Middleware\\InjectDebugbar->handle(Object(Illuminate\\Http\\Request), Object(Closure))
#73 /Users/aldyhelix/Projects/www/backend_rmi/app/Http/Middleware/CheckForInstallation.php(19): Illuminate\\Pipeline\\Pipeline->Illuminate\\Pipeline\\{closure}(Object(Illuminate\\Http\\Request))
#74 /Users/aldyhelix/Projects/www/backend_rmi/vendor/laravel/framework/src/Illuminate/Pipeline/Pipeline.php(167): App\\Http\\Middleware\\CheckForInstallation->handle(Object(Illuminate\\Http\\Request), Object(Closure))
#75 /Users/aldyhelix/Projects/www/backend_rmi/vendor/laravel/framework/src/Illuminate/Foundation/Http/Middleware/TransformsRequest.php(21): Illuminate\\Pipeline\\Pipeline->Illuminate\\Pipeline\\{closure}(Object(Illuminate\\Http\\Request))
#76 /Users/aldyhelix/Projects/www/backend_rmi/vendor/laravel/framework/src/Illuminate/Foundation/Http/Middleware/ConvertEmptyStringsToNull.php(31): Illuminate\\Foundation\\Http\\Middleware\\TransformsRequest->handle(Object(Illuminate\\Http\\Request), Object(Closure))
#77 /Users/aldyhelix/Projects/www/backend_rmi/vendor/laravel/framework/src/Illuminate/Pipeline/Pipeline.php(167): Illuminate\\Foundation\\Http\\Middleware\\ConvertEmptyStringsToNull->handle(Object(Illuminate\\Http\\Request), Object(Closure))
#78 /Users/aldyhelix/Projects/www/backend_rmi/vendor/laravel/framework/src/Illuminate/Foundation/Http/Middleware/TransformsRequest.php(21): Illuminate\\Pipeline\\Pipeline->Illuminate\\Pipeline\\{closure}(Object(Illuminate\\Http\\Request))
#79 /Users/aldyhelix/Projects/www/backend_rmi/vendor/laravel/framework/src/Illuminate/Foundation/Http/Middleware/TrimStrings.php(40): Illuminate\\Foundation\\Http\\Middleware\\TransformsRequest->handle(Object(Illuminate\\Http\\Request), Object(Closure))
#80 /Users/aldyhelix/Projects/www/backend_rmi/vendor/laravel/framework/src/Illuminate/Pipeline/Pipeline.php(167): Illuminate\\Foundation\\Http\\Middleware\\TrimStrings->handle(Object(Illuminate\\Http\\Request), Object(Closure))
#81 /Users/aldyhelix/Projects/www/backend_rmi/vendor/laravel/framework/src/Illuminate/Foundation/Http/Middleware/ValidatePostSize.php(27): Illuminate\\Pipeline\\Pipeline->Illuminate\\Pipeline\\{closure}(Object(Illuminate\\Http\\Request))
#82 /Users/aldyhelix/Projects/www/backend_rmi/vendor/laravel/framework/src/Illuminate/Pipeline/Pipeline.php(167): Illuminate\\Foundation\\Http\\Middleware\\ValidatePostSize->handle(Object(Illuminate\\Http\\Request), Object(Closure))
#83 /Users/aldyhelix/Projects/www/backend_rmi/vendor/laravel/framework/src/Illuminate/Foundation/Http/Middleware/PreventRequestsDuringMaintenance.php(86): Illuminate\\Pipeline\\Pipeline->Illuminate\\Pipeline\\{closure}(Object(Illuminate\\Http\\Request))
#84 /Users/aldyhelix/Projects/www/backend_rmi/vendor/laravel/framework/src/Illuminate/Pipeline/Pipeline.php(167): Illuminate\\Foundation\\Http\\Middleware\\PreventRequestsDuringMaintenance->handle(Object(Illuminate\\Http\\Request), Object(Closure))
#85 /Users/aldyhelix/Projects/www/backend_rmi/vendor/fruitcake/laravel-cors/src/HandleCors.php(38): Illuminate\\Pipeline\\Pipeline->Illuminate\\Pipeline\\{closure}(Object(Illuminate\\Http\\Request))
#86 /Users/aldyhelix/Projects/www/backend_rmi/vendor/laravel/framework/src/Illuminate/Pipeline/Pipeline.php(167): Fruitcake\\Cors\\HandleCors->handle(Object(Illuminate\\Http\\Request), Object(Closure))
#87 /Users/aldyhelix/Projects/www/backend_rmi/vendor/laravel/framework/src/Illuminate/Http/Middleware/TrustProxies.php(39): Illuminate\\Pipeline\\Pipeline->Illuminate\\Pipeline\\{closure}(Object(Illuminate\\Http\\Request))
#88 /Users/aldyhelix/Projects/www/backend_rmi/vendor/laravel/framework/src/Illuminate/Pipeline/Pipeline.php(167): Illuminate\\Http\\Middleware\\TrustProxies->handle(Object(Illuminate\\Http\\Request), Object(Closure))
#89 /Users/aldyhelix/Projects/www/backend_rmi/vendor/laravel/framework/src/Illuminate/Pipeline/Pipeline.php(103): Illuminate\\Pipeline\\Pipeline->Illuminate\\Pipeline\\{closure}(Object(Illuminate\\Http\\Request))
#90 /Users/aldyhelix/Projects/www/backend_rmi/vendor/laravel/framework/src/Illuminate/Foundation/Http/Kernel.php(142): Illuminate\\Pipeline\\Pipeline->then(Object(Closure))
#91 /Users/aldyhelix/Projects/www/backend_rmi/vendor/laravel/framework/src/Illuminate/Foundation/Http/Kernel.php(111): Illuminate\\Foundation\\Http\\Kernel->sendRequestThroughRouter(Object(Illuminate\\Http\\Request))
#92 /Users/aldyhelix/Projects/www/backend_rmi/public/index.php(58): Illuminate\\Foundation\\Http\\Kernel->handle(Object(Illuminate\\Http\\Request))
#93 /Applications/Herd.app/Contents/Resources/valet/server.php(153): require('/Users/aldyheli...')
#94 {main}
"} 
[2024-06-23 04:27:17] production.ERROR: SQLSTATE[42000]: Syntax error or access violation: 1064 You have an error in your SQL syntax; check the manual that corresponds to your MySQL server version for the right syntax to use near '*) AS count from `orders` as `o` inner join `order_items` as `oi` on `o`.`id` = ' at line 1 (SQL: select DATE(o.created_at) AS order_date, COUNT(o.*) AS count from `orders` as `o` inner join `order_items` as `oi` on `o`.`id` = `oi`.`order_id` inner join `inventories` as `i` on `oi`.`inventory_id` = `i`.`id` inner join `products` as `p` on `i`.`product_id` = `p`.`id` inner join `customers` as `cust` on `o`.`customer_id` = `cust`.`id` where `customer_id` is not null and `o`.`created_at` between 2024-06-17 and 2024-06-23 and `o`.`order_status_id` <> 8 group by `order_date`) (View: /Users/aldyhelix/Projects/www/backend_rmi/resources/views/admin/dashboard/platform.blade.php) {"view":{"view":"/Users/aldyhelix/Projects/www/backend_rmi/vendor/laravel/framework/src/Illuminate/Database/Connection.php","data":[]},"userId":1,"exception":"[object] (Facade\\Ignition\\Exceptions\\ViewException(code: 0): SQLSTATE[42000]: Syntax error or access violation: 1064 You have an error in your SQL syntax; check the manual that corresponds to your MySQL server version for the right syntax to use near '*) AS count from `orders` as `o` inner join `order_items` as `oi` on `o`.`id` = ' at line 1 (SQL: select DATE(o.created_at) AS order_date, COUNT(o.*) AS count from `orders` as `o` inner join `order_items` as `oi` on `o`.`id` = `oi`.`order_id` inner join `inventories` as `i` on `oi`.`inventory_id` = `i`.`id` inner join `products` as `p` on `i`.`product_id` = `p`.`id` inner join `customers` as `cust` on `o`.`customer_id` = `cust`.`id` where `customer_id` is not null and `o`.`created_at` between 2024-06-17 and 2024-06-23 and `o`.`order_status_id` <> 8 group by `order_date`) (View: /Users/aldyhelix/Projects/www/backend_rmi/resources/views/admin/dashboard/platform.blade.php) at /Users/aldyhelix/Projects/www/backend_rmi/vendor/laravel/framework/src/Illuminate/Database/Connection.php:712)
[stacktrace]
#0 /Users/aldyhelix/Projects/www/backend_rmi/vendor/laravel/framework/src/Illuminate/Database/Connection.php(672): Illuminate\\Database\\Connection->runQueryCallback('select DATE(o.c...', Array, Object(Closure))
#1 /Users/aldyhelix/Projects/www/backend_rmi/vendor/laravel/framework/src/Illuminate/Database/Connection.php(359): Illuminate\\Database\\Connection->run('select DATE(o.c...', Array, Object(Closure))
#2 /Users/aldyhelix/Projects/www/backend_rmi/vendor/laravel/framework/src/Illuminate/Database/Query/Builder.php(2413): Illuminate\\Database\\Connection->select('select DATE(o.c...', Array, true)
#3 /Users/aldyhelix/Projects/www/backend_rmi/vendor/laravel/framework/src/Illuminate/Database/Query/Builder.php(2402): Illuminate\\Database\\Query\\Builder->runSelect()
#4 /Users/aldyhelix/Projects/www/backend_rmi/vendor/laravel/framework/src/Illuminate/Database/Query/Builder.php(2936): Illuminate\\Database\\Query\\Builder->Illuminate\\Database\\Query\\{closure}()
#5 /Users/aldyhelix/Projects/www/backend_rmi/vendor/laravel/framework/src/Illuminate/Database/Query/Builder.php(2401): Illuminate\\Database\\Query\\Builder->onceWithColumns(Array, Object(Closure))
#6 /Users/aldyhelix/Projects/www/backend_rmi/app/Http/Livewire/Dashboard.php(645): Illuminate\\Database\\Query\\Builder->get()
#7 /Users/aldyhelix/Projects/www/backend_rmi/app/Http/Livewire/Dashboard.php(268): App\\Http\\Livewire\\Dashboard->updatedChart1DataD1()
#8 /Users/aldyhelix/Projects/www/backend_rmi/app/Http/Livewire/Dashboard.php(127): App\\Http\\Livewire\\Dashboard->updateChartSection()
#9 /Users/aldyhelix/Projects/www/backend_rmi/vendor/laravel/framework/src/Illuminate/Container/BoundMethod.php(36): App\\Http\\Livewire\\Dashboard->mount(9, 0, 7, 0, 16, 0, 0, 0, 0, 0, 0, 0, 0, 0)
#10 /Users/aldyhelix/Projects/www/backend_rmi/vendor/laravel/framework/src/Illuminate/Container/Util.php(40): Illuminate\\Container\\BoundMethod::Illuminate\\Container\\{closure}()
#11 /Users/aldyhelix/Projects/www/backend_rmi/vendor/laravel/framework/src/Illuminate/Container/BoundMethod.php(93): Illuminate\\Container\\Util::unwrapIfClosure(Object(Closure))
#12 /Users/aldyhelix/Projects/www/backend_rmi/vendor/laravel/framework/src/Illuminate/Container/BoundMethod.php(35): Illuminate\\Container\\BoundMethod::callBoundMethod(Object(Illuminate\\Foundation\\Application), Array, Object(Closure))
#13 /Users/aldyhelix/Projects/www/backend_rmi/vendor/livewire/livewire/src/LifecycleManager.php(114): Illuminate\\Container\\BoundMethod::call(Object(Illuminate\\Foundation\\Application), Array, Array)
#14 /Users/aldyhelix/Projects/www/backend_rmi/vendor/livewire/livewire/src/LivewireManager.php(130): Livewire\\LifecycleManager->mount(Array)
#15 /Users/aldyhelix/Projects/www/backend_rmi/vendor/laravel/framework/src/Illuminate/Support/Facades/Facade.php(261): Livewire\\LivewireManager->mount('dashboard', Array)
#16 /Users/aldyhelix/Projects/www/backend_rmi/resources/views/admin/dashboard/platform.blade.php(13): Illuminate\\Support\\Facades\\Facade::__callStatic('mount', Array)
#17 /Users/aldyhelix/Projects/www/backend_rmi/vendor/laravel/framework/src/Illuminate/Filesystem/Filesystem.php(107): require('/Users/aldyheli...')
#18 /Users/aldyhelix/Projects/www/backend_rmi/vendor/laravel/framework/src/Illuminate/Filesystem/Filesystem.php(108): Illuminate\\Filesystem\\Filesystem::Illuminate\\Filesystem\\{closure}()
#19 /Users/aldyhelix/Projects/www/backend_rmi/vendor/laravel/framework/src/Illuminate/View/Engines/PhpEngine.php(58): Illuminate\\Filesystem\\Filesystem->getRequire('/Users/aldyheli...', Array)
#20 /Users/aldyhelix/Projects/www/backend_rmi/vendor/livewire/livewire/src/ComponentConcerns/RendersLivewireComponents.php(69): Illuminate\\View\\Engines\\PhpEngine->evaluatePath('/Users/aldyheli...', Array)
#21 /Users/aldyhelix/Projects/www/backend_rmi/vendor/laravel/framework/src/Illuminate/View/Engines/CompilerEngine.php(61): Livewire\\CompilerEngineForIgnition->evaluatePath('/Users/aldyheli...', Array)
#22 /Users/aldyhelix/Projects/www/backend_rmi/vendor/facade/ignition/src/Views/Engines/CompilerEngine.php(37): Illuminate\\View\\Engines\\CompilerEngine->get('/Users/aldyheli...', Array)
#23 /Users/aldyhelix/Projects/www/backend_rmi/vendor/livewire/livewire/src/ComponentConcerns/RendersLivewireComponents.php(35): Facade\\Ignition\\Views\\Engines\\CompilerEngine->get('/Users/aldyheli...', Array)
#24 /Users/aldyhelix/Projects/www/backend_rmi/vendor/laravel/framework/src/Illuminate/View/View.php(139): Livewire\\CompilerEngineForIgnition->get('/Users/aldyheli...', Array)
#25 /Users/aldyhelix/Projects/www/backend_rmi/vendor/laravel/framework/src/Illuminate/View/View.php(122): Illuminate\\View\\View->getContents()
#26 /Users/aldyhelix/Projects/www/backend_rmi/vendor/laravel/framework/src/Illuminate/View/View.php(91): Illuminate\\View\\View->renderContents()
#27 /Users/aldyhelix/Projects/www/backend_rmi/vendor/laravel/framework/src/Illuminate/Http/Response.php(69): Illuminate\\View\\View->render()
#28 /Users/aldyhelix/Projects/www/backend_rmi/vendor/laravel/framework/src/Illuminate/Http/Response.php(35): Illuminate\\Http\\Response->setContent(Object(Illuminate\\View\\View))
#29 /Users/aldyhelix/Projects/www/backend_rmi/vendor/laravel/framework/src/Illuminate/Routing/Router.php(820): Illuminate\\Http\\Response->__construct(Object(Illuminate\\View\\View), 200, Array)
#30 /Users/aldyhelix/Projects/www/backend_rmi/vendor/laravel/framework/src/Illuminate/Routing/Router.php(789): Illuminate\\Routing\\Router::toResponse(Object(Illuminate\\Http\\Request), Object(Illuminate\\View\\View))
#31 /Users/aldyhelix/Projects/www/backend_rmi/vendor/laravel/framework/src/Illuminate/Routing/Router.php(720): Illuminate\\Routing\\Router->prepareResponse(Object(Illuminate\\Http\\Request), Object(Illuminate\\View\\View))
#32 /Users/aldyhelix/Projects/www/backend_rmi/vendor/laravel/framework/src/Illuminate/Pipeline/Pipeline.php(128): Illuminate\\Routing\\Router->Illuminate\\Routing\\{closure}(Object(Illuminate\\Http\\Request))
#33 /Users/aldyhelix/Projects/www/backend_rmi/app/Http/Middleware/DashboardSetup.php(22): Illuminate\\Pipeline\\Pipeline->Illuminate\\Pipeline\\{closure}(Object(Illuminate\\Http\\Request))
#34 /Users/aldyhelix/Projects/www/backend_rmi/vendor/laravel/framework/src/Illuminate/Pipeline/Pipeline.php(167): App\\Http\\Middleware\\DashboardSetup->handle(Object(Illuminate\\Http\\Request), Object(Closure))
#35 /Users/aldyhelix/Projects/www/backend_rmi/app/Http/Middleware/CheckIfBillingInfoRequired.php(24): Illuminate\\Pipeline\\Pipeline->Illuminate\\Pipeline\\{closure}(Object(Illuminate\\Http\\Request))
#36 /Users/aldyhelix/Projects/www/backend_rmi/vendor/laravel/framework/src/Illuminate/Pipeline/Pipeline.php(167): App\\Http\\Middleware\\CheckIfBillingInfoRequired->handle(Object(Illuminate\\Http\\Request), Object(Closure))
#37 /Users/aldyhelix/Projects/www/backend_rmi/app/Http/Middleware/VerifyUserIsSubscribed.php(25): Illuminate\\Pipeline\\Pipeline->Illuminate\\Pipeline\\{closure}(Object(Illuminate\\Http\\Request))
#38 /Users/aldyhelix/Projects/www/backend_rmi/vendor/laravel/framework/src/Illuminate/Pipeline/Pipeline.php(167): App\\Http\\Middleware\\VerifyUserIsSubscribed->handle(Object(Illuminate\\Http\\Request), Object(Closure))
#39 /Users/aldyhelix/Projects/www/backend_rmi/app/Http/Middleware/CookieConsentMiddleware.php(21): Illuminate\\Pipeline\\Pipeline->Illuminate\\Pipeline\\{closure}(Object(Illuminate\\Http\\Request))
#40 /Users/aldyhelix/Projects/www/backend_rmi/vendor/laravel/framework/src/Illuminate/Pipeline/Pipeline.php(167): App\\Http\\Middleware\\CookieConsentMiddleware->handle(Object(Illuminate\\Http\\Request), Object(Closure))
#41 /Users/aldyhelix/Projects/www/backend_rmi/app/Http/Middleware/Language.php(64): Illuminate\\Pipeline\\Pipeline->Illuminate\\Pipeline\\{closure}(Object(Illuminate\\Http\\Request))
#42 /Users/aldyhelix/Projects/www/backend_rmi/vendor/laravel/framework/src/Illuminate/Pipeline/Pipeline.php(167): App\\Http\\Middleware\\Language->handle(Object(Illuminate\\Http\\Request), Object(Closure))
#43 /Users/aldyhelix/Projects/www/backend_rmi/app/Http/Middleware/InitSettings.php(8): Illuminate\\Pipeline\\Pipeline->Illuminate\\Pipeline\\{closure}(Object(Illuminate\\Http\\Request))
#44 /Users/aldyhelix/Projects/www/backend_rmi/vendor/laravel/framework/src/Illuminate/Pipeline/Pipeline.php(167): App\\Http\\Middleware\\InitSettings->handle(Object(Illuminate\\Http\\Request), Object(Closure))
#45 /Users/aldyhelix/Projects/www/backend_rmi/vendor/laravel/framework/src/Illuminate/Routing/Middleware/SubstituteBindings.php(50): Illuminate\\Pipeline\\Pipeline->Illuminate\\Pipeline\\{closure}(Object(Illuminate\\Http\\Request))
#46 /Users/aldyhelix/Projects/www/backend_rmi/vendor/laravel/framework/src/Illuminate/Pipeline/Pipeline.php(167): Illuminate\\Routing\\Middleware\\SubstituteBindings->handle(Object(Illuminate\\Http\\Request), Object(Closure))
#47 /Users/aldyhelix/Projects/www/backend_rmi/vendor/laravel/framework/src/Illuminate/Auth/Middleware/Authenticate.php(44): Illuminate\\Pipeline\\Pipeline->Illuminate\\Pipeline\\{closure}(Object(Illuminate\\Http\\Request))
#48 /Users/aldyhelix/Projects/www/backend_rmi/vendor/laravel/framework/src/Illuminate/Pipeline/Pipeline.php(167): Illuminate\\Auth\\Middleware\\Authenticate->handle(Object(Illuminate\\Http\\Request), Object(Closure))
#49 /Users/aldyhelix/Projects/www/backend_rmi/vendor/laravel/framework/src/Illuminate/Foundation/Http/Middleware/VerifyCsrfToken.php(78): Illuminate\\Pipeline\\Pipeline->Illuminate\\Pipeline\\{closure}(Object(Illuminate\\Http\\Request))
#50 /Users/aldyhelix/Projects/www/backend_rmi/vendor/laravel/framework/src/Illuminate/Pipeline/Pipeline.php(167): Illuminate\\Foundation\\Http\\Middleware\\VerifyCsrfToken->handle(Object(Illuminate\\Http\\Request), Object(Closure))
#51 /Users/aldyhelix/Projects/www/backend_rmi/vendor/laravel/framework/src/Illuminate/View/Middleware/ShareErrorsFromSession.php(49): Illuminate\\Pipeline\\Pipeline->Illuminate\\Pipeline\\{closure}(Object(Illuminate\\Http\\Request))
#52 /Users/aldyhelix/Projects/www/backend_rmi/vendor/laravel/framework/src/Illuminate/Pipeline/Pipeline.php(167): Illuminate\\View\\Middleware\\ShareErrorsFromSession->handle(Object(Illuminate\\Http\\Request), Object(Closure))
#53 /Users/aldyhelix/Projects/www/backend_rmi/vendor/laravel/framework/src/Illuminate/Session/Middleware/StartSession.php(121): Illuminate\\Pipeline\\Pipeline->Illuminate\\Pipeline\\{closure}(Object(Illuminate\\Http\\Request))
#54 /Users/aldyhelix/Projects/www/backend_rmi/vendor/laravel/framework/src/Illuminate/Session/Middleware/StartSession.php(64): Illuminate\\Session\\Middleware\\StartSession->handleStatefulRequest(Object(Illuminate\\Http\\Request), Object(Illuminate\\Session\\EncryptedStore), Object(Closure))
#55 /Users/aldyhelix/Projects/www/backend_rmi/vendor/laravel/framework/src/Illuminate/Pipeline/Pipeline.php(167): Illuminate\\Session\\Middleware\\StartSession->handle(Object(Illuminate\\Http\\Request), Object(Closure))
#56 /Users/aldyhelix/Projects/www/backend_rmi/vendor/laravel/framework/src/Illuminate/Cookie/Middleware/AddQueuedCookiesToResponse.php(37): Illuminate\\Pipeline\\Pipeline->Illuminate\\Pipeline\\{closure}(Object(Illuminate\\Http\\Request))
#57 /Users/aldyhelix/Projects/www/backend_rmi/vendor/laravel/framework/src/Illuminate/Pipeline/Pipeline.php(167): Illuminate\\Cookie\\Middleware\\AddQueuedCookiesToResponse->handle(Object(Illuminate\\Http\\Request), Object(Closure))
#58 /Users/aldyhelix/Projects/www/backend_rmi/vendor/laravel/framework/src/Illuminate/Cookie/Middleware/EncryptCookies.php(67): Illuminate\\Pipeline\\Pipeline->Illuminate\\Pipeline\\{closure}(Object(Illuminate\\Http\\Request))
#59 /Users/aldyhelix/Projects/www/backend_rmi/vendor/laravel/framework/src/Illuminate/Pipeline/Pipeline.php(167): Illuminate\\Cookie\\Middleware\\EncryptCookies->handle(Object(Illuminate\\Http\\Request), Object(Closure))
#60 /Users/aldyhelix/Projects/www/backend_rmi/vendor/laravel/framework/src/Illuminate/Pipeline/Pipeline.php(103): Illuminate\\Pipeline\\Pipeline->Illuminate\\Pipeline\\{closure}(Object(Illuminate\\Http\\Request))
#61 /Users/aldyhelix/Projects/www/backend_rmi/vendor/laravel/framework/src/Illuminate/Routing/Router.php(719): Illuminate\\Pipeline\\Pipeline->then(Object(Closure))
#62 /Users/aldyhelix/Projects/www/backend_rmi/vendor/laravel/framework/src/Illuminate/Routing/Router.php(698): Illuminate\\Routing\\Router->runRouteWithinStack(Object(Illuminate\\Routing\\Route), Object(Illuminate\\Http\\Request))
#63 /Users/aldyhelix/Projects/www/backend_rmi/vendor/laravel/framework/src/Illuminate/Routing/Router.php(662): Illuminate\\Routing\\Router->runRoute(Object(Illuminate\\Http\\Request), Object(Illuminate\\Routing\\Route))
#64 /Users/aldyhelix/Projects/www/backend_rmi/vendor/laravel/framework/src/Illuminate/Routing/Router.php(651): Illuminate\\Routing\\Router->dispatchToRoute(Object(Illuminate\\Http\\Request))
#65 /Users/aldyhelix/Projects/www/backend_rmi/vendor/laravel/framework/src/Illuminate/Foundation/Http/Kernel.php(167): Illuminate\\Routing\\Router->dispatch(Object(Illuminate\\Http\\Request))
#66 /Users/aldyhelix/Projects/www/backend_rmi/vendor/laravel/framework/src/Illuminate/Pipeline/Pipeline.php(128): Illuminate\\Foundation\\Http\\Kernel->Illuminate\\Foundation\\Http\\{closure}(Object(Illuminate\\Http\\Request))
#67 /Users/aldyhelix/Projects/www/backend_rmi/vendor/livewire/livewire/src/DisableBrowserCache.php(19): Illuminate\\Pipeline\\Pipeline->Illuminate\\Pipeline\\{closure}(Object(Illuminate\\Http\\Request))
#68 /Users/aldyhelix/Projects/www/backend_rmi/vendor/laravel/framework/src/Illuminate/Pipeline/Pipeline.php(167): Livewire\\DisableBrowserCache->handle(Object(Illuminate\\Http\\Request), Object(Closure))
#69 /Users/aldyhelix/Projects/www/backend_rmi/vendor/barryvdh/laravel-debugbar/src/Middleware/InjectDebugbar.php(66): Illuminate\\Pipeline\\Pipeline->Illuminate\\Pipeline\\{closure}(Object(Illuminate\\Http\\Request))
#70 /Users/aldyhelix/Projects/www/backend_rmi/vendor/laravel/framework/src/Illuminate/Pipeline/Pipeline.php(167): Barryvdh\\Debugbar\\Middleware\\InjectDebugbar->handle(Object(Illuminate\\Http\\Request), Object(Closure))
#71 /Users/aldyhelix/Projects/www/backend_rmi/app/Http/Middleware/CheckForInstallation.php(19): Illuminate\\Pipeline\\Pipeline->Illuminate\\Pipeline\\{closure}(Object(Illuminate\\Http\\Request))
#72 /Users/aldyhelix/Projects/www/backend_rmi/vendor/laravel/framework/src/Illuminate/Pipeline/Pipeline.php(167): App\\Http\\Middleware\\CheckForInstallation->handle(Object(Illuminate\\Http\\Request), Object(Closure))
#73 /Users/aldyhelix/Projects/www/backend_rmi/vendor/laravel/framework/src/Illuminate/Foundation/Http/Middleware/TransformsRequest.php(21): Illuminate\\Pipeline\\Pipeline->Illuminate\\Pipeline\\{closure}(Object(Illuminate\\Http\\Request))
#74 /Users/aldyhelix/Projects/www/backend_rmi/vendor/laravel/framework/src/Illuminate/Foundation/Http/Middleware/ConvertEmptyStringsToNull.php(31): Illuminate\\Foundation\\Http\\Middleware\\TransformsRequest->handle(Object(Illuminate\\Http\\Request), Object(Closure))
#75 /Users/aldyhelix/Projects/www/backend_rmi/vendor/laravel/framework/src/Illuminate/Pipeline/Pipeline.php(167): Illuminate\\Foundation\\Http\\Middleware\\ConvertEmptyStringsToNull->handle(Object(Illuminate\\Http\\Request), Object(Closure))
#76 /Users/aldyhelix/Projects/www/backend_rmi/vendor/laravel/framework/src/Illuminate/Foundation/Http/Middleware/TransformsRequest.php(21): Illuminate\\Pipeline\\Pipeline->Illuminate\\Pipeline\\{closure}(Object(Illuminate\\Http\\Request))
#77 /Users/aldyhelix/Projects/www/backend_rmi/vendor/laravel/framework/src/Illuminate/Foundation/Http/Middleware/TrimStrings.php(40): Illuminate\\Foundation\\Http\\Middleware\\TransformsRequest->handle(Object(Illuminate\\Http\\Request), Object(Closure))
#78 /Users/aldyhelix/Projects/www/backend_rmi/vendor/laravel/framework/src/Illuminate/Pipeline/Pipeline.php(167): Illuminate\\Foundation\\Http\\Middleware\\TrimStrings->handle(Object(Illuminate\\Http\\Request), Object(Closure))
#79 /Users/aldyhelix/Projects/www/backend_rmi/vendor/laravel/framework/src/Illuminate/Foundation/Http/Middleware/ValidatePostSize.php(27): Illuminate\\Pipeline\\Pipeline->Illuminate\\Pipeline\\{closure}(Object(Illuminate\\Http\\Request))
#80 /Users/aldyhelix/Projects/www/backend_rmi/vendor/laravel/framework/src/Illuminate/Pipeline/Pipeline.php(167): Illuminate\\Foundation\\Http\\Middleware\\ValidatePostSize->handle(Object(Illuminate\\Http\\Request), Object(Closure))
#81 /Users/aldyhelix/Projects/www/backend_rmi/vendor/laravel/framework/src/Illuminate/Foundation/Http/Middleware/PreventRequestsDuringMaintenance.php(86): Illuminate\\Pipeline\\Pipeline->Illuminate\\Pipeline\\{closure}(Object(Illuminate\\Http\\Request))
#82 /Users/aldyhelix/Projects/www/backend_rmi/vendor/laravel/framework/src/Illuminate/Pipeline/Pipeline.php(167): Illuminate\\Foundation\\Http\\Middleware\\PreventRequestsDuringMaintenance->handle(Object(Illuminate\\Http\\Request), Object(Closure))
#83 /Users/aldyhelix/Projects/www/backend_rmi/vendor/fruitcake/laravel-cors/src/HandleCors.php(38): Illuminate\\Pipeline\\Pipeline->Illuminate\\Pipeline\\{closure}(Object(Illuminate\\Http\\Request))
#84 /Users/aldyhelix/Projects/www/backend_rmi/vendor/laravel/framework/src/Illuminate/Pipeline/Pipeline.php(167): Fruitcake\\Cors\\HandleCors->handle(Object(Illuminate\\Http\\Request), Object(Closure))
#85 /Users/aldyhelix/Projects/www/backend_rmi/vendor/laravel/framework/src/Illuminate/Http/Middleware/TrustProxies.php(39): Illuminate\\Pipeline\\Pipeline->Illuminate\\Pipeline\\{closure}(Object(Illuminate\\Http\\Request))
#86 /Users/aldyhelix/Projects/www/backend_rmi/vendor/laravel/framework/src/Illuminate/Pipeline/Pipeline.php(167): Illuminate\\Http\\Middleware\\TrustProxies->handle(Object(Illuminate\\Http\\Request), Object(Closure))
#87 /Users/aldyhelix/Projects/www/backend_rmi/vendor/laravel/framework/src/Illuminate/Pipeline/Pipeline.php(103): Illuminate\\Pipeline\\Pipeline->Illuminate\\Pipeline\\{closure}(Object(Illuminate\\Http\\Request))
#88 /Users/aldyhelix/Projects/www/backend_rmi/vendor/laravel/framework/src/Illuminate/Foundation/Http/Kernel.php(142): Illuminate\\Pipeline\\Pipeline->then(Object(Closure))
#89 /Users/aldyhelix/Projects/www/backend_rmi/vendor/laravel/framework/src/Illuminate/Foundation/Http/Kernel.php(111): Illuminate\\Foundation\\Http\\Kernel->sendRequestThroughRouter(Object(Illuminate\\Http\\Request))
#90 /Users/aldyhelix/Projects/www/backend_rmi/public/index.php(58): Illuminate\\Foundation\\Http\\Kernel->handle(Object(Illuminate\\Http\\Request))
#91 /Applications/Herd.app/Contents/Resources/valet/server.php(153): require('/Users/aldyheli...')
#92 {main}

[previous exception] [object] (Illuminate\\Database\\QueryException(code: 42000): SQLSTATE[42000]: Syntax error or access violation: 1064 You have an error in your SQL syntax; check the manual that corresponds to your MySQL server version for the right syntax to use near '*) AS count from `orders` as `o` inner join `order_items` as `oi` on `o`.`id` = ' at line 1 (SQL: select DATE(o.created_at) AS order_date, COUNT(o.*) AS count from `orders` as `o` inner join `order_items` as `oi` on `o`.`id` = `oi`.`order_id` inner join `inventories` as `i` on `oi`.`inventory_id` = `i`.`id` inner join `products` as `p` on `i`.`product_id` = `p`.`id` inner join `customers` as `cust` on `o`.`customer_id` = `cust`.`id` where `customer_id` is not null and `o`.`created_at` between 2024-06-17 and 2024-06-23 and `o`.`order_status_id` <> 8 group by `order_date`) at /Users/aldyhelix/Projects/www/backend_rmi/vendor/laravel/framework/src/Illuminate/Database/Connection.php:712)
[stacktrace]
#0 /Users/aldyhelix/Projects/www/backend_rmi/vendor/laravel/framework/src/Illuminate/Database/Connection.php(672): Illuminate\\Database\\Connection->runQueryCallback('select DATE(o.c...', Array, Object(Closure))
#1 /Users/aldyhelix/Projects/www/backend_rmi/vendor/laravel/framework/src/Illuminate/Database/Connection.php(359): Illuminate\\Database\\Connection->run('select DATE(o.c...', Array, Object(Closure))
#2 /Users/aldyhelix/Projects/www/backend_rmi/vendor/laravel/framework/src/Illuminate/Database/Query/Builder.php(2413): Illuminate\\Database\\Connection->select('select DATE(o.c...', Array, true)
#3 /Users/aldyhelix/Projects/www/backend_rmi/vendor/laravel/framework/src/Illuminate/Database/Query/Builder.php(2402): Illuminate\\Database\\Query\\Builder->runSelect()
#4 /Users/aldyhelix/Projects/www/backend_rmi/vendor/laravel/framework/src/Illuminate/Database/Query/Builder.php(2936): Illuminate\\Database\\Query\\Builder->Illuminate\\Database\\Query\\{closure}()
#5 /Users/aldyhelix/Projects/www/backend_rmi/vendor/laravel/framework/src/Illuminate/Database/Query/Builder.php(2401): Illuminate\\Database\\Query\\Builder->onceWithColumns(Array, Object(Closure))
#6 /Users/aldyhelix/Projects/www/backend_rmi/app/Http/Livewire/Dashboard.php(645): Illuminate\\Database\\Query\\Builder->get()
#7 /Users/aldyhelix/Projects/www/backend_rmi/app/Http/Livewire/Dashboard.php(268): App\\Http\\Livewire\\Dashboard->updatedChart1DataD1()
#8 /Users/aldyhelix/Projects/www/backend_rmi/app/Http/Livewire/Dashboard.php(127): App\\Http\\Livewire\\Dashboard->updateChartSection()
#9 /Users/aldyhelix/Projects/www/backend_rmi/vendor/laravel/framework/src/Illuminate/Container/BoundMethod.php(36): App\\Http\\Livewire\\Dashboard->mount(9, 0, 7, 0, 16, 0, 0, 0, 0, 0, 0, 0, 0, 0)
#10 /Users/aldyhelix/Projects/www/backend_rmi/vendor/laravel/framework/src/Illuminate/Container/Util.php(40): Illuminate\\Container\\BoundMethod::Illuminate\\Container\\{closure}()
#11 /Users/aldyhelix/Projects/www/backend_rmi/vendor/laravel/framework/src/Illuminate/Container/BoundMethod.php(93): Illuminate\\Container\\Util::unwrapIfClosure(Object(Closure))
#12 /Users/aldyhelix/Projects/www/backend_rmi/vendor/laravel/framework/src/Illuminate/Container/BoundMethod.php(35): Illuminate\\Container\\BoundMethod::callBoundMethod(Object(Illuminate\\Foundation\\Application), Array, Object(Closure))
#13 /Users/aldyhelix/Projects/www/backend_rmi/vendor/livewire/livewire/src/LifecycleManager.php(114): Illuminate\\Container\\BoundMethod::call(Object(Illuminate\\Foundation\\Application), Array, Array)
#14 /Users/aldyhelix/Projects/www/backend_rmi/vendor/livewire/livewire/src/LivewireManager.php(130): Livewire\\LifecycleManager->mount(Array)
#15 /Users/aldyhelix/Projects/www/backend_rmi/vendor/laravel/framework/src/Illuminate/Support/Facades/Facade.php(261): Livewire\\LivewireManager->mount('dashboard', Array)
#16 /Users/aldyhelix/Projects/www/backend_rmi/storage/framework/views/7614a377bf597da1c7ed67416eae576b7feee755.php(13): Illuminate\\Support\\Facades\\Facade::__callStatic('mount', Array)
#17 /Users/aldyhelix/Projects/www/backend_rmi/vendor/laravel/framework/src/Illuminate/Filesystem/Filesystem.php(107): require('/Users/aldyheli...')
#18 /Users/aldyhelix/Projects/www/backend_rmi/vendor/laravel/framework/src/Illuminate/Filesystem/Filesystem.php(108): Illuminate\\Filesystem\\Filesystem::Illuminate\\Filesystem\\{closure}()
#19 /Users/aldyhelix/Projects/www/backend_rmi/vendor/laravel/framework/src/Illuminate/View/Engines/PhpEngine.php(58): Illuminate\\Filesystem\\Filesystem->getRequire('/Users/aldyheli...', Array)
#20 /Users/aldyhelix/Projects/www/backend_rmi/vendor/livewire/livewire/src/ComponentConcerns/RendersLivewireComponents.php(69): Illuminate\\View\\Engines\\PhpEngine->evaluatePath('/Users/aldyheli...', Array)
#21 /Users/aldyhelix/Projects/www/backend_rmi/vendor/laravel/framework/src/Illuminate/View/Engines/CompilerEngine.php(61): Livewire\\CompilerEngineForIgnition->evaluatePath('/Users/aldyheli...', Array)
#22 /Users/aldyhelix/Projects/www/backend_rmi/vendor/facade/ignition/src/Views/Engines/CompilerEngine.php(37): Illuminate\\View\\Engines\\CompilerEngine->get('/Users/aldyheli...', Array)
#23 /Users/aldyhelix/Projects/www/backend_rmi/vendor/livewire/livewire/src/ComponentConcerns/RendersLivewireComponents.php(35): Facade\\Ignition\\Views\\Engines\\CompilerEngine->get('/Users/aldyheli...', Array)
#24 /Users/aldyhelix/Projects/www/backend_rmi/vendor/laravel/framework/src/Illuminate/View/View.php(139): Livewire\\CompilerEngineForIgnition->get('/Users/aldyheli...', Array)
#25 /Users/aldyhelix/Projects/www/backend_rmi/vendor/laravel/framework/src/Illuminate/View/View.php(122): Illuminate\\View\\View->getContents()
#26 /Users/aldyhelix/Projects/www/backend_rmi/vendor/laravel/framework/src/Illuminate/View/View.php(91): Illuminate\\View\\View->renderContents()
#27 /Users/aldyhelix/Projects/www/backend_rmi/vendor/laravel/framework/src/Illuminate/Http/Response.php(69): Illuminate\\View\\View->render()
#28 /Users/aldyhelix/Projects/www/backend_rmi/vendor/laravel/framework/src/Illuminate/Http/Response.php(35): Illuminate\\Http\\Response->setContent(Object(Illuminate\\View\\View))
#29 /Users/aldyhelix/Projects/www/backend_rmi/vendor/laravel/framework/src/Illuminate/Routing/Router.php(820): Illuminate\\Http\\Response->__construct(Object(Illuminate\\View\\View), 200, Array)
#30 /Users/aldyhelix/Projects/www/backend_rmi/vendor/laravel/framework/src/Illuminate/Routing/Router.php(789): Illuminate\\Routing\\Router::toResponse(Object(Illuminate\\Http\\Request), Object(Illuminate\\View\\View))
#31 /Users/aldyhelix/Projects/www/backend_rmi/vendor/laravel/framework/src/Illuminate/Routing/Router.php(720): Illuminate\\Routing\\Router->prepareResponse(Object(Illuminate\\Http\\Request), Object(Illuminate\\View\\View))
#32 /Users/aldyhelix/Projects/www/backend_rmi/vendor/laravel/framework/src/Illuminate/Pipeline/Pipeline.php(128): Illuminate\\Routing\\Router->Illuminate\\Routing\\{closure}(Object(Illuminate\\Http\\Request))
#33 /Users/aldyhelix/Projects/www/backend_rmi/app/Http/Middleware/DashboardSetup.php(22): Illuminate\\Pipeline\\Pipeline->Illuminate\\Pipeline\\{closure}(Object(Illuminate\\Http\\Request))
#34 /Users/aldyhelix/Projects/www/backend_rmi/vendor/laravel/framework/src/Illuminate/Pipeline/Pipeline.php(167): App\\Http\\Middleware\\DashboardSetup->handle(Object(Illuminate\\Http\\Request), Object(Closure))
#35 /Users/aldyhelix/Projects/www/backend_rmi/app/Http/Middleware/CheckIfBillingInfoRequired.php(24): Illuminate\\Pipeline\\Pipeline->Illuminate\\Pipeline\\{closure}(Object(Illuminate\\Http\\Request))
#36 /Users/aldyhelix/Projects/www/backend_rmi/vendor/laravel/framework/src/Illuminate/Pipeline/Pipeline.php(167): App\\Http\\Middleware\\CheckIfBillingInfoRequired->handle(Object(Illuminate\\Http\\Request), Object(Closure))
#37 /Users/aldyhelix/Projects/www/backend_rmi/app/Http/Middleware/VerifyUserIsSubscribed.php(25): Illuminate\\Pipeline\\Pipeline->Illuminate\\Pipeline\\{closure}(Object(Illuminate\\Http\\Request))
#38 /Users/aldyhelix/Projects/www/backend_rmi/vendor/laravel/framework/src/Illuminate/Pipeline/Pipeline.php(167): App\\Http\\Middleware\\VerifyUserIsSubscribed->handle(Object(Illuminate\\Http\\Request), Object(Closure))
#39 /Users/aldyhelix/Projects/www/backend_rmi/app/Http/Middleware/CookieConsentMiddleware.php(21): Illuminate\\Pipeline\\Pipeline->Illuminate\\Pipeline\\{closure}(Object(Illuminate\\Http\\Request))
#40 /Users/aldyhelix/Projects/www/backend_rmi/vendor/laravel/framework/src/Illuminate/Pipeline/Pipeline.php(167): App\\Http\\Middleware\\CookieConsentMiddleware->handle(Object(Illuminate\\Http\\Request), Object(Closure))
#41 /Users/aldyhelix/Projects/www/backend_rmi/app/Http/Middleware/Language.php(64): Illuminate\\Pipeline\\Pipeline->Illuminate\\Pipeline\\{closure}(Object(Illuminate\\Http\\Request))
#42 /Users/aldyhelix/Projects/www/backend_rmi/vendor/laravel/framework/src/Illuminate/Pipeline/Pipeline.php(167): App\\Http\\Middleware\\Language->handle(Object(Illuminate\\Http\\Request), Object(Closure))
#43 /Users/aldyhelix/Projects/www/backend_rmi/app/Http/Middleware/InitSettings.php(8): Illuminate\\Pipeline\\Pipeline->Illuminate\\Pipeline\\{closure}(Object(Illuminate\\Http\\Request))
#44 /Users/aldyhelix/Projects/www/backend_rmi/vendor/laravel/framework/src/Illuminate/Pipeline/Pipeline.php(167): App\\Http\\Middleware\\InitSettings->handle(Object(Illuminate\\Http\\Request), Object(Closure))
#45 /Users/aldyhelix/Projects/www/backend_rmi/vendor/laravel/framework/src/Illuminate/Routing/Middleware/SubstituteBindings.php(50): Illuminate\\Pipeline\\Pipeline->Illuminate\\Pipeline\\{closure}(Object(Illuminate\\Http\\Request))
#46 /Users/aldyhelix/Projects/www/backend_rmi/vendor/laravel/framework/src/Illuminate/Pipeline/Pipeline.php(167): Illuminate\\Routing\\Middleware\\SubstituteBindings->handle(Object(Illuminate\\Http\\Request), Object(Closure))
#47 /Users/aldyhelix/Projects/www/backend_rmi/vendor/laravel/framework/src/Illuminate/Auth/Middleware/Authenticate.php(44): Illuminate\\Pipeline\\Pipeline->Illuminate\\Pipeline\\{closure}(Object(Illuminate\\Http\\Request))
#48 /Users/aldyhelix/Projects/www/backend_rmi/vendor/laravel/framework/src/Illuminate/Pipeline/Pipeline.php(167): Illuminate\\Auth\\Middleware\\Authenticate->handle(Object(Illuminate\\Http\\Request), Object(Closure))
#49 /Users/aldyhelix/Projects/www/backend_rmi/vendor/laravel/framework/src/Illuminate/Foundation/Http/Middleware/VerifyCsrfToken.php(78): Illuminate\\Pipeline\\Pipeline->Illuminate\\Pipeline\\{closure}(Object(Illuminate\\Http\\Request))
#50 /Users/aldyhelix/Projects/www/backend_rmi/vendor/laravel/framework/src/Illuminate/Pipeline/Pipeline.php(167): Illuminate\\Foundation\\Http\\Middleware\\VerifyCsrfToken->handle(Object(Illuminate\\Http\\Request), Object(Closure))
#51 /Users/aldyhelix/Projects/www/backend_rmi/vendor/laravel/framework/src/Illuminate/View/Middleware/ShareErrorsFromSession.php(49): Illuminate\\Pipeline\\Pipeline->Illuminate\\Pipeline\\{closure}(Object(Illuminate\\Http\\Request))
#52 /Users/aldyhelix/Projects/www/backend_rmi/vendor/laravel/framework/src/Illuminate/Pipeline/Pipeline.php(167): Illuminate\\View\\Middleware\\ShareErrorsFromSession->handle(Object(Illuminate\\Http\\Request), Object(Closure))
#53 /Users/aldyhelix/Projects/www/backend_rmi/vendor/laravel/framework/src/Illuminate/Session/Middleware/StartSession.php(121): Illuminate\\Pipeline\\Pipeline->Illuminate\\Pipeline\\{closure}(Object(Illuminate\\Http\\Request))
#54 /Users/aldyhelix/Projects/www/backend_rmi/vendor/laravel/framework/src/Illuminate/Session/Middleware/StartSession.php(64): Illuminate\\Session\\Middleware\\StartSession->handleStatefulRequest(Object(Illuminate\\Http\\Request), Object(Illuminate\\Session\\EncryptedStore), Object(Closure))
#55 /Users/aldyhelix/Projects/www/backend_rmi/vendor/laravel/framework/src/Illuminate/Pipeline/Pipeline.php(167): Illuminate\\Session\\Middleware\\StartSession->handle(Object(Illuminate\\Http\\Request), Object(Closure))
#56 /Users/aldyhelix/Projects/www/backend_rmi/vendor/laravel/framework/src/Illuminate/Cookie/Middleware/AddQueuedCookiesToResponse.php(37): Illuminate\\Pipeline\\Pipeline->Illuminate\\Pipeline\\{closure}(Object(Illuminate\\Http\\Request))
#57 /Users/aldyhelix/Projects/www/backend_rmi/vendor/laravel/framework/src/Illuminate/Pipeline/Pipeline.php(167): Illuminate\\Cookie\\Middleware\\AddQueuedCookiesToResponse->handle(Object(Illuminate\\Http\\Request), Object(Closure))
#58 /Users/aldyhelix/Projects/www/backend_rmi/vendor/laravel/framework/src/Illuminate/Cookie/Middleware/EncryptCookies.php(67): Illuminate\\Pipeline\\Pipeline->Illuminate\\Pipeline\\{closure}(Object(Illuminate\\Http\\Request))
#59 /Users/aldyhelix/Projects/www/backend_rmi/vendor/laravel/framework/src/Illuminate/Pipeline/Pipeline.php(167): Illuminate\\Cookie\\Middleware\\EncryptCookies->handle(Object(Illuminate\\Http\\Request), Object(Closure))
#60 /Users/aldyhelix/Projects/www/backend_rmi/vendor/laravel/framework/src/Illuminate/Pipeline/Pipeline.php(103): Illuminate\\Pipeline\\Pipeline->Illuminate\\Pipeline\\{closure}(Object(Illuminate\\Http\\Request))
#61 /Users/aldyhelix/Projects/www/backend_rmi/vendor/laravel/framework/src/Illuminate/Routing/Router.php(719): Illuminate\\Pipeline\\Pipeline->then(Object(Closure))
#62 /Users/aldyhelix/Projects/www/backend_rmi/vendor/laravel/framework/src/Illuminate/Routing/Router.php(698): Illuminate\\Routing\\Router->runRouteWithinStack(Object(Illuminate\\Routing\\Route), Object(Illuminate\\Http\\Request))
#63 /Users/aldyhelix/Projects/www/backend_rmi/vendor/laravel/framework/src/Illuminate/Routing/Router.php(662): Illuminate\\Routing\\Router->runRoute(Object(Illuminate\\Http\\Request), Object(Illuminate\\Routing\\Route))
#64 /Users/aldyhelix/Projects/www/backend_rmi/vendor/laravel/framework/src/Illuminate/Routing/Router.php(651): Illuminate\\Routing\\Router->dispatchToRoute(Object(Illuminate\\Http\\Request))
#65 /Users/aldyhelix/Projects/www/backend_rmi/vendor/laravel/framework/src/Illuminate/Foundation/Http/Kernel.php(167): Illuminate\\Routing\\Router->dispatch(Object(Illuminate\\Http\\Request))
#66 /Users/aldyhelix/Projects/www/backend_rmi/vendor/laravel/framework/src/Illuminate/Pipeline/Pipeline.php(128): Illuminate\\Foundation\\Http\\Kernel->Illuminate\\Foundation\\Http\\{closure}(Object(Illuminate\\Http\\Request))
#67 /Users/aldyhelix/Projects/www/backend_rmi/vendor/livewire/livewire/src/DisableBrowserCache.php(19): Illuminate\\Pipeline\\Pipeline->Illuminate\\Pipeline\\{closure}(Object(Illuminate\\Http\\Request))
#68 /Users/aldyhelix/Projects/www/backend_rmi/vendor/laravel/framework/src/Illuminate/Pipeline/Pipeline.php(167): Livewire\\DisableBrowserCache->handle(Object(Illuminate\\Http\\Request), Object(Closure))
#69 /Users/aldyhelix/Projects/www/backend_rmi/vendor/barryvdh/laravel-debugbar/src/Middleware/InjectDebugbar.php(66): Illuminate\\Pipeline\\Pipeline->Illuminate\\Pipeline\\{closure}(Object(Illuminate\\Http\\Request))
#70 /Users/aldyhelix/Projects/www/backend_rmi/vendor/laravel/framework/src/Illuminate/Pipeline/Pipeline.php(167): Barryvdh\\Debugbar\\Middleware\\InjectDebugbar->handle(Object(Illuminate\\Http\\Request), Object(Closure))
#71 /Users/aldyhelix/Projects/www/backend_rmi/app/Http/Middleware/CheckForInstallation.php(19): Illuminate\\Pipeline\\Pipeline->Illuminate\\Pipeline\\{closure}(Object(Illuminate\\Http\\Request))
#72 /Users/aldyhelix/Projects/www/backend_rmi/vendor/laravel/framework/src/Illuminate/Pipeline/Pipeline.php(167): App\\Http\\Middleware\\CheckForInstallation->handle(Object(Illuminate\\Http\\Request), Object(Closure))
#73 /Users/aldyhelix/Projects/www/backend_rmi/vendor/laravel/framework/src/Illuminate/Foundation/Http/Middleware/TransformsRequest.php(21): Illuminate\\Pipeline\\Pipeline->Illuminate\\Pipeline\\{closure}(Object(Illuminate\\Http\\Request))
#74 /Users/aldyhelix/Projects/www/backend_rmi/vendor/laravel/framework/src/Illuminate/Foundation/Http/Middleware/ConvertEmptyStringsToNull.php(31): Illuminate\\Foundation\\Http\\Middleware\\TransformsRequest->handle(Object(Illuminate\\Http\\Request), Object(Closure))
#75 /Users/aldyhelix/Projects/www/backend_rmi/vendor/laravel/framework/src/Illuminate/Pipeline/Pipeline.php(167): Illuminate\\Foundation\\Http\\Middleware\\ConvertEmptyStringsToNull->handle(Object(Illuminate\\Http\\Request), Object(Closure))
#76 /Users/aldyhelix/Projects/www/backend_rmi/vendor/laravel/framework/src/Illuminate/Foundation/Http/Middleware/TransformsRequest.php(21): Illuminate\\Pipeline\\Pipeline->Illuminate\\Pipeline\\{closure}(Object(Illuminate\\Http\\Request))
#77 /Users/aldyhelix/Projects/www/backend_rmi/vendor/laravel/framework/src/Illuminate/Foundation/Http/Middleware/TrimStrings.php(40): Illuminate\\Foundation\\Http\\Middleware\\TransformsRequest->handle(Object(Illuminate\\Http\\Request), Object(Closure))
#78 /Users/aldyhelix/Projects/www/backend_rmi/vendor/laravel/framework/src/Illuminate/Pipeline/Pipeline.php(167): Illuminate\\Foundation\\Http\\Middleware\\TrimStrings->handle(Object(Illuminate\\Http\\Request), Object(Closure))
#79 /Users/aldyhelix/Projects/www/backend_rmi/vendor/laravel/framework/src/Illuminate/Foundation/Http/Middleware/ValidatePostSize.php(27): Illuminate\\Pipeline\\Pipeline->Illuminate\\Pipeline\\{closure}(Object(Illuminate\\Http\\Request))
#80 /Users/aldyhelix/Projects/www/backend_rmi/vendor/laravel/framework/src/Illuminate/Pipeline/Pipeline.php(167): Illuminate\\Foundation\\Http\\Middleware\\ValidatePostSize->handle(Object(Illuminate\\Http\\Request), Object(Closure))
#81 /Users/aldyhelix/Projects/www/backend_rmi/vendor/laravel/framework/src/Illuminate/Foundation/Http/Middleware/PreventRequestsDuringMaintenance.php(86): Illuminate\\Pipeline\\Pipeline->Illuminate\\Pipeline\\{closure}(Object(Illuminate\\Http\\Request))
#82 /Users/aldyhelix/Projects/www/backend_rmi/vendor/laravel/framework/src/Illuminate/Pipeline/Pipeline.php(167): Illuminate\\Foundation\\Http\\Middleware\\PreventRequestsDuringMaintenance->handle(Object(Illuminate\\Http\\Request), Object(Closure))
#83 /Users/aldyhelix/Projects/www/backend_rmi/vendor/fruitcake/laravel-cors/src/HandleCors.php(38): Illuminate\\Pipeline\\Pipeline->Illuminate\\Pipeline\\{closure}(Object(Illuminate\\Http\\Request))
#84 /Users/aldyhelix/Projects/www/backend_rmi/vendor/laravel/framework/src/Illuminate/Pipeline/Pipeline.php(167): Fruitcake\\Cors\\HandleCors->handle(Object(Illuminate\\Http\\Request), Object(Closure))
#85 /Users/aldyhelix/Projects/www/backend_rmi/vendor/laravel/framework/src/Illuminate/Http/Middleware/TrustProxies.php(39): Illuminate\\Pipeline\\Pipeline->Illuminate\\Pipeline\\{closure}(Object(Illuminate\\Http\\Request))
#86 /Users/aldyhelix/Projects/www/backend_rmi/vendor/laravel/framework/src/Illuminate/Pipeline/Pipeline.php(167): Illuminate\\Http\\Middleware\\TrustProxies->handle(Object(Illuminate\\Http\\Request), Object(Closure))
#87 /Users/aldyhelix/Projects/www/backend_rmi/vendor/laravel/framework/src/Illuminate/Pipeline/Pipeline.php(103): Illuminate\\Pipeline\\Pipeline->Illuminate\\Pipeline\\{closure}(Object(Illuminate\\Http\\Request))
#88 /Users/aldyhelix/Projects/www/backend_rmi/vendor/laravel/framework/src/Illuminate/Foundation/Http/Kernel.php(142): Illuminate\\Pipeline\\Pipeline->then(Object(Closure))
#89 /Users/aldyhelix/Projects/www/backend_rmi/vendor/laravel/framework/src/Illuminate/Foundation/Http/Kernel.php(111): Illuminate\\Foundation\\Http\\Kernel->sendRequestThroughRouter(Object(Illuminate\\Http\\Request))
#90 /Users/aldyhelix/Projects/www/backend_rmi/public/index.php(58): Illuminate\\Foundation\\Http\\Kernel->handle(Object(Illuminate\\Http\\Request))
#91 /Applications/Herd.app/Contents/Resources/valet/server.php(153): require('/Users/aldyheli...')
#92 {main}

[previous exception] [object] (PDOException(code: 42000): SQLSTATE[42000]: Syntax error or access violation: 1064 You have an error in your SQL syntax; check the manual that corresponds to your MySQL server version for the right syntax to use near '*) AS count from `orders` as `o` inner join `order_items` as `oi` on `o`.`id` = ' at line 1 at /Users/aldyhelix/Projects/www/backend_rmi/vendor/laravel/framework/src/Illuminate/Database/Connection.php:368)
[stacktrace]
#0 /Users/aldyhelix/Projects/www/backend_rmi/vendor/laravel/framework/src/Illuminate/Database/Connection.php(368): PDO->prepare('select DATE(o.c...')
#1 /Users/aldyhelix/Projects/www/backend_rmi/vendor/laravel/framework/src/Illuminate/Database/Connection.php(705): Illuminate\\Database\\Connection->Illuminate\\Database\\{closure}('select DATE(o.c...', Array)
#2 /Users/aldyhelix/Projects/www/backend_rmi/vendor/laravel/framework/src/Illuminate/Database/Connection.php(672): Illuminate\\Database\\Connection->runQueryCallback('select DATE(o.c...', Array, Object(Closure))
#3 /Users/aldyhelix/Projects/www/backend_rmi/vendor/laravel/framework/src/Illuminate/Database/Connection.php(359): Illuminate\\Database\\Connection->run('select DATE(o.c...', Array, Object(Closure))
#4 /Users/aldyhelix/Projects/www/backend_rmi/vendor/laravel/framework/src/Illuminate/Database/Query/Builder.php(2413): Illuminate\\Database\\Connection->select('select DATE(o.c...', Array, true)
#5 /Users/aldyhelix/Projects/www/backend_rmi/vendor/laravel/framework/src/Illuminate/Database/Query/Builder.php(2402): Illuminate\\Database\\Query\\Builder->runSelect()
#6 /Users/aldyhelix/Projects/www/backend_rmi/vendor/laravel/framework/src/Illuminate/Database/Query/Builder.php(2936): Illuminate\\Database\\Query\\Builder->Illuminate\\Database\\Query\\{closure}()
#7 /Users/aldyhelix/Projects/www/backend_rmi/vendor/laravel/framework/src/Illuminate/Database/Query/Builder.php(2401): Illuminate\\Database\\Query\\Builder->onceWithColumns(Array, Object(Closure))
#8 /Users/aldyhelix/Projects/www/backend_rmi/app/Http/Livewire/Dashboard.php(645): Illuminate\\Database\\Query\\Builder->get()
#9 /Users/aldyhelix/Projects/www/backend_rmi/app/Http/Livewire/Dashboard.php(268): App\\Http\\Livewire\\Dashboard->updatedChart1DataD1()
#10 /Users/aldyhelix/Projects/www/backend_rmi/app/Http/Livewire/Dashboard.php(127): App\\Http\\Livewire\\Dashboard->updateChartSection()
#11 /Users/aldyhelix/Projects/www/backend_rmi/vendor/laravel/framework/src/Illuminate/Container/BoundMethod.php(36): App\\Http\\Livewire\\Dashboard->mount(9, 0, 7, 0, 16, 0, 0, 0, 0, 0, 0, 0, 0, 0)
#12 /Users/aldyhelix/Projects/www/backend_rmi/vendor/laravel/framework/src/Illuminate/Container/Util.php(40): Illuminate\\Container\\BoundMethod::Illuminate\\Container\\{closure}()
#13 /Users/aldyhelix/Projects/www/backend_rmi/vendor/laravel/framework/src/Illuminate/Container/BoundMethod.php(93): Illuminate\\Container\\Util::unwrapIfClosure(Object(Closure))
#14 /Users/aldyhelix/Projects/www/backend_rmi/vendor/laravel/framework/src/Illuminate/Container/BoundMethod.php(35): Illuminate\\Container\\BoundMethod::callBoundMethod(Object(Illuminate\\Foundation\\Application), Array, Object(Closure))
#15 /Users/aldyhelix/Projects/www/backend_rmi/vendor/livewire/livewire/src/LifecycleManager.php(114): Illuminate\\Container\\BoundMethod::call(Object(Illuminate\\Foundation\\Application), Array, Array)
#16 /Users/aldyhelix/Projects/www/backend_rmi/vendor/livewire/livewire/src/LivewireManager.php(130): Livewire\\LifecycleManager->mount(Array)
#17 /Users/aldyhelix/Projects/www/backend_rmi/vendor/laravel/framework/src/Illuminate/Support/Facades/Facade.php(261): Livewire\\LivewireManager->mount('dashboard', Array)
#18 /Users/aldyhelix/Projects/www/backend_rmi/storage/framework/views/7614a377bf597da1c7ed67416eae576b7feee755.php(13): Illuminate\\Support\\Facades\\Facade::__callStatic('mount', Array)
#19 /Users/aldyhelix/Projects/www/backend_rmi/vendor/laravel/framework/src/Illuminate/Filesystem/Filesystem.php(107): require('/Users/aldyheli...')
#20 /Users/aldyhelix/Projects/www/backend_rmi/vendor/laravel/framework/src/Illuminate/Filesystem/Filesystem.php(108): Illuminate\\Filesystem\\Filesystem::Illuminate\\Filesystem\\{closure}()
#21 /Users/aldyhelix/Projects/www/backend_rmi/vendor/laravel/framework/src/Illuminate/View/Engines/PhpEngine.php(58): Illuminate\\Filesystem\\Filesystem->getRequire('/Users/aldyheli...', Array)
#22 /Users/aldyhelix/Projects/www/backend_rmi/vendor/livewire/livewire/src/ComponentConcerns/RendersLivewireComponents.php(69): Illuminate\\View\\Engines\\PhpEngine->evaluatePath('/Users/aldyheli...', Array)
#23 /Users/aldyhelix/Projects/www/backend_rmi/vendor/laravel/framework/src/Illuminate/View/Engines/CompilerEngine.php(61): Livewire\\CompilerEngineForIgnition->evaluatePath('/Users/aldyheli...', Array)
#24 /Users/aldyhelix/Projects/www/backend_rmi/vendor/facade/ignition/src/Views/Engines/CompilerEngine.php(37): Illuminate\\View\\Engines\\CompilerEngine->get('/Users/aldyheli...', Array)
#25 /Users/aldyhelix/Projects/www/backend_rmi/vendor/livewire/livewire/src/ComponentConcerns/RendersLivewireComponents.php(35): Facade\\Ignition\\Views\\Engines\\CompilerEngine->get('/Users/aldyheli...', Array)
#26 /Users/aldyhelix/Projects/www/backend_rmi/vendor/laravel/framework/src/Illuminate/View/View.php(139): Livewire\\CompilerEngineForIgnition->get('/Users/aldyheli...', Array)
#27 /Users/aldyhelix/Projects/www/backend_rmi/vendor/laravel/framework/src/Illuminate/View/View.php(122): Illuminate\\View\\View->getContents()
#28 /Users/aldyhelix/Projects/www/backend_rmi/vendor/laravel/framework/src/Illuminate/View/View.php(91): Illuminate\\View\\View->renderContents()
#29 /Users/aldyhelix/Projects/www/backend_rmi/vendor/laravel/framework/src/Illuminate/Http/Response.php(69): Illuminate\\View\\View->render()
#30 /Users/aldyhelix/Projects/www/backend_rmi/vendor/laravel/framework/src/Illuminate/Http/Response.php(35): Illuminate\\Http\\Response->setContent(Object(Illuminate\\View\\View))
#31 /Users/aldyhelix/Projects/www/backend_rmi/vendor/laravel/framework/src/Illuminate/Routing/Router.php(820): Illuminate\\Http\\Response->__construct(Object(Illuminate\\View\\View), 200, Array)
#32 /Users/aldyhelix/Projects/www/backend_rmi/vendor/laravel/framework/src/Illuminate/Routing/Router.php(789): Illuminate\\Routing\\Router::toResponse(Object(Illuminate\\Http\\Request), Object(Illuminate\\View\\View))
#33 /Users/aldyhelix/Projects/www/backend_rmi/vendor/laravel/framework/src/Illuminate/Routing/Router.php(720): Illuminate\\Routing\\Router->prepareResponse(Object(Illuminate\\Http\\Request), Object(Illuminate\\View\\View))
#34 /Users/aldyhelix/Projects/www/backend_rmi/vendor/laravel/framework/src/Illuminate/Pipeline/Pipeline.php(128): Illuminate\\Routing\\Router->Illuminate\\Routing\\{closure}(Object(Illuminate\\Http\\Request))
#35 /Users/aldyhelix/Projects/www/backend_rmi/app/Http/Middleware/DashboardSetup.php(22): Illuminate\\Pipeline\\Pipeline->Illuminate\\Pipeline\\{closure}(Object(Illuminate\\Http\\Request))
#36 /Users/aldyhelix/Projects/www/backend_rmi/vendor/laravel/framework/src/Illuminate/Pipeline/Pipeline.php(167): App\\Http\\Middleware\\DashboardSetup->handle(Object(Illuminate\\Http\\Request), Object(Closure))
#37 /Users/aldyhelix/Projects/www/backend_rmi/app/Http/Middleware/CheckIfBillingInfoRequired.php(24): Illuminate\\Pipeline\\Pipeline->Illuminate\\Pipeline\\{closure}(Object(Illuminate\\Http\\Request))
#38 /Users/aldyhelix/Projects/www/backend_rmi/vendor/laravel/framework/src/Illuminate/Pipeline/Pipeline.php(167): App\\Http\\Middleware\\CheckIfBillingInfoRequired->handle(Object(Illuminate\\Http\\Request), Object(Closure))
#39 /Users/aldyhelix/Projects/www/backend_rmi/app/Http/Middleware/VerifyUserIsSubscribed.php(25): Illuminate\\Pipeline\\Pipeline->Illuminate\\Pipeline\\{closure}(Object(Illuminate\\Http\\Request))
#40 /Users/aldyhelix/Projects/www/backend_rmi/vendor/laravel/framework/src/Illuminate/Pipeline/Pipeline.php(167): App\\Http\\Middleware\\VerifyUserIsSubscribed->handle(Object(Illuminate\\Http\\Request), Object(Closure))
#41 /Users/aldyhelix/Projects/www/backend_rmi/app/Http/Middleware/CookieConsentMiddleware.php(21): Illuminate\\Pipeline\\Pipeline->Illuminate\\Pipeline\\{closure}(Object(Illuminate\\Http\\Request))
#42 /Users/aldyhelix/Projects/www/backend_rmi/vendor/laravel/framework/src/Illuminate/Pipeline/Pipeline.php(167): App\\Http\\Middleware\\CookieConsentMiddleware->handle(Object(Illuminate\\Http\\Request), Object(Closure))
#43 /Users/aldyhelix/Projects/www/backend_rmi/app/Http/Middleware/Language.php(64): Illuminate\\Pipeline\\Pipeline->Illuminate\\Pipeline\\{closure}(Object(Illuminate\\Http\\Request))
#44 /Users/aldyhelix/Projects/www/backend_rmi/vendor/laravel/framework/src/Illuminate/Pipeline/Pipeline.php(167): App\\Http\\Middleware\\Language->handle(Object(Illuminate\\Http\\Request), Object(Closure))
#45 /Users/aldyhelix/Projects/www/backend_rmi/app/Http/Middleware/InitSettings.php(8): Illuminate\\Pipeline\\Pipeline->Illuminate\\Pipeline\\{closure}(Object(Illuminate\\Http\\Request))
#46 /Users/aldyhelix/Projects/www/backend_rmi/vendor/laravel/framework/src/Illuminate/Pipeline/Pipeline.php(167): App\\Http\\Middleware\\InitSettings->handle(Object(Illuminate\\Http\\Request), Object(Closure))
#47 /Users/aldyhelix/Projects/www/backend_rmi/vendor/laravel/framework/src/Illuminate/Routing/Middleware/SubstituteBindings.php(50): Illuminate\\Pipeline\\Pipeline->Illuminate\\Pipeline\\{closure}(Object(Illuminate\\Http\\Request))
#48 /Users/aldyhelix/Projects/www/backend_rmi/vendor/laravel/framework/src/Illuminate/Pipeline/Pipeline.php(167): Illuminate\\Routing\\Middleware\\SubstituteBindings->handle(Object(Illuminate\\Http\\Request), Object(Closure))
#49 /Users/aldyhelix/Projects/www/backend_rmi/vendor/laravel/framework/src/Illuminate/Auth/Middleware/Authenticate.php(44): Illuminate\\Pipeline\\Pipeline->Illuminate\\Pipeline\\{closure}(Object(Illuminate\\Http\\Request))
#50 /Users/aldyhelix/Projects/www/backend_rmi/vendor/laravel/framework/src/Illuminate/Pipeline/Pipeline.php(167): Illuminate\\Auth\\Middleware\\Authenticate->handle(Object(Illuminate\\Http\\Request), Object(Closure))
#51 /Users/aldyhelix/Projects/www/backend_rmi/vendor/laravel/framework/src/Illuminate/Foundation/Http/Middleware/VerifyCsrfToken.php(78): Illuminate\\Pipeline\\Pipeline->Illuminate\\Pipeline\\{closure}(Object(Illuminate\\Http\\Request))
#52 /Users/aldyhelix/Projects/www/backend_rmi/vendor/laravel/framework/src/Illuminate/Pipeline/Pipeline.php(167): Illuminate\\Foundation\\Http\\Middleware\\VerifyCsrfToken->handle(Object(Illuminate\\Http\\Request), Object(Closure))
#53 /Users/aldyhelix/Projects/www/backend_rmi/vendor/laravel/framework/src/Illuminate/View/Middleware/ShareErrorsFromSession.php(49): Illuminate\\Pipeline\\Pipeline->Illuminate\\Pipeline\\{closure}(Object(Illuminate\\Http\\Request))
#54 /Users/aldyhelix/Projects/www/backend_rmi/vendor/laravel/framework/src/Illuminate/Pipeline/Pipeline.php(167): Illuminate\\View\\Middleware\\ShareErrorsFromSession->handle(Object(Illuminate\\Http\\Request), Object(Closure))
#55 /Users/aldyhelix/Projects/www/backend_rmi/vendor/laravel/framework/src/Illuminate/Session/Middleware/StartSession.php(121): Illuminate\\Pipeline\\Pipeline->Illuminate\\Pipeline\\{closure}(Object(Illuminate\\Http\\Request))
#56 /Users/aldyhelix/Projects/www/backend_rmi/vendor/laravel/framework/src/Illuminate/Session/Middleware/StartSession.php(64): Illuminate\\Session\\Middleware\\StartSession->handleStatefulRequest(Object(Illuminate\\Http\\Request), Object(Illuminate\\Session\\EncryptedStore), Object(Closure))
#57 /Users/aldyhelix/Projects/www/backend_rmi/vendor/laravel/framework/src/Illuminate/Pipeline/Pipeline.php(167): Illuminate\\Session\\Middleware\\StartSession->handle(Object(Illuminate\\Http\\Request), Object(Closure))
#58 /Users/aldyhelix/Projects/www/backend_rmi/vendor/laravel/framework/src/Illuminate/Cookie/Middleware/AddQueuedCookiesToResponse.php(37): Illuminate\\Pipeline\\Pipeline->Illuminate\\Pipeline\\{closure}(Object(Illuminate\\Http\\Request))
#59 /Users/aldyhelix/Projects/www/backend_rmi/vendor/laravel/framework/src/Illuminate/Pipeline/Pipeline.php(167): Illuminate\\Cookie\\Middleware\\AddQueuedCookiesToResponse->handle(Object(Illuminate\\Http\\Request), Object(Closure))
#60 /Users/aldyhelix/Projects/www/backend_rmi/vendor/laravel/framework/src/Illuminate/Cookie/Middleware/EncryptCookies.php(67): Illuminate\\Pipeline\\Pipeline->Illuminate\\Pipeline\\{closure}(Object(Illuminate\\Http\\Request))
#61 /Users/aldyhelix/Projects/www/backend_rmi/vendor/laravel/framework/src/Illuminate/Pipeline/Pipeline.php(167): Illuminate\\Cookie\\Middleware\\EncryptCookies->handle(Object(Illuminate\\Http\\Request), Object(Closure))
#62 /Users/aldyhelix/Projects/www/backend_rmi/vendor/laravel/framework/src/Illuminate/Pipeline/Pipeline.php(103): Illuminate\\Pipeline\\Pipeline->Illuminate\\Pipeline\\{closure}(Object(Illuminate\\Http\\Request))
#63 /Users/aldyhelix/Projects/www/backend_rmi/vendor/laravel/framework/src/Illuminate/Routing/Router.php(719): Illuminate\\Pipeline\\Pipeline->then(Object(Closure))
#64 /Users/aldyhelix/Projects/www/backend_rmi/vendor/laravel/framework/src/Illuminate/Routing/Router.php(698): Illuminate\\Routing\\Router->runRouteWithinStack(Object(Illuminate\\Routing\\Route), Object(Illuminate\\Http\\Request))
#65 /Users/aldyhelix/Projects/www/backend_rmi/vendor/laravel/framework/src/Illuminate/Routing/Router.php(662): Illuminate\\Routing\\Router->runRoute(Object(Illuminate\\Http\\Request), Object(Illuminate\\Routing\\Route))
#66 /Users/aldyhelix/Projects/www/backend_rmi/vendor/laravel/framework/src/Illuminate/Routing/Router.php(651): Illuminate\\Routing\\Router->dispatchToRoute(Object(Illuminate\\Http\\Request))
#67 /Users/aldyhelix/Projects/www/backend_rmi/vendor/laravel/framework/src/Illuminate/Foundation/Http/Kernel.php(167): Illuminate\\Routing\\Router->dispatch(Object(Illuminate\\Http\\Request))
#68 /Users/aldyhelix/Projects/www/backend_rmi/vendor/laravel/framework/src/Illuminate/Pipeline/Pipeline.php(128): Illuminate\\Foundation\\Http\\Kernel->Illuminate\\Foundation\\Http\\{closure}(Object(Illuminate\\Http\\Request))
#69 /Users/aldyhelix/Projects/www/backend_rmi/vendor/livewire/livewire/src/DisableBrowserCache.php(19): Illuminate\\Pipeline\\Pipeline->Illuminate\\Pipeline\\{closure}(Object(Illuminate\\Http\\Request))
#70 /Users/aldyhelix/Projects/www/backend_rmi/vendor/laravel/framework/src/Illuminate/Pipeline/Pipeline.php(167): Livewire\\DisableBrowserCache->handle(Object(Illuminate\\Http\\Request), Object(Closure))
#71 /Users/aldyhelix/Projects/www/backend_rmi/vendor/barryvdh/laravel-debugbar/src/Middleware/InjectDebugbar.php(66): Illuminate\\Pipeline\\Pipeline->Illuminate\\Pipeline\\{closure}(Object(Illuminate\\Http\\Request))
#72 /Users/aldyhelix/Projects/www/backend_rmi/vendor/laravel/framework/src/Illuminate/Pipeline/Pipeline.php(167): Barryvdh\\Debugbar\\Middleware\\InjectDebugbar->handle(Object(Illuminate\\Http\\Request), Object(Closure))
#73 /Users/aldyhelix/Projects/www/backend_rmi/app/Http/Middleware/CheckForInstallation.php(19): Illuminate\\Pipeline\\Pipeline->Illuminate\\Pipeline\\{closure}(Object(Illuminate\\Http\\Request))
#74 /Users/aldyhelix/Projects/www/backend_rmi/vendor/laravel/framework/src/Illuminate/Pipeline/Pipeline.php(167): App\\Http\\Middleware\\CheckForInstallation->handle(Object(Illuminate\\Http\\Request), Object(Closure))
#75 /Users/aldyhelix/Projects/www/backend_rmi/vendor/laravel/framework/src/Illuminate/Foundation/Http/Middleware/TransformsRequest.php(21): Illuminate\\Pipeline\\Pipeline->Illuminate\\Pipeline\\{closure}(Object(Illuminate\\Http\\Request))
#76 /Users/aldyhelix/Projects/www/backend_rmi/vendor/laravel/framework/src/Illuminate/Foundation/Http/Middleware/ConvertEmptyStringsToNull.php(31): Illuminate\\Foundation\\Http\\Middleware\\TransformsRequest->handle(Object(Illuminate\\Http\\Request), Object(Closure))
#77 /Users/aldyhelix/Projects/www/backend_rmi/vendor/laravel/framework/src/Illuminate/Pipeline/Pipeline.php(167): Illuminate\\Foundation\\Http\\Middleware\\ConvertEmptyStringsToNull->handle(Object(Illuminate\\Http\\Request), Object(Closure))
#78 /Users/aldyhelix/Projects/www/backend_rmi/vendor/laravel/framework/src/Illuminate/Foundation/Http/Middleware/TransformsRequest.php(21): Illuminate\\Pipeline\\Pipeline->Illuminate\\Pipeline\\{closure}(Object(Illuminate\\Http\\Request))
#79 /Users/aldyhelix/Projects/www/backend_rmi/vendor/laravel/framework/src/Illuminate/Foundation/Http/Middleware/TrimStrings.php(40): Illuminate\\Foundation\\Http\\Middleware\\TransformsRequest->handle(Object(Illuminate\\Http\\Request), Object(Closure))
#80 /Users/aldyhelix/Projects/www/backend_rmi/vendor/laravel/framework/src/Illuminate/Pipeline/Pipeline.php(167): Illuminate\\Foundation\\Http\\Middleware\\TrimStrings->handle(Object(Illuminate\\Http\\Request), Object(Closure))
#81 /Users/aldyhelix/Projects/www/backend_rmi/vendor/laravel/framework/src/Illuminate/Foundation/Http/Middleware/ValidatePostSize.php(27): Illuminate\\Pipeline\\Pipeline->Illuminate\\Pipeline\\{closure}(Object(Illuminate\\Http\\Request))
#82 /Users/aldyhelix/Projects/www/backend_rmi/vendor/laravel/framework/src/Illuminate/Pipeline/Pipeline.php(167): Illuminate\\Foundation\\Http\\Middleware\\ValidatePostSize->handle(Object(Illuminate\\Http\\Request), Object(Closure))
#83 /Users/aldyhelix/Projects/www/backend_rmi/vendor/laravel/framework/src/Illuminate/Foundation/Http/Middleware/PreventRequestsDuringMaintenance.php(86): Illuminate\\Pipeline\\Pipeline->Illuminate\\Pipeline\\{closure}(Object(Illuminate\\Http\\Request))
#84 /Users/aldyhelix/Projects/www/backend_rmi/vendor/laravel/framework/src/Illuminate/Pipeline/Pipeline.php(167): Illuminate\\Foundation\\Http\\Middleware\\PreventRequestsDuringMaintenance->handle(Object(Illuminate\\Http\\Request), Object(Closure))
#85 /Users/aldyhelix/Projects/www/backend_rmi/vendor/fruitcake/laravel-cors/src/HandleCors.php(38): Illuminate\\Pipeline\\Pipeline->Illuminate\\Pipeline\\{closure}(Object(Illuminate\\Http\\Request))
#86 /Users/aldyhelix/Projects/www/backend_rmi/vendor/laravel/framework/src/Illuminate/Pipeline/Pipeline.php(167): Fruitcake\\Cors\\HandleCors->handle(Object(Illuminate\\Http\\Request), Object(Closure))
#87 /Users/aldyhelix/Projects/www/backend_rmi/vendor/laravel/framework/src/Illuminate/Http/Middleware/TrustProxies.php(39): Illuminate\\Pipeline\\Pipeline->Illuminate\\Pipeline\\{closure}(Object(Illuminate\\Http\\Request))
#88 /Users/aldyhelix/Projects/www/backend_rmi/vendor/laravel/framework/src/Illuminate/Pipeline/Pipeline.php(167): Illuminate\\Http\\Middleware\\TrustProxies->handle(Object(Illuminate\\Http\\Request), Object(Closure))
#89 /Users/aldyhelix/Projects/www/backend_rmi/vendor/laravel/framework/src/Illuminate/Pipeline/Pipeline.php(103): Illuminate\\Pipeline\\Pipeline->Illuminate\\Pipeline\\{closure}(Object(Illuminate\\Http\\Request))
#90 /Users/aldyhelix/Projects/www/backend_rmi/vendor/laravel/framework/src/Illuminate/Foundation/Http/Kernel.php(142): Illuminate\\Pipeline\\Pipeline->then(Object(Closure))
#91 /Users/aldyhelix/Projects/www/backend_rmi/vendor/laravel/framework/src/Illuminate/Foundation/Http/Kernel.php(111): Illuminate\\Foundation\\Http\\Kernel->sendRequestThroughRouter(Object(Illuminate\\Http\\Request))
#92 /Users/aldyhelix/Projects/www/backend_rmi/public/index.php(58): Illuminate\\Foundation\\Http\\Kernel->handle(Object(Illuminate\\Http\\Request))
#93 /Applications/Herd.app/Contents/Resources/valet/server.php(153): require('/Users/aldyheli...')
#94 {main}
"} 
[2024-06-23 04:27:28] production.ERROR: SQLSTATE[42000]: Syntax error or access violation: 1064 You have an error in your SQL syntax; check the manual that corresponds to your MySQL server version for the right syntax to use near '*) AS count from `orders` as `o` inner join `order_items` as `oi` on `o`.`id` = ' at line 1 (SQL: select DATE(o.created_at) AS order_date, COUNT(o.*) AS count from `orders` as `o` inner join `order_items` as `oi` on `o`.`id` = `oi`.`order_id` inner join `inventories` as `i` on `oi`.`inventory_id` = `i`.`id` inner join `products` as `p` on `i`.`product_id` = `p`.`id` inner join `customers` as `cust` on `o`.`customer_id` = `cust`.`id` where `customer_id` is not null and `o`.`created_at` between 2024-06-17 and 2024-06-23 and `o`.`order_status_id` <> 8 group by `order_date`) (View: /Users/aldyhelix/Projects/www/backend_rmi/resources/views/admin/dashboard/platform.blade.php) {"view":{"view":"/Users/aldyhelix/Projects/www/backend_rmi/vendor/laravel/framework/src/Illuminate/Database/Connection.php","data":[]},"userId":1,"exception":"[object] (Facade\\Ignition\\Exceptions\\ViewException(code: 0): SQLSTATE[42000]: Syntax error or access violation: 1064 You have an error in your SQL syntax; check the manual that corresponds to your MySQL server version for the right syntax to use near '*) AS count from `orders` as `o` inner join `order_items` as `oi` on `o`.`id` = ' at line 1 (SQL: select DATE(o.created_at) AS order_date, COUNT(o.*) AS count from `orders` as `o` inner join `order_items` as `oi` on `o`.`id` = `oi`.`order_id` inner join `inventories` as `i` on `oi`.`inventory_id` = `i`.`id` inner join `products` as `p` on `i`.`product_id` = `p`.`id` inner join `customers` as `cust` on `o`.`customer_id` = `cust`.`id` where `customer_id` is not null and `o`.`created_at` between 2024-06-17 and 2024-06-23 and `o`.`order_status_id` <> 8 group by `order_date`) (View: /Users/aldyhelix/Projects/www/backend_rmi/resources/views/admin/dashboard/platform.blade.php) at /Users/aldyhelix/Projects/www/backend_rmi/vendor/laravel/framework/src/Illuminate/Database/Connection.php:712)
[stacktrace]
#0 /Users/aldyhelix/Projects/www/backend_rmi/vendor/laravel/framework/src/Illuminate/Database/Connection.php(672): Illuminate\\Database\\Connection->runQueryCallback('select DATE(o.c...', Array, Object(Closure))
#1 /Users/aldyhelix/Projects/www/backend_rmi/vendor/laravel/framework/src/Illuminate/Database/Connection.php(359): Illuminate\\Database\\Connection->run('select DATE(o.c...', Array, Object(Closure))
#2 /Users/aldyhelix/Projects/www/backend_rmi/vendor/laravel/framework/src/Illuminate/Database/Query/Builder.php(2413): Illuminate\\Database\\Connection->select('select DATE(o.c...', Array, true)
#3 /Users/aldyhelix/Projects/www/backend_rmi/vendor/laravel/framework/src/Illuminate/Database/Query/Builder.php(2402): Illuminate\\Database\\Query\\Builder->runSelect()
#4 /Users/aldyhelix/Projects/www/backend_rmi/vendor/laravel/framework/src/Illuminate/Database/Query/Builder.php(2936): Illuminate\\Database\\Query\\Builder->Illuminate\\Database\\Query\\{closure}()
#5 /Users/aldyhelix/Projects/www/backend_rmi/vendor/laravel/framework/src/Illuminate/Database/Query/Builder.php(2401): Illuminate\\Database\\Query\\Builder->onceWithColumns(Array, Object(Closure))
#6 /Users/aldyhelix/Projects/www/backend_rmi/app/Http/Livewire/Dashboard.php(645): Illuminate\\Database\\Query\\Builder->get()
#7 /Users/aldyhelix/Projects/www/backend_rmi/app/Http/Livewire/Dashboard.php(268): App\\Http\\Livewire\\Dashboard->updatedChart1DataD1()
#8 /Users/aldyhelix/Projects/www/backend_rmi/app/Http/Livewire/Dashboard.php(127): App\\Http\\Livewire\\Dashboard->updateChartSection()
#9 /Users/aldyhelix/Projects/www/backend_rmi/vendor/laravel/framework/src/Illuminate/Container/BoundMethod.php(36): App\\Http\\Livewire\\Dashboard->mount(9, 0, 7, 0, 16, 0, 0, 0, 0, 0, 0, 0, 0, 0)
#10 /Users/aldyhelix/Projects/www/backend_rmi/vendor/laravel/framework/src/Illuminate/Container/Util.php(40): Illuminate\\Container\\BoundMethod::Illuminate\\Container\\{closure}()
#11 /Users/aldyhelix/Projects/www/backend_rmi/vendor/laravel/framework/src/Illuminate/Container/BoundMethod.php(93): Illuminate\\Container\\Util::unwrapIfClosure(Object(Closure))
#12 /Users/aldyhelix/Projects/www/backend_rmi/vendor/laravel/framework/src/Illuminate/Container/BoundMethod.php(35): Illuminate\\Container\\BoundMethod::callBoundMethod(Object(Illuminate\\Foundation\\Application), Array, Object(Closure))
#13 /Users/aldyhelix/Projects/www/backend_rmi/vendor/livewire/livewire/src/LifecycleManager.php(114): Illuminate\\Container\\BoundMethod::call(Object(Illuminate\\Foundation\\Application), Array, Array)
#14 /Users/aldyhelix/Projects/www/backend_rmi/vendor/livewire/livewire/src/LivewireManager.php(130): Livewire\\LifecycleManager->mount(Array)
#15 /Users/aldyhelix/Projects/www/backend_rmi/vendor/laravel/framework/src/Illuminate/Support/Facades/Facade.php(261): Livewire\\LivewireManager->mount('dashboard', Array)
#16 /Users/aldyhelix/Projects/www/backend_rmi/resources/views/admin/dashboard/platform.blade.php(13): Illuminate\\Support\\Facades\\Facade::__callStatic('mount', Array)
#17 /Users/aldyhelix/Projects/www/backend_rmi/vendor/laravel/framework/src/Illuminate/Filesystem/Filesystem.php(107): require('/Users/aldyheli...')
#18 /Users/aldyhelix/Projects/www/backend_rmi/vendor/laravel/framework/src/Illuminate/Filesystem/Filesystem.php(108): Illuminate\\Filesystem\\Filesystem::Illuminate\\Filesystem\\{closure}()
#19 /Users/aldyhelix/Projects/www/backend_rmi/vendor/laravel/framework/src/Illuminate/View/Engines/PhpEngine.php(58): Illuminate\\Filesystem\\Filesystem->getRequire('/Users/aldyheli...', Array)
#20 /Users/aldyhelix/Projects/www/backend_rmi/vendor/livewire/livewire/src/ComponentConcerns/RendersLivewireComponents.php(69): Illuminate\\View\\Engines\\PhpEngine->evaluatePath('/Users/aldyheli...', Array)
#21 /Users/aldyhelix/Projects/www/backend_rmi/vendor/laravel/framework/src/Illuminate/View/Engines/CompilerEngine.php(61): Livewire\\CompilerEngineForIgnition->evaluatePath('/Users/aldyheli...', Array)
#22 /Users/aldyhelix/Projects/www/backend_rmi/vendor/facade/ignition/src/Views/Engines/CompilerEngine.php(37): Illuminate\\View\\Engines\\CompilerEngine->get('/Users/aldyheli...', Array)
#23 /Users/aldyhelix/Projects/www/backend_rmi/vendor/livewire/livewire/src/ComponentConcerns/RendersLivewireComponents.php(35): Facade\\Ignition\\Views\\Engines\\CompilerEngine->get('/Users/aldyheli...', Array)
#24 /Users/aldyhelix/Projects/www/backend_rmi/vendor/laravel/framework/src/Illuminate/View/View.php(139): Livewire\\CompilerEngineForIgnition->get('/Users/aldyheli...', Array)
#25 /Users/aldyhelix/Projects/www/backend_rmi/vendor/laravel/framework/src/Illuminate/View/View.php(122): Illuminate\\View\\View->getContents()
#26 /Users/aldyhelix/Projects/www/backend_rmi/vendor/laravel/framework/src/Illuminate/View/View.php(91): Illuminate\\View\\View->renderContents()
#27 /Users/aldyhelix/Projects/www/backend_rmi/vendor/laravel/framework/src/Illuminate/Http/Response.php(69): Illuminate\\View\\View->render()
#28 /Users/aldyhelix/Projects/www/backend_rmi/vendor/laravel/framework/src/Illuminate/Http/Response.php(35): Illuminate\\Http\\Response->setContent(Object(Illuminate\\View\\View))
#29 /Users/aldyhelix/Projects/www/backend_rmi/vendor/laravel/framework/src/Illuminate/Routing/Router.php(820): Illuminate\\Http\\Response->__construct(Object(Illuminate\\View\\View), 200, Array)
#30 /Users/aldyhelix/Projects/www/backend_rmi/vendor/laravel/framework/src/Illuminate/Routing/Router.php(789): Illuminate\\Routing\\Router::toResponse(Object(Illuminate\\Http\\Request), Object(Illuminate\\View\\View))
#31 /Users/aldyhelix/Projects/www/backend_rmi/vendor/laravel/framework/src/Illuminate/Routing/Router.php(720): Illuminate\\Routing\\Router->prepareResponse(Object(Illuminate\\Http\\Request), Object(Illuminate\\View\\View))
#32 /Users/aldyhelix/Projects/www/backend_rmi/vendor/laravel/framework/src/Illuminate/Pipeline/Pipeline.php(128): Illuminate\\Routing\\Router->Illuminate\\Routing\\{closure}(Object(Illuminate\\Http\\Request))
#33 /Users/aldyhelix/Projects/www/backend_rmi/app/Http/Middleware/DashboardSetup.php(22): Illuminate\\Pipeline\\Pipeline->Illuminate\\Pipeline\\{closure}(Object(Illuminate\\Http\\Request))
#34 /Users/aldyhelix/Projects/www/backend_rmi/vendor/laravel/framework/src/Illuminate/Pipeline/Pipeline.php(167): App\\Http\\Middleware\\DashboardSetup->handle(Object(Illuminate\\Http\\Request), Object(Closure))
#35 /Users/aldyhelix/Projects/www/backend_rmi/app/Http/Middleware/CheckIfBillingInfoRequired.php(24): Illuminate\\Pipeline\\Pipeline->Illuminate\\Pipeline\\{closure}(Object(Illuminate\\Http\\Request))
#36 /Users/aldyhelix/Projects/www/backend_rmi/vendor/laravel/framework/src/Illuminate/Pipeline/Pipeline.php(167): App\\Http\\Middleware\\CheckIfBillingInfoRequired->handle(Object(Illuminate\\Http\\Request), Object(Closure))
#37 /Users/aldyhelix/Projects/www/backend_rmi/app/Http/Middleware/VerifyUserIsSubscribed.php(25): Illuminate\\Pipeline\\Pipeline->Illuminate\\Pipeline\\{closure}(Object(Illuminate\\Http\\Request))
#38 /Users/aldyhelix/Projects/www/backend_rmi/vendor/laravel/framework/src/Illuminate/Pipeline/Pipeline.php(167): App\\Http\\Middleware\\VerifyUserIsSubscribed->handle(Object(Illuminate\\Http\\Request), Object(Closure))
#39 /Users/aldyhelix/Projects/www/backend_rmi/app/Http/Middleware/CookieConsentMiddleware.php(21): Illuminate\\Pipeline\\Pipeline->Illuminate\\Pipeline\\{closure}(Object(Illuminate\\Http\\Request))
#40 /Users/aldyhelix/Projects/www/backend_rmi/vendor/laravel/framework/src/Illuminate/Pipeline/Pipeline.php(167): App\\Http\\Middleware\\CookieConsentMiddleware->handle(Object(Illuminate\\Http\\Request), Object(Closure))
#41 /Users/aldyhelix/Projects/www/backend_rmi/app/Http/Middleware/Language.php(64): Illuminate\\Pipeline\\Pipeline->Illuminate\\Pipeline\\{closure}(Object(Illuminate\\Http\\Request))
#42 /Users/aldyhelix/Projects/www/backend_rmi/vendor/laravel/framework/src/Illuminate/Pipeline/Pipeline.php(167): App\\Http\\Middleware\\Language->handle(Object(Illuminate\\Http\\Request), Object(Closure))
#43 /Users/aldyhelix/Projects/www/backend_rmi/app/Http/Middleware/InitSettings.php(8): Illuminate\\Pipeline\\Pipeline->Illuminate\\Pipeline\\{closure}(Object(Illuminate\\Http\\Request))
#44 /Users/aldyhelix/Projects/www/backend_rmi/vendor/laravel/framework/src/Illuminate/Pipeline/Pipeline.php(167): App\\Http\\Middleware\\InitSettings->handle(Object(Illuminate\\Http\\Request), Object(Closure))
#45 /Users/aldyhelix/Projects/www/backend_rmi/vendor/laravel/framework/src/Illuminate/Routing/Middleware/SubstituteBindings.php(50): Illuminate\\Pipeline\\Pipeline->Illuminate\\Pipeline\\{closure}(Object(Illuminate\\Http\\Request))
#46 /Users/aldyhelix/Projects/www/backend_rmi/vendor/laravel/framework/src/Illuminate/Pipeline/Pipeline.php(167): Illuminate\\Routing\\Middleware\\SubstituteBindings->handle(Object(Illuminate\\Http\\Request), Object(Closure))
#47 /Users/aldyhelix/Projects/www/backend_rmi/vendor/laravel/framework/src/Illuminate/Auth/Middleware/Authenticate.php(44): Illuminate\\Pipeline\\Pipeline->Illuminate\\Pipeline\\{closure}(Object(Illuminate\\Http\\Request))
#48 /Users/aldyhelix/Projects/www/backend_rmi/vendor/laravel/framework/src/Illuminate/Pipeline/Pipeline.php(167): Illuminate\\Auth\\Middleware\\Authenticate->handle(Object(Illuminate\\Http\\Request), Object(Closure))
#49 /Users/aldyhelix/Projects/www/backend_rmi/vendor/laravel/framework/src/Illuminate/Foundation/Http/Middleware/VerifyCsrfToken.php(78): Illuminate\\Pipeline\\Pipeline->Illuminate\\Pipeline\\{closure}(Object(Illuminate\\Http\\Request))
#50 /Users/aldyhelix/Projects/www/backend_rmi/vendor/laravel/framework/src/Illuminate/Pipeline/Pipeline.php(167): Illuminate\\Foundation\\Http\\Middleware\\VerifyCsrfToken->handle(Object(Illuminate\\Http\\Request), Object(Closure))
#51 /Users/aldyhelix/Projects/www/backend_rmi/vendor/laravel/framework/src/Illuminate/View/Middleware/ShareErrorsFromSession.php(49): Illuminate\\Pipeline\\Pipeline->Illuminate\\Pipeline\\{closure}(Object(Illuminate\\Http\\Request))
#52 /Users/aldyhelix/Projects/www/backend_rmi/vendor/laravel/framework/src/Illuminate/Pipeline/Pipeline.php(167): Illuminate\\View\\Middleware\\ShareErrorsFromSession->handle(Object(Illuminate\\Http\\Request), Object(Closure))
#53 /Users/aldyhelix/Projects/www/backend_rmi/vendor/laravel/framework/src/Illuminate/Session/Middleware/StartSession.php(121): Illuminate\\Pipeline\\Pipeline->Illuminate\\Pipeline\\{closure}(Object(Illuminate\\Http\\Request))
#54 /Users/aldyhelix/Projects/www/backend_rmi/vendor/laravel/framework/src/Illuminate/Session/Middleware/StartSession.php(64): Illuminate\\Session\\Middleware\\StartSession->handleStatefulRequest(Object(Illuminate\\Http\\Request), Object(Illuminate\\Session\\EncryptedStore), Object(Closure))
#55 /Users/aldyhelix/Projects/www/backend_rmi/vendor/laravel/framework/src/Illuminate/Pipeline/Pipeline.php(167): Illuminate\\Session\\Middleware\\StartSession->handle(Object(Illuminate\\Http\\Request), Object(Closure))
#56 /Users/aldyhelix/Projects/www/backend_rmi/vendor/laravel/framework/src/Illuminate/Cookie/Middleware/AddQueuedCookiesToResponse.php(37): Illuminate\\Pipeline\\Pipeline->Illuminate\\Pipeline\\{closure}(Object(Illuminate\\Http\\Request))
#57 /Users/aldyhelix/Projects/www/backend_rmi/vendor/laravel/framework/src/Illuminate/Pipeline/Pipeline.php(167): Illuminate\\Cookie\\Middleware\\AddQueuedCookiesToResponse->handle(Object(Illuminate\\Http\\Request), Object(Closure))
#58 /Users/aldyhelix/Projects/www/backend_rmi/vendor/laravel/framework/src/Illuminate/Cookie/Middleware/EncryptCookies.php(67): Illuminate\\Pipeline\\Pipeline->Illuminate\\Pipeline\\{closure}(Object(Illuminate\\Http\\Request))
#59 /Users/aldyhelix/Projects/www/backend_rmi/vendor/laravel/framework/src/Illuminate/Pipeline/Pipeline.php(167): Illuminate\\Cookie\\Middleware\\EncryptCookies->handle(Object(Illuminate\\Http\\Request), Object(Closure))
#60 /Users/aldyhelix/Projects/www/backend_rmi/vendor/laravel/framework/src/Illuminate/Pipeline/Pipeline.php(103): Illuminate\\Pipeline\\Pipeline->Illuminate\\Pipeline\\{closure}(Object(Illuminate\\Http\\Request))
#61 /Users/aldyhelix/Projects/www/backend_rmi/vendor/laravel/framework/src/Illuminate/Routing/Router.php(719): Illuminate\\Pipeline\\Pipeline->then(Object(Closure))
#62 /Users/aldyhelix/Projects/www/backend_rmi/vendor/laravel/framework/src/Illuminate/Routing/Router.php(698): Illuminate\\Routing\\Router->runRouteWithinStack(Object(Illuminate\\Routing\\Route), Object(Illuminate\\Http\\Request))
#63 /Users/aldyhelix/Projects/www/backend_rmi/vendor/laravel/framework/src/Illuminate/Routing/Router.php(662): Illuminate\\Routing\\Router->runRoute(Object(Illuminate\\Http\\Request), Object(Illuminate\\Routing\\Route))
#64 /Users/aldyhelix/Projects/www/backend_rmi/vendor/laravel/framework/src/Illuminate/Routing/Router.php(651): Illuminate\\Routing\\Router->dispatchToRoute(Object(Illuminate\\Http\\Request))
#65 /Users/aldyhelix/Projects/www/backend_rmi/vendor/laravel/framework/src/Illuminate/Foundation/Http/Kernel.php(167): Illuminate\\Routing\\Router->dispatch(Object(Illuminate\\Http\\Request))
#66 /Users/aldyhelix/Projects/www/backend_rmi/vendor/laravel/framework/src/Illuminate/Pipeline/Pipeline.php(128): Illuminate\\Foundation\\Http\\Kernel->Illuminate\\Foundation\\Http\\{closure}(Object(Illuminate\\Http\\Request))
#67 /Users/aldyhelix/Projects/www/backend_rmi/vendor/livewire/livewire/src/DisableBrowserCache.php(19): Illuminate\\Pipeline\\Pipeline->Illuminate\\Pipeline\\{closure}(Object(Illuminate\\Http\\Request))
#68 /Users/aldyhelix/Projects/www/backend_rmi/vendor/laravel/framework/src/Illuminate/Pipeline/Pipeline.php(167): Livewire\\DisableBrowserCache->handle(Object(Illuminate\\Http\\Request), Object(Closure))
#69 /Users/aldyhelix/Projects/www/backend_rmi/vendor/barryvdh/laravel-debugbar/src/Middleware/InjectDebugbar.php(66): Illuminate\\Pipeline\\Pipeline->Illuminate\\Pipeline\\{closure}(Object(Illuminate\\Http\\Request))
#70 /Users/aldyhelix/Projects/www/backend_rmi/vendor/laravel/framework/src/Illuminate/Pipeline/Pipeline.php(167): Barryvdh\\Debugbar\\Middleware\\InjectDebugbar->handle(Object(Illuminate\\Http\\Request), Object(Closure))
#71 /Users/aldyhelix/Projects/www/backend_rmi/app/Http/Middleware/CheckForInstallation.php(19): Illuminate\\Pipeline\\Pipeline->Illuminate\\Pipeline\\{closure}(Object(Illuminate\\Http\\Request))
#72 /Users/aldyhelix/Projects/www/backend_rmi/vendor/laravel/framework/src/Illuminate/Pipeline/Pipeline.php(167): App\\Http\\Middleware\\CheckForInstallation->handle(Object(Illuminate\\Http\\Request), Object(Closure))
#73 /Users/aldyhelix/Projects/www/backend_rmi/vendor/laravel/framework/src/Illuminate/Foundation/Http/Middleware/TransformsRequest.php(21): Illuminate\\Pipeline\\Pipeline->Illuminate\\Pipeline\\{closure}(Object(Illuminate\\Http\\Request))
#74 /Users/aldyhelix/Projects/www/backend_rmi/vendor/laravel/framework/src/Illuminate/Foundation/Http/Middleware/ConvertEmptyStringsToNull.php(31): Illuminate\\Foundation\\Http\\Middleware\\TransformsRequest->handle(Object(Illuminate\\Http\\Request), Object(Closure))
#75 /Users/aldyhelix/Projects/www/backend_rmi/vendor/laravel/framework/src/Illuminate/Pipeline/Pipeline.php(167): Illuminate\\Foundation\\Http\\Middleware\\ConvertEmptyStringsToNull->handle(Object(Illuminate\\Http\\Request), Object(Closure))
#76 /Users/aldyhelix/Projects/www/backend_rmi/vendor/laravel/framework/src/Illuminate/Foundation/Http/Middleware/TransformsRequest.php(21): Illuminate\\Pipeline\\Pipeline->Illuminate\\Pipeline\\{closure}(Object(Illuminate\\Http\\Request))
#77 /Users/aldyhelix/Projects/www/backend_rmi/vendor/laravel/framework/src/Illuminate/Foundation/Http/Middleware/TrimStrings.php(40): Illuminate\\Foundation\\Http\\Middleware\\TransformsRequest->handle(Object(Illuminate\\Http\\Request), Object(Closure))
#78 /Users/aldyhelix/Projects/www/backend_rmi/vendor/laravel/framework/src/Illuminate/Pipeline/Pipeline.php(167): Illuminate\\Foundation\\Http\\Middleware\\TrimStrings->handle(Object(Illuminate\\Http\\Request), Object(Closure))
#79 /Users/aldyhelix/Projects/www/backend_rmi/vendor/laravel/framework/src/Illuminate/Foundation/Http/Middleware/ValidatePostSize.php(27): Illuminate\\Pipeline\\Pipeline->Illuminate\\Pipeline\\{closure}(Object(Illuminate\\Http\\Request))
#80 /Users/aldyhelix/Projects/www/backend_rmi/vendor/laravel/framework/src/Illuminate/Pipeline/Pipeline.php(167): Illuminate\\Foundation\\Http\\Middleware\\ValidatePostSize->handle(Object(Illuminate\\Http\\Request), Object(Closure))
#81 /Users/aldyhelix/Projects/www/backend_rmi/vendor/laravel/framework/src/Illuminate/Foundation/Http/Middleware/PreventRequestsDuringMaintenance.php(86): Illuminate\\Pipeline\\Pipeline->Illuminate\\Pipeline\\{closure}(Object(Illuminate\\Http\\Request))
#82 /Users/aldyhelix/Projects/www/backend_rmi/vendor/laravel/framework/src/Illuminate/Pipeline/Pipeline.php(167): Illuminate\\Foundation\\Http\\Middleware\\PreventRequestsDuringMaintenance->handle(Object(Illuminate\\Http\\Request), Object(Closure))
#83 /Users/aldyhelix/Projects/www/backend_rmi/vendor/fruitcake/laravel-cors/src/HandleCors.php(38): Illuminate\\Pipeline\\Pipeline->Illuminate\\Pipeline\\{closure}(Object(Illuminate\\Http\\Request))
#84 /Users/aldyhelix/Projects/www/backend_rmi/vendor/laravel/framework/src/Illuminate/Pipeline/Pipeline.php(167): Fruitcake\\Cors\\HandleCors->handle(Object(Illuminate\\Http\\Request), Object(Closure))
#85 /Users/aldyhelix/Projects/www/backend_rmi/vendor/laravel/framework/src/Illuminate/Http/Middleware/TrustProxies.php(39): Illuminate\\Pipeline\\Pipeline->Illuminate\\Pipeline\\{closure}(Object(Illuminate\\Http\\Request))
#86 /Users/aldyhelix/Projects/www/backend_rmi/vendor/laravel/framework/src/Illuminate/Pipeline/Pipeline.php(167): Illuminate\\Http\\Middleware\\TrustProxies->handle(Object(Illuminate\\Http\\Request), Object(Closure))
#87 /Users/aldyhelix/Projects/www/backend_rmi/vendor/laravel/framework/src/Illuminate/Pipeline/Pipeline.php(103): Illuminate\\Pipeline\\Pipeline->Illuminate\\Pipeline\\{closure}(Object(Illuminate\\Http\\Request))
#88 /Users/aldyhelix/Projects/www/backend_rmi/vendor/laravel/framework/src/Illuminate/Foundation/Http/Kernel.php(142): Illuminate\\Pipeline\\Pipeline->then(Object(Closure))
#89 /Users/aldyhelix/Projects/www/backend_rmi/vendor/laravel/framework/src/Illuminate/Foundation/Http/Kernel.php(111): Illuminate\\Foundation\\Http\\Kernel->sendRequestThroughRouter(Object(Illuminate\\Http\\Request))
#90 /Users/aldyhelix/Projects/www/backend_rmi/public/index.php(58): Illuminate\\Foundation\\Http\\Kernel->handle(Object(Illuminate\\Http\\Request))
#91 /Applications/Herd.app/Contents/Resources/valet/server.php(153): require('/Users/aldyheli...')
#92 {main}

[previous exception] [object] (Illuminate\\Database\\QueryException(code: 42000): SQLSTATE[42000]: Syntax error or access violation: 1064 You have an error in your SQL syntax; check the manual that corresponds to your MySQL server version for the right syntax to use near '*) AS count from `orders` as `o` inner join `order_items` as `oi` on `o`.`id` = ' at line 1 (SQL: select DATE(o.created_at) AS order_date, COUNT(o.*) AS count from `orders` as `o` inner join `order_items` as `oi` on `o`.`id` = `oi`.`order_id` inner join `inventories` as `i` on `oi`.`inventory_id` = `i`.`id` inner join `products` as `p` on `i`.`product_id` = `p`.`id` inner join `customers` as `cust` on `o`.`customer_id` = `cust`.`id` where `customer_id` is not null and `o`.`created_at` between 2024-06-17 and 2024-06-23 and `o`.`order_status_id` <> 8 group by `order_date`) at /Users/aldyhelix/Projects/www/backend_rmi/vendor/laravel/framework/src/Illuminate/Database/Connection.php:712)
[stacktrace]
#0 /Users/aldyhelix/Projects/www/backend_rmi/vendor/laravel/framework/src/Illuminate/Database/Connection.php(672): Illuminate\\Database\\Connection->runQueryCallback('select DATE(o.c...', Array, Object(Closure))
#1 /Users/aldyhelix/Projects/www/backend_rmi/vendor/laravel/framework/src/Illuminate/Database/Connection.php(359): Illuminate\\Database\\Connection->run('select DATE(o.c...', Array, Object(Closure))
#2 /Users/aldyhelix/Projects/www/backend_rmi/vendor/laravel/framework/src/Illuminate/Database/Query/Builder.php(2413): Illuminate\\Database\\Connection->select('select DATE(o.c...', Array, true)
#3 /Users/aldyhelix/Projects/www/backend_rmi/vendor/laravel/framework/src/Illuminate/Database/Query/Builder.php(2402): Illuminate\\Database\\Query\\Builder->runSelect()
#4 /Users/aldyhelix/Projects/www/backend_rmi/vendor/laravel/framework/src/Illuminate/Database/Query/Builder.php(2936): Illuminate\\Database\\Query\\Builder->Illuminate\\Database\\Query\\{closure}()
#5 /Users/aldyhelix/Projects/www/backend_rmi/vendor/laravel/framework/src/Illuminate/Database/Query/Builder.php(2401): Illuminate\\Database\\Query\\Builder->onceWithColumns(Array, Object(Closure))
#6 /Users/aldyhelix/Projects/www/backend_rmi/app/Http/Livewire/Dashboard.php(645): Illuminate\\Database\\Query\\Builder->get()
#7 /Users/aldyhelix/Projects/www/backend_rmi/app/Http/Livewire/Dashboard.php(268): App\\Http\\Livewire\\Dashboard->updatedChart1DataD1()
#8 /Users/aldyhelix/Projects/www/backend_rmi/app/Http/Livewire/Dashboard.php(127): App\\Http\\Livewire\\Dashboard->updateChartSection()
#9 /Users/aldyhelix/Projects/www/backend_rmi/vendor/laravel/framework/src/Illuminate/Container/BoundMethod.php(36): App\\Http\\Livewire\\Dashboard->mount(9, 0, 7, 0, 16, 0, 0, 0, 0, 0, 0, 0, 0, 0)
#10 /Users/aldyhelix/Projects/www/backend_rmi/vendor/laravel/framework/src/Illuminate/Container/Util.php(40): Illuminate\\Container\\BoundMethod::Illuminate\\Container\\{closure}()
#11 /Users/aldyhelix/Projects/www/backend_rmi/vendor/laravel/framework/src/Illuminate/Container/BoundMethod.php(93): Illuminate\\Container\\Util::unwrapIfClosure(Object(Closure))
#12 /Users/aldyhelix/Projects/www/backend_rmi/vendor/laravel/framework/src/Illuminate/Container/BoundMethod.php(35): Illuminate\\Container\\BoundMethod::callBoundMethod(Object(Illuminate\\Foundation\\Application), Array, Object(Closure))
#13 /Users/aldyhelix/Projects/www/backend_rmi/vendor/livewire/livewire/src/LifecycleManager.php(114): Illuminate\\Container\\BoundMethod::call(Object(Illuminate\\Foundation\\Application), Array, Array)
#14 /Users/aldyhelix/Projects/www/backend_rmi/vendor/livewire/livewire/src/LivewireManager.php(130): Livewire\\LifecycleManager->mount(Array)
#15 /Users/aldyhelix/Projects/www/backend_rmi/vendor/laravel/framework/src/Illuminate/Support/Facades/Facade.php(261): Livewire\\LivewireManager->mount('dashboard', Array)
#16 /Users/aldyhelix/Projects/www/backend_rmi/storage/framework/views/7614a377bf597da1c7ed67416eae576b7feee755.php(13): Illuminate\\Support\\Facades\\Facade::__callStatic('mount', Array)
#17 /Users/aldyhelix/Projects/www/backend_rmi/vendor/laravel/framework/src/Illuminate/Filesystem/Filesystem.php(107): require('/Users/aldyheli...')
#18 /Users/aldyhelix/Projects/www/backend_rmi/vendor/laravel/framework/src/Illuminate/Filesystem/Filesystem.php(108): Illuminate\\Filesystem\\Filesystem::Illuminate\\Filesystem\\{closure}()
#19 /Users/aldyhelix/Projects/www/backend_rmi/vendor/laravel/framework/src/Illuminate/View/Engines/PhpEngine.php(58): Illuminate\\Filesystem\\Filesystem->getRequire('/Users/aldyheli...', Array)
#20 /Users/aldyhelix/Projects/www/backend_rmi/vendor/livewire/livewire/src/ComponentConcerns/RendersLivewireComponents.php(69): Illuminate\\View\\Engines\\PhpEngine->evaluatePath('/Users/aldyheli...', Array)
#21 /Users/aldyhelix/Projects/www/backend_rmi/vendor/laravel/framework/src/Illuminate/View/Engines/CompilerEngine.php(61): Livewire\\CompilerEngineForIgnition->evaluatePath('/Users/aldyheli...', Array)
#22 /Users/aldyhelix/Projects/www/backend_rmi/vendor/facade/ignition/src/Views/Engines/CompilerEngine.php(37): Illuminate\\View\\Engines\\CompilerEngine->get('/Users/aldyheli...', Array)
#23 /Users/aldyhelix/Projects/www/backend_rmi/vendor/livewire/livewire/src/ComponentConcerns/RendersLivewireComponents.php(35): Facade\\Ignition\\Views\\Engines\\CompilerEngine->get('/Users/aldyheli...', Array)
#24 /Users/aldyhelix/Projects/www/backend_rmi/vendor/laravel/framework/src/Illuminate/View/View.php(139): Livewire\\CompilerEngineForIgnition->get('/Users/aldyheli...', Array)
#25 /Users/aldyhelix/Projects/www/backend_rmi/vendor/laravel/framework/src/Illuminate/View/View.php(122): Illuminate\\View\\View->getContents()
#26 /Users/aldyhelix/Projects/www/backend_rmi/vendor/laravel/framework/src/Illuminate/View/View.php(91): Illuminate\\View\\View->renderContents()
#27 /Users/aldyhelix/Projects/www/backend_rmi/vendor/laravel/framework/src/Illuminate/Http/Response.php(69): Illuminate\\View\\View->render()
#28 /Users/aldyhelix/Projects/www/backend_rmi/vendor/laravel/framework/src/Illuminate/Http/Response.php(35): Illuminate\\Http\\Response->setContent(Object(Illuminate\\View\\View))
#29 /Users/aldyhelix/Projects/www/backend_rmi/vendor/laravel/framework/src/Illuminate/Routing/Router.php(820): Illuminate\\Http\\Response->__construct(Object(Illuminate\\View\\View), 200, Array)
#30 /Users/aldyhelix/Projects/www/backend_rmi/vendor/laravel/framework/src/Illuminate/Routing/Router.php(789): Illuminate\\Routing\\Router::toResponse(Object(Illuminate\\Http\\Request), Object(Illuminate\\View\\View))
#31 /Users/aldyhelix/Projects/www/backend_rmi/vendor/laravel/framework/src/Illuminate/Routing/Router.php(720): Illuminate\\Routing\\Router->prepareResponse(Object(Illuminate\\Http\\Request), Object(Illuminate\\View\\View))
#32 /Users/aldyhelix/Projects/www/backend_rmi/vendor/laravel/framework/src/Illuminate/Pipeline/Pipeline.php(128): Illuminate\\Routing\\Router->Illuminate\\Routing\\{closure}(Object(Illuminate\\Http\\Request))
#33 /Users/aldyhelix/Projects/www/backend_rmi/app/Http/Middleware/DashboardSetup.php(22): Illuminate\\Pipeline\\Pipeline->Illuminate\\Pipeline\\{closure}(Object(Illuminate\\Http\\Request))
#34 /Users/aldyhelix/Projects/www/backend_rmi/vendor/laravel/framework/src/Illuminate/Pipeline/Pipeline.php(167): App\\Http\\Middleware\\DashboardSetup->handle(Object(Illuminate\\Http\\Request), Object(Closure))
#35 /Users/aldyhelix/Projects/www/backend_rmi/app/Http/Middleware/CheckIfBillingInfoRequired.php(24): Illuminate\\Pipeline\\Pipeline->Illuminate\\Pipeline\\{closure}(Object(Illuminate\\Http\\Request))
#36 /Users/aldyhelix/Projects/www/backend_rmi/vendor/laravel/framework/src/Illuminate/Pipeline/Pipeline.php(167): App\\Http\\Middleware\\CheckIfBillingInfoRequired->handle(Object(Illuminate\\Http\\Request), Object(Closure))
#37 /Users/aldyhelix/Projects/www/backend_rmi/app/Http/Middleware/VerifyUserIsSubscribed.php(25): Illuminate\\Pipeline\\Pipeline->Illuminate\\Pipeline\\{closure}(Object(Illuminate\\Http\\Request))
#38 /Users/aldyhelix/Projects/www/backend_rmi/vendor/laravel/framework/src/Illuminate/Pipeline/Pipeline.php(167): App\\Http\\Middleware\\VerifyUserIsSubscribed->handle(Object(Illuminate\\Http\\Request), Object(Closure))
#39 /Users/aldyhelix/Projects/www/backend_rmi/app/Http/Middleware/CookieConsentMiddleware.php(21): Illuminate\\Pipeline\\Pipeline->Illuminate\\Pipeline\\{closure}(Object(Illuminate\\Http\\Request))
#40 /Users/aldyhelix/Projects/www/backend_rmi/vendor/laravel/framework/src/Illuminate/Pipeline/Pipeline.php(167): App\\Http\\Middleware\\CookieConsentMiddleware->handle(Object(Illuminate\\Http\\Request), Object(Closure))
#41 /Users/aldyhelix/Projects/www/backend_rmi/app/Http/Middleware/Language.php(64): Illuminate\\Pipeline\\Pipeline->Illuminate\\Pipeline\\{closure}(Object(Illuminate\\Http\\Request))
#42 /Users/aldyhelix/Projects/www/backend_rmi/vendor/laravel/framework/src/Illuminate/Pipeline/Pipeline.php(167): App\\Http\\Middleware\\Language->handle(Object(Illuminate\\Http\\Request), Object(Closure))
#43 /Users/aldyhelix/Projects/www/backend_rmi/app/Http/Middleware/InitSettings.php(8): Illuminate\\Pipeline\\Pipeline->Illuminate\\Pipeline\\{closure}(Object(Illuminate\\Http\\Request))
#44 /Users/aldyhelix/Projects/www/backend_rmi/vendor/laravel/framework/src/Illuminate/Pipeline/Pipeline.php(167): App\\Http\\Middleware\\InitSettings->handle(Object(Illuminate\\Http\\Request), Object(Closure))
#45 /Users/aldyhelix/Projects/www/backend_rmi/vendor/laravel/framework/src/Illuminate/Routing/Middleware/SubstituteBindings.php(50): Illuminate\\Pipeline\\Pipeline->Illuminate\\Pipeline\\{closure}(Object(Illuminate\\Http\\Request))
#46 /Users/aldyhelix/Projects/www/backend_rmi/vendor/laravel/framework/src/Illuminate/Pipeline/Pipeline.php(167): Illuminate\\Routing\\Middleware\\SubstituteBindings->handle(Object(Illuminate\\Http\\Request), Object(Closure))
#47 /Users/aldyhelix/Projects/www/backend_rmi/vendor/laravel/framework/src/Illuminate/Auth/Middleware/Authenticate.php(44): Illuminate\\Pipeline\\Pipeline->Illuminate\\Pipeline\\{closure}(Object(Illuminate\\Http\\Request))
#48 /Users/aldyhelix/Projects/www/backend_rmi/vendor/laravel/framework/src/Illuminate/Pipeline/Pipeline.php(167): Illuminate\\Auth\\Middleware\\Authenticate->handle(Object(Illuminate\\Http\\Request), Object(Closure))
#49 /Users/aldyhelix/Projects/www/backend_rmi/vendor/laravel/framework/src/Illuminate/Foundation/Http/Middleware/VerifyCsrfToken.php(78): Illuminate\\Pipeline\\Pipeline->Illuminate\\Pipeline\\{closure}(Object(Illuminate\\Http\\Request))
#50 /Users/aldyhelix/Projects/www/backend_rmi/vendor/laravel/framework/src/Illuminate/Pipeline/Pipeline.php(167): Illuminate\\Foundation\\Http\\Middleware\\VerifyCsrfToken->handle(Object(Illuminate\\Http\\Request), Object(Closure))
#51 /Users/aldyhelix/Projects/www/backend_rmi/vendor/laravel/framework/src/Illuminate/View/Middleware/ShareErrorsFromSession.php(49): Illuminate\\Pipeline\\Pipeline->Illuminate\\Pipeline\\{closure}(Object(Illuminate\\Http\\Request))
#52 /Users/aldyhelix/Projects/www/backend_rmi/vendor/laravel/framework/src/Illuminate/Pipeline/Pipeline.php(167): Illuminate\\View\\Middleware\\ShareErrorsFromSession->handle(Object(Illuminate\\Http\\Request), Object(Closure))
#53 /Users/aldyhelix/Projects/www/backend_rmi/vendor/laravel/framework/src/Illuminate/Session/Middleware/StartSession.php(121): Illuminate\\Pipeline\\Pipeline->Illuminate\\Pipeline\\{closure}(Object(Illuminate\\Http\\Request))
#54 /Users/aldyhelix/Projects/www/backend_rmi/vendor/laravel/framework/src/Illuminate/Session/Middleware/StartSession.php(64): Illuminate\\Session\\Middleware\\StartSession->handleStatefulRequest(Object(Illuminate\\Http\\Request), Object(Illuminate\\Session\\EncryptedStore), Object(Closure))
#55 /Users/aldyhelix/Projects/www/backend_rmi/vendor/laravel/framework/src/Illuminate/Pipeline/Pipeline.php(167): Illuminate\\Session\\Middleware\\StartSession->handle(Object(Illuminate\\Http\\Request), Object(Closure))
#56 /Users/aldyhelix/Projects/www/backend_rmi/vendor/laravel/framework/src/Illuminate/Cookie/Middleware/AddQueuedCookiesToResponse.php(37): Illuminate\\Pipeline\\Pipeline->Illuminate\\Pipeline\\{closure}(Object(Illuminate\\Http\\Request))
#57 /Users/aldyhelix/Projects/www/backend_rmi/vendor/laravel/framework/src/Illuminate/Pipeline/Pipeline.php(167): Illuminate\\Cookie\\Middleware\\AddQueuedCookiesToResponse->handle(Object(Illuminate\\Http\\Request), Object(Closure))
#58 /Users/aldyhelix/Projects/www/backend_rmi/vendor/laravel/framework/src/Illuminate/Cookie/Middleware/EncryptCookies.php(67): Illuminate\\Pipeline\\Pipeline->Illuminate\\Pipeline\\{closure}(Object(Illuminate\\Http\\Request))
#59 /Users/aldyhelix/Projects/www/backend_rmi/vendor/laravel/framework/src/Illuminate/Pipeline/Pipeline.php(167): Illuminate\\Cookie\\Middleware\\EncryptCookies->handle(Object(Illuminate\\Http\\Request), Object(Closure))
#60 /Users/aldyhelix/Projects/www/backend_rmi/vendor/laravel/framework/src/Illuminate/Pipeline/Pipeline.php(103): Illuminate\\Pipeline\\Pipeline->Illuminate\\Pipeline\\{closure}(Object(Illuminate\\Http\\Request))
#61 /Users/aldyhelix/Projects/www/backend_rmi/vendor/laravel/framework/src/Illuminate/Routing/Router.php(719): Illuminate\\Pipeline\\Pipeline->then(Object(Closure))
#62 /Users/aldyhelix/Projects/www/backend_rmi/vendor/laravel/framework/src/Illuminate/Routing/Router.php(698): Illuminate\\Routing\\Router->runRouteWithinStack(Object(Illuminate\\Routing\\Route), Object(Illuminate\\Http\\Request))
#63 /Users/aldyhelix/Projects/www/backend_rmi/vendor/laravel/framework/src/Illuminate/Routing/Router.php(662): Illuminate\\Routing\\Router->runRoute(Object(Illuminate\\Http\\Request), Object(Illuminate\\Routing\\Route))
#64 /Users/aldyhelix/Projects/www/backend_rmi/vendor/laravel/framework/src/Illuminate/Routing/Router.php(651): Illuminate\\Routing\\Router->dispatchToRoute(Object(Illuminate\\Http\\Request))
#65 /Users/aldyhelix/Projects/www/backend_rmi/vendor/laravel/framework/src/Illuminate/Foundation/Http/Kernel.php(167): Illuminate\\Routing\\Router->dispatch(Object(Illuminate\\Http\\Request))
#66 /Users/aldyhelix/Projects/www/backend_rmi/vendor/laravel/framework/src/Illuminate/Pipeline/Pipeline.php(128): Illuminate\\Foundation\\Http\\Kernel->Illuminate\\Foundation\\Http\\{closure}(Object(Illuminate\\Http\\Request))
#67 /Users/aldyhelix/Projects/www/backend_rmi/vendor/livewire/livewire/src/DisableBrowserCache.php(19): Illuminate\\Pipeline\\Pipeline->Illuminate\\Pipeline\\{closure}(Object(Illuminate\\Http\\Request))
#68 /Users/aldyhelix/Projects/www/backend_rmi/vendor/laravel/framework/src/Illuminate/Pipeline/Pipeline.php(167): Livewire\\DisableBrowserCache->handle(Object(Illuminate\\Http\\Request), Object(Closure))
#69 /Users/aldyhelix/Projects/www/backend_rmi/vendor/barryvdh/laravel-debugbar/src/Middleware/InjectDebugbar.php(66): Illuminate\\Pipeline\\Pipeline->Illuminate\\Pipeline\\{closure}(Object(Illuminate\\Http\\Request))
#70 /Users/aldyhelix/Projects/www/backend_rmi/vendor/laravel/framework/src/Illuminate/Pipeline/Pipeline.php(167): Barryvdh\\Debugbar\\Middleware\\InjectDebugbar->handle(Object(Illuminate\\Http\\Request), Object(Closure))
#71 /Users/aldyhelix/Projects/www/backend_rmi/app/Http/Middleware/CheckForInstallation.php(19): Illuminate\\Pipeline\\Pipeline->Illuminate\\Pipeline\\{closure}(Object(Illuminate\\Http\\Request))
#72 /Users/aldyhelix/Projects/www/backend_rmi/vendor/laravel/framework/src/Illuminate/Pipeline/Pipeline.php(167): App\\Http\\Middleware\\CheckForInstallation->handle(Object(Illuminate\\Http\\Request), Object(Closure))
#73 /Users/aldyhelix/Projects/www/backend_rmi/vendor/laravel/framework/src/Illuminate/Foundation/Http/Middleware/TransformsRequest.php(21): Illuminate\\Pipeline\\Pipeline->Illuminate\\Pipeline\\{closure}(Object(Illuminate\\Http\\Request))
#74 /Users/aldyhelix/Projects/www/backend_rmi/vendor/laravel/framework/src/Illuminate/Foundation/Http/Middleware/ConvertEmptyStringsToNull.php(31): Illuminate\\Foundation\\Http\\Middleware\\TransformsRequest->handle(Object(Illuminate\\Http\\Request), Object(Closure))
#75 /Users/aldyhelix/Projects/www/backend_rmi/vendor/laravel/framework/src/Illuminate/Pipeline/Pipeline.php(167): Illuminate\\Foundation\\Http\\Middleware\\ConvertEmptyStringsToNull->handle(Object(Illuminate\\Http\\Request), Object(Closure))
#76 /Users/aldyhelix/Projects/www/backend_rmi/vendor/laravel/framework/src/Illuminate/Foundation/Http/Middleware/TransformsRequest.php(21): Illuminate\\Pipeline\\Pipeline->Illuminate\\Pipeline\\{closure}(Object(Illuminate\\Http\\Request))
#77 /Users/aldyhelix/Projects/www/backend_rmi/vendor/laravel/framework/src/Illuminate/Foundation/Http/Middleware/TrimStrings.php(40): Illuminate\\Foundation\\Http\\Middleware\\TransformsRequest->handle(Object(Illuminate\\Http\\Request), Object(Closure))
#78 /Users/aldyhelix/Projects/www/backend_rmi/vendor/laravel/framework/src/Illuminate/Pipeline/Pipeline.php(167): Illuminate\\Foundation\\Http\\Middleware\\TrimStrings->handle(Object(Illuminate\\Http\\Request), Object(Closure))
#79 /Users/aldyhelix/Projects/www/backend_rmi/vendor/laravel/framework/src/Illuminate/Foundation/Http/Middleware/ValidatePostSize.php(27): Illuminate\\Pipeline\\Pipeline->Illuminate\\Pipeline\\{closure}(Object(Illuminate\\Http\\Request))
#80 /Users/aldyhelix/Projects/www/backend_rmi/vendor/laravel/framework/src/Illuminate/Pipeline/Pipeline.php(167): Illuminate\\Foundation\\Http\\Middleware\\ValidatePostSize->handle(Object(Illuminate\\Http\\Request), Object(Closure))
#81 /Users/aldyhelix/Projects/www/backend_rmi/vendor/laravel/framework/src/Illuminate/Foundation/Http/Middleware/PreventRequestsDuringMaintenance.php(86): Illuminate\\Pipeline\\Pipeline->Illuminate\\Pipeline\\{closure}(Object(Illuminate\\Http\\Request))
#82 /Users/aldyhelix/Projects/www/backend_rmi/vendor/laravel/framework/src/Illuminate/Pipeline/Pipeline.php(167): Illuminate\\Foundation\\Http\\Middleware\\PreventRequestsDuringMaintenance->handle(Object(Illuminate\\Http\\Request), Object(Closure))
#83 /Users/aldyhelix/Projects/www/backend_rmi/vendor/fruitcake/laravel-cors/src/HandleCors.php(38): Illuminate\\Pipeline\\Pipeline->Illuminate\\Pipeline\\{closure}(Object(Illuminate\\Http\\Request))
#84 /Users/aldyhelix/Projects/www/backend_rmi/vendor/laravel/framework/src/Illuminate/Pipeline/Pipeline.php(167): Fruitcake\\Cors\\HandleCors->handle(Object(Illuminate\\Http\\Request), Object(Closure))
#85 /Users/aldyhelix/Projects/www/backend_rmi/vendor/laravel/framework/src/Illuminate/Http/Middleware/TrustProxies.php(39): Illuminate\\Pipeline\\Pipeline->Illuminate\\Pipeline\\{closure}(Object(Illuminate\\Http\\Request))
#86 /Users/aldyhelix/Projects/www/backend_rmi/vendor/laravel/framework/src/Illuminate/Pipeline/Pipeline.php(167): Illuminate\\Http\\Middleware\\TrustProxies->handle(Object(Illuminate\\Http\\Request), Object(Closure))
#87 /Users/aldyhelix/Projects/www/backend_rmi/vendor/laravel/framework/src/Illuminate/Pipeline/Pipeline.php(103): Illuminate\\Pipeline\\Pipeline->Illuminate\\Pipeline\\{closure}(Object(Illuminate\\Http\\Request))
#88 /Users/aldyhelix/Projects/www/backend_rmi/vendor/laravel/framework/src/Illuminate/Foundation/Http/Kernel.php(142): Illuminate\\Pipeline\\Pipeline->then(Object(Closure))
#89 /Users/aldyhelix/Projects/www/backend_rmi/vendor/laravel/framework/src/Illuminate/Foundation/Http/Kernel.php(111): Illuminate\\Foundation\\Http\\Kernel->sendRequestThroughRouter(Object(Illuminate\\Http\\Request))
#90 /Users/aldyhelix/Projects/www/backend_rmi/public/index.php(58): Illuminate\\Foundation\\Http\\Kernel->handle(Object(Illuminate\\Http\\Request))
#91 /Applications/Herd.app/Contents/Resources/valet/server.php(153): require('/Users/aldyheli...')
#92 {main}

[previous exception] [object] (PDOException(code: 42000): SQLSTATE[42000]: Syntax error or access violation: 1064 You have an error in your SQL syntax; check the manual that corresponds to your MySQL server version for the right syntax to use near '*) AS count from `orders` as `o` inner join `order_items` as `oi` on `o`.`id` = ' at line 1 at /Users/aldyhelix/Projects/www/backend_rmi/vendor/laravel/framework/src/Illuminate/Database/Connection.php:368)
[stacktrace]
#0 /Users/aldyhelix/Projects/www/backend_rmi/vendor/laravel/framework/src/Illuminate/Database/Connection.php(368): PDO->prepare('select DATE(o.c...')
#1 /Users/aldyhelix/Projects/www/backend_rmi/vendor/laravel/framework/src/Illuminate/Database/Connection.php(705): Illuminate\\Database\\Connection->Illuminate\\Database\\{closure}('select DATE(o.c...', Array)
#2 /Users/aldyhelix/Projects/www/backend_rmi/vendor/laravel/framework/src/Illuminate/Database/Connection.php(672): Illuminate\\Database\\Connection->runQueryCallback('select DATE(o.c...', Array, Object(Closure))
#3 /Users/aldyhelix/Projects/www/backend_rmi/vendor/laravel/framework/src/Illuminate/Database/Connection.php(359): Illuminate\\Database\\Connection->run('select DATE(o.c...', Array, Object(Closure))
#4 /Users/aldyhelix/Projects/www/backend_rmi/vendor/laravel/framework/src/Illuminate/Database/Query/Builder.php(2413): Illuminate\\Database\\Connection->select('select DATE(o.c...', Array, true)
#5 /Users/aldyhelix/Projects/www/backend_rmi/vendor/laravel/framework/src/Illuminate/Database/Query/Builder.php(2402): Illuminate\\Database\\Query\\Builder->runSelect()
#6 /Users/aldyhelix/Projects/www/backend_rmi/vendor/laravel/framework/src/Illuminate/Database/Query/Builder.php(2936): Illuminate\\Database\\Query\\Builder->Illuminate\\Database\\Query\\{closure}()
#7 /Users/aldyhelix/Projects/www/backend_rmi/vendor/laravel/framework/src/Illuminate/Database/Query/Builder.php(2401): Illuminate\\Database\\Query\\Builder->onceWithColumns(Array, Object(Closure))
#8 /Users/aldyhelix/Projects/www/backend_rmi/app/Http/Livewire/Dashboard.php(645): Illuminate\\Database\\Query\\Builder->get()
#9 /Users/aldyhelix/Projects/www/backend_rmi/app/Http/Livewire/Dashboard.php(268): App\\Http\\Livewire\\Dashboard->updatedChart1DataD1()
#10 /Users/aldyhelix/Projects/www/backend_rmi/app/Http/Livewire/Dashboard.php(127): App\\Http\\Livewire\\Dashboard->updateChartSection()
#11 /Users/aldyhelix/Projects/www/backend_rmi/vendor/laravel/framework/src/Illuminate/Container/BoundMethod.php(36): App\\Http\\Livewire\\Dashboard->mount(9, 0, 7, 0, 16, 0, 0, 0, 0, 0, 0, 0, 0, 0)
#12 /Users/aldyhelix/Projects/www/backend_rmi/vendor/laravel/framework/src/Illuminate/Container/Util.php(40): Illuminate\\Container\\BoundMethod::Illuminate\\Container\\{closure}()
#13 /Users/aldyhelix/Projects/www/backend_rmi/vendor/laravel/framework/src/Illuminate/Container/BoundMethod.php(93): Illuminate\\Container\\Util::unwrapIfClosure(Object(Closure))
#14 /Users/aldyhelix/Projects/www/backend_rmi/vendor/laravel/framework/src/Illuminate/Container/BoundMethod.php(35): Illuminate\\Container\\BoundMethod::callBoundMethod(Object(Illuminate\\Foundation\\Application), Array, Object(Closure))
#15 /Users/aldyhelix/Projects/www/backend_rmi/vendor/livewire/livewire/src/LifecycleManager.php(114): Illuminate\\Container\\BoundMethod::call(Object(Illuminate\\Foundation\\Application), Array, Array)
#16 /Users/aldyhelix/Projects/www/backend_rmi/vendor/livewire/livewire/src/LivewireManager.php(130): Livewire\\LifecycleManager->mount(Array)
#17 /Users/aldyhelix/Projects/www/backend_rmi/vendor/laravel/framework/src/Illuminate/Support/Facades/Facade.php(261): Livewire\\LivewireManager->mount('dashboard', Array)
#18 /Users/aldyhelix/Projects/www/backend_rmi/storage/framework/views/7614a377bf597da1c7ed67416eae576b7feee755.php(13): Illuminate\\Support\\Facades\\Facade::__callStatic('mount', Array)
#19 /Users/aldyhelix/Projects/www/backend_rmi/vendor/laravel/framework/src/Illuminate/Filesystem/Filesystem.php(107): require('/Users/aldyheli...')
#20 /Users/aldyhelix/Projects/www/backend_rmi/vendor/laravel/framework/src/Illuminate/Filesystem/Filesystem.php(108): Illuminate\\Filesystem\\Filesystem::Illuminate\\Filesystem\\{closure}()
#21 /Users/aldyhelix/Projects/www/backend_rmi/vendor/laravel/framework/src/Illuminate/View/Engines/PhpEngine.php(58): Illuminate\\Filesystem\\Filesystem->getRequire('/Users/aldyheli...', Array)
#22 /Users/aldyhelix/Projects/www/backend_rmi/vendor/livewire/livewire/src/ComponentConcerns/RendersLivewireComponents.php(69): Illuminate\\View\\Engines\\PhpEngine->evaluatePath('/Users/aldyheli...', Array)
#23 /Users/aldyhelix/Projects/www/backend_rmi/vendor/laravel/framework/src/Illuminate/View/Engines/CompilerEngine.php(61): Livewire\\CompilerEngineForIgnition->evaluatePath('/Users/aldyheli...', Array)
#24 /Users/aldyhelix/Projects/www/backend_rmi/vendor/facade/ignition/src/Views/Engines/CompilerEngine.php(37): Illuminate\\View\\Engines\\CompilerEngine->get('/Users/aldyheli...', Array)
#25 /Users/aldyhelix/Projects/www/backend_rmi/vendor/livewire/livewire/src/ComponentConcerns/RendersLivewireComponents.php(35): Facade\\Ignition\\Views\\Engines\\CompilerEngine->get('/Users/aldyheli...', Array)
#26 /Users/aldyhelix/Projects/www/backend_rmi/vendor/laravel/framework/src/Illuminate/View/View.php(139): Livewire\\CompilerEngineForIgnition->get('/Users/aldyheli...', Array)
#27 /Users/aldyhelix/Projects/www/backend_rmi/vendor/laravel/framework/src/Illuminate/View/View.php(122): Illuminate\\View\\View->getContents()
#28 /Users/aldyhelix/Projects/www/backend_rmi/vendor/laravel/framework/src/Illuminate/View/View.php(91): Illuminate\\View\\View->renderContents()
#29 /Users/aldyhelix/Projects/www/backend_rmi/vendor/laravel/framework/src/Illuminate/Http/Response.php(69): Illuminate\\View\\View->render()
#30 /Users/aldyhelix/Projects/www/backend_rmi/vendor/laravel/framework/src/Illuminate/Http/Response.php(35): Illuminate\\Http\\Response->setContent(Object(Illuminate\\View\\View))
#31 /Users/aldyhelix/Projects/www/backend_rmi/vendor/laravel/framework/src/Illuminate/Routing/Router.php(820): Illuminate\\Http\\Response->__construct(Object(Illuminate\\View\\View), 200, Array)
#32 /Users/aldyhelix/Projects/www/backend_rmi/vendor/laravel/framework/src/Illuminate/Routing/Router.php(789): Illuminate\\Routing\\Router::toResponse(Object(Illuminate\\Http\\Request), Object(Illuminate\\View\\View))
#33 /Users/aldyhelix/Projects/www/backend_rmi/vendor/laravel/framework/src/Illuminate/Routing/Router.php(720): Illuminate\\Routing\\Router->prepareResponse(Object(Illuminate\\Http\\Request), Object(Illuminate\\View\\View))
#34 /Users/aldyhelix/Projects/www/backend_rmi/vendor/laravel/framework/src/Illuminate/Pipeline/Pipeline.php(128): Illuminate\\Routing\\Router->Illuminate\\Routing\\{closure}(Object(Illuminate\\Http\\Request))
#35 /Users/aldyhelix/Projects/www/backend_rmi/app/Http/Middleware/DashboardSetup.php(22): Illuminate\\Pipeline\\Pipeline->Illuminate\\Pipeline\\{closure}(Object(Illuminate\\Http\\Request))
#36 /Users/aldyhelix/Projects/www/backend_rmi/vendor/laravel/framework/src/Illuminate/Pipeline/Pipeline.php(167): App\\Http\\Middleware\\DashboardSetup->handle(Object(Illuminate\\Http\\Request), Object(Closure))
#37 /Users/aldyhelix/Projects/www/backend_rmi/app/Http/Middleware/CheckIfBillingInfoRequired.php(24): Illuminate\\Pipeline\\Pipeline->Illuminate\\Pipeline\\{closure}(Object(Illuminate\\Http\\Request))
#38 /Users/aldyhelix/Projects/www/backend_rmi/vendor/laravel/framework/src/Illuminate/Pipeline/Pipeline.php(167): App\\Http\\Middleware\\CheckIfBillingInfoRequired->handle(Object(Illuminate\\Http\\Request), Object(Closure))
#39 /Users/aldyhelix/Projects/www/backend_rmi/app/Http/Middleware/VerifyUserIsSubscribed.php(25): Illuminate\\Pipeline\\Pipeline->Illuminate\\Pipeline\\{closure}(Object(Illuminate\\Http\\Request))
#40 /Users/aldyhelix/Projects/www/backend_rmi/vendor/laravel/framework/src/Illuminate/Pipeline/Pipeline.php(167): App\\Http\\Middleware\\VerifyUserIsSubscribed->handle(Object(Illuminate\\Http\\Request), Object(Closure))
#41 /Users/aldyhelix/Projects/www/backend_rmi/app/Http/Middleware/CookieConsentMiddleware.php(21): Illuminate\\Pipeline\\Pipeline->Illuminate\\Pipeline\\{closure}(Object(Illuminate\\Http\\Request))
#42 /Users/aldyhelix/Projects/www/backend_rmi/vendor/laravel/framework/src/Illuminate/Pipeline/Pipeline.php(167): App\\Http\\Middleware\\CookieConsentMiddleware->handle(Object(Illuminate\\Http\\Request), Object(Closure))
#43 /Users/aldyhelix/Projects/www/backend_rmi/app/Http/Middleware/Language.php(64): Illuminate\\Pipeline\\Pipeline->Illuminate\\Pipeline\\{closure}(Object(Illuminate\\Http\\Request))
#44 /Users/aldyhelix/Projects/www/backend_rmi/vendor/laravel/framework/src/Illuminate/Pipeline/Pipeline.php(167): App\\Http\\Middleware\\Language->handle(Object(Illuminate\\Http\\Request), Object(Closure))
#45 /Users/aldyhelix/Projects/www/backend_rmi/app/Http/Middleware/InitSettings.php(8): Illuminate\\Pipeline\\Pipeline->Illuminate\\Pipeline\\{closure}(Object(Illuminate\\Http\\Request))
#46 /Users/aldyhelix/Projects/www/backend_rmi/vendor/laravel/framework/src/Illuminate/Pipeline/Pipeline.php(167): App\\Http\\Middleware\\InitSettings->handle(Object(Illuminate\\Http\\Request), Object(Closure))
#47 /Users/aldyhelix/Projects/www/backend_rmi/vendor/laravel/framework/src/Illuminate/Routing/Middleware/SubstituteBindings.php(50): Illuminate\\Pipeline\\Pipeline->Illuminate\\Pipeline\\{closure}(Object(Illuminate\\Http\\Request))
#48 /Users/aldyhelix/Projects/www/backend_rmi/vendor/laravel/framework/src/Illuminate/Pipeline/Pipeline.php(167): Illuminate\\Routing\\Middleware\\SubstituteBindings->handle(Object(Illuminate\\Http\\Request), Object(Closure))
#49 /Users/aldyhelix/Projects/www/backend_rmi/vendor/laravel/framework/src/Illuminate/Auth/Middleware/Authenticate.php(44): Illuminate\\Pipeline\\Pipeline->Illuminate\\Pipeline\\{closure}(Object(Illuminate\\Http\\Request))
#50 /Users/aldyhelix/Projects/www/backend_rmi/vendor/laravel/framework/src/Illuminate/Pipeline/Pipeline.php(167): Illuminate\\Auth\\Middleware\\Authenticate->handle(Object(Illuminate\\Http\\Request), Object(Closure))
#51 /Users/aldyhelix/Projects/www/backend_rmi/vendor/laravel/framework/src/Illuminate/Foundation/Http/Middleware/VerifyCsrfToken.php(78): Illuminate\\Pipeline\\Pipeline->Illuminate\\Pipeline\\{closure}(Object(Illuminate\\Http\\Request))
#52 /Users/aldyhelix/Projects/www/backend_rmi/vendor/laravel/framework/src/Illuminate/Pipeline/Pipeline.php(167): Illuminate\\Foundation\\Http\\Middleware\\VerifyCsrfToken->handle(Object(Illuminate\\Http\\Request), Object(Closure))
#53 /Users/aldyhelix/Projects/www/backend_rmi/vendor/laravel/framework/src/Illuminate/View/Middleware/ShareErrorsFromSession.php(49): Illuminate\\Pipeline\\Pipeline->Illuminate\\Pipeline\\{closure}(Object(Illuminate\\Http\\Request))
#54 /Users/aldyhelix/Projects/www/backend_rmi/vendor/laravel/framework/src/Illuminate/Pipeline/Pipeline.php(167): Illuminate\\View\\Middleware\\ShareErrorsFromSession->handle(Object(Illuminate\\Http\\Request), Object(Closure))
#55 /Users/aldyhelix/Projects/www/backend_rmi/vendor/laravel/framework/src/Illuminate/Session/Middleware/StartSession.php(121): Illuminate\\Pipeline\\Pipeline->Illuminate\\Pipeline\\{closure}(Object(Illuminate\\Http\\Request))
#56 /Users/aldyhelix/Projects/www/backend_rmi/vendor/laravel/framework/src/Illuminate/Session/Middleware/StartSession.php(64): Illuminate\\Session\\Middleware\\StartSession->handleStatefulRequest(Object(Illuminate\\Http\\Request), Object(Illuminate\\Session\\EncryptedStore), Object(Closure))
#57 /Users/aldyhelix/Projects/www/backend_rmi/vendor/laravel/framework/src/Illuminate/Pipeline/Pipeline.php(167): Illuminate\\Session\\Middleware\\StartSession->handle(Object(Illuminate\\Http\\Request), Object(Closure))
#58 /Users/aldyhelix/Projects/www/backend_rmi/vendor/laravel/framework/src/Illuminate/Cookie/Middleware/AddQueuedCookiesToResponse.php(37): Illuminate\\Pipeline\\Pipeline->Illuminate\\Pipeline\\{closure}(Object(Illuminate\\Http\\Request))
#59 /Users/aldyhelix/Projects/www/backend_rmi/vendor/laravel/framework/src/Illuminate/Pipeline/Pipeline.php(167): Illuminate\\Cookie\\Middleware\\AddQueuedCookiesToResponse->handle(Object(Illuminate\\Http\\Request), Object(Closure))
#60 /Users/aldyhelix/Projects/www/backend_rmi/vendor/laravel/framework/src/Illuminate/Cookie/Middleware/EncryptCookies.php(67): Illuminate\\Pipeline\\Pipeline->Illuminate\\Pipeline\\{closure}(Object(Illuminate\\Http\\Request))
#61 /Users/aldyhelix/Projects/www/backend_rmi/vendor/laravel/framework/src/Illuminate/Pipeline/Pipeline.php(167): Illuminate\\Cookie\\Middleware\\EncryptCookies->handle(Object(Illuminate\\Http\\Request), Object(Closure))
#62 /Users/aldyhelix/Projects/www/backend_rmi/vendor/laravel/framework/src/Illuminate/Pipeline/Pipeline.php(103): Illuminate\\Pipeline\\Pipeline->Illuminate\\Pipeline\\{closure}(Object(Illuminate\\Http\\Request))
#63 /Users/aldyhelix/Projects/www/backend_rmi/vendor/laravel/framework/src/Illuminate/Routing/Router.php(719): Illuminate\\Pipeline\\Pipeline->then(Object(Closure))
#64 /Users/aldyhelix/Projects/www/backend_rmi/vendor/laravel/framework/src/Illuminate/Routing/Router.php(698): Illuminate\\Routing\\Router->runRouteWithinStack(Object(Illuminate\\Routing\\Route), Object(Illuminate\\Http\\Request))
#65 /Users/aldyhelix/Projects/www/backend_rmi/vendor/laravel/framework/src/Illuminate/Routing/Router.php(662): Illuminate\\Routing\\Router->runRoute(Object(Illuminate\\Http\\Request), Object(Illuminate\\Routing\\Route))
#66 /Users/aldyhelix/Projects/www/backend_rmi/vendor/laravel/framework/src/Illuminate/Routing/Router.php(651): Illuminate\\Routing\\Router->dispatchToRoute(Object(Illuminate\\Http\\Request))
#67 /Users/aldyhelix/Projects/www/backend_rmi/vendor/laravel/framework/src/Illuminate/Foundation/Http/Kernel.php(167): Illuminate\\Routing\\Router->dispatch(Object(Illuminate\\Http\\Request))
#68 /Users/aldyhelix/Projects/www/backend_rmi/vendor/laravel/framework/src/Illuminate/Pipeline/Pipeline.php(128): Illuminate\\Foundation\\Http\\Kernel->Illuminate\\Foundation\\Http\\{closure}(Object(Illuminate\\Http\\Request))
#69 /Users/aldyhelix/Projects/www/backend_rmi/vendor/livewire/livewire/src/DisableBrowserCache.php(19): Illuminate\\Pipeline\\Pipeline->Illuminate\\Pipeline\\{closure}(Object(Illuminate\\Http\\Request))
#70 /Users/aldyhelix/Projects/www/backend_rmi/vendor/laravel/framework/src/Illuminate/Pipeline/Pipeline.php(167): Livewire\\DisableBrowserCache->handle(Object(Illuminate\\Http\\Request), Object(Closure))
#71 /Users/aldyhelix/Projects/www/backend_rmi/vendor/barryvdh/laravel-debugbar/src/Middleware/InjectDebugbar.php(66): Illuminate\\Pipeline\\Pipeline->Illuminate\\Pipeline\\{closure}(Object(Illuminate\\Http\\Request))
#72 /Users/aldyhelix/Projects/www/backend_rmi/vendor/laravel/framework/src/Illuminate/Pipeline/Pipeline.php(167): Barryvdh\\Debugbar\\Middleware\\InjectDebugbar->handle(Object(Illuminate\\Http\\Request), Object(Closure))
#73 /Users/aldyhelix/Projects/www/backend_rmi/app/Http/Middleware/CheckForInstallation.php(19): Illuminate\\Pipeline\\Pipeline->Illuminate\\Pipeline\\{closure}(Object(Illuminate\\Http\\Request))
#74 /Users/aldyhelix/Projects/www/backend_rmi/vendor/laravel/framework/src/Illuminate/Pipeline/Pipeline.php(167): App\\Http\\Middleware\\CheckForInstallation->handle(Object(Illuminate\\Http\\Request), Object(Closure))
#75 /Users/aldyhelix/Projects/www/backend_rmi/vendor/laravel/framework/src/Illuminate/Foundation/Http/Middleware/TransformsRequest.php(21): Illuminate\\Pipeline\\Pipeline->Illuminate\\Pipeline\\{closure}(Object(Illuminate\\Http\\Request))
#76 /Users/aldyhelix/Projects/www/backend_rmi/vendor/laravel/framework/src/Illuminate/Foundation/Http/Middleware/ConvertEmptyStringsToNull.php(31): Illuminate\\Foundation\\Http\\Middleware\\TransformsRequest->handle(Object(Illuminate\\Http\\Request), Object(Closure))
#77 /Users/aldyhelix/Projects/www/backend_rmi/vendor/laravel/framework/src/Illuminate/Pipeline/Pipeline.php(167): Illuminate\\Foundation\\Http\\Middleware\\ConvertEmptyStringsToNull->handle(Object(Illuminate\\Http\\Request), Object(Closure))
#78 /Users/aldyhelix/Projects/www/backend_rmi/vendor/laravel/framework/src/Illuminate/Foundation/Http/Middleware/TransformsRequest.php(21): Illuminate\\Pipeline\\Pipeline->Illuminate\\Pipeline\\{closure}(Object(Illuminate\\Http\\Request))
#79 /Users/aldyhelix/Projects/www/backend_rmi/vendor/laravel/framework/src/Illuminate/Foundation/Http/Middleware/TrimStrings.php(40): Illuminate\\Foundation\\Http\\Middleware\\TransformsRequest->handle(Object(Illuminate\\Http\\Request), Object(Closure))
#80 /Users/aldyhelix/Projects/www/backend_rmi/vendor/laravel/framework/src/Illuminate/Pipeline/Pipeline.php(167): Illuminate\\Foundation\\Http\\Middleware\\TrimStrings->handle(Object(Illuminate\\Http\\Request), Object(Closure))
#81 /Users/aldyhelix/Projects/www/backend_rmi/vendor/laravel/framework/src/Illuminate/Foundation/Http/Middleware/ValidatePostSize.php(27): Illuminate\\Pipeline\\Pipeline->Illuminate\\Pipeline\\{closure}(Object(Illuminate\\Http\\Request))
#82 /Users/aldyhelix/Projects/www/backend_rmi/vendor/laravel/framework/src/Illuminate/Pipeline/Pipeline.php(167): Illuminate\\Foundation\\Http\\Middleware\\ValidatePostSize->handle(Object(Illuminate\\Http\\Request), Object(Closure))
#83 /Users/aldyhelix/Projects/www/backend_rmi/vendor/laravel/framework/src/Illuminate/Foundation/Http/Middleware/PreventRequestsDuringMaintenance.php(86): Illuminate\\Pipeline\\Pipeline->Illuminate\\Pipeline\\{closure}(Object(Illuminate\\Http\\Request))
#84 /Users/aldyhelix/Projects/www/backend_rmi/vendor/laravel/framework/src/Illuminate/Pipeline/Pipeline.php(167): Illuminate\\Foundation\\Http\\Middleware\\PreventRequestsDuringMaintenance->handle(Object(Illuminate\\Http\\Request), Object(Closure))
#85 /Users/aldyhelix/Projects/www/backend_rmi/vendor/fruitcake/laravel-cors/src/HandleCors.php(38): Illuminate\\Pipeline\\Pipeline->Illuminate\\Pipeline\\{closure}(Object(Illuminate\\Http\\Request))
#86 /Users/aldyhelix/Projects/www/backend_rmi/vendor/laravel/framework/src/Illuminate/Pipeline/Pipeline.php(167): Fruitcake\\Cors\\HandleCors->handle(Object(Illuminate\\Http\\Request), Object(Closure))
#87 /Users/aldyhelix/Projects/www/backend_rmi/vendor/laravel/framework/src/Illuminate/Http/Middleware/TrustProxies.php(39): Illuminate\\Pipeline\\Pipeline->Illuminate\\Pipeline\\{closure}(Object(Illuminate\\Http\\Request))
#88 /Users/aldyhelix/Projects/www/backend_rmi/vendor/laravel/framework/src/Illuminate/Pipeline/Pipeline.php(167): Illuminate\\Http\\Middleware\\TrustProxies->handle(Object(Illuminate\\Http\\Request), Object(Closure))
#89 /Users/aldyhelix/Projects/www/backend_rmi/vendor/laravel/framework/src/Illuminate/Pipeline/Pipeline.php(103): Illuminate\\Pipeline\\Pipeline->Illuminate\\Pipeline\\{closure}(Object(Illuminate\\Http\\Request))
#90 /Users/aldyhelix/Projects/www/backend_rmi/vendor/laravel/framework/src/Illuminate/Foundation/Http/Kernel.php(142): Illuminate\\Pipeline\\Pipeline->then(Object(Closure))
#91 /Users/aldyhelix/Projects/www/backend_rmi/vendor/laravel/framework/src/Illuminate/Foundation/Http/Kernel.php(111): Illuminate\\Foundation\\Http\\Kernel->sendRequestThroughRouter(Object(Illuminate\\Http\\Request))
#92 /Users/aldyhelix/Projects/www/backend_rmi/public/index.php(58): Illuminate\\Foundation\\Http\\Kernel->handle(Object(Illuminate\\Http\\Request))
#93 /Applications/Herd.app/Contents/Resources/valet/server.php(153): require('/Users/aldyheli...')
#94 {main}
"} 
[2024-06-23 04:27:32] production.ERROR: SQLSTATE[23000]: Integrity constraint violation: 1052 Column 'created_at' in field list is ambiguous (SQL: select DATE(created_at) AS order_date, COUNT(*) AS count, SUM(CASE WHEN DATE(created_at) = DATE(CURDATE()) THEN 1 ELSE 0 END) AS current_day_count, SUM(COUNT(*)) OVER (PARTITION BY MONTH(created_at) ORDER BY created_at ROWS BETWEEN UNBOUNDED PRECEDING AND CURRENT ROW) AS mtd_count from `orders` as `o` inner join `order_items` as `oi` on `o`.`id` = `oi`.`order_id` inner join `inventories` as `i` on `oi`.`inventory_id` = `i`.`id` inner join `products` as `p` on `i`.`product_id` = `p`.`id` inner join `customers` as `cust` on `o`.`customer_id` = `cust`.`id` where `customer_id` is not null and `created_at` between 2024-06-17 00:00:00 and 2024-06-23 23:59:59 and `order_status_id` <> 8 group by `order_date` order by `order_date` asc) (View: /Users/aldyhelix/Projects/www/backend_rmi/resources/views/admin/dashboard/platform.blade.php) {"view":{"view":"/Users/aldyhelix/Projects/www/backend_rmi/vendor/laravel/framework/src/Illuminate/Database/Connection.php","data":[]},"userId":1,"exception":"[object] (Facade\\Ignition\\Exceptions\\ViewException(code: 0): SQLSTATE[23000]: Integrity constraint violation: 1052 Column 'created_at' in field list is ambiguous (SQL: select DATE(created_at) AS order_date, COUNT(*) AS count, SUM(CASE WHEN DATE(created_at) = DATE(CURDATE()) THEN 1 ELSE 0 END) AS current_day_count, SUM(COUNT(*)) OVER (PARTITION BY MONTH(created_at) ORDER BY created_at ROWS BETWEEN UNBOUNDED PRECEDING AND CURRENT ROW) AS mtd_count from `orders` as `o` inner join `order_items` as `oi` on `o`.`id` = `oi`.`order_id` inner join `inventories` as `i` on `oi`.`inventory_id` = `i`.`id` inner join `products` as `p` on `i`.`product_id` = `p`.`id` inner join `customers` as `cust` on `o`.`customer_id` = `cust`.`id` where `customer_id` is not null and `created_at` between 2024-06-17 00:00:00 and 2024-06-23 23:59:59 and `order_status_id` <> 8 group by `order_date` order by `order_date` asc) (View: /Users/aldyhelix/Projects/www/backend_rmi/resources/views/admin/dashboard/platform.blade.php) at /Users/aldyhelix/Projects/www/backend_rmi/vendor/laravel/framework/src/Illuminate/Database/Connection.php:712)
[stacktrace]
#0 /Users/aldyhelix/Projects/www/backend_rmi/vendor/laravel/framework/src/Illuminate/Database/Connection.php(672): Illuminate\\Database\\Connection->runQueryCallback('select DATE(cre...', Array, Object(Closure))
#1 /Users/aldyhelix/Projects/www/backend_rmi/vendor/laravel/framework/src/Illuminate/Database/Connection.php(359): Illuminate\\Database\\Connection->run('select DATE(cre...', Array, Object(Closure))
#2 /Users/aldyhelix/Projects/www/backend_rmi/vendor/laravel/framework/src/Illuminate/Database/Query/Builder.php(2413): Illuminate\\Database\\Connection->select('select DATE(cre...', Array, true)
#3 /Users/aldyhelix/Projects/www/backend_rmi/vendor/laravel/framework/src/Illuminate/Database/Query/Builder.php(2402): Illuminate\\Database\\Query\\Builder->runSelect()
#4 /Users/aldyhelix/Projects/www/backend_rmi/vendor/laravel/framework/src/Illuminate/Database/Query/Builder.php(2936): Illuminate\\Database\\Query\\Builder->Illuminate\\Database\\Query\\{closure}()
#5 /Users/aldyhelix/Projects/www/backend_rmi/vendor/laravel/framework/src/Illuminate/Database/Query/Builder.php(2401): Illuminate\\Database\\Query\\Builder->onceWithColumns(Array, Object(Closure))
#6 /Users/aldyhelix/Projects/www/backend_rmi/app/Http/Livewire/Dashboard.php(685): Illuminate\\Database\\Query\\Builder->get()
#7 /Users/aldyhelix/Projects/www/backend_rmi/app/Http/Livewire/Dashboard.php(270): App\\Http\\Livewire\\Dashboard->updatedChart1DataD3()
#8 /Users/aldyhelix/Projects/www/backend_rmi/app/Http/Livewire/Dashboard.php(127): App\\Http\\Livewire\\Dashboard->updateChartSection()
#9 /Users/aldyhelix/Projects/www/backend_rmi/vendor/laravel/framework/src/Illuminate/Container/BoundMethod.php(36): App\\Http\\Livewire\\Dashboard->mount(9, 0, 7, 0, 16, 0, 0, 0, 0, 0, 0, 0, 0, 0)
#10 /Users/aldyhelix/Projects/www/backend_rmi/vendor/laravel/framework/src/Illuminate/Container/Util.php(40): Illuminate\\Container\\BoundMethod::Illuminate\\Container\\{closure}()
#11 /Users/aldyhelix/Projects/www/backend_rmi/vendor/laravel/framework/src/Illuminate/Container/BoundMethod.php(93): Illuminate\\Container\\Util::unwrapIfClosure(Object(Closure))
#12 /Users/aldyhelix/Projects/www/backend_rmi/vendor/laravel/framework/src/Illuminate/Container/BoundMethod.php(35): Illuminate\\Container\\BoundMethod::callBoundMethod(Object(Illuminate\\Foundation\\Application), Array, Object(Closure))
#13 /Users/aldyhelix/Projects/www/backend_rmi/vendor/livewire/livewire/src/LifecycleManager.php(114): Illuminate\\Container\\BoundMethod::call(Object(Illuminate\\Foundation\\Application), Array, Array)
#14 /Users/aldyhelix/Projects/www/backend_rmi/vendor/livewire/livewire/src/LivewireManager.php(130): Livewire\\LifecycleManager->mount(Array)
#15 /Users/aldyhelix/Projects/www/backend_rmi/vendor/laravel/framework/src/Illuminate/Support/Facades/Facade.php(261): Livewire\\LivewireManager->mount('dashboard', Array)
#16 /Users/aldyhelix/Projects/www/backend_rmi/resources/views/admin/dashboard/platform.blade.php(13): Illuminate\\Support\\Facades\\Facade::__callStatic('mount', Array)
#17 /Users/aldyhelix/Projects/www/backend_rmi/vendor/laravel/framework/src/Illuminate/Filesystem/Filesystem.php(107): require('/Users/aldyheli...')
#18 /Users/aldyhelix/Projects/www/backend_rmi/vendor/laravel/framework/src/Illuminate/Filesystem/Filesystem.php(108): Illuminate\\Filesystem\\Filesystem::Illuminate\\Filesystem\\{closure}()
#19 /Users/aldyhelix/Projects/www/backend_rmi/vendor/laravel/framework/src/Illuminate/View/Engines/PhpEngine.php(58): Illuminate\\Filesystem\\Filesystem->getRequire('/Users/aldyheli...', Array)
#20 /Users/aldyhelix/Projects/www/backend_rmi/vendor/livewire/livewire/src/ComponentConcerns/RendersLivewireComponents.php(69): Illuminate\\View\\Engines\\PhpEngine->evaluatePath('/Users/aldyheli...', Array)
#21 /Users/aldyhelix/Projects/www/backend_rmi/vendor/laravel/framework/src/Illuminate/View/Engines/CompilerEngine.php(61): Livewire\\CompilerEngineForIgnition->evaluatePath('/Users/aldyheli...', Array)
#22 /Users/aldyhelix/Projects/www/backend_rmi/vendor/facade/ignition/src/Views/Engines/CompilerEngine.php(37): Illuminate\\View\\Engines\\CompilerEngine->get('/Users/aldyheli...', Array)
#23 /Users/aldyhelix/Projects/www/backend_rmi/vendor/livewire/livewire/src/ComponentConcerns/RendersLivewireComponents.php(35): Facade\\Ignition\\Views\\Engines\\CompilerEngine->get('/Users/aldyheli...', Array)
#24 /Users/aldyhelix/Projects/www/backend_rmi/vendor/laravel/framework/src/Illuminate/View/View.php(139): Livewire\\CompilerEngineForIgnition->get('/Users/aldyheli...', Array)
#25 /Users/aldyhelix/Projects/www/backend_rmi/vendor/laravel/framework/src/Illuminate/View/View.php(122): Illuminate\\View\\View->getContents()
#26 /Users/aldyhelix/Projects/www/backend_rmi/vendor/laravel/framework/src/Illuminate/View/View.php(91): Illuminate\\View\\View->renderContents()
#27 /Users/aldyhelix/Projects/www/backend_rmi/vendor/laravel/framework/src/Illuminate/Http/Response.php(69): Illuminate\\View\\View->render()
#28 /Users/aldyhelix/Projects/www/backend_rmi/vendor/laravel/framework/src/Illuminate/Http/Response.php(35): Illuminate\\Http\\Response->setContent(Object(Illuminate\\View\\View))
#29 /Users/aldyhelix/Projects/www/backend_rmi/vendor/laravel/framework/src/Illuminate/Routing/Router.php(820): Illuminate\\Http\\Response->__construct(Object(Illuminate\\View\\View), 200, Array)
#30 /Users/aldyhelix/Projects/www/backend_rmi/vendor/laravel/framework/src/Illuminate/Routing/Router.php(789): Illuminate\\Routing\\Router::toResponse(Object(Illuminate\\Http\\Request), Object(Illuminate\\View\\View))
#31 /Users/aldyhelix/Projects/www/backend_rmi/vendor/laravel/framework/src/Illuminate/Routing/Router.php(720): Illuminate\\Routing\\Router->prepareResponse(Object(Illuminate\\Http\\Request), Object(Illuminate\\View\\View))
#32 /Users/aldyhelix/Projects/www/backend_rmi/vendor/laravel/framework/src/Illuminate/Pipeline/Pipeline.php(128): Illuminate\\Routing\\Router->Illuminate\\Routing\\{closure}(Object(Illuminate\\Http\\Request))
#33 /Users/aldyhelix/Projects/www/backend_rmi/app/Http/Middleware/DashboardSetup.php(22): Illuminate\\Pipeline\\Pipeline->Illuminate\\Pipeline\\{closure}(Object(Illuminate\\Http\\Request))
#34 /Users/aldyhelix/Projects/www/backend_rmi/vendor/laravel/framework/src/Illuminate/Pipeline/Pipeline.php(167): App\\Http\\Middleware\\DashboardSetup->handle(Object(Illuminate\\Http\\Request), Object(Closure))
#35 /Users/aldyhelix/Projects/www/backend_rmi/app/Http/Middleware/CheckIfBillingInfoRequired.php(24): Illuminate\\Pipeline\\Pipeline->Illuminate\\Pipeline\\{closure}(Object(Illuminate\\Http\\Request))
#36 /Users/aldyhelix/Projects/www/backend_rmi/vendor/laravel/framework/src/Illuminate/Pipeline/Pipeline.php(167): App\\Http\\Middleware\\CheckIfBillingInfoRequired->handle(Object(Illuminate\\Http\\Request), Object(Closure))
#37 /Users/aldyhelix/Projects/www/backend_rmi/app/Http/Middleware/VerifyUserIsSubscribed.php(25): Illuminate\\Pipeline\\Pipeline->Illuminate\\Pipeline\\{closure}(Object(Illuminate\\Http\\Request))
#38 /Users/aldyhelix/Projects/www/backend_rmi/vendor/laravel/framework/src/Illuminate/Pipeline/Pipeline.php(167): App\\Http\\Middleware\\VerifyUserIsSubscribed->handle(Object(Illuminate\\Http\\Request), Object(Closure))
#39 /Users/aldyhelix/Projects/www/backend_rmi/app/Http/Middleware/CookieConsentMiddleware.php(21): Illuminate\\Pipeline\\Pipeline->Illuminate\\Pipeline\\{closure}(Object(Illuminate\\Http\\Request))
#40 /Users/aldyhelix/Projects/www/backend_rmi/vendor/laravel/framework/src/Illuminate/Pipeline/Pipeline.php(167): App\\Http\\Middleware\\CookieConsentMiddleware->handle(Object(Illuminate\\Http\\Request), Object(Closure))
#41 /Users/aldyhelix/Projects/www/backend_rmi/app/Http/Middleware/Language.php(64): Illuminate\\Pipeline\\Pipeline->Illuminate\\Pipeline\\{closure}(Object(Illuminate\\Http\\Request))
#42 /Users/aldyhelix/Projects/www/backend_rmi/vendor/laravel/framework/src/Illuminate/Pipeline/Pipeline.php(167): App\\Http\\Middleware\\Language->handle(Object(Illuminate\\Http\\Request), Object(Closure))
#43 /Users/aldyhelix/Projects/www/backend_rmi/app/Http/Middleware/InitSettings.php(8): Illuminate\\Pipeline\\Pipeline->Illuminate\\Pipeline\\{closure}(Object(Illuminate\\Http\\Request))
#44 /Users/aldyhelix/Projects/www/backend_rmi/vendor/laravel/framework/src/Illuminate/Pipeline/Pipeline.php(167): App\\Http\\Middleware\\InitSettings->handle(Object(Illuminate\\Http\\Request), Object(Closure))
#45 /Users/aldyhelix/Projects/www/backend_rmi/vendor/laravel/framework/src/Illuminate/Routing/Middleware/SubstituteBindings.php(50): Illuminate\\Pipeline\\Pipeline->Illuminate\\Pipeline\\{closure}(Object(Illuminate\\Http\\Request))
#46 /Users/aldyhelix/Projects/www/backend_rmi/vendor/laravel/framework/src/Illuminate/Pipeline/Pipeline.php(167): Illuminate\\Routing\\Middleware\\SubstituteBindings->handle(Object(Illuminate\\Http\\Request), Object(Closure))
#47 /Users/aldyhelix/Projects/www/backend_rmi/vendor/laravel/framework/src/Illuminate/Auth/Middleware/Authenticate.php(44): Illuminate\\Pipeline\\Pipeline->Illuminate\\Pipeline\\{closure}(Object(Illuminate\\Http\\Request))
#48 /Users/aldyhelix/Projects/www/backend_rmi/vendor/laravel/framework/src/Illuminate/Pipeline/Pipeline.php(167): Illuminate\\Auth\\Middleware\\Authenticate->handle(Object(Illuminate\\Http\\Request), Object(Closure))
#49 /Users/aldyhelix/Projects/www/backend_rmi/vendor/laravel/framework/src/Illuminate/Foundation/Http/Middleware/VerifyCsrfToken.php(78): Illuminate\\Pipeline\\Pipeline->Illuminate\\Pipeline\\{closure}(Object(Illuminate\\Http\\Request))
#50 /Users/aldyhelix/Projects/www/backend_rmi/vendor/laravel/framework/src/Illuminate/Pipeline/Pipeline.php(167): Illuminate\\Foundation\\Http\\Middleware\\VerifyCsrfToken->handle(Object(Illuminate\\Http\\Request), Object(Closure))
#51 /Users/aldyhelix/Projects/www/backend_rmi/vendor/laravel/framework/src/Illuminate/View/Middleware/ShareErrorsFromSession.php(49): Illuminate\\Pipeline\\Pipeline->Illuminate\\Pipeline\\{closure}(Object(Illuminate\\Http\\Request))
#52 /Users/aldyhelix/Projects/www/backend_rmi/vendor/laravel/framework/src/Illuminate/Pipeline/Pipeline.php(167): Illuminate\\View\\Middleware\\ShareErrorsFromSession->handle(Object(Illuminate\\Http\\Request), Object(Closure))
#53 /Users/aldyhelix/Projects/www/backend_rmi/vendor/laravel/framework/src/Illuminate/Session/Middleware/StartSession.php(121): Illuminate\\Pipeline\\Pipeline->Illuminate\\Pipeline\\{closure}(Object(Illuminate\\Http\\Request))
#54 /Users/aldyhelix/Projects/www/backend_rmi/vendor/laravel/framework/src/Illuminate/Session/Middleware/StartSession.php(64): Illuminate\\Session\\Middleware\\StartSession->handleStatefulRequest(Object(Illuminate\\Http\\Request), Object(Illuminate\\Session\\EncryptedStore), Object(Closure))
#55 /Users/aldyhelix/Projects/www/backend_rmi/vendor/laravel/framework/src/Illuminate/Pipeline/Pipeline.php(167): Illuminate\\Session\\Middleware\\StartSession->handle(Object(Illuminate\\Http\\Request), Object(Closure))
#56 /Users/aldyhelix/Projects/www/backend_rmi/vendor/laravel/framework/src/Illuminate/Cookie/Middleware/AddQueuedCookiesToResponse.php(37): Illuminate\\Pipeline\\Pipeline->Illuminate\\Pipeline\\{closure}(Object(Illuminate\\Http\\Request))
#57 /Users/aldyhelix/Projects/www/backend_rmi/vendor/laravel/framework/src/Illuminate/Pipeline/Pipeline.php(167): Illuminate\\Cookie\\Middleware\\AddQueuedCookiesToResponse->handle(Object(Illuminate\\Http\\Request), Object(Closure))
#58 /Users/aldyhelix/Projects/www/backend_rmi/vendor/laravel/framework/src/Illuminate/Cookie/Middleware/EncryptCookies.php(67): Illuminate\\Pipeline\\Pipeline->Illuminate\\Pipeline\\{closure}(Object(Illuminate\\Http\\Request))
#59 /Users/aldyhelix/Projects/www/backend_rmi/vendor/laravel/framework/src/Illuminate/Pipeline/Pipeline.php(167): Illuminate\\Cookie\\Middleware\\EncryptCookies->handle(Object(Illuminate\\Http\\Request), Object(Closure))
#60 /Users/aldyhelix/Projects/www/backend_rmi/vendor/laravel/framework/src/Illuminate/Pipeline/Pipeline.php(103): Illuminate\\Pipeline\\Pipeline->Illuminate\\Pipeline\\{closure}(Object(Illuminate\\Http\\Request))
#61 /Users/aldyhelix/Projects/www/backend_rmi/vendor/laravel/framework/src/Illuminate/Routing/Router.php(719): Illuminate\\Pipeline\\Pipeline->then(Object(Closure))
#62 /Users/aldyhelix/Projects/www/backend_rmi/vendor/laravel/framework/src/Illuminate/Routing/Router.php(698): Illuminate\\Routing\\Router->runRouteWithinStack(Object(Illuminate\\Routing\\Route), Object(Illuminate\\Http\\Request))
#63 /Users/aldyhelix/Projects/www/backend_rmi/vendor/laravel/framework/src/Illuminate/Routing/Router.php(662): Illuminate\\Routing\\Router->runRoute(Object(Illuminate\\Http\\Request), Object(Illuminate\\Routing\\Route))
#64 /Users/aldyhelix/Projects/www/backend_rmi/vendor/laravel/framework/src/Illuminate/Routing/Router.php(651): Illuminate\\Routing\\Router->dispatchToRoute(Object(Illuminate\\Http\\Request))
#65 /Users/aldyhelix/Projects/www/backend_rmi/vendor/laravel/framework/src/Illuminate/Foundation/Http/Kernel.php(167): Illuminate\\Routing\\Router->dispatch(Object(Illuminate\\Http\\Request))
#66 /Users/aldyhelix/Projects/www/backend_rmi/vendor/laravel/framework/src/Illuminate/Pipeline/Pipeline.php(128): Illuminate\\Foundation\\Http\\Kernel->Illuminate\\Foundation\\Http\\{closure}(Object(Illuminate\\Http\\Request))
#67 /Users/aldyhelix/Projects/www/backend_rmi/vendor/livewire/livewire/src/DisableBrowserCache.php(19): Illuminate\\Pipeline\\Pipeline->Illuminate\\Pipeline\\{closure}(Object(Illuminate\\Http\\Request))
#68 /Users/aldyhelix/Projects/www/backend_rmi/vendor/laravel/framework/src/Illuminate/Pipeline/Pipeline.php(167): Livewire\\DisableBrowserCache->handle(Object(Illuminate\\Http\\Request), Object(Closure))
#69 /Users/aldyhelix/Projects/www/backend_rmi/vendor/barryvdh/laravel-debugbar/src/Middleware/InjectDebugbar.php(66): Illuminate\\Pipeline\\Pipeline->Illuminate\\Pipeline\\{closure}(Object(Illuminate\\Http\\Request))
#70 /Users/aldyhelix/Projects/www/backend_rmi/vendor/laravel/framework/src/Illuminate/Pipeline/Pipeline.php(167): Barryvdh\\Debugbar\\Middleware\\InjectDebugbar->handle(Object(Illuminate\\Http\\Request), Object(Closure))
#71 /Users/aldyhelix/Projects/www/backend_rmi/app/Http/Middleware/CheckForInstallation.php(19): Illuminate\\Pipeline\\Pipeline->Illuminate\\Pipeline\\{closure}(Object(Illuminate\\Http\\Request))
#72 /Users/aldyhelix/Projects/www/backend_rmi/vendor/laravel/framework/src/Illuminate/Pipeline/Pipeline.php(167): App\\Http\\Middleware\\CheckForInstallation->handle(Object(Illuminate\\Http\\Request), Object(Closure))
#73 /Users/aldyhelix/Projects/www/backend_rmi/vendor/laravel/framework/src/Illuminate/Foundation/Http/Middleware/TransformsRequest.php(21): Illuminate\\Pipeline\\Pipeline->Illuminate\\Pipeline\\{closure}(Object(Illuminate\\Http\\Request))
#74 /Users/aldyhelix/Projects/www/backend_rmi/vendor/laravel/framework/src/Illuminate/Foundation/Http/Middleware/ConvertEmptyStringsToNull.php(31): Illuminate\\Foundation\\Http\\Middleware\\TransformsRequest->handle(Object(Illuminate\\Http\\Request), Object(Closure))
#75 /Users/aldyhelix/Projects/www/backend_rmi/vendor/laravel/framework/src/Illuminate/Pipeline/Pipeline.php(167): Illuminate\\Foundation\\Http\\Middleware\\ConvertEmptyStringsToNull->handle(Object(Illuminate\\Http\\Request), Object(Closure))
#76 /Users/aldyhelix/Projects/www/backend_rmi/vendor/laravel/framework/src/Illuminate/Foundation/Http/Middleware/TransformsRequest.php(21): Illuminate\\Pipeline\\Pipeline->Illuminate\\Pipeline\\{closure}(Object(Illuminate\\Http\\Request))
#77 /Users/aldyhelix/Projects/www/backend_rmi/vendor/laravel/framework/src/Illuminate/Foundation/Http/Middleware/TrimStrings.php(40): Illuminate\\Foundation\\Http\\Middleware\\TransformsRequest->handle(Object(Illuminate\\Http\\Request), Object(Closure))
#78 /Users/aldyhelix/Projects/www/backend_rmi/vendor/laravel/framework/src/Illuminate/Pipeline/Pipeline.php(167): Illuminate\\Foundation\\Http\\Middleware\\TrimStrings->handle(Object(Illuminate\\Http\\Request), Object(Closure))
#79 /Users/aldyhelix/Projects/www/backend_rmi/vendor/laravel/framework/src/Illuminate/Foundation/Http/Middleware/ValidatePostSize.php(27): Illuminate\\Pipeline\\Pipeline->Illuminate\\Pipeline\\{closure}(Object(Illuminate\\Http\\Request))
#80 /Users/aldyhelix/Projects/www/backend_rmi/vendor/laravel/framework/src/Illuminate/Pipeline/Pipeline.php(167): Illuminate\\Foundation\\Http\\Middleware\\ValidatePostSize->handle(Object(Illuminate\\Http\\Request), Object(Closure))
#81 /Users/aldyhelix/Projects/www/backend_rmi/vendor/laravel/framework/src/Illuminate/Foundation/Http/Middleware/PreventRequestsDuringMaintenance.php(86): Illuminate\\Pipeline\\Pipeline->Illuminate\\Pipeline\\{closure}(Object(Illuminate\\Http\\Request))
#82 /Users/aldyhelix/Projects/www/backend_rmi/vendor/laravel/framework/src/Illuminate/Pipeline/Pipeline.php(167): Illuminate\\Foundation\\Http\\Middleware\\PreventRequestsDuringMaintenance->handle(Object(Illuminate\\Http\\Request), Object(Closure))
#83 /Users/aldyhelix/Projects/www/backend_rmi/vendor/fruitcake/laravel-cors/src/HandleCors.php(38): Illuminate\\Pipeline\\Pipeline->Illuminate\\Pipeline\\{closure}(Object(Illuminate\\Http\\Request))
#84 /Users/aldyhelix/Projects/www/backend_rmi/vendor/laravel/framework/src/Illuminate/Pipeline/Pipeline.php(167): Fruitcake\\Cors\\HandleCors->handle(Object(Illuminate\\Http\\Request), Object(Closure))
#85 /Users/aldyhelix/Projects/www/backend_rmi/vendor/laravel/framework/src/Illuminate/Http/Middleware/TrustProxies.php(39): Illuminate\\Pipeline\\Pipeline->Illuminate\\Pipeline\\{closure}(Object(Illuminate\\Http\\Request))
#86 /Users/aldyhelix/Projects/www/backend_rmi/vendor/laravel/framework/src/Illuminate/Pipeline/Pipeline.php(167): Illuminate\\Http\\Middleware\\TrustProxies->handle(Object(Illuminate\\Http\\Request), Object(Closure))
#87 /Users/aldyhelix/Projects/www/backend_rmi/vendor/laravel/framework/src/Illuminate/Pipeline/Pipeline.php(103): Illuminate\\Pipeline\\Pipeline->Illuminate\\Pipeline\\{closure}(Object(Illuminate\\Http\\Request))
#88 /Users/aldyhelix/Projects/www/backend_rmi/vendor/laravel/framework/src/Illuminate/Foundation/Http/Kernel.php(142): Illuminate\\Pipeline\\Pipeline->then(Object(Closure))
#89 /Users/aldyhelix/Projects/www/backend_rmi/vendor/laravel/framework/src/Illuminate/Foundation/Http/Kernel.php(111): Illuminate\\Foundation\\Http\\Kernel->sendRequestThroughRouter(Object(Illuminate\\Http\\Request))
#90 /Users/aldyhelix/Projects/www/backend_rmi/public/index.php(58): Illuminate\\Foundation\\Http\\Kernel->handle(Object(Illuminate\\Http\\Request))
#91 /Applications/Herd.app/Contents/Resources/valet/server.php(153): require('/Users/aldyheli...')
#92 {main}

[previous exception] [object] (Illuminate\\Database\\QueryException(code: 23000): SQLSTATE[23000]: Integrity constraint violation: 1052 Column 'created_at' in field list is ambiguous (SQL: select DATE(created_at) AS order_date, COUNT(*) AS count, SUM(CASE WHEN DATE(created_at) = DATE(CURDATE()) THEN 1 ELSE 0 END) AS current_day_count, SUM(COUNT(*)) OVER (PARTITION BY MONTH(created_at) ORDER BY created_at ROWS BETWEEN UNBOUNDED PRECEDING AND CURRENT ROW) AS mtd_count from `orders` as `o` inner join `order_items` as `oi` on `o`.`id` = `oi`.`order_id` inner join `inventories` as `i` on `oi`.`inventory_id` = `i`.`id` inner join `products` as `p` on `i`.`product_id` = `p`.`id` inner join `customers` as `cust` on `o`.`customer_id` = `cust`.`id` where `customer_id` is not null and `created_at` between 2024-06-17 00:00:00 and 2024-06-23 23:59:59 and `order_status_id` <> 8 group by `order_date` order by `order_date` asc) at /Users/aldyhelix/Projects/www/backend_rmi/vendor/laravel/framework/src/Illuminate/Database/Connection.php:712)
[stacktrace]
#0 /Users/aldyhelix/Projects/www/backend_rmi/vendor/laravel/framework/src/Illuminate/Database/Connection.php(672): Illuminate\\Database\\Connection->runQueryCallback('select DATE(cre...', Array, Object(Closure))
#1 /Users/aldyhelix/Projects/www/backend_rmi/vendor/laravel/framework/src/Illuminate/Database/Connection.php(359): Illuminate\\Database\\Connection->run('select DATE(cre...', Array, Object(Closure))
#2 /Users/aldyhelix/Projects/www/backend_rmi/vendor/laravel/framework/src/Illuminate/Database/Query/Builder.php(2413): Illuminate\\Database\\Connection->select('select DATE(cre...', Array, true)
#3 /Users/aldyhelix/Projects/www/backend_rmi/vendor/laravel/framework/src/Illuminate/Database/Query/Builder.php(2402): Illuminate\\Database\\Query\\Builder->runSelect()
#4 /Users/aldyhelix/Projects/www/backend_rmi/vendor/laravel/framework/src/Illuminate/Database/Query/Builder.php(2936): Illuminate\\Database\\Query\\Builder->Illuminate\\Database\\Query\\{closure}()
#5 /Users/aldyhelix/Projects/www/backend_rmi/vendor/laravel/framework/src/Illuminate/Database/Query/Builder.php(2401): Illuminate\\Database\\Query\\Builder->onceWithColumns(Array, Object(Closure))
#6 /Users/aldyhelix/Projects/www/backend_rmi/app/Http/Livewire/Dashboard.php(685): Illuminate\\Database\\Query\\Builder->get()
#7 /Users/aldyhelix/Projects/www/backend_rmi/app/Http/Livewire/Dashboard.php(270): App\\Http\\Livewire\\Dashboard->updatedChart1DataD3()
#8 /Users/aldyhelix/Projects/www/backend_rmi/app/Http/Livewire/Dashboard.php(127): App\\Http\\Livewire\\Dashboard->updateChartSection()
#9 /Users/aldyhelix/Projects/www/backend_rmi/vendor/laravel/framework/src/Illuminate/Container/BoundMethod.php(36): App\\Http\\Livewire\\Dashboard->mount(9, 0, 7, 0, 16, 0, 0, 0, 0, 0, 0, 0, 0, 0)
#10 /Users/aldyhelix/Projects/www/backend_rmi/vendor/laravel/framework/src/Illuminate/Container/Util.php(40): Illuminate\\Container\\BoundMethod::Illuminate\\Container\\{closure}()
#11 /Users/aldyhelix/Projects/www/backend_rmi/vendor/laravel/framework/src/Illuminate/Container/BoundMethod.php(93): Illuminate\\Container\\Util::unwrapIfClosure(Object(Closure))
#12 /Users/aldyhelix/Projects/www/backend_rmi/vendor/laravel/framework/src/Illuminate/Container/BoundMethod.php(35): Illuminate\\Container\\BoundMethod::callBoundMethod(Object(Illuminate\\Foundation\\Application), Array, Object(Closure))
#13 /Users/aldyhelix/Projects/www/backend_rmi/vendor/livewire/livewire/src/LifecycleManager.php(114): Illuminate\\Container\\BoundMethod::call(Object(Illuminate\\Foundation\\Application), Array, Array)
#14 /Users/aldyhelix/Projects/www/backend_rmi/vendor/livewire/livewire/src/LivewireManager.php(130): Livewire\\LifecycleManager->mount(Array)
#15 /Users/aldyhelix/Projects/www/backend_rmi/vendor/laravel/framework/src/Illuminate/Support/Facades/Facade.php(261): Livewire\\LivewireManager->mount('dashboard', Array)
#16 /Users/aldyhelix/Projects/www/backend_rmi/storage/framework/views/7614a377bf597da1c7ed67416eae576b7feee755.php(13): Illuminate\\Support\\Facades\\Facade::__callStatic('mount', Array)
#17 /Users/aldyhelix/Projects/www/backend_rmi/vendor/laravel/framework/src/Illuminate/Filesystem/Filesystem.php(107): require('/Users/aldyheli...')
#18 /Users/aldyhelix/Projects/www/backend_rmi/vendor/laravel/framework/src/Illuminate/Filesystem/Filesystem.php(108): Illuminate\\Filesystem\\Filesystem::Illuminate\\Filesystem\\{closure}()
#19 /Users/aldyhelix/Projects/www/backend_rmi/vendor/laravel/framework/src/Illuminate/View/Engines/PhpEngine.php(58): Illuminate\\Filesystem\\Filesystem->getRequire('/Users/aldyheli...', Array)
#20 /Users/aldyhelix/Projects/www/backend_rmi/vendor/livewire/livewire/src/ComponentConcerns/RendersLivewireComponents.php(69): Illuminate\\View\\Engines\\PhpEngine->evaluatePath('/Users/aldyheli...', Array)
#21 /Users/aldyhelix/Projects/www/backend_rmi/vendor/laravel/framework/src/Illuminate/View/Engines/CompilerEngine.php(61): Livewire\\CompilerEngineForIgnition->evaluatePath('/Users/aldyheli...', Array)
#22 /Users/aldyhelix/Projects/www/backend_rmi/vendor/facade/ignition/src/Views/Engines/CompilerEngine.php(37): Illuminate\\View\\Engines\\CompilerEngine->get('/Users/aldyheli...', Array)
#23 /Users/aldyhelix/Projects/www/backend_rmi/vendor/livewire/livewire/src/ComponentConcerns/RendersLivewireComponents.php(35): Facade\\Ignition\\Views\\Engines\\CompilerEngine->get('/Users/aldyheli...', Array)
#24 /Users/aldyhelix/Projects/www/backend_rmi/vendor/laravel/framework/src/Illuminate/View/View.php(139): Livewire\\CompilerEngineForIgnition->get('/Users/aldyheli...', Array)
#25 /Users/aldyhelix/Projects/www/backend_rmi/vendor/laravel/framework/src/Illuminate/View/View.php(122): Illuminate\\View\\View->getContents()
#26 /Users/aldyhelix/Projects/www/backend_rmi/vendor/laravel/framework/src/Illuminate/View/View.php(91): Illuminate\\View\\View->renderContents()
#27 /Users/aldyhelix/Projects/www/backend_rmi/vendor/laravel/framework/src/Illuminate/Http/Response.php(69): Illuminate\\View\\View->render()
#28 /Users/aldyhelix/Projects/www/backend_rmi/vendor/laravel/framework/src/Illuminate/Http/Response.php(35): Illuminate\\Http\\Response->setContent(Object(Illuminate\\View\\View))
#29 /Users/aldyhelix/Projects/www/backend_rmi/vendor/laravel/framework/src/Illuminate/Routing/Router.php(820): Illuminate\\Http\\Response->__construct(Object(Illuminate\\View\\View), 200, Array)
#30 /Users/aldyhelix/Projects/www/backend_rmi/vendor/laravel/framework/src/Illuminate/Routing/Router.php(789): Illuminate\\Routing\\Router::toResponse(Object(Illuminate\\Http\\Request), Object(Illuminate\\View\\View))
#31 /Users/aldyhelix/Projects/www/backend_rmi/vendor/laravel/framework/src/Illuminate/Routing/Router.php(720): Illuminate\\Routing\\Router->prepareResponse(Object(Illuminate\\Http\\Request), Object(Illuminate\\View\\View))
#32 /Users/aldyhelix/Projects/www/backend_rmi/vendor/laravel/framework/src/Illuminate/Pipeline/Pipeline.php(128): Illuminate\\Routing\\Router->Illuminate\\Routing\\{closure}(Object(Illuminate\\Http\\Request))
#33 /Users/aldyhelix/Projects/www/backend_rmi/app/Http/Middleware/DashboardSetup.php(22): Illuminate\\Pipeline\\Pipeline->Illuminate\\Pipeline\\{closure}(Object(Illuminate\\Http\\Request))
#34 /Users/aldyhelix/Projects/www/backend_rmi/vendor/laravel/framework/src/Illuminate/Pipeline/Pipeline.php(167): App\\Http\\Middleware\\DashboardSetup->handle(Object(Illuminate\\Http\\Request), Object(Closure))
#35 /Users/aldyhelix/Projects/www/backend_rmi/app/Http/Middleware/CheckIfBillingInfoRequired.php(24): Illuminate\\Pipeline\\Pipeline->Illuminate\\Pipeline\\{closure}(Object(Illuminate\\Http\\Request))
#36 /Users/aldyhelix/Projects/www/backend_rmi/vendor/laravel/framework/src/Illuminate/Pipeline/Pipeline.php(167): App\\Http\\Middleware\\CheckIfBillingInfoRequired->handle(Object(Illuminate\\Http\\Request), Object(Closure))
#37 /Users/aldyhelix/Projects/www/backend_rmi/app/Http/Middleware/VerifyUserIsSubscribed.php(25): Illuminate\\Pipeline\\Pipeline->Illuminate\\Pipeline\\{closure}(Object(Illuminate\\Http\\Request))
#38 /Users/aldyhelix/Projects/www/backend_rmi/vendor/laravel/framework/src/Illuminate/Pipeline/Pipeline.php(167): App\\Http\\Middleware\\VerifyUserIsSubscribed->handle(Object(Illuminate\\Http\\Request), Object(Closure))
#39 /Users/aldyhelix/Projects/www/backend_rmi/app/Http/Middleware/CookieConsentMiddleware.php(21): Illuminate\\Pipeline\\Pipeline->Illuminate\\Pipeline\\{closure}(Object(Illuminate\\Http\\Request))
#40 /Users/aldyhelix/Projects/www/backend_rmi/vendor/laravel/framework/src/Illuminate/Pipeline/Pipeline.php(167): App\\Http\\Middleware\\CookieConsentMiddleware->handle(Object(Illuminate\\Http\\Request), Object(Closure))
#41 /Users/aldyhelix/Projects/www/backend_rmi/app/Http/Middleware/Language.php(64): Illuminate\\Pipeline\\Pipeline->Illuminate\\Pipeline\\{closure}(Object(Illuminate\\Http\\Request))
#42 /Users/aldyhelix/Projects/www/backend_rmi/vendor/laravel/framework/src/Illuminate/Pipeline/Pipeline.php(167): App\\Http\\Middleware\\Language->handle(Object(Illuminate\\Http\\Request), Object(Closure))
#43 /Users/aldyhelix/Projects/www/backend_rmi/app/Http/Middleware/InitSettings.php(8): Illuminate\\Pipeline\\Pipeline->Illuminate\\Pipeline\\{closure}(Object(Illuminate\\Http\\Request))
#44 /Users/aldyhelix/Projects/www/backend_rmi/vendor/laravel/framework/src/Illuminate/Pipeline/Pipeline.php(167): App\\Http\\Middleware\\InitSettings->handle(Object(Illuminate\\Http\\Request), Object(Closure))
#45 /Users/aldyhelix/Projects/www/backend_rmi/vendor/laravel/framework/src/Illuminate/Routing/Middleware/SubstituteBindings.php(50): Illuminate\\Pipeline\\Pipeline->Illuminate\\Pipeline\\{closure}(Object(Illuminate\\Http\\Request))
#46 /Users/aldyhelix/Projects/www/backend_rmi/vendor/laravel/framework/src/Illuminate/Pipeline/Pipeline.php(167): Illuminate\\Routing\\Middleware\\SubstituteBindings->handle(Object(Illuminate\\Http\\Request), Object(Closure))
#47 /Users/aldyhelix/Projects/www/backend_rmi/vendor/laravel/framework/src/Illuminate/Auth/Middleware/Authenticate.php(44): Illuminate\\Pipeline\\Pipeline->Illuminate\\Pipeline\\{closure}(Object(Illuminate\\Http\\Request))
#48 /Users/aldyhelix/Projects/www/backend_rmi/vendor/laravel/framework/src/Illuminate/Pipeline/Pipeline.php(167): Illuminate\\Auth\\Middleware\\Authenticate->handle(Object(Illuminate\\Http\\Request), Object(Closure))
#49 /Users/aldyhelix/Projects/www/backend_rmi/vendor/laravel/framework/src/Illuminate/Foundation/Http/Middleware/VerifyCsrfToken.php(78): Illuminate\\Pipeline\\Pipeline->Illuminate\\Pipeline\\{closure}(Object(Illuminate\\Http\\Request))
#50 /Users/aldyhelix/Projects/www/backend_rmi/vendor/laravel/framework/src/Illuminate/Pipeline/Pipeline.php(167): Illuminate\\Foundation\\Http\\Middleware\\VerifyCsrfToken->handle(Object(Illuminate\\Http\\Request), Object(Closure))
#51 /Users/aldyhelix/Projects/www/backend_rmi/vendor/laravel/framework/src/Illuminate/View/Middleware/ShareErrorsFromSession.php(49): Illuminate\\Pipeline\\Pipeline->Illuminate\\Pipeline\\{closure}(Object(Illuminate\\Http\\Request))
#52 /Users/aldyhelix/Projects/www/backend_rmi/vendor/laravel/framework/src/Illuminate/Pipeline/Pipeline.php(167): Illuminate\\View\\Middleware\\ShareErrorsFromSession->handle(Object(Illuminate\\Http\\Request), Object(Closure))
#53 /Users/aldyhelix/Projects/www/backend_rmi/vendor/laravel/framework/src/Illuminate/Session/Middleware/StartSession.php(121): Illuminate\\Pipeline\\Pipeline->Illuminate\\Pipeline\\{closure}(Object(Illuminate\\Http\\Request))
#54 /Users/aldyhelix/Projects/www/backend_rmi/vendor/laravel/framework/src/Illuminate/Session/Middleware/StartSession.php(64): Illuminate\\Session\\Middleware\\StartSession->handleStatefulRequest(Object(Illuminate\\Http\\Request), Object(Illuminate\\Session\\EncryptedStore), Object(Closure))
#55 /Users/aldyhelix/Projects/www/backend_rmi/vendor/laravel/framework/src/Illuminate/Pipeline/Pipeline.php(167): Illuminate\\Session\\Middleware\\StartSession->handle(Object(Illuminate\\Http\\Request), Object(Closure))
#56 /Users/aldyhelix/Projects/www/backend_rmi/vendor/laravel/framework/src/Illuminate/Cookie/Middleware/AddQueuedCookiesToResponse.php(37): Illuminate\\Pipeline\\Pipeline->Illuminate\\Pipeline\\{closure}(Object(Illuminate\\Http\\Request))
#57 /Users/aldyhelix/Projects/www/backend_rmi/vendor/laravel/framework/src/Illuminate/Pipeline/Pipeline.php(167): Illuminate\\Cookie\\Middleware\\AddQueuedCookiesToResponse->handle(Object(Illuminate\\Http\\Request), Object(Closure))
#58 /Users/aldyhelix/Projects/www/backend_rmi/vendor/laravel/framework/src/Illuminate/Cookie/Middleware/EncryptCookies.php(67): Illuminate\\Pipeline\\Pipeline->Illuminate\\Pipeline\\{closure}(Object(Illuminate\\Http\\Request))
#59 /Users/aldyhelix/Projects/www/backend_rmi/vendor/laravel/framework/src/Illuminate/Pipeline/Pipeline.php(167): Illuminate\\Cookie\\Middleware\\EncryptCookies->handle(Object(Illuminate\\Http\\Request), Object(Closure))
#60 /Users/aldyhelix/Projects/www/backend_rmi/vendor/laravel/framework/src/Illuminate/Pipeline/Pipeline.php(103): Illuminate\\Pipeline\\Pipeline->Illuminate\\Pipeline\\{closure}(Object(Illuminate\\Http\\Request))
#61 /Users/aldyhelix/Projects/www/backend_rmi/vendor/laravel/framework/src/Illuminate/Routing/Router.php(719): Illuminate\\Pipeline\\Pipeline->then(Object(Closure))
#62 /Users/aldyhelix/Projects/www/backend_rmi/vendor/laravel/framework/src/Illuminate/Routing/Router.php(698): Illuminate\\Routing\\Router->runRouteWithinStack(Object(Illuminate\\Routing\\Route), Object(Illuminate\\Http\\Request))
#63 /Users/aldyhelix/Projects/www/backend_rmi/vendor/laravel/framework/src/Illuminate/Routing/Router.php(662): Illuminate\\Routing\\Router->runRoute(Object(Illuminate\\Http\\Request), Object(Illuminate\\Routing\\Route))
#64 /Users/aldyhelix/Projects/www/backend_rmi/vendor/laravel/framework/src/Illuminate/Routing/Router.php(651): Illuminate\\Routing\\Router->dispatchToRoute(Object(Illuminate\\Http\\Request))
#65 /Users/aldyhelix/Projects/www/backend_rmi/vendor/laravel/framework/src/Illuminate/Foundation/Http/Kernel.php(167): Illuminate\\Routing\\Router->dispatch(Object(Illuminate\\Http\\Request))
#66 /Users/aldyhelix/Projects/www/backend_rmi/vendor/laravel/framework/src/Illuminate/Pipeline/Pipeline.php(128): Illuminate\\Foundation\\Http\\Kernel->Illuminate\\Foundation\\Http\\{closure}(Object(Illuminate\\Http\\Request))
#67 /Users/aldyhelix/Projects/www/backend_rmi/vendor/livewire/livewire/src/DisableBrowserCache.php(19): Illuminate\\Pipeline\\Pipeline->Illuminate\\Pipeline\\{closure}(Object(Illuminate\\Http\\Request))
#68 /Users/aldyhelix/Projects/www/backend_rmi/vendor/laravel/framework/src/Illuminate/Pipeline/Pipeline.php(167): Livewire\\DisableBrowserCache->handle(Object(Illuminate\\Http\\Request), Object(Closure))
#69 /Users/aldyhelix/Projects/www/backend_rmi/vendor/barryvdh/laravel-debugbar/src/Middleware/InjectDebugbar.php(66): Illuminate\\Pipeline\\Pipeline->Illuminate\\Pipeline\\{closure}(Object(Illuminate\\Http\\Request))
#70 /Users/aldyhelix/Projects/www/backend_rmi/vendor/laravel/framework/src/Illuminate/Pipeline/Pipeline.php(167): Barryvdh\\Debugbar\\Middleware\\InjectDebugbar->handle(Object(Illuminate\\Http\\Request), Object(Closure))
#71 /Users/aldyhelix/Projects/www/backend_rmi/app/Http/Middleware/CheckForInstallation.php(19): Illuminate\\Pipeline\\Pipeline->Illuminate\\Pipeline\\{closure}(Object(Illuminate\\Http\\Request))
#72 /Users/aldyhelix/Projects/www/backend_rmi/vendor/laravel/framework/src/Illuminate/Pipeline/Pipeline.php(167): App\\Http\\Middleware\\CheckForInstallation->handle(Object(Illuminate\\Http\\Request), Object(Closure))
#73 /Users/aldyhelix/Projects/www/backend_rmi/vendor/laravel/framework/src/Illuminate/Foundation/Http/Middleware/TransformsRequest.php(21): Illuminate\\Pipeline\\Pipeline->Illuminate\\Pipeline\\{closure}(Object(Illuminate\\Http\\Request))
#74 /Users/aldyhelix/Projects/www/backend_rmi/vendor/laravel/framework/src/Illuminate/Foundation/Http/Middleware/ConvertEmptyStringsToNull.php(31): Illuminate\\Foundation\\Http\\Middleware\\TransformsRequest->handle(Object(Illuminate\\Http\\Request), Object(Closure))
#75 /Users/aldyhelix/Projects/www/backend_rmi/vendor/laravel/framework/src/Illuminate/Pipeline/Pipeline.php(167): Illuminate\\Foundation\\Http\\Middleware\\ConvertEmptyStringsToNull->handle(Object(Illuminate\\Http\\Request), Object(Closure))
#76 /Users/aldyhelix/Projects/www/backend_rmi/vendor/laravel/framework/src/Illuminate/Foundation/Http/Middleware/TransformsRequest.php(21): Illuminate\\Pipeline\\Pipeline->Illuminate\\Pipeline\\{closure}(Object(Illuminate\\Http\\Request))
#77 /Users/aldyhelix/Projects/www/backend_rmi/vendor/laravel/framework/src/Illuminate/Foundation/Http/Middleware/TrimStrings.php(40): Illuminate\\Foundation\\Http\\Middleware\\TransformsRequest->handle(Object(Illuminate\\Http\\Request), Object(Closure))
#78 /Users/aldyhelix/Projects/www/backend_rmi/vendor/laravel/framework/src/Illuminate/Pipeline/Pipeline.php(167): Illuminate\\Foundation\\Http\\Middleware\\TrimStrings->handle(Object(Illuminate\\Http\\Request), Object(Closure))
#79 /Users/aldyhelix/Projects/www/backend_rmi/vendor/laravel/framework/src/Illuminate/Foundation/Http/Middleware/ValidatePostSize.php(27): Illuminate\\Pipeline\\Pipeline->Illuminate\\Pipeline\\{closure}(Object(Illuminate\\Http\\Request))
#80 /Users/aldyhelix/Projects/www/backend_rmi/vendor/laravel/framework/src/Illuminate/Pipeline/Pipeline.php(167): Illuminate\\Foundation\\Http\\Middleware\\ValidatePostSize->handle(Object(Illuminate\\Http\\Request), Object(Closure))
#81 /Users/aldyhelix/Projects/www/backend_rmi/vendor/laravel/framework/src/Illuminate/Foundation/Http/Middleware/PreventRequestsDuringMaintenance.php(86): Illuminate\\Pipeline\\Pipeline->Illuminate\\Pipeline\\{closure}(Object(Illuminate\\Http\\Request))
#82 /Users/aldyhelix/Projects/www/backend_rmi/vendor/laravel/framework/src/Illuminate/Pipeline/Pipeline.php(167): Illuminate\\Foundation\\Http\\Middleware\\PreventRequestsDuringMaintenance->handle(Object(Illuminate\\Http\\Request), Object(Closure))
#83 /Users/aldyhelix/Projects/www/backend_rmi/vendor/fruitcake/laravel-cors/src/HandleCors.php(38): Illuminate\\Pipeline\\Pipeline->Illuminate\\Pipeline\\{closure}(Object(Illuminate\\Http\\Request))
#84 /Users/aldyhelix/Projects/www/backend_rmi/vendor/laravel/framework/src/Illuminate/Pipeline/Pipeline.php(167): Fruitcake\\Cors\\HandleCors->handle(Object(Illuminate\\Http\\Request), Object(Closure))
#85 /Users/aldyhelix/Projects/www/backend_rmi/vendor/laravel/framework/src/Illuminate/Http/Middleware/TrustProxies.php(39): Illuminate\\Pipeline\\Pipeline->Illuminate\\Pipeline\\{closure}(Object(Illuminate\\Http\\Request))
#86 /Users/aldyhelix/Projects/www/backend_rmi/vendor/laravel/framework/src/Illuminate/Pipeline/Pipeline.php(167): Illuminate\\Http\\Middleware\\TrustProxies->handle(Object(Illuminate\\Http\\Request), Object(Closure))
#87 /Users/aldyhelix/Projects/www/backend_rmi/vendor/laravel/framework/src/Illuminate/Pipeline/Pipeline.php(103): Illuminate\\Pipeline\\Pipeline->Illuminate\\Pipeline\\{closure}(Object(Illuminate\\Http\\Request))
#88 /Users/aldyhelix/Projects/www/backend_rmi/vendor/laravel/framework/src/Illuminate/Foundation/Http/Kernel.php(142): Illuminate\\Pipeline\\Pipeline->then(Object(Closure))
#89 /Users/aldyhelix/Projects/www/backend_rmi/vendor/laravel/framework/src/Illuminate/Foundation/Http/Kernel.php(111): Illuminate\\Foundation\\Http\\Kernel->sendRequestThroughRouter(Object(Illuminate\\Http\\Request))
#90 /Users/aldyhelix/Projects/www/backend_rmi/public/index.php(58): Illuminate\\Foundation\\Http\\Kernel->handle(Object(Illuminate\\Http\\Request))
#91 /Applications/Herd.app/Contents/Resources/valet/server.php(153): require('/Users/aldyheli...')
#92 {main}

[previous exception] [object] (PDOException(code: 23000): SQLSTATE[23000]: Integrity constraint violation: 1052 Column 'created_at' in field list is ambiguous at /Users/aldyhelix/Projects/www/backend_rmi/vendor/laravel/framework/src/Illuminate/Database/Connection.php:368)
[stacktrace]
#0 /Users/aldyhelix/Projects/www/backend_rmi/vendor/laravel/framework/src/Illuminate/Database/Connection.php(368): PDO->prepare('select DATE(cre...')
#1 /Users/aldyhelix/Projects/www/backend_rmi/vendor/laravel/framework/src/Illuminate/Database/Connection.php(705): Illuminate\\Database\\Connection->Illuminate\\Database\\{closure}('select DATE(cre...', Array)
#2 /Users/aldyhelix/Projects/www/backend_rmi/vendor/laravel/framework/src/Illuminate/Database/Connection.php(672): Illuminate\\Database\\Connection->runQueryCallback('select DATE(cre...', Array, Object(Closure))
#3 /Users/aldyhelix/Projects/www/backend_rmi/vendor/laravel/framework/src/Illuminate/Database/Connection.php(359): Illuminate\\Database\\Connection->run('select DATE(cre...', Array, Object(Closure))
#4 /Users/aldyhelix/Projects/www/backend_rmi/vendor/laravel/framework/src/Illuminate/Database/Query/Builder.php(2413): Illuminate\\Database\\Connection->select('select DATE(cre...', Array, true)
#5 /Users/aldyhelix/Projects/www/backend_rmi/vendor/laravel/framework/src/Illuminate/Database/Query/Builder.php(2402): Illuminate\\Database\\Query\\Builder->runSelect()
#6 /Users/aldyhelix/Projects/www/backend_rmi/vendor/laravel/framework/src/Illuminate/Database/Query/Builder.php(2936): Illuminate\\Database\\Query\\Builder->Illuminate\\Database\\Query\\{closure}()
#7 /Users/aldyhelix/Projects/www/backend_rmi/vendor/laravel/framework/src/Illuminate/Database/Query/Builder.php(2401): Illuminate\\Database\\Query\\Builder->onceWithColumns(Array, Object(Closure))
#8 /Users/aldyhelix/Projects/www/backend_rmi/app/Http/Livewire/Dashboard.php(685): Illuminate\\Database\\Query\\Builder->get()
#9 /Users/aldyhelix/Projects/www/backend_rmi/app/Http/Livewire/Dashboard.php(270): App\\Http\\Livewire\\Dashboard->updatedChart1DataD3()
#10 /Users/aldyhelix/Projects/www/backend_rmi/app/Http/Livewire/Dashboard.php(127): App\\Http\\Livewire\\Dashboard->updateChartSection()
#11 /Users/aldyhelix/Projects/www/backend_rmi/vendor/laravel/framework/src/Illuminate/Container/BoundMethod.php(36): App\\Http\\Livewire\\Dashboard->mount(9, 0, 7, 0, 16, 0, 0, 0, 0, 0, 0, 0, 0, 0)
#12 /Users/aldyhelix/Projects/www/backend_rmi/vendor/laravel/framework/src/Illuminate/Container/Util.php(40): Illuminate\\Container\\BoundMethod::Illuminate\\Container\\{closure}()
#13 /Users/aldyhelix/Projects/www/backend_rmi/vendor/laravel/framework/src/Illuminate/Container/BoundMethod.php(93): Illuminate\\Container\\Util::unwrapIfClosure(Object(Closure))
#14 /Users/aldyhelix/Projects/www/backend_rmi/vendor/laravel/framework/src/Illuminate/Container/BoundMethod.php(35): Illuminate\\Container\\BoundMethod::callBoundMethod(Object(Illuminate\\Foundation\\Application), Array, Object(Closure))
#15 /Users/aldyhelix/Projects/www/backend_rmi/vendor/livewire/livewire/src/LifecycleManager.php(114): Illuminate\\Container\\BoundMethod::call(Object(Illuminate\\Foundation\\Application), Array, Array)
#16 /Users/aldyhelix/Projects/www/backend_rmi/vendor/livewire/livewire/src/LivewireManager.php(130): Livewire\\LifecycleManager->mount(Array)
#17 /Users/aldyhelix/Projects/www/backend_rmi/vendor/laravel/framework/src/Illuminate/Support/Facades/Facade.php(261): Livewire\\LivewireManager->mount('dashboard', Array)
#18 /Users/aldyhelix/Projects/www/backend_rmi/storage/framework/views/7614a377bf597da1c7ed67416eae576b7feee755.php(13): Illuminate\\Support\\Facades\\Facade::__callStatic('mount', Array)
#19 /Users/aldyhelix/Projects/www/backend_rmi/vendor/laravel/framework/src/Illuminate/Filesystem/Filesystem.php(107): require('/Users/aldyheli...')
#20 /Users/aldyhelix/Projects/www/backend_rmi/vendor/laravel/framework/src/Illuminate/Filesystem/Filesystem.php(108): Illuminate\\Filesystem\\Filesystem::Illuminate\\Filesystem\\{closure}()
#21 /Users/aldyhelix/Projects/www/backend_rmi/vendor/laravel/framework/src/Illuminate/View/Engines/PhpEngine.php(58): Illuminate\\Filesystem\\Filesystem->getRequire('/Users/aldyheli...', Array)
#22 /Users/aldyhelix/Projects/www/backend_rmi/vendor/livewire/livewire/src/ComponentConcerns/RendersLivewireComponents.php(69): Illuminate\\View\\Engines\\PhpEngine->evaluatePath('/Users/aldyheli...', Array)
#23 /Users/aldyhelix/Projects/www/backend_rmi/vendor/laravel/framework/src/Illuminate/View/Engines/CompilerEngine.php(61): Livewire\\CompilerEngineForIgnition->evaluatePath('/Users/aldyheli...', Array)
#24 /Users/aldyhelix/Projects/www/backend_rmi/vendor/facade/ignition/src/Views/Engines/CompilerEngine.php(37): Illuminate\\View\\Engines\\CompilerEngine->get('/Users/aldyheli...', Array)
#25 /Users/aldyhelix/Projects/www/backend_rmi/vendor/livewire/livewire/src/ComponentConcerns/RendersLivewireComponents.php(35): Facade\\Ignition\\Views\\Engines\\CompilerEngine->get('/Users/aldyheli...', Array)
#26 /Users/aldyhelix/Projects/www/backend_rmi/vendor/laravel/framework/src/Illuminate/View/View.php(139): Livewire\\CompilerEngineForIgnition->get('/Users/aldyheli...', Array)
#27 /Users/aldyhelix/Projects/www/backend_rmi/vendor/laravel/framework/src/Illuminate/View/View.php(122): Illuminate\\View\\View->getContents()
#28 /Users/aldyhelix/Projects/www/backend_rmi/vendor/laravel/framework/src/Illuminate/View/View.php(91): Illuminate\\View\\View->renderContents()
#29 /Users/aldyhelix/Projects/www/backend_rmi/vendor/laravel/framework/src/Illuminate/Http/Response.php(69): Illuminate\\View\\View->render()
#30 /Users/aldyhelix/Projects/www/backend_rmi/vendor/laravel/framework/src/Illuminate/Http/Response.php(35): Illuminate\\Http\\Response->setContent(Object(Illuminate\\View\\View))
#31 /Users/aldyhelix/Projects/www/backend_rmi/vendor/laravel/framework/src/Illuminate/Routing/Router.php(820): Illuminate\\Http\\Response->__construct(Object(Illuminate\\View\\View), 200, Array)
#32 /Users/aldyhelix/Projects/www/backend_rmi/vendor/laravel/framework/src/Illuminate/Routing/Router.php(789): Illuminate\\Routing\\Router::toResponse(Object(Illuminate\\Http\\Request), Object(Illuminate\\View\\View))
#33 /Users/aldyhelix/Projects/www/backend_rmi/vendor/laravel/framework/src/Illuminate/Routing/Router.php(720): Illuminate\\Routing\\Router->prepareResponse(Object(Illuminate\\Http\\Request), Object(Illuminate\\View\\View))
#34 /Users/aldyhelix/Projects/www/backend_rmi/vendor/laravel/framework/src/Illuminate/Pipeline/Pipeline.php(128): Illuminate\\Routing\\Router->Illuminate\\Routing\\{closure}(Object(Illuminate\\Http\\Request))
#35 /Users/aldyhelix/Projects/www/backend_rmi/app/Http/Middleware/DashboardSetup.php(22): Illuminate\\Pipeline\\Pipeline->Illuminate\\Pipeline\\{closure}(Object(Illuminate\\Http\\Request))
#36 /Users/aldyhelix/Projects/www/backend_rmi/vendor/laravel/framework/src/Illuminate/Pipeline/Pipeline.php(167): App\\Http\\Middleware\\DashboardSetup->handle(Object(Illuminate\\Http\\Request), Object(Closure))
#37 /Users/aldyhelix/Projects/www/backend_rmi/app/Http/Middleware/CheckIfBillingInfoRequired.php(24): Illuminate\\Pipeline\\Pipeline->Illuminate\\Pipeline\\{closure}(Object(Illuminate\\Http\\Request))
#38 /Users/aldyhelix/Projects/www/backend_rmi/vendor/laravel/framework/src/Illuminate/Pipeline/Pipeline.php(167): App\\Http\\Middleware\\CheckIfBillingInfoRequired->handle(Object(Illuminate\\Http\\Request), Object(Closure))
#39 /Users/aldyhelix/Projects/www/backend_rmi/app/Http/Middleware/VerifyUserIsSubscribed.php(25): Illuminate\\Pipeline\\Pipeline->Illuminate\\Pipeline\\{closure}(Object(Illuminate\\Http\\Request))
#40 /Users/aldyhelix/Projects/www/backend_rmi/vendor/laravel/framework/src/Illuminate/Pipeline/Pipeline.php(167): App\\Http\\Middleware\\VerifyUserIsSubscribed->handle(Object(Illuminate\\Http\\Request), Object(Closure))
#41 /Users/aldyhelix/Projects/www/backend_rmi/app/Http/Middleware/CookieConsentMiddleware.php(21): Illuminate\\Pipeline\\Pipeline->Illuminate\\Pipeline\\{closure}(Object(Illuminate\\Http\\Request))
#42 /Users/aldyhelix/Projects/www/backend_rmi/vendor/laravel/framework/src/Illuminate/Pipeline/Pipeline.php(167): App\\Http\\Middleware\\CookieConsentMiddleware->handle(Object(Illuminate\\Http\\Request), Object(Closure))
#43 /Users/aldyhelix/Projects/www/backend_rmi/app/Http/Middleware/Language.php(64): Illuminate\\Pipeline\\Pipeline->Illuminate\\Pipeline\\{closure}(Object(Illuminate\\Http\\Request))
#44 /Users/aldyhelix/Projects/www/backend_rmi/vendor/laravel/framework/src/Illuminate/Pipeline/Pipeline.php(167): App\\Http\\Middleware\\Language->handle(Object(Illuminate\\Http\\Request), Object(Closure))
#45 /Users/aldyhelix/Projects/www/backend_rmi/app/Http/Middleware/InitSettings.php(8): Illuminate\\Pipeline\\Pipeline->Illuminate\\Pipeline\\{closure}(Object(Illuminate\\Http\\Request))
#46 /Users/aldyhelix/Projects/www/backend_rmi/vendor/laravel/framework/src/Illuminate/Pipeline/Pipeline.php(167): App\\Http\\Middleware\\InitSettings->handle(Object(Illuminate\\Http\\Request), Object(Closure))
#47 /Users/aldyhelix/Projects/www/backend_rmi/vendor/laravel/framework/src/Illuminate/Routing/Middleware/SubstituteBindings.php(50): Illuminate\\Pipeline\\Pipeline->Illuminate\\Pipeline\\{closure}(Object(Illuminate\\Http\\Request))
#48 /Users/aldyhelix/Projects/www/backend_rmi/vendor/laravel/framework/src/Illuminate/Pipeline/Pipeline.php(167): Illuminate\\Routing\\Middleware\\SubstituteBindings->handle(Object(Illuminate\\Http\\Request), Object(Closure))
#49 /Users/aldyhelix/Projects/www/backend_rmi/vendor/laravel/framework/src/Illuminate/Auth/Middleware/Authenticate.php(44): Illuminate\\Pipeline\\Pipeline->Illuminate\\Pipeline\\{closure}(Object(Illuminate\\Http\\Request))
#50 /Users/aldyhelix/Projects/www/backend_rmi/vendor/laravel/framework/src/Illuminate/Pipeline/Pipeline.php(167): Illuminate\\Auth\\Middleware\\Authenticate->handle(Object(Illuminate\\Http\\Request), Object(Closure))
#51 /Users/aldyhelix/Projects/www/backend_rmi/vendor/laravel/framework/src/Illuminate/Foundation/Http/Middleware/VerifyCsrfToken.php(78): Illuminate\\Pipeline\\Pipeline->Illuminate\\Pipeline\\{closure}(Object(Illuminate\\Http\\Request))
#52 /Users/aldyhelix/Projects/www/backend_rmi/vendor/laravel/framework/src/Illuminate/Pipeline/Pipeline.php(167): Illuminate\\Foundation\\Http\\Middleware\\VerifyCsrfToken->handle(Object(Illuminate\\Http\\Request), Object(Closure))
#53 /Users/aldyhelix/Projects/www/backend_rmi/vendor/laravel/framework/src/Illuminate/View/Middleware/ShareErrorsFromSession.php(49): Illuminate\\Pipeline\\Pipeline->Illuminate\\Pipeline\\{closure}(Object(Illuminate\\Http\\Request))
#54 /Users/aldyhelix/Projects/www/backend_rmi/vendor/laravel/framework/src/Illuminate/Pipeline/Pipeline.php(167): Illuminate\\View\\Middleware\\ShareErrorsFromSession->handle(Object(Illuminate\\Http\\Request), Object(Closure))
#55 /Users/aldyhelix/Projects/www/backend_rmi/vendor/laravel/framework/src/Illuminate/Session/Middleware/StartSession.php(121): Illuminate\\Pipeline\\Pipeline->Illuminate\\Pipeline\\{closure}(Object(Illuminate\\Http\\Request))
#56 /Users/aldyhelix/Projects/www/backend_rmi/vendor/laravel/framework/src/Illuminate/Session/Middleware/StartSession.php(64): Illuminate\\Session\\Middleware\\StartSession->handleStatefulRequest(Object(Illuminate\\Http\\Request), Object(Illuminate\\Session\\EncryptedStore), Object(Closure))
#57 /Users/aldyhelix/Projects/www/backend_rmi/vendor/laravel/framework/src/Illuminate/Pipeline/Pipeline.php(167): Illuminate\\Session\\Middleware\\StartSession->handle(Object(Illuminate\\Http\\Request), Object(Closure))
#58 /Users/aldyhelix/Projects/www/backend_rmi/vendor/laravel/framework/src/Illuminate/Cookie/Middleware/AddQueuedCookiesToResponse.php(37): Illuminate\\Pipeline\\Pipeline->Illuminate\\Pipeline\\{closure}(Object(Illuminate\\Http\\Request))
#59 /Users/aldyhelix/Projects/www/backend_rmi/vendor/laravel/framework/src/Illuminate/Pipeline/Pipeline.php(167): Illuminate\\Cookie\\Middleware\\AddQueuedCookiesToResponse->handle(Object(Illuminate\\Http\\Request), Object(Closure))
#60 /Users/aldyhelix/Projects/www/backend_rmi/vendor/laravel/framework/src/Illuminate/Cookie/Middleware/EncryptCookies.php(67): Illuminate\\Pipeline\\Pipeline->Illuminate\\Pipeline\\{closure}(Object(Illuminate\\Http\\Request))
#61 /Users/aldyhelix/Projects/www/backend_rmi/vendor/laravel/framework/src/Illuminate/Pipeline/Pipeline.php(167): Illuminate\\Cookie\\Middleware\\EncryptCookies->handle(Object(Illuminate\\Http\\Request), Object(Closure))
#62 /Users/aldyhelix/Projects/www/backend_rmi/vendor/laravel/framework/src/Illuminate/Pipeline/Pipeline.php(103): Illuminate\\Pipeline\\Pipeline->Illuminate\\Pipeline\\{closure}(Object(Illuminate\\Http\\Request))
#63 /Users/aldyhelix/Projects/www/backend_rmi/vendor/laravel/framework/src/Illuminate/Routing/Router.php(719): Illuminate\\Pipeline\\Pipeline->then(Object(Closure))
#64 /Users/aldyhelix/Projects/www/backend_rmi/vendor/laravel/framework/src/Illuminate/Routing/Router.php(698): Illuminate\\Routing\\Router->runRouteWithinStack(Object(Illuminate\\Routing\\Route), Object(Illuminate\\Http\\Request))
#65 /Users/aldyhelix/Projects/www/backend_rmi/vendor/laravel/framework/src/Illuminate/Routing/Router.php(662): Illuminate\\Routing\\Router->runRoute(Object(Illuminate\\Http\\Request), Object(Illuminate\\Routing\\Route))
#66 /Users/aldyhelix/Projects/www/backend_rmi/vendor/laravel/framework/src/Illuminate/Routing/Router.php(651): Illuminate\\Routing\\Router->dispatchToRoute(Object(Illuminate\\Http\\Request))
#67 /Users/aldyhelix/Projects/www/backend_rmi/vendor/laravel/framework/src/Illuminate/Foundation/Http/Kernel.php(167): Illuminate\\Routing\\Router->dispatch(Object(Illuminate\\Http\\Request))
#68 /Users/aldyhelix/Projects/www/backend_rmi/vendor/laravel/framework/src/Illuminate/Pipeline/Pipeline.php(128): Illuminate\\Foundation\\Http\\Kernel->Illuminate\\Foundation\\Http\\{closure}(Object(Illuminate\\Http\\Request))
#69 /Users/aldyhelix/Projects/www/backend_rmi/vendor/livewire/livewire/src/DisableBrowserCache.php(19): Illuminate\\Pipeline\\Pipeline->Illuminate\\Pipeline\\{closure}(Object(Illuminate\\Http\\Request))
#70 /Users/aldyhelix/Projects/www/backend_rmi/vendor/laravel/framework/src/Illuminate/Pipeline/Pipeline.php(167): Livewire\\DisableBrowserCache->handle(Object(Illuminate\\Http\\Request), Object(Closure))
#71 /Users/aldyhelix/Projects/www/backend_rmi/vendor/barryvdh/laravel-debugbar/src/Middleware/InjectDebugbar.php(66): Illuminate\\Pipeline\\Pipeline->Illuminate\\Pipeline\\{closure}(Object(Illuminate\\Http\\Request))
#72 /Users/aldyhelix/Projects/www/backend_rmi/vendor/laravel/framework/src/Illuminate/Pipeline/Pipeline.php(167): Barryvdh\\Debugbar\\Middleware\\InjectDebugbar->handle(Object(Illuminate\\Http\\Request), Object(Closure))
#73 /Users/aldyhelix/Projects/www/backend_rmi/app/Http/Middleware/CheckForInstallation.php(19): Illuminate\\Pipeline\\Pipeline->Illuminate\\Pipeline\\{closure}(Object(Illuminate\\Http\\Request))
#74 /Users/aldyhelix/Projects/www/backend_rmi/vendor/laravel/framework/src/Illuminate/Pipeline/Pipeline.php(167): App\\Http\\Middleware\\CheckForInstallation->handle(Object(Illuminate\\Http\\Request), Object(Closure))
#75 /Users/aldyhelix/Projects/www/backend_rmi/vendor/laravel/framework/src/Illuminate/Foundation/Http/Middleware/TransformsRequest.php(21): Illuminate\\Pipeline\\Pipeline->Illuminate\\Pipeline\\{closure}(Object(Illuminate\\Http\\Request))
#76 /Users/aldyhelix/Projects/www/backend_rmi/vendor/laravel/framework/src/Illuminate/Foundation/Http/Middleware/ConvertEmptyStringsToNull.php(31): Illuminate\\Foundation\\Http\\Middleware\\TransformsRequest->handle(Object(Illuminate\\Http\\Request), Object(Closure))
#77 /Users/aldyhelix/Projects/www/backend_rmi/vendor/laravel/framework/src/Illuminate/Pipeline/Pipeline.php(167): Illuminate\\Foundation\\Http\\Middleware\\ConvertEmptyStringsToNull->handle(Object(Illuminate\\Http\\Request), Object(Closure))
#78 /Users/aldyhelix/Projects/www/backend_rmi/vendor/laravel/framework/src/Illuminate/Foundation/Http/Middleware/TransformsRequest.php(21): Illuminate\\Pipeline\\Pipeline->Illuminate\\Pipeline\\{closure}(Object(Illuminate\\Http\\Request))
#79 /Users/aldyhelix/Projects/www/backend_rmi/vendor/laravel/framework/src/Illuminate/Foundation/Http/Middleware/TrimStrings.php(40): Illuminate\\Foundation\\Http\\Middleware\\TransformsRequest->handle(Object(Illuminate\\Http\\Request), Object(Closure))
#80 /Users/aldyhelix/Projects/www/backend_rmi/vendor/laravel/framework/src/Illuminate/Pipeline/Pipeline.php(167): Illuminate\\Foundation\\Http\\Middleware\\TrimStrings->handle(Object(Illuminate\\Http\\Request), Object(Closure))
#81 /Users/aldyhelix/Projects/www/backend_rmi/vendor/laravel/framework/src/Illuminate/Foundation/Http/Middleware/ValidatePostSize.php(27): Illuminate\\Pipeline\\Pipeline->Illuminate\\Pipeline\\{closure}(Object(Illuminate\\Http\\Request))
#82 /Users/aldyhelix/Projects/www/backend_rmi/vendor/laravel/framework/src/Illuminate/Pipeline/Pipeline.php(167): Illuminate\\Foundation\\Http\\Middleware\\ValidatePostSize->handle(Object(Illuminate\\Http\\Request), Object(Closure))
#83 /Users/aldyhelix/Projects/www/backend_rmi/vendor/laravel/framework/src/Illuminate/Foundation/Http/Middleware/PreventRequestsDuringMaintenance.php(86): Illuminate\\Pipeline\\Pipeline->Illuminate\\Pipeline\\{closure}(Object(Illuminate\\Http\\Request))
#84 /Users/aldyhelix/Projects/www/backend_rmi/vendor/laravel/framework/src/Illuminate/Pipeline/Pipeline.php(167): Illuminate\\Foundation\\Http\\Middleware\\PreventRequestsDuringMaintenance->handle(Object(Illuminate\\Http\\Request), Object(Closure))
#85 /Users/aldyhelix/Projects/www/backend_rmi/vendor/fruitcake/laravel-cors/src/HandleCors.php(38): Illuminate\\Pipeline\\Pipeline->Illuminate\\Pipeline\\{closure}(Object(Illuminate\\Http\\Request))
#86 /Users/aldyhelix/Projects/www/backend_rmi/vendor/laravel/framework/src/Illuminate/Pipeline/Pipeline.php(167): Fruitcake\\Cors\\HandleCors->handle(Object(Illuminate\\Http\\Request), Object(Closure))
#87 /Users/aldyhelix/Projects/www/backend_rmi/vendor/laravel/framework/src/Illuminate/Http/Middleware/TrustProxies.php(39): Illuminate\\Pipeline\\Pipeline->Illuminate\\Pipeline\\{closure}(Object(Illuminate\\Http\\Request))
#88 /Users/aldyhelix/Projects/www/backend_rmi/vendor/laravel/framework/src/Illuminate/Pipeline/Pipeline.php(167): Illuminate\\Http\\Middleware\\TrustProxies->handle(Object(Illuminate\\Http\\Request), Object(Closure))
#89 /Users/aldyhelix/Projects/www/backend_rmi/vendor/laravel/framework/src/Illuminate/Pipeline/Pipeline.php(103): Illuminate\\Pipeline\\Pipeline->Illuminate\\Pipeline\\{closure}(Object(Illuminate\\Http\\Request))
#90 /Users/aldyhelix/Projects/www/backend_rmi/vendor/laravel/framework/src/Illuminate/Foundation/Http/Kernel.php(142): Illuminate\\Pipeline\\Pipeline->then(Object(Closure))
#91 /Users/aldyhelix/Projects/www/backend_rmi/vendor/laravel/framework/src/Illuminate/Foundation/Http/Kernel.php(111): Illuminate\\Foundation\\Http\\Kernel->sendRequestThroughRouter(Object(Illuminate\\Http\\Request))
#92 /Users/aldyhelix/Projects/www/backend_rmi/public/index.php(58): Illuminate\\Foundation\\Http\\Kernel->handle(Object(Illuminate\\Http\\Request))
#93 /Applications/Herd.app/Contents/Resources/valet/server.php(153): require('/Users/aldyheli...')
#94 {main}
"} 
[2024-06-23 04:29:17] production.ERROR: SQLSTATE[23000]: Integrity constraint violation: 1052 Column 'created_at' in field list is ambiguous (SQL: select DATE(created_at) AS order_date, COUNT(*) AS count, SUM(CASE WHEN DATE(created_at) = DATE(CURDATE()) THEN 1 ELSE 0 END) AS current_day_count, SUM(COUNT(*)) OVER (PARTITION BY MONTH(created_at) ORDER BY created_at ROWS BETWEEN UNBOUNDED PRECEDING AND CURRENT ROW) AS mtd_count from `orders` as `o` left join `order_items` as `oi` on `o`.`id` = `oi`.`order_id` inner join `inventories` as `i` on `oi`.`inventory_id` = `i`.`id` inner join `products` as `p` on `i`.`product_id` = `p`.`id` inner join `customers` as `cust` on `o`.`customer_id` = `cust`.`id` where `customer_id` is not null and `created_at` between 2024-06-17 00:00:00 and 2024-06-23 23:59:59 and `order_status_id` <> 8 group by `order_date` order by `order_date` asc) (View: /Users/aldyhelix/Projects/www/backend_rmi/resources/views/admin/dashboard/platform.blade.php) {"view":{"view":"/Users/aldyhelix/Projects/www/backend_rmi/vendor/laravel/framework/src/Illuminate/Database/Connection.php","data":[]},"userId":1,"exception":"[object] (Facade\\Ignition\\Exceptions\\ViewException(code: 0): SQLSTATE[23000]: Integrity constraint violation: 1052 Column 'created_at' in field list is ambiguous (SQL: select DATE(created_at) AS order_date, COUNT(*) AS count, SUM(CASE WHEN DATE(created_at) = DATE(CURDATE()) THEN 1 ELSE 0 END) AS current_day_count, SUM(COUNT(*)) OVER (PARTITION BY MONTH(created_at) ORDER BY created_at ROWS BETWEEN UNBOUNDED PRECEDING AND CURRENT ROW) AS mtd_count from `orders` as `o` left join `order_items` as `oi` on `o`.`id` = `oi`.`order_id` inner join `inventories` as `i` on `oi`.`inventory_id` = `i`.`id` inner join `products` as `p` on `i`.`product_id` = `p`.`id` inner join `customers` as `cust` on `o`.`customer_id` = `cust`.`id` where `customer_id` is not null and `created_at` between 2024-06-17 00:00:00 and 2024-06-23 23:59:59 and `order_status_id` <> 8 group by `order_date` order by `order_date` asc) (View: /Users/aldyhelix/Projects/www/backend_rmi/resources/views/admin/dashboard/platform.blade.php) at /Users/aldyhelix/Projects/www/backend_rmi/vendor/laravel/framework/src/Illuminate/Database/Connection.php:712)
[stacktrace]
#0 /Users/aldyhelix/Projects/www/backend_rmi/vendor/laravel/framework/src/Illuminate/Database/Connection.php(672): Illuminate\\Database\\Connection->runQueryCallback('select DATE(cre...', Array, Object(Closure))
#1 /Users/aldyhelix/Projects/www/backend_rmi/vendor/laravel/framework/src/Illuminate/Database/Connection.php(359): Illuminate\\Database\\Connection->run('select DATE(cre...', Array, Object(Closure))
#2 /Users/aldyhelix/Projects/www/backend_rmi/vendor/laravel/framework/src/Illuminate/Database/Query/Builder.php(2413): Illuminate\\Database\\Connection->select('select DATE(cre...', Array, true)
#3 /Users/aldyhelix/Projects/www/backend_rmi/vendor/laravel/framework/src/Illuminate/Database/Query/Builder.php(2402): Illuminate\\Database\\Query\\Builder->runSelect()
#4 /Users/aldyhelix/Projects/www/backend_rmi/vendor/laravel/framework/src/Illuminate/Database/Query/Builder.php(2936): Illuminate\\Database\\Query\\Builder->Illuminate\\Database\\Query\\{closure}()
#5 /Users/aldyhelix/Projects/www/backend_rmi/vendor/laravel/framework/src/Illuminate/Database/Query/Builder.php(2401): Illuminate\\Database\\Query\\Builder->onceWithColumns(Array, Object(Closure))
#6 /Users/aldyhelix/Projects/www/backend_rmi/app/Http/Livewire/Dashboard.php(684): Illuminate\\Database\\Query\\Builder->get()
#7 /Users/aldyhelix/Projects/www/backend_rmi/app/Http/Livewire/Dashboard.php(270): App\\Http\\Livewire\\Dashboard->updatedChart1DataD3()
#8 /Users/aldyhelix/Projects/www/backend_rmi/app/Http/Livewire/Dashboard.php(127): App\\Http\\Livewire\\Dashboard->updateChartSection()
#9 /Users/aldyhelix/Projects/www/backend_rmi/vendor/laravel/framework/src/Illuminate/Container/BoundMethod.php(36): App\\Http\\Livewire\\Dashboard->mount(9, 0, 7, 0, 16, 0, 0, 0, 0, 0, 0, 0, 0, 0)
#10 /Users/aldyhelix/Projects/www/backend_rmi/vendor/laravel/framework/src/Illuminate/Container/Util.php(40): Illuminate\\Container\\BoundMethod::Illuminate\\Container\\{closure}()
#11 /Users/aldyhelix/Projects/www/backend_rmi/vendor/laravel/framework/src/Illuminate/Container/BoundMethod.php(93): Illuminate\\Container\\Util::unwrapIfClosure(Object(Closure))
#12 /Users/aldyhelix/Projects/www/backend_rmi/vendor/laravel/framework/src/Illuminate/Container/BoundMethod.php(35): Illuminate\\Container\\BoundMethod::callBoundMethod(Object(Illuminate\\Foundation\\Application), Array, Object(Closure))
#13 /Users/aldyhelix/Projects/www/backend_rmi/vendor/livewire/livewire/src/LifecycleManager.php(114): Illuminate\\Container\\BoundMethod::call(Object(Illuminate\\Foundation\\Application), Array, Array)
#14 /Users/aldyhelix/Projects/www/backend_rmi/vendor/livewire/livewire/src/LivewireManager.php(130): Livewire\\LifecycleManager->mount(Array)
#15 /Users/aldyhelix/Projects/www/backend_rmi/vendor/laravel/framework/src/Illuminate/Support/Facades/Facade.php(261): Livewire\\LivewireManager->mount('dashboard', Array)
#16 /Users/aldyhelix/Projects/www/backend_rmi/resources/views/admin/dashboard/platform.blade.php(13): Illuminate\\Support\\Facades\\Facade::__callStatic('mount', Array)
#17 /Users/aldyhelix/Projects/www/backend_rmi/vendor/laravel/framework/src/Illuminate/Filesystem/Filesystem.php(107): require('/Users/aldyheli...')
#18 /Users/aldyhelix/Projects/www/backend_rmi/vendor/laravel/framework/src/Illuminate/Filesystem/Filesystem.php(108): Illuminate\\Filesystem\\Filesystem::Illuminate\\Filesystem\\{closure}()
#19 /Users/aldyhelix/Projects/www/backend_rmi/vendor/laravel/framework/src/Illuminate/View/Engines/PhpEngine.php(58): Illuminate\\Filesystem\\Filesystem->getRequire('/Users/aldyheli...', Array)
#20 /Users/aldyhelix/Projects/www/backend_rmi/vendor/livewire/livewire/src/ComponentConcerns/RendersLivewireComponents.php(69): Illuminate\\View\\Engines\\PhpEngine->evaluatePath('/Users/aldyheli...', Array)
#21 /Users/aldyhelix/Projects/www/backend_rmi/vendor/laravel/framework/src/Illuminate/View/Engines/CompilerEngine.php(61): Livewire\\CompilerEngineForIgnition->evaluatePath('/Users/aldyheli...', Array)
#22 /Users/aldyhelix/Projects/www/backend_rmi/vendor/facade/ignition/src/Views/Engines/CompilerEngine.php(37): Illuminate\\View\\Engines\\CompilerEngine->get('/Users/aldyheli...', Array)
#23 /Users/aldyhelix/Projects/www/backend_rmi/vendor/livewire/livewire/src/ComponentConcerns/RendersLivewireComponents.php(35): Facade\\Ignition\\Views\\Engines\\CompilerEngine->get('/Users/aldyheli...', Array)
#24 /Users/aldyhelix/Projects/www/backend_rmi/vendor/laravel/framework/src/Illuminate/View/View.php(139): Livewire\\CompilerEngineForIgnition->get('/Users/aldyheli...', Array)
#25 /Users/aldyhelix/Projects/www/backend_rmi/vendor/laravel/framework/src/Illuminate/View/View.php(122): Illuminate\\View\\View->getContents()
#26 /Users/aldyhelix/Projects/www/backend_rmi/vendor/laravel/framework/src/Illuminate/View/View.php(91): Illuminate\\View\\View->renderContents()
#27 /Users/aldyhelix/Projects/www/backend_rmi/vendor/laravel/framework/src/Illuminate/Http/Response.php(69): Illuminate\\View\\View->render()
#28 /Users/aldyhelix/Projects/www/backend_rmi/vendor/laravel/framework/src/Illuminate/Http/Response.php(35): Illuminate\\Http\\Response->setContent(Object(Illuminate\\View\\View))
#29 /Users/aldyhelix/Projects/www/backend_rmi/vendor/laravel/framework/src/Illuminate/Routing/Router.php(820): Illuminate\\Http\\Response->__construct(Object(Illuminate\\View\\View), 200, Array)
#30 /Users/aldyhelix/Projects/www/backend_rmi/vendor/laravel/framework/src/Illuminate/Routing/Router.php(789): Illuminate\\Routing\\Router::toResponse(Object(Illuminate\\Http\\Request), Object(Illuminate\\View\\View))
#31 /Users/aldyhelix/Projects/www/backend_rmi/vendor/laravel/framework/src/Illuminate/Routing/Router.php(720): Illuminate\\Routing\\Router->prepareResponse(Object(Illuminate\\Http\\Request), Object(Illuminate\\View\\View))
#32 /Users/aldyhelix/Projects/www/backend_rmi/vendor/laravel/framework/src/Illuminate/Pipeline/Pipeline.php(128): Illuminate\\Routing\\Router->Illuminate\\Routing\\{closure}(Object(Illuminate\\Http\\Request))
#33 /Users/aldyhelix/Projects/www/backend_rmi/app/Http/Middleware/DashboardSetup.php(22): Illuminate\\Pipeline\\Pipeline->Illuminate\\Pipeline\\{closure}(Object(Illuminate\\Http\\Request))
#34 /Users/aldyhelix/Projects/www/backend_rmi/vendor/laravel/framework/src/Illuminate/Pipeline/Pipeline.php(167): App\\Http\\Middleware\\DashboardSetup->handle(Object(Illuminate\\Http\\Request), Object(Closure))
#35 /Users/aldyhelix/Projects/www/backend_rmi/app/Http/Middleware/CheckIfBillingInfoRequired.php(24): Illuminate\\Pipeline\\Pipeline->Illuminate\\Pipeline\\{closure}(Object(Illuminate\\Http\\Request))
#36 /Users/aldyhelix/Projects/www/backend_rmi/vendor/laravel/framework/src/Illuminate/Pipeline/Pipeline.php(167): App\\Http\\Middleware\\CheckIfBillingInfoRequired->handle(Object(Illuminate\\Http\\Request), Object(Closure))
#37 /Users/aldyhelix/Projects/www/backend_rmi/app/Http/Middleware/VerifyUserIsSubscribed.php(25): Illuminate\\Pipeline\\Pipeline->Illuminate\\Pipeline\\{closure}(Object(Illuminate\\Http\\Request))
#38 /Users/aldyhelix/Projects/www/backend_rmi/vendor/laravel/framework/src/Illuminate/Pipeline/Pipeline.php(167): App\\Http\\Middleware\\VerifyUserIsSubscribed->handle(Object(Illuminate\\Http\\Request), Object(Closure))
#39 /Users/aldyhelix/Projects/www/backend_rmi/app/Http/Middleware/CookieConsentMiddleware.php(21): Illuminate\\Pipeline\\Pipeline->Illuminate\\Pipeline\\{closure}(Object(Illuminate\\Http\\Request))
#40 /Users/aldyhelix/Projects/www/backend_rmi/vendor/laravel/framework/src/Illuminate/Pipeline/Pipeline.php(167): App\\Http\\Middleware\\CookieConsentMiddleware->handle(Object(Illuminate\\Http\\Request), Object(Closure))
#41 /Users/aldyhelix/Projects/www/backend_rmi/app/Http/Middleware/Language.php(64): Illuminate\\Pipeline\\Pipeline->Illuminate\\Pipeline\\{closure}(Object(Illuminate\\Http\\Request))
#42 /Users/aldyhelix/Projects/www/backend_rmi/vendor/laravel/framework/src/Illuminate/Pipeline/Pipeline.php(167): App\\Http\\Middleware\\Language->handle(Object(Illuminate\\Http\\Request), Object(Closure))
#43 /Users/aldyhelix/Projects/www/backend_rmi/app/Http/Middleware/InitSettings.php(8): Illuminate\\Pipeline\\Pipeline->Illuminate\\Pipeline\\{closure}(Object(Illuminate\\Http\\Request))
#44 /Users/aldyhelix/Projects/www/backend_rmi/vendor/laravel/framework/src/Illuminate/Pipeline/Pipeline.php(167): App\\Http\\Middleware\\InitSettings->handle(Object(Illuminate\\Http\\Request), Object(Closure))
#45 /Users/aldyhelix/Projects/www/backend_rmi/vendor/laravel/framework/src/Illuminate/Routing/Middleware/SubstituteBindings.php(50): Illuminate\\Pipeline\\Pipeline->Illuminate\\Pipeline\\{closure}(Object(Illuminate\\Http\\Request))
#46 /Users/aldyhelix/Projects/www/backend_rmi/vendor/laravel/framework/src/Illuminate/Pipeline/Pipeline.php(167): Illuminate\\Routing\\Middleware\\SubstituteBindings->handle(Object(Illuminate\\Http\\Request), Object(Closure))
#47 /Users/aldyhelix/Projects/www/backend_rmi/vendor/laravel/framework/src/Illuminate/Auth/Middleware/Authenticate.php(44): Illuminate\\Pipeline\\Pipeline->Illuminate\\Pipeline\\{closure}(Object(Illuminate\\Http\\Request))
#48 /Users/aldyhelix/Projects/www/backend_rmi/vendor/laravel/framework/src/Illuminate/Pipeline/Pipeline.php(167): Illuminate\\Auth\\Middleware\\Authenticate->handle(Object(Illuminate\\Http\\Request), Object(Closure))
#49 /Users/aldyhelix/Projects/www/backend_rmi/vendor/laravel/framework/src/Illuminate/Foundation/Http/Middleware/VerifyCsrfToken.php(78): Illuminate\\Pipeline\\Pipeline->Illuminate\\Pipeline\\{closure}(Object(Illuminate\\Http\\Request))
#50 /Users/aldyhelix/Projects/www/backend_rmi/vendor/laravel/framework/src/Illuminate/Pipeline/Pipeline.php(167): Illuminate\\Foundation\\Http\\Middleware\\VerifyCsrfToken->handle(Object(Illuminate\\Http\\Request), Object(Closure))
#51 /Users/aldyhelix/Projects/www/backend_rmi/vendor/laravel/framework/src/Illuminate/View/Middleware/ShareErrorsFromSession.php(49): Illuminate\\Pipeline\\Pipeline->Illuminate\\Pipeline\\{closure}(Object(Illuminate\\Http\\Request))
#52 /Users/aldyhelix/Projects/www/backend_rmi/vendor/laravel/framework/src/Illuminate/Pipeline/Pipeline.php(167): Illuminate\\View\\Middleware\\ShareErrorsFromSession->handle(Object(Illuminate\\Http\\Request), Object(Closure))
#53 /Users/aldyhelix/Projects/www/backend_rmi/vendor/laravel/framework/src/Illuminate/Session/Middleware/StartSession.php(121): Illuminate\\Pipeline\\Pipeline->Illuminate\\Pipeline\\{closure}(Object(Illuminate\\Http\\Request))
#54 /Users/aldyhelix/Projects/www/backend_rmi/vendor/laravel/framework/src/Illuminate/Session/Middleware/StartSession.php(64): Illuminate\\Session\\Middleware\\StartSession->handleStatefulRequest(Object(Illuminate\\Http\\Request), Object(Illuminate\\Session\\EncryptedStore), Object(Closure))
#55 /Users/aldyhelix/Projects/www/backend_rmi/vendor/laravel/framework/src/Illuminate/Pipeline/Pipeline.php(167): Illuminate\\Session\\Middleware\\StartSession->handle(Object(Illuminate\\Http\\Request), Object(Closure))
#56 /Users/aldyhelix/Projects/www/backend_rmi/vendor/laravel/framework/src/Illuminate/Cookie/Middleware/AddQueuedCookiesToResponse.php(37): Illuminate\\Pipeline\\Pipeline->Illuminate\\Pipeline\\{closure}(Object(Illuminate\\Http\\Request))
#57 /Users/aldyhelix/Projects/www/backend_rmi/vendor/laravel/framework/src/Illuminate/Pipeline/Pipeline.php(167): Illuminate\\Cookie\\Middleware\\AddQueuedCookiesToResponse->handle(Object(Illuminate\\Http\\Request), Object(Closure))
#58 /Users/aldyhelix/Projects/www/backend_rmi/vendor/laravel/framework/src/Illuminate/Cookie/Middleware/EncryptCookies.php(67): Illuminate\\Pipeline\\Pipeline->Illuminate\\Pipeline\\{closure}(Object(Illuminate\\Http\\Request))
#59 /Users/aldyhelix/Projects/www/backend_rmi/vendor/laravel/framework/src/Illuminate/Pipeline/Pipeline.php(167): Illuminate\\Cookie\\Middleware\\EncryptCookies->handle(Object(Illuminate\\Http\\Request), Object(Closure))
#60 /Users/aldyhelix/Projects/www/backend_rmi/vendor/laravel/framework/src/Illuminate/Pipeline/Pipeline.php(103): Illuminate\\Pipeline\\Pipeline->Illuminate\\Pipeline\\{closure}(Object(Illuminate\\Http\\Request))
#61 /Users/aldyhelix/Projects/www/backend_rmi/vendor/laravel/framework/src/Illuminate/Routing/Router.php(719): Illuminate\\Pipeline\\Pipeline->then(Object(Closure))
#62 /Users/aldyhelix/Projects/www/backend_rmi/vendor/laravel/framework/src/Illuminate/Routing/Router.php(698): Illuminate\\Routing\\Router->runRouteWithinStack(Object(Illuminate\\Routing\\Route), Object(Illuminate\\Http\\Request))
#63 /Users/aldyhelix/Projects/www/backend_rmi/vendor/laravel/framework/src/Illuminate/Routing/Router.php(662): Illuminate\\Routing\\Router->runRoute(Object(Illuminate\\Http\\Request), Object(Illuminate\\Routing\\Route))
#64 /Users/aldyhelix/Projects/www/backend_rmi/vendor/laravel/framework/src/Illuminate/Routing/Router.php(651): Illuminate\\Routing\\Router->dispatchToRoute(Object(Illuminate\\Http\\Request))
#65 /Users/aldyhelix/Projects/www/backend_rmi/vendor/laravel/framework/src/Illuminate/Foundation/Http/Kernel.php(167): Illuminate\\Routing\\Router->dispatch(Object(Illuminate\\Http\\Request))
#66 /Users/aldyhelix/Projects/www/backend_rmi/vendor/laravel/framework/src/Illuminate/Pipeline/Pipeline.php(128): Illuminate\\Foundation\\Http\\Kernel->Illuminate\\Foundation\\Http\\{closure}(Object(Illuminate\\Http\\Request))
#67 /Users/aldyhelix/Projects/www/backend_rmi/vendor/livewire/livewire/src/DisableBrowserCache.php(19): Illuminate\\Pipeline\\Pipeline->Illuminate\\Pipeline\\{closure}(Object(Illuminate\\Http\\Request))
#68 /Users/aldyhelix/Projects/www/backend_rmi/vendor/laravel/framework/src/Illuminate/Pipeline/Pipeline.php(167): Livewire\\DisableBrowserCache->handle(Object(Illuminate\\Http\\Request), Object(Closure))
#69 /Users/aldyhelix/Projects/www/backend_rmi/vendor/barryvdh/laravel-debugbar/src/Middleware/InjectDebugbar.php(66): Illuminate\\Pipeline\\Pipeline->Illuminate\\Pipeline\\{closure}(Object(Illuminate\\Http\\Request))
#70 /Users/aldyhelix/Projects/www/backend_rmi/vendor/laravel/framework/src/Illuminate/Pipeline/Pipeline.php(167): Barryvdh\\Debugbar\\Middleware\\InjectDebugbar->handle(Object(Illuminate\\Http\\Request), Object(Closure))
#71 /Users/aldyhelix/Projects/www/backend_rmi/app/Http/Middleware/CheckForInstallation.php(19): Illuminate\\Pipeline\\Pipeline->Illuminate\\Pipeline\\{closure}(Object(Illuminate\\Http\\Request))
#72 /Users/aldyhelix/Projects/www/backend_rmi/vendor/laravel/framework/src/Illuminate/Pipeline/Pipeline.php(167): App\\Http\\Middleware\\CheckForInstallation->handle(Object(Illuminate\\Http\\Request), Object(Closure))
#73 /Users/aldyhelix/Projects/www/backend_rmi/vendor/laravel/framework/src/Illuminate/Foundation/Http/Middleware/TransformsRequest.php(21): Illuminate\\Pipeline\\Pipeline->Illuminate\\Pipeline\\{closure}(Object(Illuminate\\Http\\Request))
#74 /Users/aldyhelix/Projects/www/backend_rmi/vendor/laravel/framework/src/Illuminate/Foundation/Http/Middleware/ConvertEmptyStringsToNull.php(31): Illuminate\\Foundation\\Http\\Middleware\\TransformsRequest->handle(Object(Illuminate\\Http\\Request), Object(Closure))
#75 /Users/aldyhelix/Projects/www/backend_rmi/vendor/laravel/framework/src/Illuminate/Pipeline/Pipeline.php(167): Illuminate\\Foundation\\Http\\Middleware\\ConvertEmptyStringsToNull->handle(Object(Illuminate\\Http\\Request), Object(Closure))
#76 /Users/aldyhelix/Projects/www/backend_rmi/vendor/laravel/framework/src/Illuminate/Foundation/Http/Middleware/TransformsRequest.php(21): Illuminate\\Pipeline\\Pipeline->Illuminate\\Pipeline\\{closure}(Object(Illuminate\\Http\\Request))
#77 /Users/aldyhelix/Projects/www/backend_rmi/vendor/laravel/framework/src/Illuminate/Foundation/Http/Middleware/TrimStrings.php(40): Illuminate\\Foundation\\Http\\Middleware\\TransformsRequest->handle(Object(Illuminate\\Http\\Request), Object(Closure))
#78 /Users/aldyhelix/Projects/www/backend_rmi/vendor/laravel/framework/src/Illuminate/Pipeline/Pipeline.php(167): Illuminate\\Foundation\\Http\\Middleware\\TrimStrings->handle(Object(Illuminate\\Http\\Request), Object(Closure))
#79 /Users/aldyhelix/Projects/www/backend_rmi/vendor/laravel/framework/src/Illuminate/Foundation/Http/Middleware/ValidatePostSize.php(27): Illuminate\\Pipeline\\Pipeline->Illuminate\\Pipeline\\{closure}(Object(Illuminate\\Http\\Request))
#80 /Users/aldyhelix/Projects/www/backend_rmi/vendor/laravel/framework/src/Illuminate/Pipeline/Pipeline.php(167): Illuminate\\Foundation\\Http\\Middleware\\ValidatePostSize->handle(Object(Illuminate\\Http\\Request), Object(Closure))
#81 /Users/aldyhelix/Projects/www/backend_rmi/vendor/laravel/framework/src/Illuminate/Foundation/Http/Middleware/PreventRequestsDuringMaintenance.php(86): Illuminate\\Pipeline\\Pipeline->Illuminate\\Pipeline\\{closure}(Object(Illuminate\\Http\\Request))
#82 /Users/aldyhelix/Projects/www/backend_rmi/vendor/laravel/framework/src/Illuminate/Pipeline/Pipeline.php(167): Illuminate\\Foundation\\Http\\Middleware\\PreventRequestsDuringMaintenance->handle(Object(Illuminate\\Http\\Request), Object(Closure))
#83 /Users/aldyhelix/Projects/www/backend_rmi/vendor/fruitcake/laravel-cors/src/HandleCors.php(38): Illuminate\\Pipeline\\Pipeline->Illuminate\\Pipeline\\{closure}(Object(Illuminate\\Http\\Request))
#84 /Users/aldyhelix/Projects/www/backend_rmi/vendor/laravel/framework/src/Illuminate/Pipeline/Pipeline.php(167): Fruitcake\\Cors\\HandleCors->handle(Object(Illuminate\\Http\\Request), Object(Closure))
#85 /Users/aldyhelix/Projects/www/backend_rmi/vendor/laravel/framework/src/Illuminate/Http/Middleware/TrustProxies.php(39): Illuminate\\Pipeline\\Pipeline->Illuminate\\Pipeline\\{closure}(Object(Illuminate\\Http\\Request))
#86 /Users/aldyhelix/Projects/www/backend_rmi/vendor/laravel/framework/src/Illuminate/Pipeline/Pipeline.php(167): Illuminate\\Http\\Middleware\\TrustProxies->handle(Object(Illuminate\\Http\\Request), Object(Closure))
#87 /Users/aldyhelix/Projects/www/backend_rmi/vendor/laravel/framework/src/Illuminate/Pipeline/Pipeline.php(103): Illuminate\\Pipeline\\Pipeline->Illuminate\\Pipeline\\{closure}(Object(Illuminate\\Http\\Request))
#88 /Users/aldyhelix/Projects/www/backend_rmi/vendor/laravel/framework/src/Illuminate/Foundation/Http/Kernel.php(142): Illuminate\\Pipeline\\Pipeline->then(Object(Closure))
#89 /Users/aldyhelix/Projects/www/backend_rmi/vendor/laravel/framework/src/Illuminate/Foundation/Http/Kernel.php(111): Illuminate\\Foundation\\Http\\Kernel->sendRequestThroughRouter(Object(Illuminate\\Http\\Request))
#90 /Users/aldyhelix/Projects/www/backend_rmi/public/index.php(58): Illuminate\\Foundation\\Http\\Kernel->handle(Object(Illuminate\\Http\\Request))
#91 /Applications/Herd.app/Contents/Resources/valet/server.php(153): require('/Users/aldyheli...')
#92 {main}

[previous exception] [object] (Illuminate\\Database\\QueryException(code: 23000): SQLSTATE[23000]: Integrity constraint violation: 1052 Column 'created_at' in field list is ambiguous (SQL: select DATE(created_at) AS order_date, COUNT(*) AS count, SUM(CASE WHEN DATE(created_at) = DATE(CURDATE()) THEN 1 ELSE 0 END) AS current_day_count, SUM(COUNT(*)) OVER (PARTITION BY MONTH(created_at) ORDER BY created_at ROWS BETWEEN UNBOUNDED PRECEDING AND CURRENT ROW) AS mtd_count from `orders` as `o` left join `order_items` as `oi` on `o`.`id` = `oi`.`order_id` inner join `inventories` as `i` on `oi`.`inventory_id` = `i`.`id` inner join `products` as `p` on `i`.`product_id` = `p`.`id` inner join `customers` as `cust` on `o`.`customer_id` = `cust`.`id` where `customer_id` is not null and `created_at` between 2024-06-17 00:00:00 and 2024-06-23 23:59:59 and `order_status_id` <> 8 group by `order_date` order by `order_date` asc) at /Users/aldyhelix/Projects/www/backend_rmi/vendor/laravel/framework/src/Illuminate/Database/Connection.php:712)
[stacktrace]
#0 /Users/aldyhelix/Projects/www/backend_rmi/vendor/laravel/framework/src/Illuminate/Database/Connection.php(672): Illuminate\\Database\\Connection->runQueryCallback('select DATE(cre...', Array, Object(Closure))
#1 /Users/aldyhelix/Projects/www/backend_rmi/vendor/laravel/framework/src/Illuminate/Database/Connection.php(359): Illuminate\\Database\\Connection->run('select DATE(cre...', Array, Object(Closure))
#2 /Users/aldyhelix/Projects/www/backend_rmi/vendor/laravel/framework/src/Illuminate/Database/Query/Builder.php(2413): Illuminate\\Database\\Connection->select('select DATE(cre...', Array, true)
#3 /Users/aldyhelix/Projects/www/backend_rmi/vendor/laravel/framework/src/Illuminate/Database/Query/Builder.php(2402): Illuminate\\Database\\Query\\Builder->runSelect()
#4 /Users/aldyhelix/Projects/www/backend_rmi/vendor/laravel/framework/src/Illuminate/Database/Query/Builder.php(2936): Illuminate\\Database\\Query\\Builder->Illuminate\\Database\\Query\\{closure}()
#5 /Users/aldyhelix/Projects/www/backend_rmi/vendor/laravel/framework/src/Illuminate/Database/Query/Builder.php(2401): Illuminate\\Database\\Query\\Builder->onceWithColumns(Array, Object(Closure))
#6 /Users/aldyhelix/Projects/www/backend_rmi/app/Http/Livewire/Dashboard.php(684): Illuminate\\Database\\Query\\Builder->get()
#7 /Users/aldyhelix/Projects/www/backend_rmi/app/Http/Livewire/Dashboard.php(270): App\\Http\\Livewire\\Dashboard->updatedChart1DataD3()
#8 /Users/aldyhelix/Projects/www/backend_rmi/app/Http/Livewire/Dashboard.php(127): App\\Http\\Livewire\\Dashboard->updateChartSection()
#9 /Users/aldyhelix/Projects/www/backend_rmi/vendor/laravel/framework/src/Illuminate/Container/BoundMethod.php(36): App\\Http\\Livewire\\Dashboard->mount(9, 0, 7, 0, 16, 0, 0, 0, 0, 0, 0, 0, 0, 0)
#10 /Users/aldyhelix/Projects/www/backend_rmi/vendor/laravel/framework/src/Illuminate/Container/Util.php(40): Illuminate\\Container\\BoundMethod::Illuminate\\Container\\{closure}()
#11 /Users/aldyhelix/Projects/www/backend_rmi/vendor/laravel/framework/src/Illuminate/Container/BoundMethod.php(93): Illuminate\\Container\\Util::unwrapIfClosure(Object(Closure))
#12 /Users/aldyhelix/Projects/www/backend_rmi/vendor/laravel/framework/src/Illuminate/Container/BoundMethod.php(35): Illuminate\\Container\\BoundMethod::callBoundMethod(Object(Illuminate\\Foundation\\Application), Array, Object(Closure))
#13 /Users/aldyhelix/Projects/www/backend_rmi/vendor/livewire/livewire/src/LifecycleManager.php(114): Illuminate\\Container\\BoundMethod::call(Object(Illuminate\\Foundation\\Application), Array, Array)
#14 /Users/aldyhelix/Projects/www/backend_rmi/vendor/livewire/livewire/src/LivewireManager.php(130): Livewire\\LifecycleManager->mount(Array)
#15 /Users/aldyhelix/Projects/www/backend_rmi/vendor/laravel/framework/src/Illuminate/Support/Facades/Facade.php(261): Livewire\\LivewireManager->mount('dashboard', Array)
#16 /Users/aldyhelix/Projects/www/backend_rmi/storage/framework/views/7614a377bf597da1c7ed67416eae576b7feee755.php(13): Illuminate\\Support\\Facades\\Facade::__callStatic('mount', Array)
#17 /Users/aldyhelix/Projects/www/backend_rmi/vendor/laravel/framework/src/Illuminate/Filesystem/Filesystem.php(107): require('/Users/aldyheli...')
#18 /Users/aldyhelix/Projects/www/backend_rmi/vendor/laravel/framework/src/Illuminate/Filesystem/Filesystem.php(108): Illuminate\\Filesystem\\Filesystem::Illuminate\\Filesystem\\{closure}()
#19 /Users/aldyhelix/Projects/www/backend_rmi/vendor/laravel/framework/src/Illuminate/View/Engines/PhpEngine.php(58): Illuminate\\Filesystem\\Filesystem->getRequire('/Users/aldyheli...', Array)
#20 /Users/aldyhelix/Projects/www/backend_rmi/vendor/livewire/livewire/src/ComponentConcerns/RendersLivewireComponents.php(69): Illuminate\\View\\Engines\\PhpEngine->evaluatePath('/Users/aldyheli...', Array)
#21 /Users/aldyhelix/Projects/www/backend_rmi/vendor/laravel/framework/src/Illuminate/View/Engines/CompilerEngine.php(61): Livewire\\CompilerEngineForIgnition->evaluatePath('/Users/aldyheli...', Array)
#22 /Users/aldyhelix/Projects/www/backend_rmi/vendor/facade/ignition/src/Views/Engines/CompilerEngine.php(37): Illuminate\\View\\Engines\\CompilerEngine->get('/Users/aldyheli...', Array)
#23 /Users/aldyhelix/Projects/www/backend_rmi/vendor/livewire/livewire/src/ComponentConcerns/RendersLivewireComponents.php(35): Facade\\Ignition\\Views\\Engines\\CompilerEngine->get('/Users/aldyheli...', Array)
#24 /Users/aldyhelix/Projects/www/backend_rmi/vendor/laravel/framework/src/Illuminate/View/View.php(139): Livewire\\CompilerEngineForIgnition->get('/Users/aldyheli...', Array)
#25 /Users/aldyhelix/Projects/www/backend_rmi/vendor/laravel/framework/src/Illuminate/View/View.php(122): Illuminate\\View\\View->getContents()
#26 /Users/aldyhelix/Projects/www/backend_rmi/vendor/laravel/framework/src/Illuminate/View/View.php(91): Illuminate\\View\\View->renderContents()
#27 /Users/aldyhelix/Projects/www/backend_rmi/vendor/laravel/framework/src/Illuminate/Http/Response.php(69): Illuminate\\View\\View->render()
#28 /Users/aldyhelix/Projects/www/backend_rmi/vendor/laravel/framework/src/Illuminate/Http/Response.php(35): Illuminate\\Http\\Response->setContent(Object(Illuminate\\View\\View))
#29 /Users/aldyhelix/Projects/www/backend_rmi/vendor/laravel/framework/src/Illuminate/Routing/Router.php(820): Illuminate\\Http\\Response->__construct(Object(Illuminate\\View\\View), 200, Array)
#30 /Users/aldyhelix/Projects/www/backend_rmi/vendor/laravel/framework/src/Illuminate/Routing/Router.php(789): Illuminate\\Routing\\Router::toResponse(Object(Illuminate\\Http\\Request), Object(Illuminate\\View\\View))
#31 /Users/aldyhelix/Projects/www/backend_rmi/vendor/laravel/framework/src/Illuminate/Routing/Router.php(720): Illuminate\\Routing\\Router->prepareResponse(Object(Illuminate\\Http\\Request), Object(Illuminate\\View\\View))
#32 /Users/aldyhelix/Projects/www/backend_rmi/vendor/laravel/framework/src/Illuminate/Pipeline/Pipeline.php(128): Illuminate\\Routing\\Router->Illuminate\\Routing\\{closure}(Object(Illuminate\\Http\\Request))
#33 /Users/aldyhelix/Projects/www/backend_rmi/app/Http/Middleware/DashboardSetup.php(22): Illuminate\\Pipeline\\Pipeline->Illuminate\\Pipeline\\{closure}(Object(Illuminate\\Http\\Request))
#34 /Users/aldyhelix/Projects/www/backend_rmi/vendor/laravel/framework/src/Illuminate/Pipeline/Pipeline.php(167): App\\Http\\Middleware\\DashboardSetup->handle(Object(Illuminate\\Http\\Request), Object(Closure))
#35 /Users/aldyhelix/Projects/www/backend_rmi/app/Http/Middleware/CheckIfBillingInfoRequired.php(24): Illuminate\\Pipeline\\Pipeline->Illuminate\\Pipeline\\{closure}(Object(Illuminate\\Http\\Request))
#36 /Users/aldyhelix/Projects/www/backend_rmi/vendor/laravel/framework/src/Illuminate/Pipeline/Pipeline.php(167): App\\Http\\Middleware\\CheckIfBillingInfoRequired->handle(Object(Illuminate\\Http\\Request), Object(Closure))
#37 /Users/aldyhelix/Projects/www/backend_rmi/app/Http/Middleware/VerifyUserIsSubscribed.php(25): Illuminate\\Pipeline\\Pipeline->Illuminate\\Pipeline\\{closure}(Object(Illuminate\\Http\\Request))
#38 /Users/aldyhelix/Projects/www/backend_rmi/vendor/laravel/framework/src/Illuminate/Pipeline/Pipeline.php(167): App\\Http\\Middleware\\VerifyUserIsSubscribed->handle(Object(Illuminate\\Http\\Request), Object(Closure))
#39 /Users/aldyhelix/Projects/www/backend_rmi/app/Http/Middleware/CookieConsentMiddleware.php(21): Illuminate\\Pipeline\\Pipeline->Illuminate\\Pipeline\\{closure}(Object(Illuminate\\Http\\Request))
#40 /Users/aldyhelix/Projects/www/backend_rmi/vendor/laravel/framework/src/Illuminate/Pipeline/Pipeline.php(167): App\\Http\\Middleware\\CookieConsentMiddleware->handle(Object(Illuminate\\Http\\Request), Object(Closure))
#41 /Users/aldyhelix/Projects/www/backend_rmi/app/Http/Middleware/Language.php(64): Illuminate\\Pipeline\\Pipeline->Illuminate\\Pipeline\\{closure}(Object(Illuminate\\Http\\Request))
#42 /Users/aldyhelix/Projects/www/backend_rmi/vendor/laravel/framework/src/Illuminate/Pipeline/Pipeline.php(167): App\\Http\\Middleware\\Language->handle(Object(Illuminate\\Http\\Request), Object(Closure))
#43 /Users/aldyhelix/Projects/www/backend_rmi/app/Http/Middleware/InitSettings.php(8): Illuminate\\Pipeline\\Pipeline->Illuminate\\Pipeline\\{closure}(Object(Illuminate\\Http\\Request))
#44 /Users/aldyhelix/Projects/www/backend_rmi/vendor/laravel/framework/src/Illuminate/Pipeline/Pipeline.php(167): App\\Http\\Middleware\\InitSettings->handle(Object(Illuminate\\Http\\Request), Object(Closure))
#45 /Users/aldyhelix/Projects/www/backend_rmi/vendor/laravel/framework/src/Illuminate/Routing/Middleware/SubstituteBindings.php(50): Illuminate\\Pipeline\\Pipeline->Illuminate\\Pipeline\\{closure}(Object(Illuminate\\Http\\Request))
#46 /Users/aldyhelix/Projects/www/backend_rmi/vendor/laravel/framework/src/Illuminate/Pipeline/Pipeline.php(167): Illuminate\\Routing\\Middleware\\SubstituteBindings->handle(Object(Illuminate\\Http\\Request), Object(Closure))
#47 /Users/aldyhelix/Projects/www/backend_rmi/vendor/laravel/framework/src/Illuminate/Auth/Middleware/Authenticate.php(44): Illuminate\\Pipeline\\Pipeline->Illuminate\\Pipeline\\{closure}(Object(Illuminate\\Http\\Request))
#48 /Users/aldyhelix/Projects/www/backend_rmi/vendor/laravel/framework/src/Illuminate/Pipeline/Pipeline.php(167): Illuminate\\Auth\\Middleware\\Authenticate->handle(Object(Illuminate\\Http\\Request), Object(Closure))
#49 /Users/aldyhelix/Projects/www/backend_rmi/vendor/laravel/framework/src/Illuminate/Foundation/Http/Middleware/VerifyCsrfToken.php(78): Illuminate\\Pipeline\\Pipeline->Illuminate\\Pipeline\\{closure}(Object(Illuminate\\Http\\Request))
#50 /Users/aldyhelix/Projects/www/backend_rmi/vendor/laravel/framework/src/Illuminate/Pipeline/Pipeline.php(167): Illuminate\\Foundation\\Http\\Middleware\\VerifyCsrfToken->handle(Object(Illuminate\\Http\\Request), Object(Closure))
#51 /Users/aldyhelix/Projects/www/backend_rmi/vendor/laravel/framework/src/Illuminate/View/Middleware/ShareErrorsFromSession.php(49): Illuminate\\Pipeline\\Pipeline->Illuminate\\Pipeline\\{closure}(Object(Illuminate\\Http\\Request))
#52 /Users/aldyhelix/Projects/www/backend_rmi/vendor/laravel/framework/src/Illuminate/Pipeline/Pipeline.php(167): Illuminate\\View\\Middleware\\ShareErrorsFromSession->handle(Object(Illuminate\\Http\\Request), Object(Closure))
#53 /Users/aldyhelix/Projects/www/backend_rmi/vendor/laravel/framework/src/Illuminate/Session/Middleware/StartSession.php(121): Illuminate\\Pipeline\\Pipeline->Illuminate\\Pipeline\\{closure}(Object(Illuminate\\Http\\Request))
#54 /Users/aldyhelix/Projects/www/backend_rmi/vendor/laravel/framework/src/Illuminate/Session/Middleware/StartSession.php(64): Illuminate\\Session\\Middleware\\StartSession->handleStatefulRequest(Object(Illuminate\\Http\\Request), Object(Illuminate\\Session\\EncryptedStore), Object(Closure))
#55 /Users/aldyhelix/Projects/www/backend_rmi/vendor/laravel/framework/src/Illuminate/Pipeline/Pipeline.php(167): Illuminate\\Session\\Middleware\\StartSession->handle(Object(Illuminate\\Http\\Request), Object(Closure))
#56 /Users/aldyhelix/Projects/www/backend_rmi/vendor/laravel/framework/src/Illuminate/Cookie/Middleware/AddQueuedCookiesToResponse.php(37): Illuminate\\Pipeline\\Pipeline->Illuminate\\Pipeline\\{closure}(Object(Illuminate\\Http\\Request))
#57 /Users/aldyhelix/Projects/www/backend_rmi/vendor/laravel/framework/src/Illuminate/Pipeline/Pipeline.php(167): Illuminate\\Cookie\\Middleware\\AddQueuedCookiesToResponse->handle(Object(Illuminate\\Http\\Request), Object(Closure))
#58 /Users/aldyhelix/Projects/www/backend_rmi/vendor/laravel/framework/src/Illuminate/Cookie/Middleware/EncryptCookies.php(67): Illuminate\\Pipeline\\Pipeline->Illuminate\\Pipeline\\{closure}(Object(Illuminate\\Http\\Request))
#59 /Users/aldyhelix/Projects/www/backend_rmi/vendor/laravel/framework/src/Illuminate/Pipeline/Pipeline.php(167): Illuminate\\Cookie\\Middleware\\EncryptCookies->handle(Object(Illuminate\\Http\\Request), Object(Closure))
#60 /Users/aldyhelix/Projects/www/backend_rmi/vendor/laravel/framework/src/Illuminate/Pipeline/Pipeline.php(103): Illuminate\\Pipeline\\Pipeline->Illuminate\\Pipeline\\{closure}(Object(Illuminate\\Http\\Request))
#61 /Users/aldyhelix/Projects/www/backend_rmi/vendor/laravel/framework/src/Illuminate/Routing/Router.php(719): Illuminate\\Pipeline\\Pipeline->then(Object(Closure))
#62 /Users/aldyhelix/Projects/www/backend_rmi/vendor/laravel/framework/src/Illuminate/Routing/Router.php(698): Illuminate\\Routing\\Router->runRouteWithinStack(Object(Illuminate\\Routing\\Route), Object(Illuminate\\Http\\Request))
#63 /Users/aldyhelix/Projects/www/backend_rmi/vendor/laravel/framework/src/Illuminate/Routing/Router.php(662): Illuminate\\Routing\\Router->runRoute(Object(Illuminate\\Http\\Request), Object(Illuminate\\Routing\\Route))
#64 /Users/aldyhelix/Projects/www/backend_rmi/vendor/laravel/framework/src/Illuminate/Routing/Router.php(651): Illuminate\\Routing\\Router->dispatchToRoute(Object(Illuminate\\Http\\Request))
#65 /Users/aldyhelix/Projects/www/backend_rmi/vendor/laravel/framework/src/Illuminate/Foundation/Http/Kernel.php(167): Illuminate\\Routing\\Router->dispatch(Object(Illuminate\\Http\\Request))
#66 /Users/aldyhelix/Projects/www/backend_rmi/vendor/laravel/framework/src/Illuminate/Pipeline/Pipeline.php(128): Illuminate\\Foundation\\Http\\Kernel->Illuminate\\Foundation\\Http\\{closure}(Object(Illuminate\\Http\\Request))
#67 /Users/aldyhelix/Projects/www/backend_rmi/vendor/livewire/livewire/src/DisableBrowserCache.php(19): Illuminate\\Pipeline\\Pipeline->Illuminate\\Pipeline\\{closure}(Object(Illuminate\\Http\\Request))
#68 /Users/aldyhelix/Projects/www/backend_rmi/vendor/laravel/framework/src/Illuminate/Pipeline/Pipeline.php(167): Livewire\\DisableBrowserCache->handle(Object(Illuminate\\Http\\Request), Object(Closure))
#69 /Users/aldyhelix/Projects/www/backend_rmi/vendor/barryvdh/laravel-debugbar/src/Middleware/InjectDebugbar.php(66): Illuminate\\Pipeline\\Pipeline->Illuminate\\Pipeline\\{closure}(Object(Illuminate\\Http\\Request))
#70 /Users/aldyhelix/Projects/www/backend_rmi/vendor/laravel/framework/src/Illuminate/Pipeline/Pipeline.php(167): Barryvdh\\Debugbar\\Middleware\\InjectDebugbar->handle(Object(Illuminate\\Http\\Request), Object(Closure))
#71 /Users/aldyhelix/Projects/www/backend_rmi/app/Http/Middleware/CheckForInstallation.php(19): Illuminate\\Pipeline\\Pipeline->Illuminate\\Pipeline\\{closure}(Object(Illuminate\\Http\\Request))
#72 /Users/aldyhelix/Projects/www/backend_rmi/vendor/laravel/framework/src/Illuminate/Pipeline/Pipeline.php(167): App\\Http\\Middleware\\CheckForInstallation->handle(Object(Illuminate\\Http\\Request), Object(Closure))
#73 /Users/aldyhelix/Projects/www/backend_rmi/vendor/laravel/framework/src/Illuminate/Foundation/Http/Middleware/TransformsRequest.php(21): Illuminate\\Pipeline\\Pipeline->Illuminate\\Pipeline\\{closure}(Object(Illuminate\\Http\\Request))
#74 /Users/aldyhelix/Projects/www/backend_rmi/vendor/laravel/framework/src/Illuminate/Foundation/Http/Middleware/ConvertEmptyStringsToNull.php(31): Illuminate\\Foundation\\Http\\Middleware\\TransformsRequest->handle(Object(Illuminate\\Http\\Request), Object(Closure))
#75 /Users/aldyhelix/Projects/www/backend_rmi/vendor/laravel/framework/src/Illuminate/Pipeline/Pipeline.php(167): Illuminate\\Foundation\\Http\\Middleware\\ConvertEmptyStringsToNull->handle(Object(Illuminate\\Http\\Request), Object(Closure))
#76 /Users/aldyhelix/Projects/www/backend_rmi/vendor/laravel/framework/src/Illuminate/Foundation/Http/Middleware/TransformsRequest.php(21): Illuminate\\Pipeline\\Pipeline->Illuminate\\Pipeline\\{closure}(Object(Illuminate\\Http\\Request))
#77 /Users/aldyhelix/Projects/www/backend_rmi/vendor/laravel/framework/src/Illuminate/Foundation/Http/Middleware/TrimStrings.php(40): Illuminate\\Foundation\\Http\\Middleware\\TransformsRequest->handle(Object(Illuminate\\Http\\Request), Object(Closure))
#78 /Users/aldyhelix/Projects/www/backend_rmi/vendor/laravel/framework/src/Illuminate/Pipeline/Pipeline.php(167): Illuminate\\Foundation\\Http\\Middleware\\TrimStrings->handle(Object(Illuminate\\Http\\Request), Object(Closure))
#79 /Users/aldyhelix/Projects/www/backend_rmi/vendor/laravel/framework/src/Illuminate/Foundation/Http/Middleware/ValidatePostSize.php(27): Illuminate\\Pipeline\\Pipeline->Illuminate\\Pipeline\\{closure}(Object(Illuminate\\Http\\Request))
#80 /Users/aldyhelix/Projects/www/backend_rmi/vendor/laravel/framework/src/Illuminate/Pipeline/Pipeline.php(167): Illuminate\\Foundation\\Http\\Middleware\\ValidatePostSize->handle(Object(Illuminate\\Http\\Request), Object(Closure))
#81 /Users/aldyhelix/Projects/www/backend_rmi/vendor/laravel/framework/src/Illuminate/Foundation/Http/Middleware/PreventRequestsDuringMaintenance.php(86): Illuminate\\Pipeline\\Pipeline->Illuminate\\Pipeline\\{closure}(Object(Illuminate\\Http\\Request))
#82 /Users/aldyhelix/Projects/www/backend_rmi/vendor/laravel/framework/src/Illuminate/Pipeline/Pipeline.php(167): Illuminate\\Foundation\\Http\\Middleware\\PreventRequestsDuringMaintenance->handle(Object(Illuminate\\Http\\Request), Object(Closure))
#83 /Users/aldyhelix/Projects/www/backend_rmi/vendor/fruitcake/laravel-cors/src/HandleCors.php(38): Illuminate\\Pipeline\\Pipeline->Illuminate\\Pipeline\\{closure}(Object(Illuminate\\Http\\Request))
#84 /Users/aldyhelix/Projects/www/backend_rmi/vendor/laravel/framework/src/Illuminate/Pipeline/Pipeline.php(167): Fruitcake\\Cors\\HandleCors->handle(Object(Illuminate\\Http\\Request), Object(Closure))
#85 /Users/aldyhelix/Projects/www/backend_rmi/vendor/laravel/framework/src/Illuminate/Http/Middleware/TrustProxies.php(39): Illuminate\\Pipeline\\Pipeline->Illuminate\\Pipeline\\{closure}(Object(Illuminate\\Http\\Request))
#86 /Users/aldyhelix/Projects/www/backend_rmi/vendor/laravel/framework/src/Illuminate/Pipeline/Pipeline.php(167): Illuminate\\Http\\Middleware\\TrustProxies->handle(Object(Illuminate\\Http\\Request), Object(Closure))
#87 /Users/aldyhelix/Projects/www/backend_rmi/vendor/laravel/framework/src/Illuminate/Pipeline/Pipeline.php(103): Illuminate\\Pipeline\\Pipeline->Illuminate\\Pipeline\\{closure}(Object(Illuminate\\Http\\Request))
#88 /Users/aldyhelix/Projects/www/backend_rmi/vendor/laravel/framework/src/Illuminate/Foundation/Http/Kernel.php(142): Illuminate\\Pipeline\\Pipeline->then(Object(Closure))
#89 /Users/aldyhelix/Projects/www/backend_rmi/vendor/laravel/framework/src/Illuminate/Foundation/Http/Kernel.php(111): Illuminate\\Foundation\\Http\\Kernel->sendRequestThroughRouter(Object(Illuminate\\Http\\Request))
#90 /Users/aldyhelix/Projects/www/backend_rmi/public/index.php(58): Illuminate\\Foundation\\Http\\Kernel->handle(Object(Illuminate\\Http\\Request))
#91 /Applications/Herd.app/Contents/Resources/valet/server.php(153): require('/Users/aldyheli...')
#92 {main}

[previous exception] [object] (PDOException(code: 23000): SQLSTATE[23000]: Integrity constraint violation: 1052 Column 'created_at' in field list is ambiguous at /Users/aldyhelix/Projects/www/backend_rmi/vendor/laravel/framework/src/Illuminate/Database/Connection.php:368)
[stacktrace]
#0 /Users/aldyhelix/Projects/www/backend_rmi/vendor/laravel/framework/src/Illuminate/Database/Connection.php(368): PDO->prepare('select DATE(cre...')
#1 /Users/aldyhelix/Projects/www/backend_rmi/vendor/laravel/framework/src/Illuminate/Database/Connection.php(705): Illuminate\\Database\\Connection->Illuminate\\Database\\{closure}('select DATE(cre...', Array)
#2 /Users/aldyhelix/Projects/www/backend_rmi/vendor/laravel/framework/src/Illuminate/Database/Connection.php(672): Illuminate\\Database\\Connection->runQueryCallback('select DATE(cre...', Array, Object(Closure))
#3 /Users/aldyhelix/Projects/www/backend_rmi/vendor/laravel/framework/src/Illuminate/Database/Connection.php(359): Illuminate\\Database\\Connection->run('select DATE(cre...', Array, Object(Closure))
#4 /Users/aldyhelix/Projects/www/backend_rmi/vendor/laravel/framework/src/Illuminate/Database/Query/Builder.php(2413): Illuminate\\Database\\Connection->select('select DATE(cre...', Array, true)
#5 /Users/aldyhelix/Projects/www/backend_rmi/vendor/laravel/framework/src/Illuminate/Database/Query/Builder.php(2402): Illuminate\\Database\\Query\\Builder->runSelect()
#6 /Users/aldyhelix/Projects/www/backend_rmi/vendor/laravel/framework/src/Illuminate/Database/Query/Builder.php(2936): Illuminate\\Database\\Query\\Builder->Illuminate\\Database\\Query\\{closure}()
#7 /Users/aldyhelix/Projects/www/backend_rmi/vendor/laravel/framework/src/Illuminate/Database/Query/Builder.php(2401): Illuminate\\Database\\Query\\Builder->onceWithColumns(Array, Object(Closure))
#8 /Users/aldyhelix/Projects/www/backend_rmi/app/Http/Livewire/Dashboard.php(684): Illuminate\\Database\\Query\\Builder->get()
#9 /Users/aldyhelix/Projects/www/backend_rmi/app/Http/Livewire/Dashboard.php(270): App\\Http\\Livewire\\Dashboard->updatedChart1DataD3()
#10 /Users/aldyhelix/Projects/www/backend_rmi/app/Http/Livewire/Dashboard.php(127): App\\Http\\Livewire\\Dashboard->updateChartSection()
#11 /Users/aldyhelix/Projects/www/backend_rmi/vendor/laravel/framework/src/Illuminate/Container/BoundMethod.php(36): App\\Http\\Livewire\\Dashboard->mount(9, 0, 7, 0, 16, 0, 0, 0, 0, 0, 0, 0, 0, 0)
#12 /Users/aldyhelix/Projects/www/backend_rmi/vendor/laravel/framework/src/Illuminate/Container/Util.php(40): Illuminate\\Container\\BoundMethod::Illuminate\\Container\\{closure}()
#13 /Users/aldyhelix/Projects/www/backend_rmi/vendor/laravel/framework/src/Illuminate/Container/BoundMethod.php(93): Illuminate\\Container\\Util::unwrapIfClosure(Object(Closure))
#14 /Users/aldyhelix/Projects/www/backend_rmi/vendor/laravel/framework/src/Illuminate/Container/BoundMethod.php(35): Illuminate\\Container\\BoundMethod::callBoundMethod(Object(Illuminate\\Foundation\\Application), Array, Object(Closure))
#15 /Users/aldyhelix/Projects/www/backend_rmi/vendor/livewire/livewire/src/LifecycleManager.php(114): Illuminate\\Container\\BoundMethod::call(Object(Illuminate\\Foundation\\Application), Array, Array)
#16 /Users/aldyhelix/Projects/www/backend_rmi/vendor/livewire/livewire/src/LivewireManager.php(130): Livewire\\LifecycleManager->mount(Array)
#17 /Users/aldyhelix/Projects/www/backend_rmi/vendor/laravel/framework/src/Illuminate/Support/Facades/Facade.php(261): Livewire\\LivewireManager->mount('dashboard', Array)
#18 /Users/aldyhelix/Projects/www/backend_rmi/storage/framework/views/7614a377bf597da1c7ed67416eae576b7feee755.php(13): Illuminate\\Support\\Facades\\Facade::__callStatic('mount', Array)
#19 /Users/aldyhelix/Projects/www/backend_rmi/vendor/laravel/framework/src/Illuminate/Filesystem/Filesystem.php(107): require('/Users/aldyheli...')
#20 /Users/aldyhelix/Projects/www/backend_rmi/vendor/laravel/framework/src/Illuminate/Filesystem/Filesystem.php(108): Illuminate\\Filesystem\\Filesystem::Illuminate\\Filesystem\\{closure}()
#21 /Users/aldyhelix/Projects/www/backend_rmi/vendor/laravel/framework/src/Illuminate/View/Engines/PhpEngine.php(58): Illuminate\\Filesystem\\Filesystem->getRequire('/Users/aldyheli...', Array)
#22 /Users/aldyhelix/Projects/www/backend_rmi/vendor/livewire/livewire/src/ComponentConcerns/RendersLivewireComponents.php(69): Illuminate\\View\\Engines\\PhpEngine->evaluatePath('/Users/aldyheli...', Array)
#23 /Users/aldyhelix/Projects/www/backend_rmi/vendor/laravel/framework/src/Illuminate/View/Engines/CompilerEngine.php(61): Livewire\\CompilerEngineForIgnition->evaluatePath('/Users/aldyheli...', Array)
#24 /Users/aldyhelix/Projects/www/backend_rmi/vendor/facade/ignition/src/Views/Engines/CompilerEngine.php(37): Illuminate\\View\\Engines\\CompilerEngine->get('/Users/aldyheli...', Array)
#25 /Users/aldyhelix/Projects/www/backend_rmi/vendor/livewire/livewire/src/ComponentConcerns/RendersLivewireComponents.php(35): Facade\\Ignition\\Views\\Engines\\CompilerEngine->get('/Users/aldyheli...', Array)
#26 /Users/aldyhelix/Projects/www/backend_rmi/vendor/laravel/framework/src/Illuminate/View/View.php(139): Livewire\\CompilerEngineForIgnition->get('/Users/aldyheli...', Array)
#27 /Users/aldyhelix/Projects/www/backend_rmi/vendor/laravel/framework/src/Illuminate/View/View.php(122): Illuminate\\View\\View->getContents()
#28 /Users/aldyhelix/Projects/www/backend_rmi/vendor/laravel/framework/src/Illuminate/View/View.php(91): Illuminate\\View\\View->renderContents()
#29 /Users/aldyhelix/Projects/www/backend_rmi/vendor/laravel/framework/src/Illuminate/Http/Response.php(69): Illuminate\\View\\View->render()
#30 /Users/aldyhelix/Projects/www/backend_rmi/vendor/laravel/framework/src/Illuminate/Http/Response.php(35): Illuminate\\Http\\Response->setContent(Object(Illuminate\\View\\View))
#31 /Users/aldyhelix/Projects/www/backend_rmi/vendor/laravel/framework/src/Illuminate/Routing/Router.php(820): Illuminate\\Http\\Response->__construct(Object(Illuminate\\View\\View), 200, Array)
#32 /Users/aldyhelix/Projects/www/backend_rmi/vendor/laravel/framework/src/Illuminate/Routing/Router.php(789): Illuminate\\Routing\\Router::toResponse(Object(Illuminate\\Http\\Request), Object(Illuminate\\View\\View))
#33 /Users/aldyhelix/Projects/www/backend_rmi/vendor/laravel/framework/src/Illuminate/Routing/Router.php(720): Illuminate\\Routing\\Router->prepareResponse(Object(Illuminate\\Http\\Request), Object(Illuminate\\View\\View))
#34 /Users/aldyhelix/Projects/www/backend_rmi/vendor/laravel/framework/src/Illuminate/Pipeline/Pipeline.php(128): Illuminate\\Routing\\Router->Illuminate\\Routing\\{closure}(Object(Illuminate\\Http\\Request))
#35 /Users/aldyhelix/Projects/www/backend_rmi/app/Http/Middleware/DashboardSetup.php(22): Illuminate\\Pipeline\\Pipeline->Illuminate\\Pipeline\\{closure}(Object(Illuminate\\Http\\Request))
#36 /Users/aldyhelix/Projects/www/backend_rmi/vendor/laravel/framework/src/Illuminate/Pipeline/Pipeline.php(167): App\\Http\\Middleware\\DashboardSetup->handle(Object(Illuminate\\Http\\Request), Object(Closure))
#37 /Users/aldyhelix/Projects/www/backend_rmi/app/Http/Middleware/CheckIfBillingInfoRequired.php(24): Illuminate\\Pipeline\\Pipeline->Illuminate\\Pipeline\\{closure}(Object(Illuminate\\Http\\Request))
#38 /Users/aldyhelix/Projects/www/backend_rmi/vendor/laravel/framework/src/Illuminate/Pipeline/Pipeline.php(167): App\\Http\\Middleware\\CheckIfBillingInfoRequired->handle(Object(Illuminate\\Http\\Request), Object(Closure))
#39 /Users/aldyhelix/Projects/www/backend_rmi/app/Http/Middleware/VerifyUserIsSubscribed.php(25): Illuminate\\Pipeline\\Pipeline->Illuminate\\Pipeline\\{closure}(Object(Illuminate\\Http\\Request))
#40 /Users/aldyhelix/Projects/www/backend_rmi/vendor/laravel/framework/src/Illuminate/Pipeline/Pipeline.php(167): App\\Http\\Middleware\\VerifyUserIsSubscribed->handle(Object(Illuminate\\Http\\Request), Object(Closure))
#41 /Users/aldyhelix/Projects/www/backend_rmi/app/Http/Middleware/CookieConsentMiddleware.php(21): Illuminate\\Pipeline\\Pipeline->Illuminate\\Pipeline\\{closure}(Object(Illuminate\\Http\\Request))
#42 /Users/aldyhelix/Projects/www/backend_rmi/vendor/laravel/framework/src/Illuminate/Pipeline/Pipeline.php(167): App\\Http\\Middleware\\CookieConsentMiddleware->handle(Object(Illuminate\\Http\\Request), Object(Closure))
#43 /Users/aldyhelix/Projects/www/backend_rmi/app/Http/Middleware/Language.php(64): Illuminate\\Pipeline\\Pipeline->Illuminate\\Pipeline\\{closure}(Object(Illuminate\\Http\\Request))
#44 /Users/aldyhelix/Projects/www/backend_rmi/vendor/laravel/framework/src/Illuminate/Pipeline/Pipeline.php(167): App\\Http\\Middleware\\Language->handle(Object(Illuminate\\Http\\Request), Object(Closure))
#45 /Users/aldyhelix/Projects/www/backend_rmi/app/Http/Middleware/InitSettings.php(8): Illuminate\\Pipeline\\Pipeline->Illuminate\\Pipeline\\{closure}(Object(Illuminate\\Http\\Request))
#46 /Users/aldyhelix/Projects/www/backend_rmi/vendor/laravel/framework/src/Illuminate/Pipeline/Pipeline.php(167): App\\Http\\Middleware\\InitSettings->handle(Object(Illuminate\\Http\\Request), Object(Closure))
#47 /Users/aldyhelix/Projects/www/backend_rmi/vendor/laravel/framework/src/Illuminate/Routing/Middleware/SubstituteBindings.php(50): Illuminate\\Pipeline\\Pipeline->Illuminate\\Pipeline\\{closure}(Object(Illuminate\\Http\\Request))
#48 /Users/aldyhelix/Projects/www/backend_rmi/vendor/laravel/framework/src/Illuminate/Pipeline/Pipeline.php(167): Illuminate\\Routing\\Middleware\\SubstituteBindings->handle(Object(Illuminate\\Http\\Request), Object(Closure))
#49 /Users/aldyhelix/Projects/www/backend_rmi/vendor/laravel/framework/src/Illuminate/Auth/Middleware/Authenticate.php(44): Illuminate\\Pipeline\\Pipeline->Illuminate\\Pipeline\\{closure}(Object(Illuminate\\Http\\Request))
#50 /Users/aldyhelix/Projects/www/backend_rmi/vendor/laravel/framework/src/Illuminate/Pipeline/Pipeline.php(167): Illuminate\\Auth\\Middleware\\Authenticate->handle(Object(Illuminate\\Http\\Request), Object(Closure))
#51 /Users/aldyhelix/Projects/www/backend_rmi/vendor/laravel/framework/src/Illuminate/Foundation/Http/Middleware/VerifyCsrfToken.php(78): Illuminate\\Pipeline\\Pipeline->Illuminate\\Pipeline\\{closure}(Object(Illuminate\\Http\\Request))
#52 /Users/aldyhelix/Projects/www/backend_rmi/vendor/laravel/framework/src/Illuminate/Pipeline/Pipeline.php(167): Illuminate\\Foundation\\Http\\Middleware\\VerifyCsrfToken->handle(Object(Illuminate\\Http\\Request), Object(Closure))
#53 /Users/aldyhelix/Projects/www/backend_rmi/vendor/laravel/framework/src/Illuminate/View/Middleware/ShareErrorsFromSession.php(49): Illuminate\\Pipeline\\Pipeline->Illuminate\\Pipeline\\{closure}(Object(Illuminate\\Http\\Request))
#54 /Users/aldyhelix/Projects/www/backend_rmi/vendor/laravel/framework/src/Illuminate/Pipeline/Pipeline.php(167): Illuminate\\View\\Middleware\\ShareErrorsFromSession->handle(Object(Illuminate\\Http\\Request), Object(Closure))
#55 /Users/aldyhelix/Projects/www/backend_rmi/vendor/laravel/framework/src/Illuminate/Session/Middleware/StartSession.php(121): Illuminate\\Pipeline\\Pipeline->Illuminate\\Pipeline\\{closure}(Object(Illuminate\\Http\\Request))
#56 /Users/aldyhelix/Projects/www/backend_rmi/vendor/laravel/framework/src/Illuminate/Session/Middleware/StartSession.php(64): Illuminate\\Session\\Middleware\\StartSession->handleStatefulRequest(Object(Illuminate\\Http\\Request), Object(Illuminate\\Session\\EncryptedStore), Object(Closure))
#57 /Users/aldyhelix/Projects/www/backend_rmi/vendor/laravel/framework/src/Illuminate/Pipeline/Pipeline.php(167): Illuminate\\Session\\Middleware\\StartSession->handle(Object(Illuminate\\Http\\Request), Object(Closure))
#58 /Users/aldyhelix/Projects/www/backend_rmi/vendor/laravel/framework/src/Illuminate/Cookie/Middleware/AddQueuedCookiesToResponse.php(37): Illuminate\\Pipeline\\Pipeline->Illuminate\\Pipeline\\{closure}(Object(Illuminate\\Http\\Request))
#59 /Users/aldyhelix/Projects/www/backend_rmi/vendor/laravel/framework/src/Illuminate/Pipeline/Pipeline.php(167): Illuminate\\Cookie\\Middleware\\AddQueuedCookiesToResponse->handle(Object(Illuminate\\Http\\Request), Object(Closure))
#60 /Users/aldyhelix/Projects/www/backend_rmi/vendor/laravel/framework/src/Illuminate/Cookie/Middleware/EncryptCookies.php(67): Illuminate\\Pipeline\\Pipeline->Illuminate\\Pipeline\\{closure}(Object(Illuminate\\Http\\Request))
#61 /Users/aldyhelix/Projects/www/backend_rmi/vendor/laravel/framework/src/Illuminate/Pipeline/Pipeline.php(167): Illuminate\\Cookie\\Middleware\\EncryptCookies->handle(Object(Illuminate\\Http\\Request), Object(Closure))
#62 /Users/aldyhelix/Projects/www/backend_rmi/vendor/laravel/framework/src/Illuminate/Pipeline/Pipeline.php(103): Illuminate\\Pipeline\\Pipeline->Illuminate\\Pipeline\\{closure}(Object(Illuminate\\Http\\Request))
#63 /Users/aldyhelix/Projects/www/backend_rmi/vendor/laravel/framework/src/Illuminate/Routing/Router.php(719): Illuminate\\Pipeline\\Pipeline->then(Object(Closure))
#64 /Users/aldyhelix/Projects/www/backend_rmi/vendor/laravel/framework/src/Illuminate/Routing/Router.php(698): Illuminate\\Routing\\Router->runRouteWithinStack(Object(Illuminate\\Routing\\Route), Object(Illuminate\\Http\\Request))
#65 /Users/aldyhelix/Projects/www/backend_rmi/vendor/laravel/framework/src/Illuminate/Routing/Router.php(662): Illuminate\\Routing\\Router->runRoute(Object(Illuminate\\Http\\Request), Object(Illuminate\\Routing\\Route))
#66 /Users/aldyhelix/Projects/www/backend_rmi/vendor/laravel/framework/src/Illuminate/Routing/Router.php(651): Illuminate\\Routing\\Router->dispatchToRoute(Object(Illuminate\\Http\\Request))
#67 /Users/aldyhelix/Projects/www/backend_rmi/vendor/laravel/framework/src/Illuminate/Foundation/Http/Kernel.php(167): Illuminate\\Routing\\Router->dispatch(Object(Illuminate\\Http\\Request))
#68 /Users/aldyhelix/Projects/www/backend_rmi/vendor/laravel/framework/src/Illuminate/Pipeline/Pipeline.php(128): Illuminate\\Foundation\\Http\\Kernel->Illuminate\\Foundation\\Http\\{closure}(Object(Illuminate\\Http\\Request))
#69 /Users/aldyhelix/Projects/www/backend_rmi/vendor/livewire/livewire/src/DisableBrowserCache.php(19): Illuminate\\Pipeline\\Pipeline->Illuminate\\Pipeline\\{closure}(Object(Illuminate\\Http\\Request))
#70 /Users/aldyhelix/Projects/www/backend_rmi/vendor/laravel/framework/src/Illuminate/Pipeline/Pipeline.php(167): Livewire\\DisableBrowserCache->handle(Object(Illuminate\\Http\\Request), Object(Closure))
#71 /Users/aldyhelix/Projects/www/backend_rmi/vendor/barryvdh/laravel-debugbar/src/Middleware/InjectDebugbar.php(66): Illuminate\\Pipeline\\Pipeline->Illuminate\\Pipeline\\{closure}(Object(Illuminate\\Http\\Request))
#72 /Users/aldyhelix/Projects/www/backend_rmi/vendor/laravel/framework/src/Illuminate/Pipeline/Pipeline.php(167): Barryvdh\\Debugbar\\Middleware\\InjectDebugbar->handle(Object(Illuminate\\Http\\Request), Object(Closure))
#73 /Users/aldyhelix/Projects/www/backend_rmi/app/Http/Middleware/CheckForInstallation.php(19): Illuminate\\Pipeline\\Pipeline->Illuminate\\Pipeline\\{closure}(Object(Illuminate\\Http\\Request))
#74 /Users/aldyhelix/Projects/www/backend_rmi/vendor/laravel/framework/src/Illuminate/Pipeline/Pipeline.php(167): App\\Http\\Middleware\\CheckForInstallation->handle(Object(Illuminate\\Http\\Request), Object(Closure))
#75 /Users/aldyhelix/Projects/www/backend_rmi/vendor/laravel/framework/src/Illuminate/Foundation/Http/Middleware/TransformsRequest.php(21): Illuminate\\Pipeline\\Pipeline->Illuminate\\Pipeline\\{closure}(Object(Illuminate\\Http\\Request))
#76 /Users/aldyhelix/Projects/www/backend_rmi/vendor/laravel/framework/src/Illuminate/Foundation/Http/Middleware/ConvertEmptyStringsToNull.php(31): Illuminate\\Foundation\\Http\\Middleware\\TransformsRequest->handle(Object(Illuminate\\Http\\Request), Object(Closure))
#77 /Users/aldyhelix/Projects/www/backend_rmi/vendor/laravel/framework/src/Illuminate/Pipeline/Pipeline.php(167): Illuminate\\Foundation\\Http\\Middleware\\ConvertEmptyStringsToNull->handle(Object(Illuminate\\Http\\Request), Object(Closure))
#78 /Users/aldyhelix/Projects/www/backend_rmi/vendor/laravel/framework/src/Illuminate/Foundation/Http/Middleware/TransformsRequest.php(21): Illuminate\\Pipeline\\Pipeline->Illuminate\\Pipeline\\{closure}(Object(Illuminate\\Http\\Request))
#79 /Users/aldyhelix/Projects/www/backend_rmi/vendor/laravel/framework/src/Illuminate/Foundation/Http/Middleware/TrimStrings.php(40): Illuminate\\Foundation\\Http\\Middleware\\TransformsRequest->handle(Object(Illuminate\\Http\\Request), Object(Closure))
#80 /Users/aldyhelix/Projects/www/backend_rmi/vendor/laravel/framework/src/Illuminate/Pipeline/Pipeline.php(167): Illuminate\\Foundation\\Http\\Middleware\\TrimStrings->handle(Object(Illuminate\\Http\\Request), Object(Closure))
#81 /Users/aldyhelix/Projects/www/backend_rmi/vendor/laravel/framework/src/Illuminate/Foundation/Http/Middleware/ValidatePostSize.php(27): Illuminate\\Pipeline\\Pipeline->Illuminate\\Pipeline\\{closure}(Object(Illuminate\\Http\\Request))
#82 /Users/aldyhelix/Projects/www/backend_rmi/vendor/laravel/framework/src/Illuminate/Pipeline/Pipeline.php(167): Illuminate\\Foundation\\Http\\Middleware\\ValidatePostSize->handle(Object(Illuminate\\Http\\Request), Object(Closure))
#83 /Users/aldyhelix/Projects/www/backend_rmi/vendor/laravel/framework/src/Illuminate/Foundation/Http/Middleware/PreventRequestsDuringMaintenance.php(86): Illuminate\\Pipeline\\Pipeline->Illuminate\\Pipeline\\{closure}(Object(Illuminate\\Http\\Request))
#84 /Users/aldyhelix/Projects/www/backend_rmi/vendor/laravel/framework/src/Illuminate/Pipeline/Pipeline.php(167): Illuminate\\Foundation\\Http\\Middleware\\PreventRequestsDuringMaintenance->handle(Object(Illuminate\\Http\\Request), Object(Closure))
#85 /Users/aldyhelix/Projects/www/backend_rmi/vendor/fruitcake/laravel-cors/src/HandleCors.php(38): Illuminate\\Pipeline\\Pipeline->Illuminate\\Pipeline\\{closure}(Object(Illuminate\\Http\\Request))
#86 /Users/aldyhelix/Projects/www/backend_rmi/vendor/laravel/framework/src/Illuminate/Pipeline/Pipeline.php(167): Fruitcake\\Cors\\HandleCors->handle(Object(Illuminate\\Http\\Request), Object(Closure))
#87 /Users/aldyhelix/Projects/www/backend_rmi/vendor/laravel/framework/src/Illuminate/Http/Middleware/TrustProxies.php(39): Illuminate\\Pipeline\\Pipeline->Illuminate\\Pipeline\\{closure}(Object(Illuminate\\Http\\Request))
#88 /Users/aldyhelix/Projects/www/backend_rmi/vendor/laravel/framework/src/Illuminate/Pipeline/Pipeline.php(167): Illuminate\\Http\\Middleware\\TrustProxies->handle(Object(Illuminate\\Http\\Request), Object(Closure))
#89 /Users/aldyhelix/Projects/www/backend_rmi/vendor/laravel/framework/src/Illuminate/Pipeline/Pipeline.php(103): Illuminate\\Pipeline\\Pipeline->Illuminate\\Pipeline\\{closure}(Object(Illuminate\\Http\\Request))
#90 /Users/aldyhelix/Projects/www/backend_rmi/vendor/laravel/framework/src/Illuminate/Foundation/Http/Kernel.php(142): Illuminate\\Pipeline\\Pipeline->then(Object(Closure))
#91 /Users/aldyhelix/Projects/www/backend_rmi/vendor/laravel/framework/src/Illuminate/Foundation/Http/Kernel.php(111): Illuminate\\Foundation\\Http\\Kernel->sendRequestThroughRouter(Object(Illuminate\\Http\\Request))
#92 /Users/aldyhelix/Projects/www/backend_rmi/public/index.php(58): Illuminate\\Foundation\\Http\\Kernel->handle(Object(Illuminate\\Http\\Request))
#93 /Applications/Herd.app/Contents/Resources/valet/server.php(153): require('/Users/aldyheli...')
#94 {main}
"} 
[2024-06-23 05:00:48] production.ERROR: syntax error, unexpected token "->" {"userId":1,"exception":"[object] (ParseError(code: 0): syntax error, unexpected token \"->\" at /Users/aldyhelix/Projects/www/backend_rmi/app/Http/Livewire/Dashboard.php:417)
[stacktrace]
#0 /Users/aldyhelix/Projects/www/backend_rmi/vendor/composer/ClassLoader.php(427): Composer\\Autoload\\{closure}('/Users/aldyheli...')
#1 [internal function]: Composer\\Autoload\\ClassLoader->loadClass('App\\\\Http\\\\Livewi...')
#2 /Users/aldyhelix/Projects/www/backend_rmi/vendor/livewire/livewire/src/LivewireManager.php(109): class_exists('App\\\\Http\\\\Livewi...')
#3 /Users/aldyhelix/Projects/www/backend_rmi/vendor/livewire/livewire/src/LifecycleManager.php(22): Livewire\\LivewireManager->getInstance('dashboard', 'CdYTkCXbwzxy7S4...')
#4 /Users/aldyhelix/Projects/www/backend_rmi/vendor/laravel/framework/src/Illuminate/Support/helpers.php(263): Livewire\\LifecycleManager::Livewire\\{closure}(Object(Livewire\\LifecycleManager))
#5 /Users/aldyhelix/Projects/www/backend_rmi/vendor/livewire/livewire/src/LifecycleManager.php(20): tap(Object(Livewire\\LifecycleManager), Object(Closure))
#6 /Users/aldyhelix/Projects/www/backend_rmi/vendor/livewire/livewire/src/Connection/ConnectionHandler.php(11): Livewire\\LifecycleManager::fromSubsequentRequest(Array)
#7 /Users/aldyhelix/Projects/www/backend_rmi/vendor/livewire/livewire/src/Controllers/HttpConnectionHandler.php(19): Livewire\\Connection\\ConnectionHandler->handle(Array)
#8 /Users/aldyhelix/Projects/www/backend_rmi/vendor/laravel/framework/src/Illuminate/Routing/ControllerDispatcher.php(48): Livewire\\Controllers\\HttpConnectionHandler->__invoke('dashboard')
#9 /Users/aldyhelix/Projects/www/backend_rmi/vendor/laravel/framework/src/Illuminate/Routing/Route.php(261): Illuminate\\Routing\\ControllerDispatcher->dispatch(Object(Illuminate\\Routing\\Route), Object(Livewire\\Controllers\\HttpConnectionHandler), '__invoke')
#10 /Users/aldyhelix/Projects/www/backend_rmi/vendor/laravel/framework/src/Illuminate/Routing/Route.php(205): Illuminate\\Routing\\Route->runController()
#11 /Users/aldyhelix/Projects/www/backend_rmi/vendor/laravel/framework/src/Illuminate/Routing/Router.php(721): Illuminate\\Routing\\Route->run()
#12 /Users/aldyhelix/Projects/www/backend_rmi/vendor/laravel/framework/src/Illuminate/Pipeline/Pipeline.php(128): Illuminate\\Routing\\Router->Illuminate\\Routing\\{closure}(Object(Illuminate\\Http\\Request))
#13 /Users/aldyhelix/Projects/www/backend_rmi/app/Http/Middleware/CookieConsentMiddleware.php(21): Illuminate\\Pipeline\\Pipeline->Illuminate\\Pipeline\\{closure}(Object(Illuminate\\Http\\Request))
#14 /Users/aldyhelix/Projects/www/backend_rmi/vendor/laravel/framework/src/Illuminate/Pipeline/Pipeline.php(167): App\\Http\\Middleware\\CookieConsentMiddleware->handle(Object(Illuminate\\Http\\Request), Object(Closure))
#15 /Users/aldyhelix/Projects/www/backend_rmi/app/Http/Middleware/Language.php(64): Illuminate\\Pipeline\\Pipeline->Illuminate\\Pipeline\\{closure}(Object(Illuminate\\Http\\Request))
#16 /Users/aldyhelix/Projects/www/backend_rmi/vendor/laravel/framework/src/Illuminate/Pipeline/Pipeline.php(167): App\\Http\\Middleware\\Language->handle(Object(Illuminate\\Http\\Request), Object(Closure))
#17 /Users/aldyhelix/Projects/www/backend_rmi/app/Http/Middleware/InitSettings.php(8): Illuminate\\Pipeline\\Pipeline->Illuminate\\Pipeline\\{closure}(Object(Illuminate\\Http\\Request))
#18 /Users/aldyhelix/Projects/www/backend_rmi/vendor/laravel/framework/src/Illuminate/Pipeline/Pipeline.php(167): App\\Http\\Middleware\\InitSettings->handle(Object(Illuminate\\Http\\Request), Object(Closure))
#19 /Users/aldyhelix/Projects/www/backend_rmi/vendor/laravel/framework/src/Illuminate/Routing/Middleware/SubstituteBindings.php(50): Illuminate\\Pipeline\\Pipeline->Illuminate\\Pipeline\\{closure}(Object(Illuminate\\Http\\Request))
#20 /Users/aldyhelix/Projects/www/backend_rmi/vendor/laravel/framework/src/Illuminate/Pipeline/Pipeline.php(167): Illuminate\\Routing\\Middleware\\SubstituteBindings->handle(Object(Illuminate\\Http\\Request), Object(Closure))
#21 /Users/aldyhelix/Projects/www/backend_rmi/vendor/laravel/framework/src/Illuminate/Foundation/Http/Middleware/VerifyCsrfToken.php(78): Illuminate\\Pipeline\\Pipeline->Illuminate\\Pipeline\\{closure}(Object(Illuminate\\Http\\Request))
#22 /Users/aldyhelix/Projects/www/backend_rmi/vendor/laravel/framework/src/Illuminate/Pipeline/Pipeline.php(167): Illuminate\\Foundation\\Http\\Middleware\\VerifyCsrfToken->handle(Object(Illuminate\\Http\\Request), Object(Closure))
#23 /Users/aldyhelix/Projects/www/backend_rmi/vendor/laravel/framework/src/Illuminate/View/Middleware/ShareErrorsFromSession.php(49): Illuminate\\Pipeline\\Pipeline->Illuminate\\Pipeline\\{closure}(Object(Illuminate\\Http\\Request))
#24 /Users/aldyhelix/Projects/www/backend_rmi/vendor/laravel/framework/src/Illuminate/Pipeline/Pipeline.php(167): Illuminate\\View\\Middleware\\ShareErrorsFromSession->handle(Object(Illuminate\\Http\\Request), Object(Closure))
#25 /Users/aldyhelix/Projects/www/backend_rmi/vendor/laravel/framework/src/Illuminate/Session/Middleware/StartSession.php(121): Illuminate\\Pipeline\\Pipeline->Illuminate\\Pipeline\\{closure}(Object(Illuminate\\Http\\Request))
#26 /Users/aldyhelix/Projects/www/backend_rmi/vendor/laravel/framework/src/Illuminate/Session/Middleware/StartSession.php(64): Illuminate\\Session\\Middleware\\StartSession->handleStatefulRequest(Object(Illuminate\\Http\\Request), Object(Illuminate\\Session\\EncryptedStore), Object(Closure))
#27 /Users/aldyhelix/Projects/www/backend_rmi/vendor/laravel/framework/src/Illuminate/Pipeline/Pipeline.php(167): Illuminate\\Session\\Middleware\\StartSession->handle(Object(Illuminate\\Http\\Request), Object(Closure))
#28 /Users/aldyhelix/Projects/www/backend_rmi/vendor/laravel/framework/src/Illuminate/Cookie/Middleware/AddQueuedCookiesToResponse.php(37): Illuminate\\Pipeline\\Pipeline->Illuminate\\Pipeline\\{closure}(Object(Illuminate\\Http\\Request))
#29 /Users/aldyhelix/Projects/www/backend_rmi/vendor/laravel/framework/src/Illuminate/Pipeline/Pipeline.php(167): Illuminate\\Cookie\\Middleware\\AddQueuedCookiesToResponse->handle(Object(Illuminate\\Http\\Request), Object(Closure))
#30 /Users/aldyhelix/Projects/www/backend_rmi/vendor/laravel/framework/src/Illuminate/Cookie/Middleware/EncryptCookies.php(67): Illuminate\\Pipeline\\Pipeline->Illuminate\\Pipeline\\{closure}(Object(Illuminate\\Http\\Request))
#31 /Users/aldyhelix/Projects/www/backend_rmi/vendor/laravel/framework/src/Illuminate/Pipeline/Pipeline.php(167): Illuminate\\Cookie\\Middleware\\EncryptCookies->handle(Object(Illuminate\\Http\\Request), Object(Closure))
#32 /Users/aldyhelix/Projects/www/backend_rmi/vendor/laravel/framework/src/Illuminate/Pipeline/Pipeline.php(103): Illuminate\\Pipeline\\Pipeline->Illuminate\\Pipeline\\{closure}(Object(Illuminate\\Http\\Request))
#33 /Users/aldyhelix/Projects/www/backend_rmi/vendor/laravel/framework/src/Illuminate/Routing/Router.php(719): Illuminate\\Pipeline\\Pipeline->then(Object(Closure))
#34 /Users/aldyhelix/Projects/www/backend_rmi/vendor/laravel/framework/src/Illuminate/Routing/Router.php(698): Illuminate\\Routing\\Router->runRouteWithinStack(Object(Illuminate\\Routing\\Route), Object(Illuminate\\Http\\Request))
#35 /Users/aldyhelix/Projects/www/backend_rmi/vendor/laravel/framework/src/Illuminate/Routing/Router.php(662): Illuminate\\Routing\\Router->runRoute(Object(Illuminate\\Http\\Request), Object(Illuminate\\Routing\\Route))
#36 /Users/aldyhelix/Projects/www/backend_rmi/vendor/laravel/framework/src/Illuminate/Routing/Router.php(651): Illuminate\\Routing\\Router->dispatchToRoute(Object(Illuminate\\Http\\Request))
#37 /Users/aldyhelix/Projects/www/backend_rmi/vendor/laravel/framework/src/Illuminate/Foundation/Http/Kernel.php(167): Illuminate\\Routing\\Router->dispatch(Object(Illuminate\\Http\\Request))
#38 /Users/aldyhelix/Projects/www/backend_rmi/vendor/laravel/framework/src/Illuminate/Pipeline/Pipeline.php(128): Illuminate\\Foundation\\Http\\Kernel->Illuminate\\Foundation\\Http\\{closure}(Object(Illuminate\\Http\\Request))
#39 /Users/aldyhelix/Projects/www/backend_rmi/vendor/livewire/livewire/src/DisableBrowserCache.php(19): Illuminate\\Pipeline\\Pipeline->Illuminate\\Pipeline\\{closure}(Object(Illuminate\\Http\\Request))
#40 /Users/aldyhelix/Projects/www/backend_rmi/vendor/laravel/framework/src/Illuminate/Pipeline/Pipeline.php(167): Livewire\\DisableBrowserCache->handle(Object(Illuminate\\Http\\Request), Object(Closure))
#41 /Users/aldyhelix/Projects/www/backend_rmi/vendor/barryvdh/laravel-debugbar/src/Middleware/InjectDebugbar.php(66): Illuminate\\Pipeline\\Pipeline->Illuminate\\Pipeline\\{closure}(Object(Illuminate\\Http\\Request))
#42 /Users/aldyhelix/Projects/www/backend_rmi/vendor/laravel/framework/src/Illuminate/Pipeline/Pipeline.php(167): Barryvdh\\Debugbar\\Middleware\\InjectDebugbar->handle(Object(Illuminate\\Http\\Request), Object(Closure))
#43 /Users/aldyhelix/Projects/www/backend_rmi/app/Http/Middleware/CheckForInstallation.php(19): Illuminate\\Pipeline\\Pipeline->Illuminate\\Pipeline\\{closure}(Object(Illuminate\\Http\\Request))
#44 /Users/aldyhelix/Projects/www/backend_rmi/vendor/laravel/framework/src/Illuminate/Pipeline/Pipeline.php(167): App\\Http\\Middleware\\CheckForInstallation->handle(Object(Illuminate\\Http\\Request), Object(Closure))
#45 /Users/aldyhelix/Projects/www/backend_rmi/vendor/laravel/framework/src/Illuminate/Foundation/Http/Middleware/ConvertEmptyStringsToNull.php(27): Illuminate\\Pipeline\\Pipeline->Illuminate\\Pipeline\\{closure}(Object(Illuminate\\Http\\Request))
#46 /Users/aldyhelix/Projects/www/backend_rmi/vendor/laravel/framework/src/Illuminate/Pipeline/Pipeline.php(167): Illuminate\\Foundation\\Http\\Middleware\\ConvertEmptyStringsToNull->handle(Object(Illuminate\\Http\\Request), Object(Closure))
#47 /Users/aldyhelix/Projects/www/backend_rmi/vendor/laravel/framework/src/Illuminate/Foundation/Http/Middleware/TrimStrings.php(36): Illuminate\\Pipeline\\Pipeline->Illuminate\\Pipeline\\{closure}(Object(Illuminate\\Http\\Request))
#48 /Users/aldyhelix/Projects/www/backend_rmi/vendor/laravel/framework/src/Illuminate/Pipeline/Pipeline.php(167): Illuminate\\Foundation\\Http\\Middleware\\TrimStrings->handle(Object(Illuminate\\Http\\Request), Object(Closure))
#49 /Users/aldyhelix/Projects/www/backend_rmi/vendor/laravel/framework/src/Illuminate/Foundation/Http/Middleware/ValidatePostSize.php(27): Illuminate\\Pipeline\\Pipeline->Illuminate\\Pipeline\\{closure}(Object(Illuminate\\Http\\Request))
#50 /Users/aldyhelix/Projects/www/backend_rmi/vendor/laravel/framework/src/Illuminate/Pipeline/Pipeline.php(167): Illuminate\\Foundation\\Http\\Middleware\\ValidatePostSize->handle(Object(Illuminate\\Http\\Request), Object(Closure))
#51 /Users/aldyhelix/Projects/www/backend_rmi/vendor/laravel/framework/src/Illuminate/Foundation/Http/Middleware/PreventRequestsDuringMaintenance.php(86): Illuminate\\Pipeline\\Pipeline->Illuminate\\Pipeline\\{closure}(Object(Illuminate\\Http\\Request))
#52 /Users/aldyhelix/Projects/www/backend_rmi/vendor/laravel/framework/src/Illuminate/Pipeline/Pipeline.php(167): Illuminate\\Foundation\\Http\\Middleware\\PreventRequestsDuringMaintenance->handle(Object(Illuminate\\Http\\Request), Object(Closure))
#53 /Users/aldyhelix/Projects/www/backend_rmi/vendor/fruitcake/laravel-cors/src/HandleCors.php(38): Illuminate\\Pipeline\\Pipeline->Illuminate\\Pipeline\\{closure}(Object(Illuminate\\Http\\Request))
#54 /Users/aldyhelix/Projects/www/backend_rmi/vendor/laravel/framework/src/Illuminate/Pipeline/Pipeline.php(167): Fruitcake\\Cors\\HandleCors->handle(Object(Illuminate\\Http\\Request), Object(Closure))
#55 /Users/aldyhelix/Projects/www/backend_rmi/vendor/laravel/framework/src/Illuminate/Http/Middleware/TrustProxies.php(39): Illuminate\\Pipeline\\Pipeline->Illuminate\\Pipeline\\{closure}(Object(Illuminate\\Http\\Request))
#56 /Users/aldyhelix/Projects/www/backend_rmi/vendor/laravel/framework/src/Illuminate/Pipeline/Pipeline.php(167): Illuminate\\Http\\Middleware\\TrustProxies->handle(Object(Illuminate\\Http\\Request), Object(Closure))
#57 /Users/aldyhelix/Projects/www/backend_rmi/vendor/laravel/framework/src/Illuminate/Pipeline/Pipeline.php(103): Illuminate\\Pipeline\\Pipeline->Illuminate\\Pipeline\\{closure}(Object(Illuminate\\Http\\Request))
#58 /Users/aldyhelix/Projects/www/backend_rmi/vendor/laravel/framework/src/Illuminate/Foundation/Http/Kernel.php(142): Illuminate\\Pipeline\\Pipeline->then(Object(Closure))
#59 /Users/aldyhelix/Projects/www/backend_rmi/vendor/laravel/framework/src/Illuminate/Foundation/Http/Kernel.php(111): Illuminate\\Foundation\\Http\\Kernel->sendRequestThroughRouter(Object(Illuminate\\Http\\Request))
#60 /Users/aldyhelix/Projects/www/backend_rmi/public/index.php(58): Illuminate\\Foundation\\Http\\Kernel->handle(Object(Illuminate\\Http\\Request))
#61 /Applications/Herd.app/Contents/Resources/valet/server.php(153): require('/Users/aldyheli...')
#62 {main}
"} 
