[2024-05-26 16:47:14] production.ERROR: Class "Barryvdh\Debugbar\ServiceProvider" not found {"exception":"[object] (Error(code: 0): Class \"Barryvdh\\Debugbar\\ServiceProvider\" not found at /Users/aldyhelix/Projects/www/backend_rmi/vendor/laravel/framework/src/Illuminate/Foundation/ProviderRepository.php:208)
[stacktrace]
#0 /Users/aldyhelix/Projects/www/backend_rmi/vendor/laravel/framework/src/Illuminate/Foundation/ProviderRepository.php(144): Illuminate\\Foundation\\ProviderRepository->createProvider('Barryvdh\\\\Debugb...')
#1 /Users/aldyhelix/Projects/www/backend_rmi/vendor/laravel/framework/src/Illuminate/Foundation/ProviderRepository.php(61): Illuminate\\Foundation\\ProviderRepository->compileManifest(Array)
#2 /Users/aldyhelix/Projects/www/backend_rmi/vendor/laravel/framework/src/Illuminate/Foundation/Application.php(659): Illuminate\\Foundation\\ProviderRepository->load(Array)
#3 /Users/aldyhelix/Projects/www/backend_rmi/vendor/laravel/framework/src/Illuminate/Foundation/Bootstrap/RegisterProviders.php(17): Illuminate\\Foundation\\Application->registerConfiguredProviders()
#4 /Users/aldyhelix/Projects/www/backend_rmi/vendor/laravel/framework/src/Illuminate/Foundation/Application.php(237): Illuminate\\Foundation\\Bootstrap\\RegisterProviders->bootstrap(Object(Illuminate\\Foundation\\Application))
#5 /Users/aldyhelix/Projects/www/backend_rmi/vendor/laravel/framework/src/Illuminate/Foundation/Console/Kernel.php(310): Illuminate\\Foundation\\Application->bootstrapWith(Array)
#6 /Users/aldyhelix/Projects/www/backend_rmi/vendor/laravel/framework/src/Illuminate/Foundation/Console/Kernel.php(127): Illuminate\\Foundation\\Console\\Kernel->bootstrap()
#7 Command line code(1): Illuminate\\Foundation\\Console\\Kernel->handle(Object(Symfony\\Component\\Console\\Input\\ArgvInput), Object(Symfony\\Component\\Console\\Output\\ConsoleOutput))
#8 {main}
"} 
[2024-05-26 16:47:33] production.ERROR: Class "Barryvdh\Debugbar\ServiceProvider" not found {"exception":"[object] (Error(code: 0): Class \"Barryvdh\\Debugbar\\ServiceProvider\" not found at /Users/aldyhelix/Projects/www/backend_rmi/vendor/laravel/framework/src/Illuminate/Foundation/ProviderRepository.php:208)
[stacktrace]
#0 /Users/aldyhelix/Projects/www/backend_rmi/vendor/laravel/framework/src/Illuminate/Foundation/ProviderRepository.php(144): Illuminate\\Foundation\\ProviderRepository->createProvider('Barryvdh\\\\Debugb...')
#1 /Users/aldyhelix/Projects/www/backend_rmi/vendor/laravel/framework/src/Illuminate/Foundation/ProviderRepository.php(61): Illuminate\\Foundation\\ProviderRepository->compileManifest(Array)
#2 /Users/aldyhelix/Projects/www/backend_rmi/vendor/laravel/framework/src/Illuminate/Foundation/Application.php(659): Illuminate\\Foundation\\ProviderRepository->load(Array)
#3 /Users/aldyhelix/Projects/www/backend_rmi/vendor/laravel/framework/src/Illuminate/Foundation/Bootstrap/RegisterProviders.php(17): Illuminate\\Foundation\\Application->registerConfiguredProviders()
#4 /Users/aldyhelix/Projects/www/backend_rmi/vendor/laravel/framework/src/Illuminate/Foundation/Application.php(237): Illuminate\\Foundation\\Bootstrap\\RegisterProviders->bootstrap(Object(Illuminate\\Foundation\\Application))
#5 /Users/aldyhelix/Projects/www/backend_rmi/vendor/laravel/framework/src/Illuminate/Foundation/Console/Kernel.php(310): Illuminate\\Foundation\\Application->bootstrapWith(Array)
#6 /Users/aldyhelix/Projects/www/backend_rmi/vendor/laravel/framework/src/Illuminate/Foundation/Console/Kernel.php(127): Illuminate\\Foundation\\Console\\Kernel->bootstrap()
#7 Command line code(1): Illuminate\\Foundation\\Console\\Kernel->handle(Object(Symfony\\Component\\Console\\Input\\ArgvInput), Object(Symfony\\Component\\Console\\Output\\ConsoleOutput))
#8 {main}
"} 
[2024-05-26 16:47:33] production.ERROR: Class "Barryvdh\Debugbar\ServiceProvider" not found {"exception":"[object] (Error(code: 0): Class \"Barryvdh\\Debugbar\\ServiceProvider\" not found at /Users/aldyhelix/Projects/www/backend_rmi/vendor/laravel/framework/src/Illuminate/Foundation/ProviderRepository.php:208)
[stacktrace]
#0 /Users/aldyhelix/Projects/www/backend_rmi/vendor/laravel/framework/src/Illuminate/Foundation/ProviderRepository.php(144): Illuminate\\Foundation\\ProviderRepository->createProvider('Barryvdh\\\\Debugb...')
#1 /Users/aldyhelix/Projects/www/backend_rmi/vendor/laravel/framework/src/Illuminate/Foundation/ProviderRepository.php(61): Illuminate\\Foundation\\ProviderRepository->compileManifest(Array)
#2 /Users/aldyhelix/Projects/www/backend_rmi/vendor/laravel/framework/src/Illuminate/Foundation/Application.php(659): Illuminate\\Foundation\\ProviderRepository->load(Array)
#3 /Users/aldyhelix/Projects/www/backend_rmi/vendor/laravel/framework/src/Illuminate/Foundation/Bootstrap/RegisterProviders.php(17): Illuminate\\Foundation\\Application->registerConfiguredProviders()
#4 /Users/aldyhelix/Projects/www/backend_rmi/vendor/laravel/framework/src/Illuminate/Foundation/Application.php(237): Illuminate\\Foundation\\Bootstrap\\RegisterProviders->bootstrap(Object(Illuminate\\Foundation\\Application))
#5 /Users/aldyhelix/Projects/www/backend_rmi/vendor/laravel/framework/src/Illuminate/Foundation/Console/Kernel.php(310): Illuminate\\Foundation\\Application->bootstrapWith(Array)
#6 /Users/aldyhelix/Projects/www/backend_rmi/vendor/laravel/framework/src/Illuminate/Foundation/Console/Kernel.php(127): Illuminate\\Foundation\\Console\\Kernel->bootstrap()
#7 Command line code(1): Illuminate\\Foundation\\Console\\Kernel->handle(Object(Symfony\\Component\\Console\\Input\\ArgvInput), Object(Symfony\\Component\\Console\\Output\\ConsoleOutput))
#8 {main}
"} 
[2024-05-26 16:47:33] production.ERROR: Class "Barryvdh\Debugbar\ServiceProvider" not found {"exception":"[object] (Error(code: 0): Class \"Barryvdh\\Debugbar\\ServiceProvider\" not found at /Users/aldyhelix/Projects/www/backend_rmi/vendor/laravel/framework/src/Illuminate/Foundation/ProviderRepository.php:208)
[stacktrace]
#0 /Users/aldyhelix/Projects/www/backend_rmi/vendor/laravel/framework/src/Illuminate/Foundation/ProviderRepository.php(144): Illuminate\\Foundation\\ProviderRepository->createProvider('Barryvdh\\\\Debugb...')
#1 /Users/aldyhelix/Projects/www/backend_rmi/vendor/laravel/framework/src/Illuminate/Foundation/ProviderRepository.php(61): Illuminate\\Foundation\\ProviderRepository->compileManifest(Array)
#2 /Users/aldyhelix/Projects/www/backend_rmi/vendor/laravel/framework/src/Illuminate/Foundation/Application.php(659): Illuminate\\Foundation\\ProviderRepository->load(Array)
#3 /Users/aldyhelix/Projects/www/backend_rmi/vendor/laravel/framework/src/Illuminate/Foundation/Bootstrap/RegisterProviders.php(17): Illuminate\\Foundation\\Application->registerConfiguredProviders()
#4 /Users/aldyhelix/Projects/www/backend_rmi/vendor/laravel/framework/src/Illuminate/Foundation/Application.php(237): Illuminate\\Foundation\\Bootstrap\\RegisterProviders->bootstrap(Object(Illuminate\\Foundation\\Application))
#5 /Users/aldyhelix/Projects/www/backend_rmi/vendor/laravel/framework/src/Illuminate/Foundation/Console/Kernel.php(310): Illuminate\\Foundation\\Application->bootstrapWith(Array)
#6 /Users/aldyhelix/Projects/www/backend_rmi/vendor/laravel/framework/src/Illuminate/Foundation/Console/Kernel.php(127): Illuminate\\Foundation\\Console\\Kernel->bootstrap()
#7 Command line code(1): Illuminate\\Foundation\\Console\\Kernel->handle(Object(Symfony\\Component\\Console\\Input\\ArgvInput), Object(Symfony\\Component\\Console\\Output\\ConsoleOutput))
#8 {main}
"} 
[2024-05-26 16:47:56] production.ERROR: Class "Barryvdh\Debugbar\ServiceProvider" not found {"exception":"[object] (Error(code: 0): Class \"Barryvdh\\Debugbar\\ServiceProvider\" not found at /Users/aldyhelix/Projects/www/backend_rmi/vendor/laravel/framework/src/Illuminate/Foundation/ProviderRepository.php:208)
[stacktrace]
#0 /Users/aldyhelix/Projects/www/backend_rmi/vendor/laravel/framework/src/Illuminate/Foundation/ProviderRepository.php(144): Illuminate\\Foundation\\ProviderRepository->createProvider('Barryvdh\\\\Debugb...')
#1 /Users/aldyhelix/Projects/www/backend_rmi/vendor/laravel/framework/src/Illuminate/Foundation/ProviderRepository.php(61): Illuminate\\Foundation\\ProviderRepository->compileManifest(Array)
#2 /Users/aldyhelix/Projects/www/backend_rmi/vendor/laravel/framework/src/Illuminate/Foundation/Application.php(659): Illuminate\\Foundation\\ProviderRepository->load(Array)
#3 /Users/aldyhelix/Projects/www/backend_rmi/vendor/laravel/framework/src/Illuminate/Foundation/Bootstrap/RegisterProviders.php(17): Illuminate\\Foundation\\Application->registerConfiguredProviders()
#4 /Users/aldyhelix/Projects/www/backend_rmi/vendor/laravel/framework/src/Illuminate/Foundation/Application.php(237): Illuminate\\Foundation\\Bootstrap\\RegisterProviders->bootstrap(Object(Illuminate\\Foundation\\Application))
#5 /Users/aldyhelix/Projects/www/backend_rmi/vendor/laravel/framework/src/Illuminate/Foundation/Console/Kernel.php(310): Illuminate\\Foundation\\Application->bootstrapWith(Array)
#6 /Users/aldyhelix/Projects/www/backend_rmi/vendor/laravel/framework/src/Illuminate/Foundation/Console/Kernel.php(127): Illuminate\\Foundation\\Console\\Kernel->bootstrap()
#7 /Users/aldyhelix/Projects/www/backend_rmi/artisan(37): Illuminate\\Foundation\\Console\\Kernel->handle(Object(Symfony\\Component\\Console\\Input\\ArgvInput), Object(Symfony\\Component\\Console\\Output\\ConsoleOutput))
#8 {main}
"} 
[2024-05-26 16:48:01] locale.ERROR: Class "Barryvdh\Debugbar\ServiceProvider" not found {"exception":"[object] (Error(code: 0): Class \"Barryvdh\\Debugbar\\ServiceProvider\" not found at /Users/aldyhelix/Projects/www/backend_rmi/vendor/laravel/framework/src/Illuminate/Foundation/ProviderRepository.php:208)
[stacktrace]
#0 /Users/aldyhelix/Projects/www/backend_rmi/vendor/laravel/framework/src/Illuminate/Foundation/ProviderRepository.php(144): Illuminate\\Foundation\\ProviderRepository->createProvider('Barryvdh\\\\Debugb...')
#1 /Users/aldyhelix/Projects/www/backend_rmi/vendor/laravel/framework/src/Illuminate/Foundation/ProviderRepository.php(61): Illuminate\\Foundation\\ProviderRepository->compileManifest(Array)
#2 /Users/aldyhelix/Projects/www/backend_rmi/vendor/laravel/framework/src/Illuminate/Foundation/Application.php(659): Illuminate\\Foundation\\ProviderRepository->load(Array)
#3 /Users/aldyhelix/Projects/www/backend_rmi/vendor/laravel/framework/src/Illuminate/Foundation/Bootstrap/RegisterProviders.php(17): Illuminate\\Foundation\\Application->registerConfiguredProviders()
#4 /Users/aldyhelix/Projects/www/backend_rmi/vendor/laravel/framework/src/Illuminate/Foundation/Application.php(237): Illuminate\\Foundation\\Bootstrap\\RegisterProviders->bootstrap(Object(Illuminate\\Foundation\\Application))
#5 /Users/aldyhelix/Projects/www/backend_rmi/vendor/laravel/framework/src/Illuminate/Foundation/Console/Kernel.php(310): Illuminate\\Foundation\\Application->bootstrapWith(Array)
#6 /Users/aldyhelix/Projects/www/backend_rmi/vendor/laravel/framework/src/Illuminate/Foundation/Console/Kernel.php(127): Illuminate\\Foundation\\Console\\Kernel->bootstrap()
#7 /Users/aldyhelix/Projects/www/backend_rmi/artisan(37): Illuminate\\Foundation\\Console\\Kernel->handle(Object(Symfony\\Component\\Console\\Input\\ArgvInput), Object(Symfony\\Component\\Console\\Output\\ConsoleOutput))
#8 {main}
"} 
[2024-05-26 16:48:33] locale.ERROR: Class "Barryvdh\Debugbar\ServiceProvider" not found {"exception":"[object] (Error(code: 0): Class \"Barryvdh\\Debugbar\\ServiceProvider\" not found at /Users/aldyhelix/Projects/www/backend_rmi/vendor/laravel/framework/src/Illuminate/Foundation/ProviderRepository.php:208)
[stacktrace]
#0 /Users/aldyhelix/Projects/www/backend_rmi/vendor/laravel/framework/src/Illuminate/Foundation/ProviderRepository.php(144): Illuminate\\Foundation\\ProviderRepository->createProvider('Barryvdh\\\\Debugb...')
#1 /Users/aldyhelix/Projects/www/backend_rmi/vendor/laravel/framework/src/Illuminate/Foundation/ProviderRepository.php(61): Illuminate\\Foundation\\ProviderRepository->compileManifest(Array)
#2 /Users/aldyhelix/Projects/www/backend_rmi/vendor/laravel/framework/src/Illuminate/Foundation/Application.php(659): Illuminate\\Foundation\\ProviderRepository->load(Array)
#3 /Users/aldyhelix/Projects/www/backend_rmi/vendor/laravel/framework/src/Illuminate/Foundation/Bootstrap/RegisterProviders.php(17): Illuminate\\Foundation\\Application->registerConfiguredProviders()
#4 /Users/aldyhelix/Projects/www/backend_rmi/vendor/laravel/framework/src/Illuminate/Foundation/Application.php(237): Illuminate\\Foundation\\Bootstrap\\RegisterProviders->bootstrap(Object(Illuminate\\Foundation\\Application))
#5 /Users/aldyhelix/Projects/www/backend_rmi/vendor/laravel/framework/src/Illuminate/Foundation/Console/Kernel.php(310): Illuminate\\Foundation\\Application->bootstrapWith(Array)
#6 /Users/aldyhelix/Projects/www/backend_rmi/vendor/laravel/framework/src/Illuminate/Foundation/Console/Kernel.php(127): Illuminate\\Foundation\\Console\\Kernel->bootstrap()
#7 Command line code(1): Illuminate\\Foundation\\Console\\Kernel->handle(Object(Symfony\\Component\\Console\\Input\\ArgvInput), Object(Symfony\\Component\\Console\\Output\\ConsoleOutput))
#8 {main}
"} 
[2024-05-26 16:48:33] locale.ERROR: Class "Barryvdh\Debugbar\ServiceProvider" not found {"exception":"[object] (Error(code: 0): Class \"Barryvdh\\Debugbar\\ServiceProvider\" not found at /Users/aldyhelix/Projects/www/backend_rmi/vendor/laravel/framework/src/Illuminate/Foundation/ProviderRepository.php:208)
[stacktrace]
#0 /Users/aldyhelix/Projects/www/backend_rmi/vendor/laravel/framework/src/Illuminate/Foundation/ProviderRepository.php(144): Illuminate\\Foundation\\ProviderRepository->createProvider('Barryvdh\\\\Debugb...')
#1 /Users/aldyhelix/Projects/www/backend_rmi/vendor/laravel/framework/src/Illuminate/Foundation/ProviderRepository.php(61): Illuminate\\Foundation\\ProviderRepository->compileManifest(Array)
#2 /Users/aldyhelix/Projects/www/backend_rmi/vendor/laravel/framework/src/Illuminate/Foundation/Application.php(659): Illuminate\\Foundation\\ProviderRepository->load(Array)
#3 /Users/aldyhelix/Projects/www/backend_rmi/vendor/laravel/framework/src/Illuminate/Foundation/Bootstrap/RegisterProviders.php(17): Illuminate\\Foundation\\Application->registerConfiguredProviders()
#4 /Users/aldyhelix/Projects/www/backend_rmi/vendor/laravel/framework/src/Illuminate/Foundation/Application.php(237): Illuminate\\Foundation\\Bootstrap\\RegisterProviders->bootstrap(Object(Illuminate\\Foundation\\Application))
#5 /Users/aldyhelix/Projects/www/backend_rmi/vendor/laravel/framework/src/Illuminate/Foundation/Console/Kernel.php(310): Illuminate\\Foundation\\Application->bootstrapWith(Array)
#6 /Users/aldyhelix/Projects/www/backend_rmi/vendor/laravel/framework/src/Illuminate/Foundation/Console/Kernel.php(127): Illuminate\\Foundation\\Console\\Kernel->bootstrap()
#7 Command line code(1): Illuminate\\Foundation\\Console\\Kernel->handle(Object(Symfony\\Component\\Console\\Input\\ArgvInput), Object(Symfony\\Component\\Console\\Output\\ConsoleOutput))
#8 {main}
"} 
[2024-05-26 16:49:33] locale.ERROR: Class "Barryvdh\Debugbar\ServiceProvider" not found {"exception":"[object] (Error(code: 0): Class \"Barryvdh\\Debugbar\\ServiceProvider\" not found at /Users/aldyhelix/Projects/www/backend_rmi/vendor/laravel/framework/src/Illuminate/Foundation/ProviderRepository.php:208)
[stacktrace]
#0 /Users/aldyhelix/Projects/www/backend_rmi/vendor/laravel/framework/src/Illuminate/Foundation/ProviderRepository.php(144): Illuminate\\Foundation\\ProviderRepository->createProvider('Barryvdh\\\\Debugb...')
#1 /Users/aldyhelix/Projects/www/backend_rmi/vendor/laravel/framework/src/Illuminate/Foundation/ProviderRepository.php(61): Illuminate\\Foundation\\ProviderRepository->compileManifest(Array)
#2 /Users/aldyhelix/Projects/www/backend_rmi/vendor/laravel/framework/src/Illuminate/Foundation/Application.php(659): Illuminate\\Foundation\\ProviderRepository->load(Array)
#3 /Users/aldyhelix/Projects/www/backend_rmi/vendor/laravel/framework/src/Illuminate/Foundation/Bootstrap/RegisterProviders.php(17): Illuminate\\Foundation\\Application->registerConfiguredProviders()
#4 /Users/aldyhelix/Projects/www/backend_rmi/vendor/laravel/framework/src/Illuminate/Foundation/Application.php(237): Illuminate\\Foundation\\Bootstrap\\RegisterProviders->bootstrap(Object(Illuminate\\Foundation\\Application))
#5 /Users/aldyhelix/Projects/www/backend_rmi/vendor/laravel/framework/src/Illuminate/Foundation/Console/Kernel.php(310): Illuminate\\Foundation\\Application->bootstrapWith(Array)
#6 /Users/aldyhelix/Projects/www/backend_rmi/vendor/laravel/framework/src/Illuminate/Foundation/Console/Kernel.php(127): Illuminate\\Foundation\\Console\\Kernel->bootstrap()
#7 Command line code(1): Illuminate\\Foundation\\Console\\Kernel->handle(Object(Symfony\\Component\\Console\\Input\\ArgvInput), Object(Symfony\\Component\\Console\\Output\\ConsoleOutput))
#8 {main}
"} 
[2024-05-26 16:49:33] locale.ERROR: Class "Barryvdh\Debugbar\ServiceProvider" not found {"exception":"[object] (Error(code: 0): Class \"Barryvdh\\Debugbar\\ServiceProvider\" not found at /Users/aldyhelix/Projects/www/backend_rmi/vendor/laravel/framework/src/Illuminate/Foundation/ProviderRepository.php:208)
[stacktrace]
#0 /Users/aldyhelix/Projects/www/backend_rmi/vendor/laravel/framework/src/Illuminate/Foundation/ProviderRepository.php(144): Illuminate\\Foundation\\ProviderRepository->createProvider('Barryvdh\\\\Debugb...')
#1 /Users/aldyhelix/Projects/www/backend_rmi/vendor/laravel/framework/src/Illuminate/Foundation/ProviderRepository.php(61): Illuminate\\Foundation\\ProviderRepository->compileManifest(Array)
#2 /Users/aldyhelix/Projects/www/backend_rmi/vendor/laravel/framework/src/Illuminate/Foundation/Application.php(659): Illuminate\\Foundation\\ProviderRepository->load(Array)
#3 /Users/aldyhelix/Projects/www/backend_rmi/vendor/laravel/framework/src/Illuminate/Foundation/Bootstrap/RegisterProviders.php(17): Illuminate\\Foundation\\Application->registerConfiguredProviders()
#4 /Users/aldyhelix/Projects/www/backend_rmi/vendor/laravel/framework/src/Illuminate/Foundation/Application.php(237): Illuminate\\Foundation\\Bootstrap\\RegisterProviders->bootstrap(Object(Illuminate\\Foundation\\Application))
#5 /Users/aldyhelix/Projects/www/backend_rmi/vendor/laravel/framework/src/Illuminate/Foundation/Console/Kernel.php(310): Illuminate\\Foundation\\Application->bootstrapWith(Array)
#6 /Users/aldyhelix/Projects/www/backend_rmi/vendor/laravel/framework/src/Illuminate/Foundation/Console/Kernel.php(127): Illuminate\\Foundation\\Console\\Kernel->bootstrap()
#7 Command line code(1): Illuminate\\Foundation\\Console\\Kernel->handle(Object(Symfony\\Component\\Console\\Input\\ArgvInput), Object(Symfony\\Component\\Console\\Output\\ConsoleOutput))
#8 {main}
"} 
[2024-05-26 16:50:33] locale.ERROR: Class "Barryvdh\Debugbar\ServiceProvider" not found {"exception":"[object] (Error(code: 0): Class \"Barryvdh\\Debugbar\\ServiceProvider\" not found at /Users/aldyhelix/Projects/www/backend_rmi/vendor/laravel/framework/src/Illuminate/Foundation/ProviderRepository.php:208)
[stacktrace]
#0 /Users/aldyhelix/Projects/www/backend_rmi/vendor/laravel/framework/src/Illuminate/Foundation/ProviderRepository.php(144): Illuminate\\Foundation\\ProviderRepository->createProvider('Barryvdh\\\\Debugb...')
#1 /Users/aldyhelix/Projects/www/backend_rmi/vendor/laravel/framework/src/Illuminate/Foundation/ProviderRepository.php(61): Illuminate\\Foundation\\ProviderRepository->compileManifest(Array)
#2 /Users/aldyhelix/Projects/www/backend_rmi/vendor/laravel/framework/src/Illuminate/Foundation/Application.php(659): Illuminate\\Foundation\\ProviderRepository->load(Array)
#3 /Users/aldyhelix/Projects/www/backend_rmi/vendor/laravel/framework/src/Illuminate/Foundation/Bootstrap/RegisterProviders.php(17): Illuminate\\Foundation\\Application->registerConfiguredProviders()
#4 /Users/aldyhelix/Projects/www/backend_rmi/vendor/laravel/framework/src/Illuminate/Foundation/Application.php(237): Illuminate\\Foundation\\Bootstrap\\RegisterProviders->bootstrap(Object(Illuminate\\Foundation\\Application))
#5 /Users/aldyhelix/Projects/www/backend_rmi/vendor/laravel/framework/src/Illuminate/Foundation/Console/Kernel.php(310): Illuminate\\Foundation\\Application->bootstrapWith(Array)
#6 /Users/aldyhelix/Projects/www/backend_rmi/vendor/laravel/framework/src/Illuminate/Foundation/Console/Kernel.php(127): Illuminate\\Foundation\\Console\\Kernel->bootstrap()
#7 Command line code(1): Illuminate\\Foundation\\Console\\Kernel->handle(Object(Symfony\\Component\\Console\\Input\\ArgvInput), Object(Symfony\\Component\\Console\\Output\\ConsoleOutput))
#8 {main}
"} 
[2024-05-26 16:50:33] locale.ERROR: Class "Barryvdh\Debugbar\ServiceProvider" not found {"exception":"[object] (Error(code: 0): Class \"Barryvdh\\Debugbar\\ServiceProvider\" not found at /Users/aldyhelix/Projects/www/backend_rmi/vendor/laravel/framework/src/Illuminate/Foundation/ProviderRepository.php:208)
[stacktrace]
#0 /Users/aldyhelix/Projects/www/backend_rmi/vendor/laravel/framework/src/Illuminate/Foundation/ProviderRepository.php(144): Illuminate\\Foundation\\ProviderRepository->createProvider('Barryvdh\\\\Debugb...')
#1 /Users/aldyhelix/Projects/www/backend_rmi/vendor/laravel/framework/src/Illuminate/Foundation/ProviderRepository.php(61): Illuminate\\Foundation\\ProviderRepository->compileManifest(Array)
#2 /Users/aldyhelix/Projects/www/backend_rmi/vendor/laravel/framework/src/Illuminate/Foundation/Application.php(659): Illuminate\\Foundation\\ProviderRepository->load(Array)
#3 /Users/aldyhelix/Projects/www/backend_rmi/vendor/laravel/framework/src/Illuminate/Foundation/Bootstrap/RegisterProviders.php(17): Illuminate\\Foundation\\Application->registerConfiguredProviders()
#4 /Users/aldyhelix/Projects/www/backend_rmi/vendor/laravel/framework/src/Illuminate/Foundation/Application.php(237): Illuminate\\Foundation\\Bootstrap\\RegisterProviders->bootstrap(Object(Illuminate\\Foundation\\Application))
#5 /Users/aldyhelix/Projects/www/backend_rmi/vendor/laravel/framework/src/Illuminate/Foundation/Console/Kernel.php(310): Illuminate\\Foundation\\Application->bootstrapWith(Array)
#6 /Users/aldyhelix/Projects/www/backend_rmi/vendor/laravel/framework/src/Illuminate/Foundation/Console/Kernel.php(127): Illuminate\\Foundation\\Console\\Kernel->bootstrap()
#7 Command line code(1): Illuminate\\Foundation\\Console\\Kernel->handle(Object(Symfony\\Component\\Console\\Input\\ArgvInput), Object(Symfony\\Component\\Console\\Output\\ConsoleOutput))
#8 {main}
"} 
[2024-05-26 17:02:23] locale.ERROR: Class "Barryvdh\Debugbar\ServiceProvider" not found {"exception":"[object] (Error(code: 0): Class \"Barryvdh\\Debugbar\\ServiceProvider\" not found at /Users/aldyhelix/Projects/www/backend_rmi/vendor/laravel/framework/src/Illuminate/Foundation/ProviderRepository.php:208)
[stacktrace]
#0 /Users/aldyhelix/Projects/www/backend_rmi/vendor/laravel/framework/src/Illuminate/Foundation/ProviderRepository.php(144): Illuminate\\Foundation\\ProviderRepository->createProvider('Barryvdh\\\\Debugb...')
#1 /Users/aldyhelix/Projects/www/backend_rmi/vendor/laravel/framework/src/Illuminate/Foundation/ProviderRepository.php(61): Illuminate\\Foundation\\ProviderRepository->compileManifest(Array)
#2 /Users/aldyhelix/Projects/www/backend_rmi/vendor/laravel/framework/src/Illuminate/Foundation/Application.php(659): Illuminate\\Foundation\\ProviderRepository->load(Array)
#3 /Users/aldyhelix/Projects/www/backend_rmi/vendor/laravel/framework/src/Illuminate/Foundation/Bootstrap/RegisterProviders.php(17): Illuminate\\Foundation\\Application->registerConfiguredProviders()
#4 /Users/aldyhelix/Projects/www/backend_rmi/vendor/laravel/framework/src/Illuminate/Foundation/Application.php(237): Illuminate\\Foundation\\Bootstrap\\RegisterProviders->bootstrap(Object(Illuminate\\Foundation\\Application))
#5 /Users/aldyhelix/Projects/www/backend_rmi/vendor/laravel/framework/src/Illuminate/Foundation/Console/Kernel.php(310): Illuminate\\Foundation\\Application->bootstrapWith(Array)
#6 /Users/aldyhelix/Projects/www/backend_rmi/vendor/laravel/framework/src/Illuminate/Foundation/Console/Kernel.php(127): Illuminate\\Foundation\\Console\\Kernel->bootstrap()
#7 /Users/aldyhelix/Projects/www/backend_rmi/artisan(37): Illuminate\\Foundation\\Console\\Kernel->handle(Object(Symfony\\Component\\Console\\Input\\ArgvInput), Object(Symfony\\Component\\Console\\Output\\ConsoleOutput))
#8 {main}
"} 
[2024-05-26 17:02:33] locale.ERROR: Class "Barryvdh\Debugbar\ServiceProvider" not found {"exception":"[object] (Error(code: 0): Class \"Barryvdh\\Debugbar\\ServiceProvider\" not found at /Users/aldyhelix/Projects/www/backend_rmi/vendor/laravel/framework/src/Illuminate/Foundation/ProviderRepository.php:208)
[stacktrace]
#0 /Users/aldyhelix/Projects/www/backend_rmi/vendor/laravel/framework/src/Illuminate/Foundation/ProviderRepository.php(144): Illuminate\\Foundation\\ProviderRepository->createProvider('Barryvdh\\\\Debugb...')
#1 /Users/aldyhelix/Projects/www/backend_rmi/vendor/laravel/framework/src/Illuminate/Foundation/ProviderRepository.php(61): Illuminate\\Foundation\\ProviderRepository->compileManifest(Array)
#2 /Users/aldyhelix/Projects/www/backend_rmi/vendor/laravel/framework/src/Illuminate/Foundation/Application.php(659): Illuminate\\Foundation\\ProviderRepository->load(Array)
#3 /Users/aldyhelix/Projects/www/backend_rmi/vendor/laravel/framework/src/Illuminate/Foundation/Bootstrap/RegisterProviders.php(17): Illuminate\\Foundation\\Application->registerConfiguredProviders()
#4 /Users/aldyhelix/Projects/www/backend_rmi/vendor/laravel/framework/src/Illuminate/Foundation/Application.php(237): Illuminate\\Foundation\\Bootstrap\\RegisterProviders->bootstrap(Object(Illuminate\\Foundation\\Application))
#5 /Users/aldyhelix/Projects/www/backend_rmi/vendor/laravel/framework/src/Illuminate/Foundation/Console/Kernel.php(310): Illuminate\\Foundation\\Application->bootstrapWith(Array)
#6 /Users/aldyhelix/Projects/www/backend_rmi/vendor/laravel/framework/src/Illuminate/Foundation/Console/Kernel.php(127): Illuminate\\Foundation\\Console\\Kernel->bootstrap()
#7 Command line code(1): Illuminate\\Foundation\\Console\\Kernel->handle(Object(Symfony\\Component\\Console\\Input\\ArgvInput), Object(Symfony\\Component\\Console\\Output\\ConsoleOutput))
#8 {main}
"} 
[2024-05-26 17:02:33] locale.ERROR: Class "Barryvdh\Debugbar\ServiceProvider" not found {"exception":"[object] (Error(code: 0): Class \"Barryvdh\\Debugbar\\ServiceProvider\" not found at /Users/aldyhelix/Projects/www/backend_rmi/vendor/laravel/framework/src/Illuminate/Foundation/ProviderRepository.php:208)
[stacktrace]
#0 /Users/aldyhelix/Projects/www/backend_rmi/vendor/laravel/framework/src/Illuminate/Foundation/ProviderRepository.php(144): Illuminate\\Foundation\\ProviderRepository->createProvider('Barryvdh\\\\Debugb...')
#1 /Users/aldyhelix/Projects/www/backend_rmi/vendor/laravel/framework/src/Illuminate/Foundation/ProviderRepository.php(61): Illuminate\\Foundation\\ProviderRepository->compileManifest(Array)
#2 /Users/aldyhelix/Projects/www/backend_rmi/vendor/laravel/framework/src/Illuminate/Foundation/Application.php(659): Illuminate\\Foundation\\ProviderRepository->load(Array)
#3 /Users/aldyhelix/Projects/www/backend_rmi/vendor/laravel/framework/src/Illuminate/Foundation/Bootstrap/RegisterProviders.php(17): Illuminate\\Foundation\\Application->registerConfiguredProviders()
#4 /Users/aldyhelix/Projects/www/backend_rmi/vendor/laravel/framework/src/Illuminate/Foundation/Application.php(237): Illuminate\\Foundation\\Bootstrap\\RegisterProviders->bootstrap(Object(Illuminate\\Foundation\\Application))
#5 /Users/aldyhelix/Projects/www/backend_rmi/vendor/laravel/framework/src/Illuminate/Foundation/Console/Kernel.php(310): Illuminate\\Foundation\\Application->bootstrapWith(Array)
#6 /Users/aldyhelix/Projects/www/backend_rmi/vendor/laravel/framework/src/Illuminate/Foundation/Console/Kernel.php(127): Illuminate\\Foundation\\Console\\Kernel->bootstrap()
#7 Command line code(1): Illuminate\\Foundation\\Console\\Kernel->handle(Object(Symfony\\Component\\Console\\Input\\ArgvInput), Object(Symfony\\Component\\Console\\Output\\ConsoleOutput))
#8 {main}
"} 
[2024-05-26 17:02:48] locale.ERROR: Class "Barryvdh\Debugbar\ServiceProvider" not found {"exception":"[object] (Error(code: 0): Class \"Barryvdh\\Debugbar\\ServiceProvider\" not found at /Users/aldyhelix/Projects/www/backend_rmi/vendor/laravel/framework/src/Illuminate/Foundation/ProviderRepository.php:208)
[stacktrace]
#0 /Users/aldyhelix/Projects/www/backend_rmi/vendor/laravel/framework/src/Illuminate/Foundation/ProviderRepository.php(144): Illuminate\\Foundation\\ProviderRepository->createProvider('Barryvdh\\\\Debugb...')
#1 /Users/aldyhelix/Projects/www/backend_rmi/vendor/laravel/framework/src/Illuminate/Foundation/ProviderRepository.php(61): Illuminate\\Foundation\\ProviderRepository->compileManifest(Array)
#2 /Users/aldyhelix/Projects/www/backend_rmi/vendor/laravel/framework/src/Illuminate/Foundation/Application.php(659): Illuminate\\Foundation\\ProviderRepository->load(Array)
#3 /Users/aldyhelix/Projects/www/backend_rmi/vendor/laravel/framework/src/Illuminate/Foundation/Bootstrap/RegisterProviders.php(17): Illuminate\\Foundation\\Application->registerConfiguredProviders()
#4 /Users/aldyhelix/Projects/www/backend_rmi/vendor/laravel/framework/src/Illuminate/Foundation/Application.php(237): Illuminate\\Foundation\\Bootstrap\\RegisterProviders->bootstrap(Object(Illuminate\\Foundation\\Application))
#5 /Users/aldyhelix/Projects/www/backend_rmi/vendor/laravel/framework/src/Illuminate/Foundation/Console/Kernel.php(310): Illuminate\\Foundation\\Application->bootstrapWith(Array)
#6 /Users/aldyhelix/Projects/www/backend_rmi/vendor/laravel/framework/src/Illuminate/Foundation/Console/Kernel.php(127): Illuminate\\Foundation\\Console\\Kernel->bootstrap()
#7 /Users/aldyhelix/Projects/www/backend_rmi/artisan(37): Illuminate\\Foundation\\Console\\Kernel->handle(Object(Symfony\\Component\\Console\\Input\\ArgvInput), Object(Symfony\\Component\\Console\\Output\\ConsoleOutput))
#8 {main}
"} 
[2024-05-26 17:02:50] locale.ERROR: Class "Barryvdh\Debugbar\ServiceProvider" not found {"exception":"[object] (Error(code: 0): Class \"Barryvdh\\Debugbar\\ServiceProvider\" not found at /Users/aldyhelix/Projects/www/backend_rmi/vendor/laravel/framework/src/Illuminate/Foundation/ProviderRepository.php:208)
[stacktrace]
#0 /Users/aldyhelix/Projects/www/backend_rmi/vendor/laravel/framework/src/Illuminate/Foundation/ProviderRepository.php(144): Illuminate\\Foundation\\ProviderRepository->createProvider('Barryvdh\\\\Debugb...')
#1 /Users/aldyhelix/Projects/www/backend_rmi/vendor/laravel/framework/src/Illuminate/Foundation/ProviderRepository.php(61): Illuminate\\Foundation\\ProviderRepository->compileManifest(Array)
#2 /Users/aldyhelix/Projects/www/backend_rmi/vendor/laravel/framework/src/Illuminate/Foundation/Application.php(659): Illuminate\\Foundation\\ProviderRepository->load(Array)
#3 /Users/aldyhelix/Projects/www/backend_rmi/vendor/laravel/framework/src/Illuminate/Foundation/Bootstrap/RegisterProviders.php(17): Illuminate\\Foundation\\Application->registerConfiguredProviders()
#4 /Users/aldyhelix/Projects/www/backend_rmi/vendor/laravel/framework/src/Illuminate/Foundation/Application.php(237): Illuminate\\Foundation\\Bootstrap\\RegisterProviders->bootstrap(Object(Illuminate\\Foundation\\Application))
#5 /Users/aldyhelix/Projects/www/backend_rmi/vendor/laravel/framework/src/Illuminate/Foundation/Console/Kernel.php(310): Illuminate\\Foundation\\Application->bootstrapWith(Array)
#6 /Users/aldyhelix/Projects/www/backend_rmi/vendor/laravel/framework/src/Illuminate/Foundation/Console/Kernel.php(127): Illuminate\\Foundation\\Console\\Kernel->bootstrap()
#7 Command line code(1): Illuminate\\Foundation\\Console\\Kernel->handle(Object(Symfony\\Component\\Console\\Input\\ArgvInput), Object(Symfony\\Component\\Console\\Output\\ConsoleOutput))
#8 {main}
"} 
[2024-05-26 17:03:01] locale.ERROR: Class "Barryvdh\Debugbar\ServiceProvider" not found {"exception":"[object] (Error(code: 0): Class \"Barryvdh\\Debugbar\\ServiceProvider\" not found at /Users/aldyhelix/Projects/www/backend_rmi/vendor/laravel/framework/src/Illuminate/Foundation/ProviderRepository.php:208)
[stacktrace]
#0 /Users/aldyhelix/Projects/www/backend_rmi/vendor/laravel/framework/src/Illuminate/Foundation/ProviderRepository.php(144): Illuminate\\Foundation\\ProviderRepository->createProvider('Barryvdh\\\\Debugb...')
#1 /Users/aldyhelix/Projects/www/backend_rmi/vendor/laravel/framework/src/Illuminate/Foundation/ProviderRepository.php(61): Illuminate\\Foundation\\ProviderRepository->compileManifest(Array)
#2 /Users/aldyhelix/Projects/www/backend_rmi/vendor/laravel/framework/src/Illuminate/Foundation/Application.php(659): Illuminate\\Foundation\\ProviderRepository->load(Array)
#3 /Users/aldyhelix/Projects/www/backend_rmi/vendor/laravel/framework/src/Illuminate/Foundation/Bootstrap/RegisterProviders.php(17): Illuminate\\Foundation\\Application->registerConfiguredProviders()
#4 /Users/aldyhelix/Projects/www/backend_rmi/vendor/laravel/framework/src/Illuminate/Foundation/Application.php(237): Illuminate\\Foundation\\Bootstrap\\RegisterProviders->bootstrap(Object(Illuminate\\Foundation\\Application))
#5 /Users/aldyhelix/Projects/www/backend_rmi/vendor/laravel/framework/src/Illuminate/Foundation/Console/Kernel.php(310): Illuminate\\Foundation\\Application->bootstrapWith(Array)
#6 /Users/aldyhelix/Projects/www/backend_rmi/vendor/laravel/framework/src/Illuminate/Foundation/Console/Kernel.php(127): Illuminate\\Foundation\\Console\\Kernel->bootstrap()
#7 /Users/aldyhelix/Projects/www/backend_rmi/artisan(37): Illuminate\\Foundation\\Console\\Kernel->handle(Object(Symfony\\Component\\Console\\Input\\ArgvInput), Object(Symfony\\Component\\Console\\Output\\ConsoleOutput))
#8 {main}
"} 
[2024-05-26 17:03:14] locale.ERROR: Class "Barryvdh\Debugbar\ServiceProvider" not found {"exception":"[object] (Error(code: 0): Class \"Barryvdh\\Debugbar\\ServiceProvider\" not found at /Users/aldyhelix/Projects/www/backend_rmi/vendor/laravel/framework/src/Illuminate/Foundation/ProviderRepository.php:208)
[stacktrace]
#0 /Users/aldyhelix/Projects/www/backend_rmi/vendor/laravel/framework/src/Illuminate/Foundation/ProviderRepository.php(144): Illuminate\\Foundation\\ProviderRepository->createProvider('Barryvdh\\\\Debugb...')
#1 /Users/aldyhelix/Projects/www/backend_rmi/vendor/laravel/framework/src/Illuminate/Foundation/ProviderRepository.php(61): Illuminate\\Foundation\\ProviderRepository->compileManifest(Array)
#2 /Users/aldyhelix/Projects/www/backend_rmi/vendor/laravel/framework/src/Illuminate/Foundation/Application.php(659): Illuminate\\Foundation\\ProviderRepository->load(Array)
#3 /Users/aldyhelix/Projects/www/backend_rmi/vendor/laravel/framework/src/Illuminate/Foundation/Bootstrap/RegisterProviders.php(17): Illuminate\\Foundation\\Application->registerConfiguredProviders()
#4 /Users/aldyhelix/Projects/www/backend_rmi/vendor/laravel/framework/src/Illuminate/Foundation/Application.php(237): Illuminate\\Foundation\\Bootstrap\\RegisterProviders->bootstrap(Object(Illuminate\\Foundation\\Application))
#5 /Users/aldyhelix/Projects/www/backend_rmi/vendor/laravel/framework/src/Illuminate/Foundation/Console/Kernel.php(310): Illuminate\\Foundation\\Application->bootstrapWith(Array)
#6 /Users/aldyhelix/Projects/www/backend_rmi/vendor/laravel/framework/src/Illuminate/Foundation/Console/Kernel.php(127): Illuminate\\Foundation\\Console\\Kernel->bootstrap()
#7 /Users/aldyhelix/Projects/www/backend_rmi/artisan(37): Illuminate\\Foundation\\Console\\Kernel->handle(Object(Symfony\\Component\\Console\\Input\\ArgvInput), Object(Symfony\\Component\\Console\\Output\\ConsoleOutput))
#8 {main}
"} 
[2024-05-26 17:03:16] locale.ERROR: Class "Barryvdh\Debugbar\ServiceProvider" not found {"exception":"[object] (Error(code: 0): Class \"Barryvdh\\Debugbar\\ServiceProvider\" not found at /Users/aldyhelix/Projects/www/backend_rmi/vendor/laravel/framework/src/Illuminate/Foundation/ProviderRepository.php:208)
[stacktrace]
#0 /Users/aldyhelix/Projects/www/backend_rmi/vendor/laravel/framework/src/Illuminate/Foundation/ProviderRepository.php(144): Illuminate\\Foundation\\ProviderRepository->createProvider('Barryvdh\\\\Debugb...')
#1 /Users/aldyhelix/Projects/www/backend_rmi/vendor/laravel/framework/src/Illuminate/Foundation/ProviderRepository.php(61): Illuminate\\Foundation\\ProviderRepository->compileManifest(Array)
#2 /Users/aldyhelix/Projects/www/backend_rmi/vendor/laravel/framework/src/Illuminate/Foundation/Application.php(659): Illuminate\\Foundation\\ProviderRepository->load(Array)
#3 /Users/aldyhelix/Projects/www/backend_rmi/vendor/laravel/framework/src/Illuminate/Foundation/Bootstrap/RegisterProviders.php(17): Illuminate\\Foundation\\Application->registerConfiguredProviders()
#4 /Users/aldyhelix/Projects/www/backend_rmi/vendor/laravel/framework/src/Illuminate/Foundation/Application.php(237): Illuminate\\Foundation\\Bootstrap\\RegisterProviders->bootstrap(Object(Illuminate\\Foundation\\Application))
#5 /Users/aldyhelix/Projects/www/backend_rmi/vendor/laravel/framework/src/Illuminate/Foundation/Console/Kernel.php(310): Illuminate\\Foundation\\Application->bootstrapWith(Array)
#6 /Users/aldyhelix/Projects/www/backend_rmi/vendor/laravel/framework/src/Illuminate/Foundation/Console/Kernel.php(127): Illuminate\\Foundation\\Console\\Kernel->bootstrap()
#7 Command line code(1): Illuminate\\Foundation\\Console\\Kernel->handle(Object(Symfony\\Component\\Console\\Input\\ArgvInput), Object(Symfony\\Component\\Console\\Output\\ConsoleOutput))
#8 {main}
"} 
[2024-05-26 17:03:20] locale.ERROR: Class "Barryvdh\Debugbar\ServiceProvider" not found {"exception":"[object] (Error(code: 0): Class \"Barryvdh\\Debugbar\\ServiceProvider\" not found at /Users/aldyhelix/Projects/www/backend_rmi/vendor/laravel/framework/src/Illuminate/Foundation/ProviderRepository.php:208)
[stacktrace]
#0 /Users/aldyhelix/Projects/www/backend_rmi/vendor/laravel/framework/src/Illuminate/Foundation/ProviderRepository.php(144): Illuminate\\Foundation\\ProviderRepository->createProvider('Barryvdh\\\\Debugb...')
#1 /Users/aldyhelix/Projects/www/backend_rmi/vendor/laravel/framework/src/Illuminate/Foundation/ProviderRepository.php(61): Illuminate\\Foundation\\ProviderRepository->compileManifest(Array)
#2 /Users/aldyhelix/Projects/www/backend_rmi/vendor/laravel/framework/src/Illuminate/Foundation/Application.php(659): Illuminate\\Foundation\\ProviderRepository->load(Array)
#3 /Users/aldyhelix/Projects/www/backend_rmi/vendor/laravel/framework/src/Illuminate/Foundation/Bootstrap/RegisterProviders.php(17): Illuminate\\Foundation\\Application->registerConfiguredProviders()
#4 /Users/aldyhelix/Projects/www/backend_rmi/vendor/laravel/framework/src/Illuminate/Foundation/Application.php(237): Illuminate\\Foundation\\Bootstrap\\RegisterProviders->bootstrap(Object(Illuminate\\Foundation\\Application))
#5 /Users/aldyhelix/Projects/www/backend_rmi/vendor/laravel/framework/src/Illuminate/Foundation/Console/Kernel.php(310): Illuminate\\Foundation\\Application->bootstrapWith(Array)
#6 /Users/aldyhelix/Projects/www/backend_rmi/vendor/laravel/framework/src/Illuminate/Foundation/Console/Kernel.php(127): Illuminate\\Foundation\\Console\\Kernel->bootstrap()
#7 /Users/aldyhelix/Projects/www/backend_rmi/artisan(37): Illuminate\\Foundation\\Console\\Kernel->handle(Object(Symfony\\Component\\Console\\Input\\ArgvInput), Object(Symfony\\Component\\Console\\Output\\ConsoleOutput))
#8 {main}
"} 
[2024-05-26 17:03:32] locale.ERROR: Class "Barryvdh\Debugbar\ServiceProvider" not found {"exception":"[object] (Error(code: 0): Class \"Barryvdh\\Debugbar\\ServiceProvider\" not found at /Users/aldyhelix/Projects/www/backend_rmi/vendor/laravel/framework/src/Illuminate/Foundation/ProviderRepository.php:208)
[stacktrace]
#0 /Users/aldyhelix/Projects/www/backend_rmi/vendor/laravel/framework/src/Illuminate/Foundation/ProviderRepository.php(144): Illuminate\\Foundation\\ProviderRepository->createProvider('Barryvdh\\\\Debugb...')
#1 /Users/aldyhelix/Projects/www/backend_rmi/vendor/laravel/framework/src/Illuminate/Foundation/ProviderRepository.php(61): Illuminate\\Foundation\\ProviderRepository->compileManifest(Array)
#2 /Users/aldyhelix/Projects/www/backend_rmi/vendor/laravel/framework/src/Illuminate/Foundation/Application.php(659): Illuminate\\Foundation\\ProviderRepository->load(Array)
#3 /Users/aldyhelix/Projects/www/backend_rmi/vendor/laravel/framework/src/Illuminate/Foundation/Bootstrap/RegisterProviders.php(17): Illuminate\\Foundation\\Application->registerConfiguredProviders()
#4 /Users/aldyhelix/Projects/www/backend_rmi/vendor/laravel/framework/src/Illuminate/Foundation/Application.php(237): Illuminate\\Foundation\\Bootstrap\\RegisterProviders->bootstrap(Object(Illuminate\\Foundation\\Application))
#5 /Users/aldyhelix/Projects/www/backend_rmi/vendor/laravel/framework/src/Illuminate/Foundation/Console/Kernel.php(310): Illuminate\\Foundation\\Application->bootstrapWith(Array)
#6 /Users/aldyhelix/Projects/www/backend_rmi/vendor/laravel/framework/src/Illuminate/Foundation/Console/Kernel.php(127): Illuminate\\Foundation\\Console\\Kernel->bootstrap()
#7 /Users/aldyhelix/Projects/www/backend_rmi/artisan(37): Illuminate\\Foundation\\Console\\Kernel->handle(Object(Symfony\\Component\\Console\\Input\\ArgvInput), Object(Symfony\\Component\\Console\\Output\\ConsoleOutput))
#8 {main}
"} 
[2024-05-26 17:03:33] locale.ERROR: Class "Barryvdh\Debugbar\ServiceProvider" not found {"exception":"[object] (Error(code: 0): Class \"Barryvdh\\Debugbar\\ServiceProvider\" not found at /Users/aldyhelix/Projects/www/backend_rmi/vendor/laravel/framework/src/Illuminate/Foundation/ProviderRepository.php:208)
[stacktrace]
#0 /Users/aldyhelix/Projects/www/backend_rmi/vendor/laravel/framework/src/Illuminate/Foundation/ProviderRepository.php(144): Illuminate\\Foundation\\ProviderRepository->createProvider('Barryvdh\\\\Debugb...')
#1 /Users/aldyhelix/Projects/www/backend_rmi/vendor/laravel/framework/src/Illuminate/Foundation/ProviderRepository.php(61): Illuminate\\Foundation\\ProviderRepository->compileManifest(Array)
#2 /Users/aldyhelix/Projects/www/backend_rmi/vendor/laravel/framework/src/Illuminate/Foundation/Application.php(659): Illuminate\\Foundation\\ProviderRepository->load(Array)
#3 /Users/aldyhelix/Projects/www/backend_rmi/vendor/laravel/framework/src/Illuminate/Foundation/Bootstrap/RegisterProviders.php(17): Illuminate\\Foundation\\Application->registerConfiguredProviders()
#4 /Users/aldyhelix/Projects/www/backend_rmi/vendor/laravel/framework/src/Illuminate/Foundation/Application.php(237): Illuminate\\Foundation\\Bootstrap\\RegisterProviders->bootstrap(Object(Illuminate\\Foundation\\Application))
#5 /Users/aldyhelix/Projects/www/backend_rmi/vendor/laravel/framework/src/Illuminate/Foundation/Console/Kernel.php(310): Illuminate\\Foundation\\Application->bootstrapWith(Array)
#6 /Users/aldyhelix/Projects/www/backend_rmi/vendor/laravel/framework/src/Illuminate/Foundation/Console/Kernel.php(127): Illuminate\\Foundation\\Console\\Kernel->bootstrap()
#7 Command line code(1): Illuminate\\Foundation\\Console\\Kernel->handle(Object(Symfony\\Component\\Console\\Input\\ArgvInput), Object(Symfony\\Component\\Console\\Output\\ConsoleOutput))
#8 {main}
"} 
[2024-05-26 17:03:33] locale.ERROR: Class "Barryvdh\Debugbar\ServiceProvider" not found {"exception":"[object] (Error(code: 0): Class \"Barryvdh\\Debugbar\\ServiceProvider\" not found at /Users/aldyhelix/Projects/www/backend_rmi/vendor/laravel/framework/src/Illuminate/Foundation/ProviderRepository.php:208)
[stacktrace]
#0 /Users/aldyhelix/Projects/www/backend_rmi/vendor/laravel/framework/src/Illuminate/Foundation/ProviderRepository.php(144): Illuminate\\Foundation\\ProviderRepository->createProvider('Barryvdh\\\\Debugb...')
#1 /Users/aldyhelix/Projects/www/backend_rmi/vendor/laravel/framework/src/Illuminate/Foundation/ProviderRepository.php(61): Illuminate\\Foundation\\ProviderRepository->compileManifest(Array)
#2 /Users/aldyhelix/Projects/www/backend_rmi/vendor/laravel/framework/src/Illuminate/Foundation/Application.php(659): Illuminate\\Foundation\\ProviderRepository->load(Array)
#3 /Users/aldyhelix/Projects/www/backend_rmi/vendor/laravel/framework/src/Illuminate/Foundation/Bootstrap/RegisterProviders.php(17): Illuminate\\Foundation\\Application->registerConfiguredProviders()
#4 /Users/aldyhelix/Projects/www/backend_rmi/vendor/laravel/framework/src/Illuminate/Foundation/Application.php(237): Illuminate\\Foundation\\Bootstrap\\RegisterProviders->bootstrap(Object(Illuminate\\Foundation\\Application))
#5 /Users/aldyhelix/Projects/www/backend_rmi/vendor/laravel/framework/src/Illuminate/Foundation/Console/Kernel.php(310): Illuminate\\Foundation\\Application->bootstrapWith(Array)
#6 /Users/aldyhelix/Projects/www/backend_rmi/vendor/laravel/framework/src/Illuminate/Foundation/Console/Kernel.php(127): Illuminate\\Foundation\\Console\\Kernel->bootstrap()
#7 Command line code(1): Illuminate\\Foundation\\Console\\Kernel->handle(Object(Symfony\\Component\\Console\\Input\\ArgvInput), Object(Symfony\\Component\\Console\\Output\\ConsoleOutput))
#8 {main}
"} 
[2024-05-26 17:03:35] locale.ERROR: Class "Barryvdh\Debugbar\ServiceProvider" not found {"exception":"[object] (Error(code: 0): Class \"Barryvdh\\Debugbar\\ServiceProvider\" not found at /Users/aldyhelix/Projects/www/backend_rmi/vendor/laravel/framework/src/Illuminate/Foundation/ProviderRepository.php:208)
[stacktrace]
#0 /Users/aldyhelix/Projects/www/backend_rmi/vendor/laravel/framework/src/Illuminate/Foundation/ProviderRepository.php(144): Illuminate\\Foundation\\ProviderRepository->createProvider('Barryvdh\\\\Debugb...')
#1 /Users/aldyhelix/Projects/www/backend_rmi/vendor/laravel/framework/src/Illuminate/Foundation/ProviderRepository.php(61): Illuminate\\Foundation\\ProviderRepository->compileManifest(Array)
#2 /Users/aldyhelix/Projects/www/backend_rmi/vendor/laravel/framework/src/Illuminate/Foundation/Application.php(659): Illuminate\\Foundation\\ProviderRepository->load(Array)
#3 /Users/aldyhelix/Projects/www/backend_rmi/vendor/laravel/framework/src/Illuminate/Foundation/Bootstrap/RegisterProviders.php(17): Illuminate\\Foundation\\Application->registerConfiguredProviders()
#4 /Users/aldyhelix/Projects/www/backend_rmi/vendor/laravel/framework/src/Illuminate/Foundation/Application.php(237): Illuminate\\Foundation\\Bootstrap\\RegisterProviders->bootstrap(Object(Illuminate\\Foundation\\Application))
#5 /Users/aldyhelix/Projects/www/backend_rmi/vendor/laravel/framework/src/Illuminate/Foundation/Console/Kernel.php(310): Illuminate\\Foundation\\Application->bootstrapWith(Array)
#6 /Users/aldyhelix/Projects/www/backend_rmi/vendor/laravel/framework/src/Illuminate/Foundation/Console/Kernel.php(127): Illuminate\\Foundation\\Console\\Kernel->bootstrap()
#7 Command line code(1): Illuminate\\Foundation\\Console\\Kernel->handle(Object(Symfony\\Component\\Console\\Input\\ArgvInput), Object(Symfony\\Component\\Console\\Output\\ConsoleOutput))
#8 {main}
"} 
[2024-05-26 17:04:33] locale.ERROR: Class "Barryvdh\Debugbar\ServiceProvider" not found {"exception":"[object] (Error(code: 0): Class \"Barryvdh\\Debugbar\\ServiceProvider\" not found at /Users/aldyhelix/Projects/www/backend_rmi/vendor/laravel/framework/src/Illuminate/Foundation/ProviderRepository.php:208)
[stacktrace]
#0 /Users/aldyhelix/Projects/www/backend_rmi/vendor/laravel/framework/src/Illuminate/Foundation/ProviderRepository.php(144): Illuminate\\Foundation\\ProviderRepository->createProvider('Barryvdh\\\\Debugb...')
#1 /Users/aldyhelix/Projects/www/backend_rmi/vendor/laravel/framework/src/Illuminate/Foundation/ProviderRepository.php(61): Illuminate\\Foundation\\ProviderRepository->compileManifest(Array)
#2 /Users/aldyhelix/Projects/www/backend_rmi/vendor/laravel/framework/src/Illuminate/Foundation/Application.php(659): Illuminate\\Foundation\\ProviderRepository->load(Array)
#3 /Users/aldyhelix/Projects/www/backend_rmi/vendor/laravel/framework/src/Illuminate/Foundation/Bootstrap/RegisterProviders.php(17): Illuminate\\Foundation\\Application->registerConfiguredProviders()
#4 /Users/aldyhelix/Projects/www/backend_rmi/vendor/laravel/framework/src/Illuminate/Foundation/Application.php(237): Illuminate\\Foundation\\Bootstrap\\RegisterProviders->bootstrap(Object(Illuminate\\Foundation\\Application))
#5 /Users/aldyhelix/Projects/www/backend_rmi/vendor/laravel/framework/src/Illuminate/Foundation/Console/Kernel.php(310): Illuminate\\Foundation\\Application->bootstrapWith(Array)
#6 /Users/aldyhelix/Projects/www/backend_rmi/vendor/laravel/framework/src/Illuminate/Foundation/Console/Kernel.php(127): Illuminate\\Foundation\\Console\\Kernel->bootstrap()
#7 Command line code(1): Illuminate\\Foundation\\Console\\Kernel->handle(Object(Symfony\\Component\\Console\\Input\\ArgvInput), Object(Symfony\\Component\\Console\\Output\\ConsoleOutput))
#8 {main}
"} 
[2024-05-26 17:04:33] locale.ERROR: Class "Barryvdh\Debugbar\ServiceProvider" not found {"exception":"[object] (Error(code: 0): Class \"Barryvdh\\Debugbar\\ServiceProvider\" not found at /Users/aldyhelix/Projects/www/backend_rmi/vendor/laravel/framework/src/Illuminate/Foundation/ProviderRepository.php:208)
[stacktrace]
#0 /Users/aldyhelix/Projects/www/backend_rmi/vendor/laravel/framework/src/Illuminate/Foundation/ProviderRepository.php(144): Illuminate\\Foundation\\ProviderRepository->createProvider('Barryvdh\\\\Debugb...')
#1 /Users/aldyhelix/Projects/www/backend_rmi/vendor/laravel/framework/src/Illuminate/Foundation/ProviderRepository.php(61): Illuminate\\Foundation\\ProviderRepository->compileManifest(Array)
#2 /Users/aldyhelix/Projects/www/backend_rmi/vendor/laravel/framework/src/Illuminate/Foundation/Application.php(659): Illuminate\\Foundation\\ProviderRepository->load(Array)
#3 /Users/aldyhelix/Projects/www/backend_rmi/vendor/laravel/framework/src/Illuminate/Foundation/Bootstrap/RegisterProviders.php(17): Illuminate\\Foundation\\Application->registerConfiguredProviders()
#4 /Users/aldyhelix/Projects/www/backend_rmi/vendor/laravel/framework/src/Illuminate/Foundation/Application.php(237): Illuminate\\Foundation\\Bootstrap\\RegisterProviders->bootstrap(Object(Illuminate\\Foundation\\Application))
#5 /Users/aldyhelix/Projects/www/backend_rmi/vendor/laravel/framework/src/Illuminate/Foundation/Console/Kernel.php(310): Illuminate\\Foundation\\Application->bootstrapWith(Array)
#6 /Users/aldyhelix/Projects/www/backend_rmi/vendor/laravel/framework/src/Illuminate/Foundation/Console/Kernel.php(127): Illuminate\\Foundation\\Console\\Kernel->bootstrap()
#7 Command line code(1): Illuminate\\Foundation\\Console\\Kernel->handle(Object(Symfony\\Component\\Console\\Input\\ArgvInput), Object(Symfony\\Component\\Console\\Output\\ConsoleOutput))
#8 {main}
"} 
[2024-05-26 17:04:34] locale.ERROR: Class "Barryvdh\Debugbar\ServiceProvider" not found {"exception":"[object] (Error(code: 0): Class \"Barryvdh\\Debugbar\\ServiceProvider\" not found at /Users/aldyhelix/Projects/www/backend_rmi/vendor/laravel/framework/src/Illuminate/Foundation/ProviderRepository.php:208)
[stacktrace]
#0 /Users/aldyhelix/Projects/www/backend_rmi/vendor/laravel/framework/src/Illuminate/Foundation/ProviderRepository.php(144): Illuminate\\Foundation\\ProviderRepository->createProvider('Barryvdh\\\\Debugb...')
#1 /Users/aldyhelix/Projects/www/backend_rmi/vendor/laravel/framework/src/Illuminate/Foundation/ProviderRepository.php(61): Illuminate\\Foundation\\ProviderRepository->compileManifest(Array)
#2 /Users/aldyhelix/Projects/www/backend_rmi/vendor/laravel/framework/src/Illuminate/Foundation/Application.php(659): Illuminate\\Foundation\\ProviderRepository->load(Array)
#3 /Users/aldyhelix/Projects/www/backend_rmi/vendor/laravel/framework/src/Illuminate/Foundation/Bootstrap/RegisterProviders.php(17): Illuminate\\Foundation\\Application->registerConfiguredProviders()
#4 /Users/aldyhelix/Projects/www/backend_rmi/vendor/laravel/framework/src/Illuminate/Foundation/Application.php(237): Illuminate\\Foundation\\Bootstrap\\RegisterProviders->bootstrap(Object(Illuminate\\Foundation\\Application))
#5 /Users/aldyhelix/Projects/www/backend_rmi/vendor/laravel/framework/src/Illuminate/Foundation/Console/Kernel.php(310): Illuminate\\Foundation\\Application->bootstrapWith(Array)
#6 /Users/aldyhelix/Projects/www/backend_rmi/vendor/laravel/framework/src/Illuminate/Foundation/Console/Kernel.php(127): Illuminate\\Foundation\\Console\\Kernel->bootstrap()
#7 Command line code(1): Illuminate\\Foundation\\Console\\Kernel->handle(Object(Symfony\\Component\\Console\\Input\\ArgvInput), Object(Symfony\\Component\\Console\\Output\\ConsoleOutput))
#8 {main}
"} 
[2024-05-26 17:04:40] locale.ERROR: Class "Barryvdh\Debugbar\ServiceProvider" not found {"exception":"[object] (Error(code: 0): Class \"Barryvdh\\Debugbar\\ServiceProvider\" not found at /Users/aldyhelix/Projects/www/backend_rmi/vendor/laravel/framework/src/Illuminate/Foundation/ProviderRepository.php:208)
[stacktrace]
#0 /Users/aldyhelix/Projects/www/backend_rmi/vendor/laravel/framework/src/Illuminate/Foundation/ProviderRepository.php(144): Illuminate\\Foundation\\ProviderRepository->createProvider('Barryvdh\\\\Debugb...')
#1 /Users/aldyhelix/Projects/www/backend_rmi/vendor/laravel/framework/src/Illuminate/Foundation/ProviderRepository.php(61): Illuminate\\Foundation\\ProviderRepository->compileManifest(Array)
#2 /Users/aldyhelix/Projects/www/backend_rmi/vendor/laravel/framework/src/Illuminate/Foundation/Application.php(659): Illuminate\\Foundation\\ProviderRepository->load(Array)
#3 /Users/aldyhelix/Projects/www/backend_rmi/vendor/laravel/framework/src/Illuminate/Foundation/Bootstrap/RegisterProviders.php(17): Illuminate\\Foundation\\Application->registerConfiguredProviders()
#4 /Users/aldyhelix/Projects/www/backend_rmi/vendor/laravel/framework/src/Illuminate/Foundation/Application.php(237): Illuminate\\Foundation\\Bootstrap\\RegisterProviders->bootstrap(Object(Illuminate\\Foundation\\Application))
#5 /Users/aldyhelix/Projects/www/backend_rmi/vendor/laravel/framework/src/Illuminate/Foundation/Console/Kernel.php(310): Illuminate\\Foundation\\Application->bootstrapWith(Array)
#6 /Users/aldyhelix/Projects/www/backend_rmi/vendor/laravel/framework/src/Illuminate/Foundation/Console/Kernel.php(127): Illuminate\\Foundation\\Console\\Kernel->bootstrap()
#7 /Users/aldyhelix/Projects/www/backend_rmi/artisan(37): Illuminate\\Foundation\\Console\\Kernel->handle(Object(Symfony\\Component\\Console\\Input\\ArgvInput), Object(Symfony\\Component\\Console\\Output\\ConsoleOutput))
#8 {main}
"} 
[2024-05-26 17:04:44] locale.ERROR: Class "Barryvdh\Debugbar\ServiceProvider" not found {"exception":"[object] (Error(code: 0): Class \"Barryvdh\\Debugbar\\ServiceProvider\" not found at /Users/aldyhelix/Projects/www/backend_rmi/vendor/laravel/framework/src/Illuminate/Foundation/ProviderRepository.php:208)
[stacktrace]
#0 /Users/aldyhelix/Projects/www/backend_rmi/vendor/laravel/framework/src/Illuminate/Foundation/ProviderRepository.php(144): Illuminate\\Foundation\\ProviderRepository->createProvider('Barryvdh\\\\Debugb...')
#1 /Users/aldyhelix/Projects/www/backend_rmi/vendor/laravel/framework/src/Illuminate/Foundation/ProviderRepository.php(61): Illuminate\\Foundation\\ProviderRepository->compileManifest(Array)
#2 /Users/aldyhelix/Projects/www/backend_rmi/vendor/laravel/framework/src/Illuminate/Foundation/Application.php(659): Illuminate\\Foundation\\ProviderRepository->load(Array)
#3 /Users/aldyhelix/Projects/www/backend_rmi/vendor/laravel/framework/src/Illuminate/Foundation/Bootstrap/RegisterProviders.php(17): Illuminate\\Foundation\\Application->registerConfiguredProviders()
#4 /Users/aldyhelix/Projects/www/backend_rmi/vendor/laravel/framework/src/Illuminate/Foundation/Application.php(237): Illuminate\\Foundation\\Bootstrap\\RegisterProviders->bootstrap(Object(Illuminate\\Foundation\\Application))
#5 /Users/aldyhelix/Projects/www/backend_rmi/vendor/laravel/framework/src/Illuminate/Foundation/Console/Kernel.php(310): Illuminate\\Foundation\\Application->bootstrapWith(Array)
#6 /Users/aldyhelix/Projects/www/backend_rmi/vendor/laravel/framework/src/Illuminate/Foundation/Console/Kernel.php(127): Illuminate\\Foundation\\Console\\Kernel->bootstrap()
#7 Command line code(1): Illuminate\\Foundation\\Console\\Kernel->handle(Object(Symfony\\Component\\Console\\Input\\ArgvInput), Object(Symfony\\Component\\Console\\Output\\ConsoleOutput))
#8 {main}
"} 
[2024-05-26 17:05:22] production.ERROR: Class "Barryvdh\Debugbar\ServiceProvider" not found {"exception":"[object] (Error(code: 0): Class \"Barryvdh\\Debugbar\\ServiceProvider\" not found at /Users/aldyhelix/Projects/www/backend_rmi/vendor/laravel/framework/src/Illuminate/Foundation/ProviderRepository.php:208)
[stacktrace]
#0 /Users/aldyhelix/Projects/www/backend_rmi/vendor/laravel/framework/src/Illuminate/Foundation/ProviderRepository.php(144): Illuminate\\Foundation\\ProviderRepository->createProvider('Barryvdh\\\\Debugb...')
#1 /Users/aldyhelix/Projects/www/backend_rmi/vendor/laravel/framework/src/Illuminate/Foundation/ProviderRepository.php(61): Illuminate\\Foundation\\ProviderRepository->compileManifest(Array)
#2 /Users/aldyhelix/Projects/www/backend_rmi/vendor/laravel/framework/src/Illuminate/Foundation/Application.php(659): Illuminate\\Foundation\\ProviderRepository->load(Array)
#3 /Users/aldyhelix/Projects/www/backend_rmi/vendor/laravel/framework/src/Illuminate/Foundation/Bootstrap/RegisterProviders.php(17): Illuminate\\Foundation\\Application->registerConfiguredProviders()
#4 /Users/aldyhelix/Projects/www/backend_rmi/vendor/laravel/framework/src/Illuminate/Foundation/Application.php(237): Illuminate\\Foundation\\Bootstrap\\RegisterProviders->bootstrap(Object(Illuminate\\Foundation\\Application))
#5 /Users/aldyhelix/Projects/www/backend_rmi/vendor/laravel/framework/src/Illuminate/Foundation/Console/Kernel.php(310): Illuminate\\Foundation\\Application->bootstrapWith(Array)
#6 /Users/aldyhelix/Projects/www/backend_rmi/vendor/laravel/framework/src/Illuminate/Foundation/Console/Kernel.php(127): Illuminate\\Foundation\\Console\\Kernel->bootstrap()
#7 Command line code(1): Illuminate\\Foundation\\Console\\Kernel->handle(Object(Symfony\\Component\\Console\\Input\\ArgvInput), Object(Symfony\\Component\\Console\\Output\\ConsoleOutput))
#8 {main}
"} 
[2024-05-26 17:05:25] production.ERROR: Class "Barryvdh\Debugbar\ServiceProvider" not found {"exception":"[object] (Error(code: 0): Class \"Barryvdh\\Debugbar\\ServiceProvider\" not found at /Users/aldyhelix/Projects/www/backend_rmi/vendor/laravel/framework/src/Illuminate/Foundation/ProviderRepository.php:208)
[stacktrace]
#0 /Users/aldyhelix/Projects/www/backend_rmi/vendor/laravel/framework/src/Illuminate/Foundation/ProviderRepository.php(144): Illuminate\\Foundation\\ProviderRepository->createProvider('Barryvdh\\\\Debugb...')
#1 /Users/aldyhelix/Projects/www/backend_rmi/vendor/laravel/framework/src/Illuminate/Foundation/ProviderRepository.php(61): Illuminate\\Foundation\\ProviderRepository->compileManifest(Array)
#2 /Users/aldyhelix/Projects/www/backend_rmi/vendor/laravel/framework/src/Illuminate/Foundation/Application.php(659): Illuminate\\Foundation\\ProviderRepository->load(Array)
#3 /Users/aldyhelix/Projects/www/backend_rmi/vendor/laravel/framework/src/Illuminate/Foundation/Bootstrap/RegisterProviders.php(17): Illuminate\\Foundation\\Application->registerConfiguredProviders()
#4 /Users/aldyhelix/Projects/www/backend_rmi/vendor/laravel/framework/src/Illuminate/Foundation/Application.php(237): Illuminate\\Foundation\\Bootstrap\\RegisterProviders->bootstrap(Object(Illuminate\\Foundation\\Application))
#5 /Users/aldyhelix/Projects/www/backend_rmi/vendor/laravel/framework/src/Illuminate/Foundation/Console/Kernel.php(310): Illuminate\\Foundation\\Application->bootstrapWith(Array)
#6 /Users/aldyhelix/Projects/www/backend_rmi/vendor/laravel/framework/src/Illuminate/Foundation/Console/Kernel.php(127): Illuminate\\Foundation\\Console\\Kernel->bootstrap()
#7 Command line code(1): Illuminate\\Foundation\\Console\\Kernel->handle(Object(Symfony\\Component\\Console\\Input\\ArgvInput), Object(Symfony\\Component\\Console\\Output\\ConsoleOutput))
#8 {main}
"} 
[2024-05-26 17:05:33] production.ERROR: Class "Barryvdh\Debugbar\ServiceProvider" not found {"exception":"[object] (Error(code: 0): Class \"Barryvdh\\Debugbar\\ServiceProvider\" not found at /Users/aldyhelix/Projects/www/backend_rmi/vendor/laravel/framework/src/Illuminate/Foundation/ProviderRepository.php:208)
[stacktrace]
#0 /Users/aldyhelix/Projects/www/backend_rmi/vendor/laravel/framework/src/Illuminate/Foundation/ProviderRepository.php(144): Illuminate\\Foundation\\ProviderRepository->createProvider('Barryvdh\\\\Debugb...')
#1 /Users/aldyhelix/Projects/www/backend_rmi/vendor/laravel/framework/src/Illuminate/Foundation/ProviderRepository.php(61): Illuminate\\Foundation\\ProviderRepository->compileManifest(Array)
#2 /Users/aldyhelix/Projects/www/backend_rmi/vendor/laravel/framework/src/Illuminate/Foundation/Application.php(659): Illuminate\\Foundation\\ProviderRepository->load(Array)
#3 /Users/aldyhelix/Projects/www/backend_rmi/vendor/laravel/framework/src/Illuminate/Foundation/Bootstrap/RegisterProviders.php(17): Illuminate\\Foundation\\Application->registerConfiguredProviders()
#4 /Users/aldyhelix/Projects/www/backend_rmi/vendor/laravel/framework/src/Illuminate/Foundation/Application.php(237): Illuminate\\Foundation\\Bootstrap\\RegisterProviders->bootstrap(Object(Illuminate\\Foundation\\Application))
#5 /Users/aldyhelix/Projects/www/backend_rmi/vendor/laravel/framework/src/Illuminate/Foundation/Console/Kernel.php(310): Illuminate\\Foundation\\Application->bootstrapWith(Array)
#6 /Users/aldyhelix/Projects/www/backend_rmi/vendor/laravel/framework/src/Illuminate/Foundation/Console/Kernel.php(127): Illuminate\\Foundation\\Console\\Kernel->bootstrap()
#7 Command line code(1): Illuminate\\Foundation\\Console\\Kernel->handle(Object(Symfony\\Component\\Console\\Input\\ArgvInput), Object(Symfony\\Component\\Console\\Output\\ConsoleOutput))
#8 {main}
"} 
[2024-05-26 17:05:33] production.ERROR: Class "Barryvdh\Debugbar\ServiceProvider" not found {"exception":"[object] (Error(code: 0): Class \"Barryvdh\\Debugbar\\ServiceProvider\" not found at /Users/aldyhelix/Projects/www/backend_rmi/vendor/laravel/framework/src/Illuminate/Foundation/ProviderRepository.php:208)
[stacktrace]
#0 /Users/aldyhelix/Projects/www/backend_rmi/vendor/laravel/framework/src/Illuminate/Foundation/ProviderRepository.php(144): Illuminate\\Foundation\\ProviderRepository->createProvider('Barryvdh\\\\Debugb...')
#1 /Users/aldyhelix/Projects/www/backend_rmi/vendor/laravel/framework/src/Illuminate/Foundation/ProviderRepository.php(61): Illuminate\\Foundation\\ProviderRepository->compileManifest(Array)
#2 /Users/aldyhelix/Projects/www/backend_rmi/vendor/laravel/framework/src/Illuminate/Foundation/Application.php(659): Illuminate\\Foundation\\ProviderRepository->load(Array)
#3 /Users/aldyhelix/Projects/www/backend_rmi/vendor/laravel/framework/src/Illuminate/Foundation/Bootstrap/RegisterProviders.php(17): Illuminate\\Foundation\\Application->registerConfiguredProviders()
#4 /Users/aldyhelix/Projects/www/backend_rmi/vendor/laravel/framework/src/Illuminate/Foundation/Application.php(237): Illuminate\\Foundation\\Bootstrap\\RegisterProviders->bootstrap(Object(Illuminate\\Foundation\\Application))
#5 /Users/aldyhelix/Projects/www/backend_rmi/vendor/laravel/framework/src/Illuminate/Foundation/Console/Kernel.php(310): Illuminate\\Foundation\\Application->bootstrapWith(Array)
#6 /Users/aldyhelix/Projects/www/backend_rmi/vendor/laravel/framework/src/Illuminate/Foundation/Console/Kernel.php(127): Illuminate\\Foundation\\Console\\Kernel->bootstrap()
#7 Command line code(1): Illuminate\\Foundation\\Console\\Kernel->handle(Object(Symfony\\Component\\Console\\Input\\ArgvInput), Object(Symfony\\Component\\Console\\Output\\ConsoleOutput))
#8 {main}
"} 
[2024-05-26 17:05:37] production.ERROR: Class "Barryvdh\Debugbar\ServiceProvider" not found {"exception":"[object] (Error(code: 0): Class \"Barryvdh\\Debugbar\\ServiceProvider\" not found at /Users/aldyhelix/Projects/www/backend_rmi/vendor/laravel/framework/src/Illuminate/Foundation/ProviderRepository.php:208)
[stacktrace]
#0 /Users/aldyhelix/Projects/www/backend_rmi/vendor/laravel/framework/src/Illuminate/Foundation/ProviderRepository.php(144): Illuminate\\Foundation\\ProviderRepository->createProvider('Barryvdh\\\\Debugb...')
#1 /Users/aldyhelix/Projects/www/backend_rmi/vendor/laravel/framework/src/Illuminate/Foundation/ProviderRepository.php(61): Illuminate\\Foundation\\ProviderRepository->compileManifest(Array)
#2 /Users/aldyhelix/Projects/www/backend_rmi/vendor/laravel/framework/src/Illuminate/Foundation/Application.php(659): Illuminate\\Foundation\\ProviderRepository->load(Array)
#3 /Users/aldyhelix/Projects/www/backend_rmi/vendor/laravel/framework/src/Illuminate/Foundation/Bootstrap/RegisterProviders.php(17): Illuminate\\Foundation\\Application->registerConfiguredProviders()
#4 /Users/aldyhelix/Projects/www/backend_rmi/vendor/laravel/framework/src/Illuminate/Foundation/Application.php(237): Illuminate\\Foundation\\Bootstrap\\RegisterProviders->bootstrap(Object(Illuminate\\Foundation\\Application))
#5 /Users/aldyhelix/Projects/www/backend_rmi/vendor/laravel/framework/src/Illuminate/Foundation/Console/Kernel.php(310): Illuminate\\Foundation\\Application->bootstrapWith(Array)
#6 /Users/aldyhelix/Projects/www/backend_rmi/vendor/laravel/framework/src/Illuminate/Foundation/Console/Kernel.php(127): Illuminate\\Foundation\\Console\\Kernel->bootstrap()
#7 Command line code(1): Illuminate\\Foundation\\Console\\Kernel->handle(Object(Symfony\\Component\\Console\\Input\\ArgvInput), Object(Symfony\\Component\\Console\\Output\\ConsoleOutput))
#8 {main}
"} 
[2024-05-26 17:06:00] production.ERROR: Class "Barryvdh\Debugbar\ServiceProvider" not found {"exception":"[object] (Error(code: 0): Class \"Barryvdh\\Debugbar\\ServiceProvider\" not found at /Users/aldyhelix/Projects/www/backend_rmi/vendor/laravel/framework/src/Illuminate/Foundation/ProviderRepository.php:208)
[stacktrace]
#0 /Users/aldyhelix/Projects/www/backend_rmi/vendor/laravel/framework/src/Illuminate/Foundation/ProviderRepository.php(144): Illuminate\\Foundation\\ProviderRepository->createProvider('Barryvdh\\\\Debugb...')
#1 /Users/aldyhelix/Projects/www/backend_rmi/vendor/laravel/framework/src/Illuminate/Foundation/ProviderRepository.php(61): Illuminate\\Foundation\\ProviderRepository->compileManifest(Array)
#2 /Users/aldyhelix/Projects/www/backend_rmi/vendor/laravel/framework/src/Illuminate/Foundation/Application.php(659): Illuminate\\Foundation\\ProviderRepository->load(Array)
#3 /Users/aldyhelix/Projects/www/backend_rmi/vendor/laravel/framework/src/Illuminate/Foundation/Bootstrap/RegisterProviders.php(17): Illuminate\\Foundation\\Application->registerConfiguredProviders()
#4 /Users/aldyhelix/Projects/www/backend_rmi/vendor/laravel/framework/src/Illuminate/Foundation/Application.php(237): Illuminate\\Foundation\\Bootstrap\\RegisterProviders->bootstrap(Object(Illuminate\\Foundation\\Application))
#5 /Users/aldyhelix/Projects/www/backend_rmi/vendor/laravel/framework/src/Illuminate/Foundation/Console/Kernel.php(310): Illuminate\\Foundation\\Application->bootstrapWith(Array)
#6 /Users/aldyhelix/Projects/www/backend_rmi/vendor/laravel/framework/src/Illuminate/Foundation/Console/Kernel.php(127): Illuminate\\Foundation\\Console\\Kernel->bootstrap()
#7 Command line code(1): Illuminate\\Foundation\\Console\\Kernel->handle(Object(Symfony\\Component\\Console\\Input\\ArgvInput), Object(Symfony\\Component\\Console\\Output\\ConsoleOutput))
#8 {main}
"} 
[2024-05-26 17:06:00] production.ERROR: Class "Barryvdh\Debugbar\ServiceProvider" not found {"exception":"[object] (Error(code: 0): Class \"Barryvdh\\Debugbar\\ServiceProvider\" not found at /Users/aldyhelix/Projects/www/backend_rmi/vendor/laravel/framework/src/Illuminate/Foundation/ProviderRepository.php:208)
[stacktrace]
#0 /Users/aldyhelix/Projects/www/backend_rmi/vendor/laravel/framework/src/Illuminate/Foundation/ProviderRepository.php(144): Illuminate\\Foundation\\ProviderRepository->createProvider('Barryvdh\\\\Debugb...')
#1 /Users/aldyhelix/Projects/www/backend_rmi/vendor/laravel/framework/src/Illuminate/Foundation/ProviderRepository.php(61): Illuminate\\Foundation\\ProviderRepository->compileManifest(Array)
#2 /Users/aldyhelix/Projects/www/backend_rmi/vendor/laravel/framework/src/Illuminate/Foundation/Application.php(659): Illuminate\\Foundation\\ProviderRepository->load(Array)
#3 /Users/aldyhelix/Projects/www/backend_rmi/vendor/laravel/framework/src/Illuminate/Foundation/Bootstrap/RegisterProviders.php(17): Illuminate\\Foundation\\Application->registerConfiguredProviders()
#4 /Users/aldyhelix/Projects/www/backend_rmi/vendor/laravel/framework/src/Illuminate/Foundation/Application.php(237): Illuminate\\Foundation\\Bootstrap\\RegisterProviders->bootstrap(Object(Illuminate\\Foundation\\Application))
#5 /Users/aldyhelix/Projects/www/backend_rmi/vendor/laravel/framework/src/Illuminate/Foundation/Console/Kernel.php(310): Illuminate\\Foundation\\Application->bootstrapWith(Array)
#6 /Users/aldyhelix/Projects/www/backend_rmi/vendor/laravel/framework/src/Illuminate/Foundation/Console/Kernel.php(127): Illuminate\\Foundation\\Console\\Kernel->bootstrap()
#7 Command line code(1): Illuminate\\Foundation\\Console\\Kernel->handle(Object(Symfony\\Component\\Console\\Input\\ArgvInput), Object(Symfony\\Component\\Console\\Output\\ConsoleOutput))
#8 {main}
"} 
[2024-05-26 17:06:00] production.ERROR: Class "Barryvdh\Debugbar\ServiceProvider" not found {"exception":"[object] (Error(code: 0): Class \"Barryvdh\\Debugbar\\ServiceProvider\" not found at /Users/aldyhelix/Projects/www/backend_rmi/vendor/laravel/framework/src/Illuminate/Foundation/ProviderRepository.php:208)
[stacktrace]
#0 /Users/aldyhelix/Projects/www/backend_rmi/vendor/laravel/framework/src/Illuminate/Foundation/ProviderRepository.php(144): Illuminate\\Foundation\\ProviderRepository->createProvider('Barryvdh\\\\Debugb...')
#1 /Users/aldyhelix/Projects/www/backend_rmi/vendor/laravel/framework/src/Illuminate/Foundation/ProviderRepository.php(61): Illuminate\\Foundation\\ProviderRepository->compileManifest(Array)
#2 /Users/aldyhelix/Projects/www/backend_rmi/vendor/laravel/framework/src/Illuminate/Foundation/Application.php(659): Illuminate\\Foundation\\ProviderRepository->load(Array)
#3 /Users/aldyhelix/Projects/www/backend_rmi/vendor/laravel/framework/src/Illuminate/Foundation/Bootstrap/RegisterProviders.php(17): Illuminate\\Foundation\\Application->registerConfiguredProviders()
#4 /Users/aldyhelix/Projects/www/backend_rmi/vendor/laravel/framework/src/Illuminate/Foundation/Application.php(237): Illuminate\\Foundation\\Bootstrap\\RegisterProviders->bootstrap(Object(Illuminate\\Foundation\\Application))
#5 /Users/aldyhelix/Projects/www/backend_rmi/vendor/laravel/framework/src/Illuminate/Foundation/Console/Kernel.php(310): Illuminate\\Foundation\\Application->bootstrapWith(Array)
#6 /Users/aldyhelix/Projects/www/backend_rmi/vendor/laravel/framework/src/Illuminate/Foundation/Console/Kernel.php(127): Illuminate\\Foundation\\Console\\Kernel->bootstrap()
#7 Command line code(1): Illuminate\\Foundation\\Console\\Kernel->handle(Object(Symfony\\Component\\Console\\Input\\ArgvInput), Object(Symfony\\Component\\Console\\Output\\ConsoleOutput))
#8 {main}
"} 
[2024-05-26 17:06:03] production.ERROR: Class "Barryvdh\Debugbar\ServiceProvider" not found {"exception":"[object] (Error(code: 0): Class \"Barryvdh\\Debugbar\\ServiceProvider\" not found at /Users/aldyhelix/Projects/www/backend_rmi/vendor/laravel/framework/src/Illuminate/Foundation/ProviderRepository.php:208)
[stacktrace]
#0 /Users/aldyhelix/Projects/www/backend_rmi/vendor/laravel/framework/src/Illuminate/Foundation/ProviderRepository.php(144): Illuminate\\Foundation\\ProviderRepository->createProvider('Barryvdh\\\\Debugb...')
#1 /Users/aldyhelix/Projects/www/backend_rmi/vendor/laravel/framework/src/Illuminate/Foundation/ProviderRepository.php(61): Illuminate\\Foundation\\ProviderRepository->compileManifest(Array)
#2 /Users/aldyhelix/Projects/www/backend_rmi/vendor/laravel/framework/src/Illuminate/Foundation/Application.php(659): Illuminate\\Foundation\\ProviderRepository->load(Array)
#3 /Users/aldyhelix/Projects/www/backend_rmi/vendor/laravel/framework/src/Illuminate/Foundation/Bootstrap/RegisterProviders.php(17): Illuminate\\Foundation\\Application->registerConfiguredProviders()
#4 /Users/aldyhelix/Projects/www/backend_rmi/vendor/laravel/framework/src/Illuminate/Foundation/Application.php(237): Illuminate\\Foundation\\Bootstrap\\RegisterProviders->bootstrap(Object(Illuminate\\Foundation\\Application))
#5 /Users/aldyhelix/Projects/www/backend_rmi/vendor/laravel/framework/src/Illuminate/Foundation/Console/Kernel.php(310): Illuminate\\Foundation\\Application->bootstrapWith(Array)
#6 /Users/aldyhelix/Projects/www/backend_rmi/vendor/laravel/framework/src/Illuminate/Foundation/Console/Kernel.php(127): Illuminate\\Foundation\\Console\\Kernel->bootstrap()
#7 /Users/aldyhelix/Projects/www/backend_rmi/artisan(37): Illuminate\\Foundation\\Console\\Kernel->handle(Object(Symfony\\Component\\Console\\Input\\ArgvInput), Object(Symfony\\Component\\Console\\Output\\ConsoleOutput))
#8 {main}
"} 
[2024-05-26 17:06:33] production.ERROR: Class "Barryvdh\Debugbar\ServiceProvider" not found {"exception":"[object] (Error(code: 0): Class \"Barryvdh\\Debugbar\\ServiceProvider\" not found at /Users/aldyhelix/Projects/www/backend_rmi/vendor/laravel/framework/src/Illuminate/Foundation/ProviderRepository.php:208)
[stacktrace]
#0 /Users/aldyhelix/Projects/www/backend_rmi/vendor/laravel/framework/src/Illuminate/Foundation/ProviderRepository.php(144): Illuminate\\Foundation\\ProviderRepository->createProvider('Barryvdh\\\\Debugb...')
#1 /Users/aldyhelix/Projects/www/backend_rmi/vendor/laravel/framework/src/Illuminate/Foundation/ProviderRepository.php(61): Illuminate\\Foundation\\ProviderRepository->compileManifest(Array)
#2 /Users/aldyhelix/Projects/www/backend_rmi/vendor/laravel/framework/src/Illuminate/Foundation/Application.php(659): Illuminate\\Foundation\\ProviderRepository->load(Array)
#3 /Users/aldyhelix/Projects/www/backend_rmi/vendor/laravel/framework/src/Illuminate/Foundation/Bootstrap/RegisterProviders.php(17): Illuminate\\Foundation\\Application->registerConfiguredProviders()
#4 /Users/aldyhelix/Projects/www/backend_rmi/vendor/laravel/framework/src/Illuminate/Foundation/Application.php(237): Illuminate\\Foundation\\Bootstrap\\RegisterProviders->bootstrap(Object(Illuminate\\Foundation\\Application))
#5 /Users/aldyhelix/Projects/www/backend_rmi/vendor/laravel/framework/src/Illuminate/Foundation/Console/Kernel.php(310): Illuminate\\Foundation\\Application->bootstrapWith(Array)
#6 /Users/aldyhelix/Projects/www/backend_rmi/vendor/laravel/framework/src/Illuminate/Foundation/Console/Kernel.php(127): Illuminate\\Foundation\\Console\\Kernel->bootstrap()
#7 Command line code(1): Illuminate\\Foundation\\Console\\Kernel->handle(Object(Symfony\\Component\\Console\\Input\\ArgvInput), Object(Symfony\\Component\\Console\\Output\\ConsoleOutput))
#8 {main}
"} 
[2024-05-26 17:06:33] production.ERROR: Class "Barryvdh\Debugbar\ServiceProvider" not found {"exception":"[object] (Error(code: 0): Class \"Barryvdh\\Debugbar\\ServiceProvider\" not found at /Users/aldyhelix/Projects/www/backend_rmi/vendor/laravel/framework/src/Illuminate/Foundation/ProviderRepository.php:208)
[stacktrace]
#0 /Users/aldyhelix/Projects/www/backend_rmi/vendor/laravel/framework/src/Illuminate/Foundation/ProviderRepository.php(144): Illuminate\\Foundation\\ProviderRepository->createProvider('Barryvdh\\\\Debugb...')
#1 /Users/aldyhelix/Projects/www/backend_rmi/vendor/laravel/framework/src/Illuminate/Foundation/ProviderRepository.php(61): Illuminate\\Foundation\\ProviderRepository->compileManifest(Array)
#2 /Users/aldyhelix/Projects/www/backend_rmi/vendor/laravel/framework/src/Illuminate/Foundation/Application.php(659): Illuminate\\Foundation\\ProviderRepository->load(Array)
#3 /Users/aldyhelix/Projects/www/backend_rmi/vendor/laravel/framework/src/Illuminate/Foundation/Bootstrap/RegisterProviders.php(17): Illuminate\\Foundation\\Application->registerConfiguredProviders()
#4 /Users/aldyhelix/Projects/www/backend_rmi/vendor/laravel/framework/src/Illuminate/Foundation/Application.php(237): Illuminate\\Foundation\\Bootstrap\\RegisterProviders->bootstrap(Object(Illuminate\\Foundation\\Application))
#5 /Users/aldyhelix/Projects/www/backend_rmi/vendor/laravel/framework/src/Illuminate/Foundation/Console/Kernel.php(310): Illuminate\\Foundation\\Application->bootstrapWith(Array)
#6 /Users/aldyhelix/Projects/www/backend_rmi/vendor/laravel/framework/src/Illuminate/Foundation/Console/Kernel.php(127): Illuminate\\Foundation\\Console\\Kernel->bootstrap()
#7 Command line code(1): Illuminate\\Foundation\\Console\\Kernel->handle(Object(Symfony\\Component\\Console\\Input\\ArgvInput), Object(Symfony\\Component\\Console\\Output\\ConsoleOutput))
#8 {main}
"} 
[2024-05-26 17:07:30] production.ERROR: Class "Barryvdh\Debugbar\ServiceProvider" not found {"exception":"[object] (Error(code: 0): Class \"Barryvdh\\Debugbar\\ServiceProvider\" not found at /Users/aldyhelix/Projects/www/backend_rmi/vendor/laravel/framework/src/Illuminate/Foundation/ProviderRepository.php:208)
[stacktrace]
#0 /Users/aldyhelix/Projects/www/backend_rmi/vendor/laravel/framework/src/Illuminate/Foundation/ProviderRepository.php(144): Illuminate\\Foundation\\ProviderRepository->createProvider('Barryvdh\\\\Debugb...')
#1 /Users/aldyhelix/Projects/www/backend_rmi/vendor/laravel/framework/src/Illuminate/Foundation/ProviderRepository.php(61): Illuminate\\Foundation\\ProviderRepository->compileManifest(Array)
#2 /Users/aldyhelix/Projects/www/backend_rmi/vendor/laravel/framework/src/Illuminate/Foundation/Application.php(659): Illuminate\\Foundation\\ProviderRepository->load(Array)
#3 /Users/aldyhelix/Projects/www/backend_rmi/vendor/laravel/framework/src/Illuminate/Foundation/Bootstrap/RegisterProviders.php(17): Illuminate\\Foundation\\Application->registerConfiguredProviders()
#4 /Users/aldyhelix/Projects/www/backend_rmi/vendor/laravel/framework/src/Illuminate/Foundation/Application.php(237): Illuminate\\Foundation\\Bootstrap\\RegisterProviders->bootstrap(Object(Illuminate\\Foundation\\Application))
#5 /Users/aldyhelix/Projects/www/backend_rmi/vendor/laravel/framework/src/Illuminate/Foundation/Console/Kernel.php(310): Illuminate\\Foundation\\Application->bootstrapWith(Array)
#6 /Users/aldyhelix/Projects/www/backend_rmi/vendor/laravel/framework/src/Illuminate/Foundation/Console/Kernel.php(127): Illuminate\\Foundation\\Console\\Kernel->bootstrap()
#7 Command line code(1): Illuminate\\Foundation\\Console\\Kernel->handle(Object(Symfony\\Component\\Console\\Input\\ArgvInput), Object(Symfony\\Component\\Console\\Output\\ConsoleOutput))
#8 {main}
"} 
[2024-05-26 17:07:33] production.ERROR: Class "Barryvdh\Debugbar\ServiceProvider" not found {"exception":"[object] (Error(code: 0): Class \"Barryvdh\\Debugbar\\ServiceProvider\" not found at /Users/aldyhelix/Projects/www/backend_rmi/vendor/laravel/framework/src/Illuminate/Foundation/ProviderRepository.php:208)
[stacktrace]
#0 /Users/aldyhelix/Projects/www/backend_rmi/vendor/laravel/framework/src/Illuminate/Foundation/ProviderRepository.php(144): Illuminate\\Foundation\\ProviderRepository->createProvider('Barryvdh\\\\Debugb...')
#1 /Users/aldyhelix/Projects/www/backend_rmi/vendor/laravel/framework/src/Illuminate/Foundation/ProviderRepository.php(61): Illuminate\\Foundation\\ProviderRepository->compileManifest(Array)
#2 /Users/aldyhelix/Projects/www/backend_rmi/vendor/laravel/framework/src/Illuminate/Foundation/Application.php(659): Illuminate\\Foundation\\ProviderRepository->load(Array)
#3 /Users/aldyhelix/Projects/www/backend_rmi/vendor/laravel/framework/src/Illuminate/Foundation/Bootstrap/RegisterProviders.php(17): Illuminate\\Foundation\\Application->registerConfiguredProviders()
#4 /Users/aldyhelix/Projects/www/backend_rmi/vendor/laravel/framework/src/Illuminate/Foundation/Application.php(237): Illuminate\\Foundation\\Bootstrap\\RegisterProviders->bootstrap(Object(Illuminate\\Foundation\\Application))
#5 /Users/aldyhelix/Projects/www/backend_rmi/vendor/laravel/framework/src/Illuminate/Foundation/Console/Kernel.php(310): Illuminate\\Foundation\\Application->bootstrapWith(Array)
#6 /Users/aldyhelix/Projects/www/backend_rmi/vendor/laravel/framework/src/Illuminate/Foundation/Console/Kernel.php(127): Illuminate\\Foundation\\Console\\Kernel->bootstrap()
#7 Command line code(1): Illuminate\\Foundation\\Console\\Kernel->handle(Object(Symfony\\Component\\Console\\Input\\ArgvInput), Object(Symfony\\Component\\Console\\Output\\ConsoleOutput))
#8 {main}
"} 
[2024-05-26 17:07:33] production.ERROR: Class "Barryvdh\Debugbar\ServiceProvider" not found {"exception":"[object] (Error(code: 0): Class \"Barryvdh\\Debugbar\\ServiceProvider\" not found at /Users/aldyhelix/Projects/www/backend_rmi/vendor/laravel/framework/src/Illuminate/Foundation/ProviderRepository.php:208)
[stacktrace]
#0 /Users/aldyhelix/Projects/www/backend_rmi/vendor/laravel/framework/src/Illuminate/Foundation/ProviderRepository.php(144): Illuminate\\Foundation\\ProviderRepository->createProvider('Barryvdh\\\\Debugb...')
#1 /Users/aldyhelix/Projects/www/backend_rmi/vendor/laravel/framework/src/Illuminate/Foundation/ProviderRepository.php(61): Illuminate\\Foundation\\ProviderRepository->compileManifest(Array)
#2 /Users/aldyhelix/Projects/www/backend_rmi/vendor/laravel/framework/src/Illuminate/Foundation/Application.php(659): Illuminate\\Foundation\\ProviderRepository->load(Array)
#3 /Users/aldyhelix/Projects/www/backend_rmi/vendor/laravel/framework/src/Illuminate/Foundation/Bootstrap/RegisterProviders.php(17): Illuminate\\Foundation\\Application->registerConfiguredProviders()
#4 /Users/aldyhelix/Projects/www/backend_rmi/vendor/laravel/framework/src/Illuminate/Foundation/Application.php(237): Illuminate\\Foundation\\Bootstrap\\RegisterProviders->bootstrap(Object(Illuminate\\Foundation\\Application))
#5 /Users/aldyhelix/Projects/www/backend_rmi/vendor/laravel/framework/src/Illuminate/Foundation/Console/Kernel.php(310): Illuminate\\Foundation\\Application->bootstrapWith(Array)
#6 /Users/aldyhelix/Projects/www/backend_rmi/vendor/laravel/framework/src/Illuminate/Foundation/Console/Kernel.php(127): Illuminate\\Foundation\\Console\\Kernel->bootstrap()
#7 Command line code(1): Illuminate\\Foundation\\Console\\Kernel->handle(Object(Symfony\\Component\\Console\\Input\\ArgvInput), Object(Symfony\\Component\\Console\\Output\\ConsoleOutput))
#8 {main}
"} 
[2024-05-26 17:07:33] production.ERROR: Class "Barryvdh\Debugbar\ServiceProvider" not found {"exception":"[object] (Error(code: 0): Class \"Barryvdh\\Debugbar\\ServiceProvider\" not found at /Users/aldyhelix/Projects/www/backend_rmi/vendor/laravel/framework/src/Illuminate/Foundation/ProviderRepository.php:208)
[stacktrace]
#0 /Users/aldyhelix/Projects/www/backend_rmi/vendor/laravel/framework/src/Illuminate/Foundation/ProviderRepository.php(144): Illuminate\\Foundation\\ProviderRepository->createProvider('Barryvdh\\\\Debugb...')
#1 /Users/aldyhelix/Projects/www/backend_rmi/vendor/laravel/framework/src/Illuminate/Foundation/ProviderRepository.php(61): Illuminate\\Foundation\\ProviderRepository->compileManifest(Array)
#2 /Users/aldyhelix/Projects/www/backend_rmi/vendor/laravel/framework/src/Illuminate/Foundation/Application.php(659): Illuminate\\Foundation\\ProviderRepository->load(Array)
#3 /Users/aldyhelix/Projects/www/backend_rmi/vendor/laravel/framework/src/Illuminate/Foundation/Bootstrap/RegisterProviders.php(17): Illuminate\\Foundation\\Application->registerConfiguredProviders()
#4 /Users/aldyhelix/Projects/www/backend_rmi/vendor/laravel/framework/src/Illuminate/Foundation/Application.php(237): Illuminate\\Foundation\\Bootstrap\\RegisterProviders->bootstrap(Object(Illuminate\\Foundation\\Application))
#5 /Users/aldyhelix/Projects/www/backend_rmi/vendor/laravel/framework/src/Illuminate/Foundation/Console/Kernel.php(310): Illuminate\\Foundation\\Application->bootstrapWith(Array)
#6 /Users/aldyhelix/Projects/www/backend_rmi/vendor/laravel/framework/src/Illuminate/Foundation/Console/Kernel.php(127): Illuminate\\Foundation\\Console\\Kernel->bootstrap()
#7 Command line code(1): Illuminate\\Foundation\\Console\\Kernel->handle(Object(Symfony\\Component\\Console\\Input\\ArgvInput), Object(Symfony\\Component\\Console\\Output\\ConsoleOutput))
#8 {main}
"} 
[2024-05-26 17:08:33] production.ERROR: Class "Barryvdh\Debugbar\ServiceProvider" not found {"exception":"[object] (Error(code: 0): Class \"Barryvdh\\Debugbar\\ServiceProvider\" not found at /Users/aldyhelix/Projects/www/backend_rmi/vendor/laravel/framework/src/Illuminate/Foundation/ProviderRepository.php:208)
[stacktrace]
#0 /Users/aldyhelix/Projects/www/backend_rmi/vendor/laravel/framework/src/Illuminate/Foundation/ProviderRepository.php(144): Illuminate\\Foundation\\ProviderRepository->createProvider('Barryvdh\\\\Debugb...')
#1 /Users/aldyhelix/Projects/www/backend_rmi/vendor/laravel/framework/src/Illuminate/Foundation/ProviderRepository.php(61): Illuminate\\Foundation\\ProviderRepository->compileManifest(Array)
#2 /Users/aldyhelix/Projects/www/backend_rmi/vendor/laravel/framework/src/Illuminate/Foundation/Application.php(659): Illuminate\\Foundation\\ProviderRepository->load(Array)
#3 /Users/aldyhelix/Projects/www/backend_rmi/vendor/laravel/framework/src/Illuminate/Foundation/Bootstrap/RegisterProviders.php(17): Illuminate\\Foundation\\Application->registerConfiguredProviders()
#4 /Users/aldyhelix/Projects/www/backend_rmi/vendor/laravel/framework/src/Illuminate/Foundation/Application.php(237): Illuminate\\Foundation\\Bootstrap\\RegisterProviders->bootstrap(Object(Illuminate\\Foundation\\Application))
#5 /Users/aldyhelix/Projects/www/backend_rmi/vendor/laravel/framework/src/Illuminate/Foundation/Console/Kernel.php(310): Illuminate\\Foundation\\Application->bootstrapWith(Array)
#6 /Users/aldyhelix/Projects/www/backend_rmi/vendor/laravel/framework/src/Illuminate/Foundation/Console/Kernel.php(127): Illuminate\\Foundation\\Console\\Kernel->bootstrap()
#7 Command line code(1): Illuminate\\Foundation\\Console\\Kernel->handle(Object(Symfony\\Component\\Console\\Input\\ArgvInput), Object(Symfony\\Component\\Console\\Output\\ConsoleOutput))
#8 {main}
"} 
[2024-05-26 17:08:33] production.ERROR: Class "Barryvdh\Debugbar\ServiceProvider" not found {"exception":"[object] (Error(code: 0): Class \"Barryvdh\\Debugbar\\ServiceProvider\" not found at /Users/aldyhelix/Projects/www/backend_rmi/vendor/laravel/framework/src/Illuminate/Foundation/ProviderRepository.php:208)
[stacktrace]
#0 /Users/aldyhelix/Projects/www/backend_rmi/vendor/laravel/framework/src/Illuminate/Foundation/ProviderRepository.php(144): Illuminate\\Foundation\\ProviderRepository->createProvider('Barryvdh\\\\Debugb...')
#1 /Users/aldyhelix/Projects/www/backend_rmi/vendor/laravel/framework/src/Illuminate/Foundation/ProviderRepository.php(61): Illuminate\\Foundation\\ProviderRepository->compileManifest(Array)
#2 /Users/aldyhelix/Projects/www/backend_rmi/vendor/laravel/framework/src/Illuminate/Foundation/Application.php(659): Illuminate\\Foundation\\ProviderRepository->load(Array)
#3 /Users/aldyhelix/Projects/www/backend_rmi/vendor/laravel/framework/src/Illuminate/Foundation/Bootstrap/RegisterProviders.php(17): Illuminate\\Foundation\\Application->registerConfiguredProviders()
#4 /Users/aldyhelix/Projects/www/backend_rmi/vendor/laravel/framework/src/Illuminate/Foundation/Application.php(237): Illuminate\\Foundation\\Bootstrap\\RegisterProviders->bootstrap(Object(Illuminate\\Foundation\\Application))
#5 /Users/aldyhelix/Projects/www/backend_rmi/vendor/laravel/framework/src/Illuminate/Foundation/Console/Kernel.php(310): Illuminate\\Foundation\\Application->bootstrapWith(Array)
#6 /Users/aldyhelix/Projects/www/backend_rmi/vendor/laravel/framework/src/Illuminate/Foundation/Console/Kernel.php(127): Illuminate\\Foundation\\Console\\Kernel->bootstrap()
#7 Command line code(1): Illuminate\\Foundation\\Console\\Kernel->handle(Object(Symfony\\Component\\Console\\Input\\ArgvInput), Object(Symfony\\Component\\Console\\Output\\ConsoleOutput))
#8 {main}
"} 
[2024-05-26 17:08:57] production.ERROR: Class "Barryvdh\Debugbar\ServiceProvider" not found {"exception":"[object] (Error(code: 0): Class \"Barryvdh\\Debugbar\\ServiceProvider\" not found at /Users/aldyhelix/Projects/www/backend_rmi/vendor/laravel/framework/src/Illuminate/Foundation/ProviderRepository.php:208)
[stacktrace]
#0 /Users/aldyhelix/Projects/www/backend_rmi/vendor/laravel/framework/src/Illuminate/Foundation/ProviderRepository.php(144): Illuminate\\Foundation\\ProviderRepository->createProvider('Barryvdh\\\\Debugb...')
#1 /Users/aldyhelix/Projects/www/backend_rmi/vendor/laravel/framework/src/Illuminate/Foundation/ProviderRepository.php(61): Illuminate\\Foundation\\ProviderRepository->compileManifest(Array)
#2 /Users/aldyhelix/Projects/www/backend_rmi/vendor/laravel/framework/src/Illuminate/Foundation/Application.php(659): Illuminate\\Foundation\\ProviderRepository->load(Array)
#3 /Users/aldyhelix/Projects/www/backend_rmi/vendor/laravel/framework/src/Illuminate/Foundation/Bootstrap/RegisterProviders.php(17): Illuminate\\Foundation\\Application->registerConfiguredProviders()
#4 /Users/aldyhelix/Projects/www/backend_rmi/vendor/laravel/framework/src/Illuminate/Foundation/Application.php(237): Illuminate\\Foundation\\Bootstrap\\RegisterProviders->bootstrap(Object(Illuminate\\Foundation\\Application))
#5 /Users/aldyhelix/Projects/www/backend_rmi/vendor/laravel/framework/src/Illuminate/Foundation/Console/Kernel.php(310): Illuminate\\Foundation\\Application->bootstrapWith(Array)
#6 /Users/aldyhelix/Projects/www/backend_rmi/vendor/laravel/framework/src/Illuminate/Foundation/Console/Kernel.php(127): Illuminate\\Foundation\\Console\\Kernel->bootstrap()
#7 /Users/aldyhelix/Projects/www/backend_rmi/artisan(37): Illuminate\\Foundation\\Console\\Kernel->handle(Object(Symfony\\Component\\Console\\Input\\ArgvInput), Object(Symfony\\Component\\Console\\Output\\ConsoleOutput))
#8 {main}
"} 
[2024-05-26 17:09:33] production.ERROR: Class "Barryvdh\Debugbar\ServiceProvider" not found {"exception":"[object] (Error(code: 0): Class \"Barryvdh\\Debugbar\\ServiceProvider\" not found at /Users/aldyhelix/Projects/www/backend_rmi/vendor/laravel/framework/src/Illuminate/Foundation/ProviderRepository.php:208)
[stacktrace]
#0 /Users/aldyhelix/Projects/www/backend_rmi/vendor/laravel/framework/src/Illuminate/Foundation/ProviderRepository.php(144): Illuminate\\Foundation\\ProviderRepository->createProvider('Barryvdh\\\\Debugb...')
#1 /Users/aldyhelix/Projects/www/backend_rmi/vendor/laravel/framework/src/Illuminate/Foundation/ProviderRepository.php(61): Illuminate\\Foundation\\ProviderRepository->compileManifest(Array)
#2 /Users/aldyhelix/Projects/www/backend_rmi/vendor/laravel/framework/src/Illuminate/Foundation/Application.php(659): Illuminate\\Foundation\\ProviderRepository->load(Array)
#3 /Users/aldyhelix/Projects/www/backend_rmi/vendor/laravel/framework/src/Illuminate/Foundation/Bootstrap/RegisterProviders.php(17): Illuminate\\Foundation\\Application->registerConfiguredProviders()
#4 /Users/aldyhelix/Projects/www/backend_rmi/vendor/laravel/framework/src/Illuminate/Foundation/Application.php(237): Illuminate\\Foundation\\Bootstrap\\RegisterProviders->bootstrap(Object(Illuminate\\Foundation\\Application))
#5 /Users/aldyhelix/Projects/www/backend_rmi/vendor/laravel/framework/src/Illuminate/Foundation/Console/Kernel.php(310): Illuminate\\Foundation\\Application->bootstrapWith(Array)
#6 /Users/aldyhelix/Projects/www/backend_rmi/vendor/laravel/framework/src/Illuminate/Foundation/Console/Kernel.php(127): Illuminate\\Foundation\\Console\\Kernel->bootstrap()
#7 Command line code(1): Illuminate\\Foundation\\Console\\Kernel->handle(Object(Symfony\\Component\\Console\\Input\\ArgvInput), Object(Symfony\\Component\\Console\\Output\\ConsoleOutput))
#8 {main}
"} 
[2024-05-26 17:09:33] production.ERROR: Class "Barryvdh\Debugbar\ServiceProvider" not found {"exception":"[object] (Error(code: 0): Class \"Barryvdh\\Debugbar\\ServiceProvider\" not found at /Users/aldyhelix/Projects/www/backend_rmi/vendor/laravel/framework/src/Illuminate/Foundation/ProviderRepository.php:208)
[stacktrace]
#0 /Users/aldyhelix/Projects/www/backend_rmi/vendor/laravel/framework/src/Illuminate/Foundation/ProviderRepository.php(144): Illuminate\\Foundation\\ProviderRepository->createProvider('Barryvdh\\\\Debugb...')
#1 /Users/aldyhelix/Projects/www/backend_rmi/vendor/laravel/framework/src/Illuminate/Foundation/ProviderRepository.php(61): Illuminate\\Foundation\\ProviderRepository->compileManifest(Array)
#2 /Users/aldyhelix/Projects/www/backend_rmi/vendor/laravel/framework/src/Illuminate/Foundation/Application.php(659): Illuminate\\Foundation\\ProviderRepository->load(Array)
#3 /Users/aldyhelix/Projects/www/backend_rmi/vendor/laravel/framework/src/Illuminate/Foundation/Bootstrap/RegisterProviders.php(17): Illuminate\\Foundation\\Application->registerConfiguredProviders()
#4 /Users/aldyhelix/Projects/www/backend_rmi/vendor/laravel/framework/src/Illuminate/Foundation/Application.php(237): Illuminate\\Foundation\\Bootstrap\\RegisterProviders->bootstrap(Object(Illuminate\\Foundation\\Application))
#5 /Users/aldyhelix/Projects/www/backend_rmi/vendor/laravel/framework/src/Illuminate/Foundation/Console/Kernel.php(310): Illuminate\\Foundation\\Application->bootstrapWith(Array)
#6 /Users/aldyhelix/Projects/www/backend_rmi/vendor/laravel/framework/src/Illuminate/Foundation/Console/Kernel.php(127): Illuminate\\Foundation\\Console\\Kernel->bootstrap()
#7 Command line code(1): Illuminate\\Foundation\\Console\\Kernel->handle(Object(Symfony\\Component\\Console\\Input\\ArgvInput), Object(Symfony\\Component\\Console\\Output\\ConsoleOutput))
#8 {main}
"} 
[2024-05-26 17:10:33] production.ERROR: Class "Barryvdh\Debugbar\ServiceProvider" not found {"exception":"[object] (Error(code: 0): Class \"Barryvdh\\Debugbar\\ServiceProvider\" not found at /Users/aldyhelix/Projects/www/backend_rmi/vendor/laravel/framework/src/Illuminate/Foundation/ProviderRepository.php:208)
[stacktrace]
#0 /Users/aldyhelix/Projects/www/backend_rmi/vendor/laravel/framework/src/Illuminate/Foundation/ProviderRepository.php(144): Illuminate\\Foundation\\ProviderRepository->createProvider('Barryvdh\\\\Debugb...')
#1 /Users/aldyhelix/Projects/www/backend_rmi/vendor/laravel/framework/src/Illuminate/Foundation/ProviderRepository.php(61): Illuminate\\Foundation\\ProviderRepository->compileManifest(Array)
#2 /Users/aldyhelix/Projects/www/backend_rmi/vendor/laravel/framework/src/Illuminate/Foundation/Application.php(659): Illuminate\\Foundation\\ProviderRepository->load(Array)
#3 /Users/aldyhelix/Projects/www/backend_rmi/vendor/laravel/framework/src/Illuminate/Foundation/Bootstrap/RegisterProviders.php(17): Illuminate\\Foundation\\Application->registerConfiguredProviders()
#4 /Users/aldyhelix/Projects/www/backend_rmi/vendor/laravel/framework/src/Illuminate/Foundation/Application.php(237): Illuminate\\Foundation\\Bootstrap\\RegisterProviders->bootstrap(Object(Illuminate\\Foundation\\Application))
#5 /Users/aldyhelix/Projects/www/backend_rmi/vendor/laravel/framework/src/Illuminate/Foundation/Console/Kernel.php(310): Illuminate\\Foundation\\Application->bootstrapWith(Array)
#6 /Users/aldyhelix/Projects/www/backend_rmi/vendor/laravel/framework/src/Illuminate/Foundation/Console/Kernel.php(127): Illuminate\\Foundation\\Console\\Kernel->bootstrap()
#7 Command line code(1): Illuminate\\Foundation\\Console\\Kernel->handle(Object(Symfony\\Component\\Console\\Input\\ArgvInput), Object(Symfony\\Component\\Console\\Output\\ConsoleOutput))
#8 {main}
"} 
[2024-05-26 17:10:33] production.ERROR: Class "Barryvdh\Debugbar\ServiceProvider" not found {"exception":"[object] (Error(code: 0): Class \"Barryvdh\\Debugbar\\ServiceProvider\" not found at /Users/aldyhelix/Projects/www/backend_rmi/vendor/laravel/framework/src/Illuminate/Foundation/ProviderRepository.php:208)
[stacktrace]
#0 /Users/aldyhelix/Projects/www/backend_rmi/vendor/laravel/framework/src/Illuminate/Foundation/ProviderRepository.php(144): Illuminate\\Foundation\\ProviderRepository->createProvider('Barryvdh\\\\Debugb...')
#1 /Users/aldyhelix/Projects/www/backend_rmi/vendor/laravel/framework/src/Illuminate/Foundation/ProviderRepository.php(61): Illuminate\\Foundation\\ProviderRepository->compileManifest(Array)
#2 /Users/aldyhelix/Projects/www/backend_rmi/vendor/laravel/framework/src/Illuminate/Foundation/Application.php(659): Illuminate\\Foundation\\ProviderRepository->load(Array)
#3 /Users/aldyhelix/Projects/www/backend_rmi/vendor/laravel/framework/src/Illuminate/Foundation/Bootstrap/RegisterProviders.php(17): Illuminate\\Foundation\\Application->registerConfiguredProviders()
#4 /Users/aldyhelix/Projects/www/backend_rmi/vendor/laravel/framework/src/Illuminate/Foundation/Application.php(237): Illuminate\\Foundation\\Bootstrap\\RegisterProviders->bootstrap(Object(Illuminate\\Foundation\\Application))
#5 /Users/aldyhelix/Projects/www/backend_rmi/vendor/laravel/framework/src/Illuminate/Foundation/Console/Kernel.php(310): Illuminate\\Foundation\\Application->bootstrapWith(Array)
#6 /Users/aldyhelix/Projects/www/backend_rmi/vendor/laravel/framework/src/Illuminate/Foundation/Console/Kernel.php(127): Illuminate\\Foundation\\Console\\Kernel->bootstrap()
#7 Command line code(1): Illuminate\\Foundation\\Console\\Kernel->handle(Object(Symfony\\Component\\Console\\Input\\ArgvInput), Object(Symfony\\Component\\Console\\Output\\ConsoleOutput))
#8 {main}
"} 
[2024-05-26 17:10:57] production.ERROR: Class "Barryvdh\Debugbar\ServiceProvider" not found {"exception":"[object] (Error(code: 0): Class \"Barryvdh\\Debugbar\\ServiceProvider\" not found at /Users/aldyhelix/Projects/www/backend_rmi/vendor/laravel/framework/src/Illuminate/Foundation/ProviderRepository.php:208)
[stacktrace]
#0 /Users/aldyhelix/Projects/www/backend_rmi/vendor/laravel/framework/src/Illuminate/Foundation/ProviderRepository.php(144): Illuminate\\Foundation\\ProviderRepository->createProvider('Barryvdh\\\\Debugb...')
#1 /Users/aldyhelix/Projects/www/backend_rmi/vendor/laravel/framework/src/Illuminate/Foundation/ProviderRepository.php(61): Illuminate\\Foundation\\ProviderRepository->compileManifest(Array)
#2 /Users/aldyhelix/Projects/www/backend_rmi/vendor/laravel/framework/src/Illuminate/Foundation/Application.php(659): Illuminate\\Foundation\\ProviderRepository->load(Array)
#3 /Users/aldyhelix/Projects/www/backend_rmi/vendor/laravel/framework/src/Illuminate/Foundation/Bootstrap/RegisterProviders.php(17): Illuminate\\Foundation\\Application->registerConfiguredProviders()
#4 /Users/aldyhelix/Projects/www/backend_rmi/vendor/laravel/framework/src/Illuminate/Foundation/Application.php(237): Illuminate\\Foundation\\Bootstrap\\RegisterProviders->bootstrap(Object(Illuminate\\Foundation\\Application))
#5 /Users/aldyhelix/Projects/www/backend_rmi/vendor/laravel/framework/src/Illuminate/Foundation/Console/Kernel.php(310): Illuminate\\Foundation\\Application->bootstrapWith(Array)
#6 /Users/aldyhelix/Projects/www/backend_rmi/vendor/laravel/framework/src/Illuminate/Foundation/Console/Kernel.php(127): Illuminate\\Foundation\\Console\\Kernel->bootstrap()
#7 /Users/aldyhelix/Projects/www/backend_rmi/artisan(37): Illuminate\\Foundation\\Console\\Kernel->handle(Object(Symfony\\Component\\Console\\Input\\ArgvInput), Object(Symfony\\Component\\Console\\Output\\ConsoleOutput))
#8 {main}
"} 
[2024-05-26 17:11:18] production.ERROR: Class "Barryvdh\Debugbar\ServiceProvider" not found {"exception":"[object] (Error(code: 0): Class \"Barryvdh\\Debugbar\\ServiceProvider\" not found at /Users/aldyhelix/Projects/www/backend_rmi/vendor/laravel/framework/src/Illuminate/Foundation/ProviderRepository.php:208)
[stacktrace]
#0 /Users/aldyhelix/Projects/www/backend_rmi/vendor/laravel/framework/src/Illuminate/Foundation/ProviderRepository.php(144): Illuminate\\Foundation\\ProviderRepository->createProvider('Barryvdh\\\\Debugb...')
#1 /Users/aldyhelix/Projects/www/backend_rmi/vendor/laravel/framework/src/Illuminate/Foundation/ProviderRepository.php(61): Illuminate\\Foundation\\ProviderRepository->compileManifest(Array)
#2 /Users/aldyhelix/Projects/www/backend_rmi/vendor/laravel/framework/src/Illuminate/Foundation/Application.php(659): Illuminate\\Foundation\\ProviderRepository->load(Array)
#3 /Users/aldyhelix/Projects/www/backend_rmi/vendor/laravel/framework/src/Illuminate/Foundation/Bootstrap/RegisterProviders.php(17): Illuminate\\Foundation\\Application->registerConfiguredProviders()
#4 /Users/aldyhelix/Projects/www/backend_rmi/vendor/laravel/framework/src/Illuminate/Foundation/Application.php(237): Illuminate\\Foundation\\Bootstrap\\RegisterProviders->bootstrap(Object(Illuminate\\Foundation\\Application))
#5 /Users/aldyhelix/Projects/www/backend_rmi/vendor/laravel/framework/src/Illuminate/Foundation/Console/Kernel.php(310): Illuminate\\Foundation\\Application->bootstrapWith(Array)
#6 /Users/aldyhelix/Projects/www/backend_rmi/vendor/laravel/framework/src/Illuminate/Foundation/Console/Kernel.php(127): Illuminate\\Foundation\\Console\\Kernel->bootstrap()
#7 /Users/aldyhelix/Projects/www/backend_rmi/artisan(37): Illuminate\\Foundation\\Console\\Kernel->handle(Object(Symfony\\Component\\Console\\Input\\ArgvInput), Object(Symfony\\Component\\Console\\Output\\ConsoleOutput))
#8 {main}
"} 
[2024-05-26 17:11:31] production.ERROR: Class "Barryvdh\Debugbar\ServiceProvider" not found {"exception":"[object] (Error(code: 0): Class \"Barryvdh\\Debugbar\\ServiceProvider\" not found at /Users/aldyhelix/Projects/www/backend_rmi/vendor/laravel/framework/src/Illuminate/Foundation/ProviderRepository.php:208)
[stacktrace]
#0 /Users/aldyhelix/Projects/www/backend_rmi/vendor/laravel/framework/src/Illuminate/Foundation/ProviderRepository.php(144): Illuminate\\Foundation\\ProviderRepository->createProvider('Barryvdh\\\\Debugb...')
#1 /Users/aldyhelix/Projects/www/backend_rmi/vendor/laravel/framework/src/Illuminate/Foundation/ProviderRepository.php(61): Illuminate\\Foundation\\ProviderRepository->compileManifest(Array)
#2 /Users/aldyhelix/Projects/www/backend_rmi/vendor/laravel/framework/src/Illuminate/Foundation/Application.php(659): Illuminate\\Foundation\\ProviderRepository->load(Array)
#3 /Users/aldyhelix/Projects/www/backend_rmi/vendor/laravel/framework/src/Illuminate/Foundation/Bootstrap/RegisterProviders.php(17): Illuminate\\Foundation\\Application->registerConfiguredProviders()
#4 /Users/aldyhelix/Projects/www/backend_rmi/vendor/laravel/framework/src/Illuminate/Foundation/Application.php(237): Illuminate\\Foundation\\Bootstrap\\RegisterProviders->bootstrap(Object(Illuminate\\Foundation\\Application))
#5 /Users/aldyhelix/Projects/www/backend_rmi/vendor/laravel/framework/src/Illuminate/Foundation/Console/Kernel.php(310): Illuminate\\Foundation\\Application->bootstrapWith(Array)
#6 /Users/aldyhelix/Projects/www/backend_rmi/vendor/laravel/framework/src/Illuminate/Foundation/Console/Kernel.php(127): Illuminate\\Foundation\\Console\\Kernel->bootstrap()
#7 /Users/aldyhelix/Projects/www/backend_rmi/artisan(37): Illuminate\\Foundation\\Console\\Kernel->handle(Object(Symfony\\Component\\Console\\Input\\ArgvInput), Object(Symfony\\Component\\Console\\Output\\ConsoleOutput))
#8 {main}
"} 
[2024-05-26 17:11:33] production.ERROR: Class "Barryvdh\Debugbar\ServiceProvider" not found {"exception":"[object] (Error(code: 0): Class \"Barryvdh\\Debugbar\\ServiceProvider\" not found at /Users/aldyhelix/Projects/www/backend_rmi/vendor/laravel/framework/src/Illuminate/Foundation/ProviderRepository.php:208)
[stacktrace]
#0 /Users/aldyhelix/Projects/www/backend_rmi/vendor/laravel/framework/src/Illuminate/Foundation/ProviderRepository.php(144): Illuminate\\Foundation\\ProviderRepository->createProvider('Barryvdh\\\\Debugb...')
#1 /Users/aldyhelix/Projects/www/backend_rmi/vendor/laravel/framework/src/Illuminate/Foundation/ProviderRepository.php(61): Illuminate\\Foundation\\ProviderRepository->compileManifest(Array)
#2 /Users/aldyhelix/Projects/www/backend_rmi/vendor/laravel/framework/src/Illuminate/Foundation/Application.php(659): Illuminate\\Foundation\\ProviderRepository->load(Array)
#3 /Users/aldyhelix/Projects/www/backend_rmi/vendor/laravel/framework/src/Illuminate/Foundation/Bootstrap/RegisterProviders.php(17): Illuminate\\Foundation\\Application->registerConfiguredProviders()
#4 /Users/aldyhelix/Projects/www/backend_rmi/vendor/laravel/framework/src/Illuminate/Foundation/Application.php(237): Illuminate\\Foundation\\Bootstrap\\RegisterProviders->bootstrap(Object(Illuminate\\Foundation\\Application))
#5 /Users/aldyhelix/Projects/www/backend_rmi/vendor/laravel/framework/src/Illuminate/Foundation/Console/Kernel.php(310): Illuminate\\Foundation\\Application->bootstrapWith(Array)
#6 /Users/aldyhelix/Projects/www/backend_rmi/vendor/laravel/framework/src/Illuminate/Foundation/Console/Kernel.php(127): Illuminate\\Foundation\\Console\\Kernel->bootstrap()
#7 Command line code(1): Illuminate\\Foundation\\Console\\Kernel->handle(Object(Symfony\\Component\\Console\\Input\\ArgvInput), Object(Symfony\\Component\\Console\\Output\\ConsoleOutput))
#8 {main}
"} 
[2024-05-26 17:11:33] production.ERROR: Class "Barryvdh\Debugbar\ServiceProvider" not found {"exception":"[object] (Error(code: 0): Class \"Barryvdh\\Debugbar\\ServiceProvider\" not found at /Users/aldyhelix/Projects/www/backend_rmi/vendor/laravel/framework/src/Illuminate/Foundation/ProviderRepository.php:208)
[stacktrace]
#0 /Users/aldyhelix/Projects/www/backend_rmi/vendor/laravel/framework/src/Illuminate/Foundation/ProviderRepository.php(144): Illuminate\\Foundation\\ProviderRepository->createProvider('Barryvdh\\\\Debugb...')
#1 /Users/aldyhelix/Projects/www/backend_rmi/vendor/laravel/framework/src/Illuminate/Foundation/ProviderRepository.php(61): Illuminate\\Foundation\\ProviderRepository->compileManifest(Array)
#2 /Users/aldyhelix/Projects/www/backend_rmi/vendor/laravel/framework/src/Illuminate/Foundation/Application.php(659): Illuminate\\Foundation\\ProviderRepository->load(Array)
#3 /Users/aldyhelix/Projects/www/backend_rmi/vendor/laravel/framework/src/Illuminate/Foundation/Bootstrap/RegisterProviders.php(17): Illuminate\\Foundation\\Application->registerConfiguredProviders()
#4 /Users/aldyhelix/Projects/www/backend_rmi/vendor/laravel/framework/src/Illuminate/Foundation/Application.php(237): Illuminate\\Foundation\\Bootstrap\\RegisterProviders->bootstrap(Object(Illuminate\\Foundation\\Application))
#5 /Users/aldyhelix/Projects/www/backend_rmi/vendor/laravel/framework/src/Illuminate/Foundation/Console/Kernel.php(310): Illuminate\\Foundation\\Application->bootstrapWith(Array)
#6 /Users/aldyhelix/Projects/www/backend_rmi/vendor/laravel/framework/src/Illuminate/Foundation/Console/Kernel.php(127): Illuminate\\Foundation\\Console\\Kernel->bootstrap()
#7 Command line code(1): Illuminate\\Foundation\\Console\\Kernel->handle(Object(Symfony\\Component\\Console\\Input\\ArgvInput), Object(Symfony\\Component\\Console\\Output\\ConsoleOutput))
#8 {main}
"} 
[2024-05-26 17:12:14] production.ERROR: Class "Barryvdh\Debugbar\ServiceProvider" not found {"exception":"[object] (Error(code: 0): Class \"Barryvdh\\Debugbar\\ServiceProvider\" not found at /Users/aldyhelix/Projects/www/backend_rmi/vendor/laravel/framework/src/Illuminate/Foundation/ProviderRepository.php:208)
[stacktrace]
#0 /Users/aldyhelix/Projects/www/backend_rmi/vendor/laravel/framework/src/Illuminate/Foundation/ProviderRepository.php(144): Illuminate\\Foundation\\ProviderRepository->createProvider('Barryvdh\\\\Debugb...')
#1 /Users/aldyhelix/Projects/www/backend_rmi/vendor/laravel/framework/src/Illuminate/Foundation/ProviderRepository.php(61): Illuminate\\Foundation\\ProviderRepository->compileManifest(Array)
#2 /Users/aldyhelix/Projects/www/backend_rmi/vendor/laravel/framework/src/Illuminate/Foundation/Application.php(659): Illuminate\\Foundation\\ProviderRepository->load(Array)
#3 /Users/aldyhelix/Projects/www/backend_rmi/vendor/laravel/framework/src/Illuminate/Foundation/Bootstrap/RegisterProviders.php(17): Illuminate\\Foundation\\Application->registerConfiguredProviders()
#4 /Users/aldyhelix/Projects/www/backend_rmi/vendor/laravel/framework/src/Illuminate/Foundation/Application.php(237): Illuminate\\Foundation\\Bootstrap\\RegisterProviders->bootstrap(Object(Illuminate\\Foundation\\Application))
#5 /Users/aldyhelix/Projects/www/backend_rmi/vendor/laravel/framework/src/Illuminate/Foundation/Console/Kernel.php(310): Illuminate\\Foundation\\Application->bootstrapWith(Array)
#6 /Users/aldyhelix/Projects/www/backend_rmi/vendor/laravel/framework/src/Illuminate/Foundation/Console/Kernel.php(127): Illuminate\\Foundation\\Console\\Kernel->bootstrap()
#7 Command line code(1): Illuminate\\Foundation\\Console\\Kernel->handle(Object(Symfony\\Component\\Console\\Input\\ArgvInput), Object(Symfony\\Component\\Console\\Output\\ConsoleOutput))
#8 {main}
"} 
[2024-05-26 17:12:33] production.ERROR: Class "Barryvdh\Debugbar\ServiceProvider" not found {"exception":"[object] (Error(code: 0): Class \"Barryvdh\\Debugbar\\ServiceProvider\" not found at /Users/aldyhelix/Projects/www/backend_rmi/vendor/laravel/framework/src/Illuminate/Foundation/ProviderRepository.php:208)
[stacktrace]
#0 /Users/aldyhelix/Projects/www/backend_rmi/vendor/laravel/framework/src/Illuminate/Foundation/ProviderRepository.php(144): Illuminate\\Foundation\\ProviderRepository->createProvider('Barryvdh\\\\Debugb...')
#1 /Users/aldyhelix/Projects/www/backend_rmi/vendor/laravel/framework/src/Illuminate/Foundation/ProviderRepository.php(61): Illuminate\\Foundation\\ProviderRepository->compileManifest(Array)
#2 /Users/aldyhelix/Projects/www/backend_rmi/vendor/laravel/framework/src/Illuminate/Foundation/Application.php(659): Illuminate\\Foundation\\ProviderRepository->load(Array)
#3 /Users/aldyhelix/Projects/www/backend_rmi/vendor/laravel/framework/src/Illuminate/Foundation/Bootstrap/RegisterProviders.php(17): Illuminate\\Foundation\\Application->registerConfiguredProviders()
#4 /Users/aldyhelix/Projects/www/backend_rmi/vendor/laravel/framework/src/Illuminate/Foundation/Application.php(237): Illuminate\\Foundation\\Bootstrap\\RegisterProviders->bootstrap(Object(Illuminate\\Foundation\\Application))
#5 /Users/aldyhelix/Projects/www/backend_rmi/vendor/laravel/framework/src/Illuminate/Foundation/Console/Kernel.php(310): Illuminate\\Foundation\\Application->bootstrapWith(Array)
#6 /Users/aldyhelix/Projects/www/backend_rmi/vendor/laravel/framework/src/Illuminate/Foundation/Console/Kernel.php(127): Illuminate\\Foundation\\Console\\Kernel->bootstrap()
#7 Command line code(1): Illuminate\\Foundation\\Console\\Kernel->handle(Object(Symfony\\Component\\Console\\Input\\ArgvInput), Object(Symfony\\Component\\Console\\Output\\ConsoleOutput))
#8 {main}
"} 
[2024-05-26 17:12:33] production.ERROR: Class "Barryvdh\Debugbar\ServiceProvider" not found {"exception":"[object] (Error(code: 0): Class \"Barryvdh\\Debugbar\\ServiceProvider\" not found at /Users/aldyhelix/Projects/www/backend_rmi/vendor/laravel/framework/src/Illuminate/Foundation/ProviderRepository.php:208)
[stacktrace]
#0 /Users/aldyhelix/Projects/www/backend_rmi/vendor/laravel/framework/src/Illuminate/Foundation/ProviderRepository.php(144): Illuminate\\Foundation\\ProviderRepository->createProvider('Barryvdh\\\\Debugb...')
#1 /Users/aldyhelix/Projects/www/backend_rmi/vendor/laravel/framework/src/Illuminate/Foundation/ProviderRepository.php(61): Illuminate\\Foundation\\ProviderRepository->compileManifest(Array)
#2 /Users/aldyhelix/Projects/www/backend_rmi/vendor/laravel/framework/src/Illuminate/Foundation/Application.php(659): Illuminate\\Foundation\\ProviderRepository->load(Array)
#3 /Users/aldyhelix/Projects/www/backend_rmi/vendor/laravel/framework/src/Illuminate/Foundation/Bootstrap/RegisterProviders.php(17): Illuminate\\Foundation\\Application->registerConfiguredProviders()
#4 /Users/aldyhelix/Projects/www/backend_rmi/vendor/laravel/framework/src/Illuminate/Foundation/Application.php(237): Illuminate\\Foundation\\Bootstrap\\RegisterProviders->bootstrap(Object(Illuminate\\Foundation\\Application))
#5 /Users/aldyhelix/Projects/www/backend_rmi/vendor/laravel/framework/src/Illuminate/Foundation/Console/Kernel.php(310): Illuminate\\Foundation\\Application->bootstrapWith(Array)
#6 /Users/aldyhelix/Projects/www/backend_rmi/vendor/laravel/framework/src/Illuminate/Foundation/Console/Kernel.php(127): Illuminate\\Foundation\\Console\\Kernel->bootstrap()
#7 Command line code(1): Illuminate\\Foundation\\Console\\Kernel->handle(Object(Symfony\\Component\\Console\\Input\\ArgvInput), Object(Symfony\\Component\\Console\\Output\\ConsoleOutput))
#8 {main}
"} 
[2024-05-26 17:12:40] production.ERROR: Class "Barryvdh\Debugbar\ServiceProvider" not found {"exception":"[object] (Error(code: 0): Class \"Barryvdh\\Debugbar\\ServiceProvider\" not found at /Users/aldyhelix/Projects/www/backend_rmi/vendor/laravel/framework/src/Illuminate/Foundation/ProviderRepository.php:208)
[stacktrace]
#0 /Users/aldyhelix/Projects/www/backend_rmi/vendor/laravel/framework/src/Illuminate/Foundation/ProviderRepository.php(144): Illuminate\\Foundation\\ProviderRepository->createProvider('Barryvdh\\\\Debugb...')
#1 /Users/aldyhelix/Projects/www/backend_rmi/vendor/laravel/framework/src/Illuminate/Foundation/ProviderRepository.php(61): Illuminate\\Foundation\\ProviderRepository->compileManifest(Array)
#2 /Users/aldyhelix/Projects/www/backend_rmi/vendor/laravel/framework/src/Illuminate/Foundation/Application.php(659): Illuminate\\Foundation\\ProviderRepository->load(Array)
#3 /Users/aldyhelix/Projects/www/backend_rmi/vendor/laravel/framework/src/Illuminate/Foundation/Bootstrap/RegisterProviders.php(17): Illuminate\\Foundation\\Application->registerConfiguredProviders()
#4 /Users/aldyhelix/Projects/www/backend_rmi/vendor/laravel/framework/src/Illuminate/Foundation/Application.php(237): Illuminate\\Foundation\\Bootstrap\\RegisterProviders->bootstrap(Object(Illuminate\\Foundation\\Application))
#5 /Users/aldyhelix/Projects/www/backend_rmi/vendor/laravel/framework/src/Illuminate/Foundation/Console/Kernel.php(310): Illuminate\\Foundation\\Application->bootstrapWith(Array)
#6 /Users/aldyhelix/Projects/www/backend_rmi/vendor/laravel/framework/src/Illuminate/Foundation/Console/Kernel.php(127): Illuminate\\Foundation\\Console\\Kernel->bootstrap()
#7 /Users/aldyhelix/Projects/www/backend_rmi/artisan(37): Illuminate\\Foundation\\Console\\Kernel->handle(Object(Symfony\\Component\\Console\\Input\\ArgvInput), Object(Symfony\\Component\\Console\\Output\\ConsoleOutput))
#8 {main}
"} 
[2024-05-26 17:13:33] production.ERROR: Class "Barryvdh\Debugbar\ServiceProvider" not found {"exception":"[object] (Error(code: 0): Class \"Barryvdh\\Debugbar\\ServiceProvider\" not found at /Users/aldyhelix/Projects/www/backend_rmi/vendor/laravel/framework/src/Illuminate/Foundation/ProviderRepository.php:208)
[stacktrace]
#0 /Users/aldyhelix/Projects/www/backend_rmi/vendor/laravel/framework/src/Illuminate/Foundation/ProviderRepository.php(144): Illuminate\\Foundation\\ProviderRepository->createProvider('Barryvdh\\\\Debugb...')
#1 /Users/aldyhelix/Projects/www/backend_rmi/vendor/laravel/framework/src/Illuminate/Foundation/ProviderRepository.php(61): Illuminate\\Foundation\\ProviderRepository->compileManifest(Array)
#2 /Users/aldyhelix/Projects/www/backend_rmi/vendor/laravel/framework/src/Illuminate/Foundation/Application.php(659): Illuminate\\Foundation\\ProviderRepository->load(Array)
#3 /Users/aldyhelix/Projects/www/backend_rmi/vendor/laravel/framework/src/Illuminate/Foundation/Bootstrap/RegisterProviders.php(17): Illuminate\\Foundation\\Application->registerConfiguredProviders()
#4 /Users/aldyhelix/Projects/www/backend_rmi/vendor/laravel/framework/src/Illuminate/Foundation/Application.php(237): Illuminate\\Foundation\\Bootstrap\\RegisterProviders->bootstrap(Object(Illuminate\\Foundation\\Application))
#5 /Users/aldyhelix/Projects/www/backend_rmi/vendor/laravel/framework/src/Illuminate/Foundation/Console/Kernel.php(310): Illuminate\\Foundation\\Application->bootstrapWith(Array)
#6 /Users/aldyhelix/Projects/www/backend_rmi/vendor/laravel/framework/src/Illuminate/Foundation/Console/Kernel.php(127): Illuminate\\Foundation\\Console\\Kernel->bootstrap()
#7 Command line code(1): Illuminate\\Foundation\\Console\\Kernel->handle(Object(Symfony\\Component\\Console\\Input\\ArgvInput), Object(Symfony\\Component\\Console\\Output\\ConsoleOutput))
#8 {main}
"} 
[2024-05-26 17:13:33] production.ERROR: Class "Barryvdh\Debugbar\ServiceProvider" not found {"exception":"[object] (Error(code: 0): Class \"Barryvdh\\Debugbar\\ServiceProvider\" not found at /Users/aldyhelix/Projects/www/backend_rmi/vendor/laravel/framework/src/Illuminate/Foundation/ProviderRepository.php:208)
[stacktrace]
#0 /Users/aldyhelix/Projects/www/backend_rmi/vendor/laravel/framework/src/Illuminate/Foundation/ProviderRepository.php(144): Illuminate\\Foundation\\ProviderRepository->createProvider('Barryvdh\\\\Debugb...')
#1 /Users/aldyhelix/Projects/www/backend_rmi/vendor/laravel/framework/src/Illuminate/Foundation/ProviderRepository.php(61): Illuminate\\Foundation\\ProviderRepository->compileManifest(Array)
#2 /Users/aldyhelix/Projects/www/backend_rmi/vendor/laravel/framework/src/Illuminate/Foundation/Application.php(659): Illuminate\\Foundation\\ProviderRepository->load(Array)
#3 /Users/aldyhelix/Projects/www/backend_rmi/vendor/laravel/framework/src/Illuminate/Foundation/Bootstrap/RegisterProviders.php(17): Illuminate\\Foundation\\Application->registerConfiguredProviders()
#4 /Users/aldyhelix/Projects/www/backend_rmi/vendor/laravel/framework/src/Illuminate/Foundation/Application.php(237): Illuminate\\Foundation\\Bootstrap\\RegisterProviders->bootstrap(Object(Illuminate\\Foundation\\Application))
#5 /Users/aldyhelix/Projects/www/backend_rmi/vendor/laravel/framework/src/Illuminate/Foundation/Console/Kernel.php(310): Illuminate\\Foundation\\Application->bootstrapWith(Array)
#6 /Users/aldyhelix/Projects/www/backend_rmi/vendor/laravel/framework/src/Illuminate/Foundation/Console/Kernel.php(127): Illuminate\\Foundation\\Console\\Kernel->bootstrap()
#7 Command line code(1): Illuminate\\Foundation\\Console\\Kernel->handle(Object(Symfony\\Component\\Console\\Input\\ArgvInput), Object(Symfony\\Component\\Console\\Output\\ConsoleOutput))
#8 {main}
"} 
[2024-05-26 17:15:47] production.ERROR: Class "Barryvdh\Debugbar\ServiceProvider" not found {"exception":"[object] (Error(code: 0): Class \"Barryvdh\\Debugbar\\ServiceProvider\" not found at /Users/aldyhelix/Projects/www/backend_rmi/vendor/laravel/framework/src/Illuminate/Foundation/ProviderRepository.php:208)
[stacktrace]
#0 /Users/aldyhelix/Projects/www/backend_rmi/vendor/laravel/framework/src/Illuminate/Foundation/ProviderRepository.php(144): Illuminate\\Foundation\\ProviderRepository->createProvider('Barryvdh\\\\Debugb...')
#1 /Users/aldyhelix/Projects/www/backend_rmi/vendor/laravel/framework/src/Illuminate/Foundation/ProviderRepository.php(61): Illuminate\\Foundation\\ProviderRepository->compileManifest(Array)
#2 /Users/aldyhelix/Projects/www/backend_rmi/vendor/laravel/framework/src/Illuminate/Foundation/Application.php(659): Illuminate\\Foundation\\ProviderRepository->load(Array)
#3 /Users/aldyhelix/Projects/www/backend_rmi/vendor/laravel/framework/src/Illuminate/Foundation/Bootstrap/RegisterProviders.php(17): Illuminate\\Foundation\\Application->registerConfiguredProviders()
#4 /Users/aldyhelix/Projects/www/backend_rmi/vendor/laravel/framework/src/Illuminate/Foundation/Application.php(237): Illuminate\\Foundation\\Bootstrap\\RegisterProviders->bootstrap(Object(Illuminate\\Foundation\\Application))
#5 /Users/aldyhelix/Projects/www/backend_rmi/vendor/laravel/framework/src/Illuminate/Foundation/Console/Kernel.php(310): Illuminate\\Foundation\\Application->bootstrapWith(Array)
#6 /Users/aldyhelix/Projects/www/backend_rmi/vendor/laravel/framework/src/Illuminate/Foundation/Console/Kernel.php(127): Illuminate\\Foundation\\Console\\Kernel->bootstrap()
#7 /Users/aldyhelix/Projects/www/backend_rmi/artisan(37): Illuminate\\Foundation\\Console\\Kernel->handle(Object(Symfony\\Component\\Console\\Input\\ArgvInput), Object(Symfony\\Component\\Console\\Output\\ConsoleOutput))
#8 {main}
"} 
[2024-05-26 17:16:33] production.ERROR: Class "Barryvdh\Debugbar\ServiceProvider" not found {"exception":"[object] (Error(code: 0): Class \"Barryvdh\\Debugbar\\ServiceProvider\" not found at /Users/aldyhelix/Projects/www/backend_rmi/vendor/laravel/framework/src/Illuminate/Foundation/ProviderRepository.php:208)
[stacktrace]
#0 /Users/aldyhelix/Projects/www/backend_rmi/vendor/laravel/framework/src/Illuminate/Foundation/ProviderRepository.php(144): Illuminate\\Foundation\\ProviderRepository->createProvider('Barryvdh\\\\Debugb...')
#1 /Users/aldyhelix/Projects/www/backend_rmi/vendor/laravel/framework/src/Illuminate/Foundation/ProviderRepository.php(61): Illuminate\\Foundation\\ProviderRepository->compileManifest(Array)
#2 /Users/aldyhelix/Projects/www/backend_rmi/vendor/laravel/framework/src/Illuminate/Foundation/Application.php(659): Illuminate\\Foundation\\ProviderRepository->load(Array)
#3 /Users/aldyhelix/Projects/www/backend_rmi/vendor/laravel/framework/src/Illuminate/Foundation/Bootstrap/RegisterProviders.php(17): Illuminate\\Foundation\\Application->registerConfiguredProviders()
#4 /Users/aldyhelix/Projects/www/backend_rmi/vendor/laravel/framework/src/Illuminate/Foundation/Application.php(237): Illuminate\\Foundation\\Bootstrap\\RegisterProviders->bootstrap(Object(Illuminate\\Foundation\\Application))
#5 /Users/aldyhelix/Projects/www/backend_rmi/vendor/laravel/framework/src/Illuminate/Foundation/Console/Kernel.php(310): Illuminate\\Foundation\\Application->bootstrapWith(Array)
#6 /Users/aldyhelix/Projects/www/backend_rmi/vendor/laravel/framework/src/Illuminate/Foundation/Console/Kernel.php(127): Illuminate\\Foundation\\Console\\Kernel->bootstrap()
#7 Command line code(1): Illuminate\\Foundation\\Console\\Kernel->handle(Object(Symfony\\Component\\Console\\Input\\ArgvInput), Object(Symfony\\Component\\Console\\Output\\ConsoleOutput))
#8 {main}
"} 
[2024-05-26 17:16:33] production.ERROR: Class "Barryvdh\Debugbar\ServiceProvider" not found {"exception":"[object] (Error(code: 0): Class \"Barryvdh\\Debugbar\\ServiceProvider\" not found at /Users/aldyhelix/Projects/www/backend_rmi/vendor/laravel/framework/src/Illuminate/Foundation/ProviderRepository.php:208)
[stacktrace]
#0 /Users/aldyhelix/Projects/www/backend_rmi/vendor/laravel/framework/src/Illuminate/Foundation/ProviderRepository.php(144): Illuminate\\Foundation\\ProviderRepository->createProvider('Barryvdh\\\\Debugb...')
#1 /Users/aldyhelix/Projects/www/backend_rmi/vendor/laravel/framework/src/Illuminate/Foundation/ProviderRepository.php(61): Illuminate\\Foundation\\ProviderRepository->compileManifest(Array)
#2 /Users/aldyhelix/Projects/www/backend_rmi/vendor/laravel/framework/src/Illuminate/Foundation/Application.php(659): Illuminate\\Foundation\\ProviderRepository->load(Array)
#3 /Users/aldyhelix/Projects/www/backend_rmi/vendor/laravel/framework/src/Illuminate/Foundation/Bootstrap/RegisterProviders.php(17): Illuminate\\Foundation\\Application->registerConfiguredProviders()
#4 /Users/aldyhelix/Projects/www/backend_rmi/vendor/laravel/framework/src/Illuminate/Foundation/Application.php(237): Illuminate\\Foundation\\Bootstrap\\RegisterProviders->bootstrap(Object(Illuminate\\Foundation\\Application))
#5 /Users/aldyhelix/Projects/www/backend_rmi/vendor/laravel/framework/src/Illuminate/Foundation/Console/Kernel.php(310): Illuminate\\Foundation\\Application->bootstrapWith(Array)
#6 /Users/aldyhelix/Projects/www/backend_rmi/vendor/laravel/framework/src/Illuminate/Foundation/Console/Kernel.php(127): Illuminate\\Foundation\\Console\\Kernel->bootstrap()
#7 Command line code(1): Illuminate\\Foundation\\Console\\Kernel->handle(Object(Symfony\\Component\\Console\\Input\\ArgvInput), Object(Symfony\\Component\\Console\\Output\\ConsoleOutput))
#8 {main}
"} 
[2024-05-26 17:16:50] production.ERROR: Class "Barryvdh\Debugbar\ServiceProvider" not found {"exception":"[object] (Error(code: 0): Class \"Barryvdh\\Debugbar\\ServiceProvider\" not found at /Users/aldyhelix/Projects/www/backend_rmi/vendor/laravel/framework/src/Illuminate/Foundation/ProviderRepository.php:208)
[stacktrace]
#0 /Users/aldyhelix/Projects/www/backend_rmi/vendor/laravel/framework/src/Illuminate/Foundation/ProviderRepository.php(144): Illuminate\\Foundation\\ProviderRepository->createProvider('Barryvdh\\\\Debugb...')
#1 /Users/aldyhelix/Projects/www/backend_rmi/vendor/laravel/framework/src/Illuminate/Foundation/ProviderRepository.php(61): Illuminate\\Foundation\\ProviderRepository->compileManifest(Array)
#2 /Users/aldyhelix/Projects/www/backend_rmi/vendor/laravel/framework/src/Illuminate/Foundation/Application.php(659): Illuminate\\Foundation\\ProviderRepository->load(Array)
#3 /Users/aldyhelix/Projects/www/backend_rmi/vendor/laravel/framework/src/Illuminate/Foundation/Bootstrap/RegisterProviders.php(17): Illuminate\\Foundation\\Application->registerConfiguredProviders()
#4 /Users/aldyhelix/Projects/www/backend_rmi/vendor/laravel/framework/src/Illuminate/Foundation/Application.php(237): Illuminate\\Foundation\\Bootstrap\\RegisterProviders->bootstrap(Object(Illuminate\\Foundation\\Application))
#5 /Users/aldyhelix/Projects/www/backend_rmi/vendor/laravel/framework/src/Illuminate/Foundation/Console/Kernel.php(310): Illuminate\\Foundation\\Application->bootstrapWith(Array)
#6 /Users/aldyhelix/Projects/www/backend_rmi/vendor/laravel/framework/src/Illuminate/Foundation/Console/Kernel.php(127): Illuminate\\Foundation\\Console\\Kernel->bootstrap()
#7 /Users/aldyhelix/Projects/www/backend_rmi/artisan(37): Illuminate\\Foundation\\Console\\Kernel->handle(Object(Symfony\\Component\\Console\\Input\\ArgvInput), Object(Symfony\\Component\\Console\\Output\\ConsoleOutput))
#8 {main}
"} 
[2024-05-26 17:17:33] production.ERROR: Class "Barryvdh\Debugbar\ServiceProvider" not found {"exception":"[object] (Error(code: 0): Class \"Barryvdh\\Debugbar\\ServiceProvider\" not found at /Users/aldyhelix/Projects/www/backend_rmi/vendor/laravel/framework/src/Illuminate/Foundation/ProviderRepository.php:208)
[stacktrace]
#0 /Users/aldyhelix/Projects/www/backend_rmi/vendor/laravel/framework/src/Illuminate/Foundation/ProviderRepository.php(144): Illuminate\\Foundation\\ProviderRepository->createProvider('Barryvdh\\\\Debugb...')
#1 /Users/aldyhelix/Projects/www/backend_rmi/vendor/laravel/framework/src/Illuminate/Foundation/ProviderRepository.php(61): Illuminate\\Foundation\\ProviderRepository->compileManifest(Array)
#2 /Users/aldyhelix/Projects/www/backend_rmi/vendor/laravel/framework/src/Illuminate/Foundation/Application.php(659): Illuminate\\Foundation\\ProviderRepository->load(Array)
#3 /Users/aldyhelix/Projects/www/backend_rmi/vendor/laravel/framework/src/Illuminate/Foundation/Bootstrap/RegisterProviders.php(17): Illuminate\\Foundation\\Application->registerConfiguredProviders()
#4 /Users/aldyhelix/Projects/www/backend_rmi/vendor/laravel/framework/src/Illuminate/Foundation/Application.php(237): Illuminate\\Foundation\\Bootstrap\\RegisterProviders->bootstrap(Object(Illuminate\\Foundation\\Application))
#5 /Users/aldyhelix/Projects/www/backend_rmi/vendor/laravel/framework/src/Illuminate/Foundation/Console/Kernel.php(310): Illuminate\\Foundation\\Application->bootstrapWith(Array)
#6 /Users/aldyhelix/Projects/www/backend_rmi/vendor/laravel/framework/src/Illuminate/Foundation/Console/Kernel.php(127): Illuminate\\Foundation\\Console\\Kernel->bootstrap()
#7 Command line code(1): Illuminate\\Foundation\\Console\\Kernel->handle(Object(Symfony\\Component\\Console\\Input\\ArgvInput), Object(Symfony\\Component\\Console\\Output\\ConsoleOutput))
#8 {main}
"} 
[2024-05-26 17:17:33] production.ERROR: Class "Barryvdh\Debugbar\ServiceProvider" not found {"exception":"[object] (Error(code: 0): Class \"Barryvdh\\Debugbar\\ServiceProvider\" not found at /Users/aldyhelix/Projects/www/backend_rmi/vendor/laravel/framework/src/Illuminate/Foundation/ProviderRepository.php:208)
[stacktrace]
#0 /Users/aldyhelix/Projects/www/backend_rmi/vendor/laravel/framework/src/Illuminate/Foundation/ProviderRepository.php(144): Illuminate\\Foundation\\ProviderRepository->createProvider('Barryvdh\\\\Debugb...')
#1 /Users/aldyhelix/Projects/www/backend_rmi/vendor/laravel/framework/src/Illuminate/Foundation/ProviderRepository.php(61): Illuminate\\Foundation\\ProviderRepository->compileManifest(Array)
#2 /Users/aldyhelix/Projects/www/backend_rmi/vendor/laravel/framework/src/Illuminate/Foundation/Application.php(659): Illuminate\\Foundation\\ProviderRepository->load(Array)
#3 /Users/aldyhelix/Projects/www/backend_rmi/vendor/laravel/framework/src/Illuminate/Foundation/Bootstrap/RegisterProviders.php(17): Illuminate\\Foundation\\Application->registerConfiguredProviders()
#4 /Users/aldyhelix/Projects/www/backend_rmi/vendor/laravel/framework/src/Illuminate/Foundation/Application.php(237): Illuminate\\Foundation\\Bootstrap\\RegisterProviders->bootstrap(Object(Illuminate\\Foundation\\Application))
#5 /Users/aldyhelix/Projects/www/backend_rmi/vendor/laravel/framework/src/Illuminate/Foundation/Console/Kernel.php(310): Illuminate\\Foundation\\Application->bootstrapWith(Array)
#6 /Users/aldyhelix/Projects/www/backend_rmi/vendor/laravel/framework/src/Illuminate/Foundation/Console/Kernel.php(127): Illuminate\\Foundation\\Console\\Kernel->bootstrap()
#7 Command line code(1): Illuminate\\Foundation\\Console\\Kernel->handle(Object(Symfony\\Component\\Console\\Input\\ArgvInput), Object(Symfony\\Component\\Console\\Output\\ConsoleOutput))
#8 {main}
"} 
[2024-05-26 17:17:33] production.ERROR: Class "Barryvdh\Debugbar\ServiceProvider" not found {"exception":"[object] (Error(code: 0): Class \"Barryvdh\\Debugbar\\ServiceProvider\" not found at /Users/aldyhelix/Projects/www/backend_rmi/vendor/laravel/framework/src/Illuminate/Foundation/ProviderRepository.php:208)
[stacktrace]
#0 /Users/aldyhelix/Projects/www/backend_rmi/vendor/laravel/framework/src/Illuminate/Foundation/ProviderRepository.php(144): Illuminate\\Foundation\\ProviderRepository->createProvider('Barryvdh\\\\Debugb...')
#1 /Users/aldyhelix/Projects/www/backend_rmi/vendor/laravel/framework/src/Illuminate/Foundation/ProviderRepository.php(61): Illuminate\\Foundation\\ProviderRepository->compileManifest(Array)
#2 /Users/aldyhelix/Projects/www/backend_rmi/vendor/laravel/framework/src/Illuminate/Foundation/Application.php(659): Illuminate\\Foundation\\ProviderRepository->load(Array)
#3 /Users/aldyhelix/Projects/www/backend_rmi/vendor/laravel/framework/src/Illuminate/Foundation/Bootstrap/RegisterProviders.php(17): Illuminate\\Foundation\\Application->registerConfiguredProviders()
#4 /Users/aldyhelix/Projects/www/backend_rmi/vendor/laravel/framework/src/Illuminate/Foundation/Application.php(237): Illuminate\\Foundation\\Bootstrap\\RegisterProviders->bootstrap(Object(Illuminate\\Foundation\\Application))
#5 /Users/aldyhelix/Projects/www/backend_rmi/vendor/laravel/framework/src/Illuminate/Foundation/Console/Kernel.php(310): Illuminate\\Foundation\\Application->bootstrapWith(Array)
#6 /Users/aldyhelix/Projects/www/backend_rmi/vendor/laravel/framework/src/Illuminate/Foundation/Console/Kernel.php(127): Illuminate\\Foundation\\Console\\Kernel->bootstrap()
#7 Command line code(1): Illuminate\\Foundation\\Console\\Kernel->handle(Object(Symfony\\Component\\Console\\Input\\ArgvInput), Object(Symfony\\Component\\Console\\Output\\ConsoleOutput))
#8 {main}
"} 
[2024-05-26 17:41:08] production.ERROR: SQLSTATE[HY000] [1045] Access denied for user 'u960465142_admin_rmi'@'localhost' (using password: YES) (SQL: select * from `systems` order by `id` asc limit 1) {"exception":"[object] (Illuminate\\Database\\QueryException(code: 1045): SQLSTATE[HY000] [1045] Access denied for user 'u960465142_admin_rmi'@'localhost' (using password: YES) (SQL: select * from `systems` order by `id` asc limit 1) at /Users/aldyhelix/Projects/www/backend_rmi/vendor/laravel/framework/src/Illuminate/Database/Connection.php:712)
[stacktrace]
#0 /Users/aldyhelix/Projects/www/backend_rmi/vendor/laravel/framework/src/Illuminate/Database/Connection.php(672): Illuminate\\Database\\Connection->runQueryCallback('select * from `...', Array, Object(Closure))
#1 /Users/aldyhelix/Projects/www/backend_rmi/vendor/laravel/framework/src/Illuminate/Database/Connection.php(376): Illuminate\\Database\\Connection->run('select * from `...', Array, Object(Closure))
#2 /Users/aldyhelix/Projects/www/backend_rmi/vendor/laravel/framework/src/Illuminate/Database/Query/Builder.php(2414): Illuminate\\Database\\Connection->select('select * from `...', Array, true)
#3 /Users/aldyhelix/Projects/www/backend_rmi/vendor/laravel/framework/src/Illuminate/Database/Query/Builder.php(2402): Illuminate\\Database\\Query\\Builder->runSelect()
#4 /Users/aldyhelix/Projects/www/backend_rmi/vendor/laravel/framework/src/Illuminate/Database/Query/Builder.php(2936): Illuminate\\Database\\Query\\Builder->Illuminate\\Database\\Query\\{closure}()
#5 /Users/aldyhelix/Projects/www/backend_rmi/vendor/laravel/framework/src/Illuminate/Database/Query/Builder.php(2403): Illuminate\\Database\\Query\\Builder->onceWithColumns(Array, Object(Closure))
#6 /Users/aldyhelix/Projects/www/backend_rmi/vendor/laravel/framework/src/Illuminate/Database/Eloquent/Builder.php(625): Illuminate\\Database\\Query\\Builder->get(Array)
#7 /Users/aldyhelix/Projects/www/backend_rmi/vendor/laravel/framework/src/Illuminate/Database/Eloquent/Builder.php(609): Illuminate\\Database\\Eloquent\\Builder->getModels(Array)
#8 /Users/aldyhelix/Projects/www/backend_rmi/vendor/laravel/framework/src/Illuminate/Database/Concerns/BuildsQueries.php(294): Illuminate\\Database\\Eloquent\\Builder->get(Array)
#9 /Users/aldyhelix/Projects/www/backend_rmi/app/Helpers/SystemHelper.php(30): Illuminate\\Database\\Eloquent\\Builder->first()
#10 /Users/aldyhelix/Projects/www/backend_rmi/vendor/laravel/framework/src/Illuminate/Cache/Repository.php(426): {closure}()
#11 /Users/aldyhelix/Projects/www/backend_rmi/vendor/laravel/framework/src/Illuminate/Cache/CacheManager.php(418): Illuminate\\Cache\\Repository->rememberForever('system_settings', Object(Closure))
#12 /Users/aldyhelix/Projects/www/backend_rmi/vendor/laravel/framework/src/Illuminate/Support/Facades/Facade.php(261): Illuminate\\Cache\\CacheManager->__call('rememberForever', Array)
#13 /Users/aldyhelix/Projects/www/backend_rmi/app/Helpers/SystemHelper.php(31): Illuminate\\Support\\Facades\\Facade::__callStatic('rememberForever', Array)
#14 /Users/aldyhelix/Projects/www/backend_rmi/app/Http/Middleware/InitSettings.php(8): setSystemConfig()
#15 /Users/aldyhelix/Projects/www/backend_rmi/vendor/laravel/framework/src/Illuminate/Pipeline/Pipeline.php(167): App\\Http\\Middleware\\InitSettings->handle(Object(Illuminate\\Http\\Request), Object(Closure))
#16 /Users/aldyhelix/Projects/www/backend_rmi/vendor/laravel/framework/src/Illuminate/Routing/Middleware/SubstituteBindings.php(50): Illuminate\\Pipeline\\Pipeline->Illuminate\\Pipeline\\{closure}(Object(Illuminate\\Http\\Request))
#17 /Users/aldyhelix/Projects/www/backend_rmi/vendor/laravel/framework/src/Illuminate/Pipeline/Pipeline.php(167): Illuminate\\Routing\\Middleware\\SubstituteBindings->handle(Object(Illuminate\\Http\\Request), Object(Closure))
#18 /Users/aldyhelix/Projects/www/backend_rmi/vendor/laravel/framework/src/Illuminate/Foundation/Http/Middleware/VerifyCsrfToken.php(78): Illuminate\\Pipeline\\Pipeline->Illuminate\\Pipeline\\{closure}(Object(Illuminate\\Http\\Request))
#19 /Users/aldyhelix/Projects/www/backend_rmi/vendor/laravel/framework/src/Illuminate/Pipeline/Pipeline.php(167): Illuminate\\Foundation\\Http\\Middleware\\VerifyCsrfToken->handle(Object(Illuminate\\Http\\Request), Object(Closure))
#20 /Users/aldyhelix/Projects/www/backend_rmi/vendor/laravel/framework/src/Illuminate/View/Middleware/ShareErrorsFromSession.php(49): Illuminate\\Pipeline\\Pipeline->Illuminate\\Pipeline\\{closure}(Object(Illuminate\\Http\\Request))
#21 /Users/aldyhelix/Projects/www/backend_rmi/vendor/laravel/framework/src/Illuminate/Pipeline/Pipeline.php(167): Illuminate\\View\\Middleware\\ShareErrorsFromSession->handle(Object(Illuminate\\Http\\Request), Object(Closure))
#22 /Users/aldyhelix/Projects/www/backend_rmi/vendor/laravel/framework/src/Illuminate/Session/Middleware/StartSession.php(121): Illuminate\\Pipeline\\Pipeline->Illuminate\\Pipeline\\{closure}(Object(Illuminate\\Http\\Request))
#23 /Users/aldyhelix/Projects/www/backend_rmi/vendor/laravel/framework/src/Illuminate/Session/Middleware/StartSession.php(64): Illuminate\\Session\\Middleware\\StartSession->handleStatefulRequest(Object(Illuminate\\Http\\Request), Object(Illuminate\\Session\\EncryptedStore), Object(Closure))
#24 /Users/aldyhelix/Projects/www/backend_rmi/vendor/laravel/framework/src/Illuminate/Pipeline/Pipeline.php(167): Illuminate\\Session\\Middleware\\StartSession->handle(Object(Illuminate\\Http\\Request), Object(Closure))
#25 /Users/aldyhelix/Projects/www/backend_rmi/vendor/laravel/framework/src/Illuminate/Cookie/Middleware/AddQueuedCookiesToResponse.php(37): Illuminate\\Pipeline\\Pipeline->Illuminate\\Pipeline\\{closure}(Object(Illuminate\\Http\\Request))
#26 /Users/aldyhelix/Projects/www/backend_rmi/vendor/laravel/framework/src/Illuminate/Pipeline/Pipeline.php(167): Illuminate\\Cookie\\Middleware\\AddQueuedCookiesToResponse->handle(Object(Illuminate\\Http\\Request), Object(Closure))
#27 /Users/aldyhelix/Projects/www/backend_rmi/vendor/laravel/framework/src/Illuminate/Cookie/Middleware/EncryptCookies.php(67): Illuminate\\Pipeline\\Pipeline->Illuminate\\Pipeline\\{closure}(Object(Illuminate\\Http\\Request))
#28 /Users/aldyhelix/Projects/www/backend_rmi/vendor/laravel/framework/src/Illuminate/Pipeline/Pipeline.php(167): Illuminate\\Cookie\\Middleware\\EncryptCookies->handle(Object(Illuminate\\Http\\Request), Object(Closure))
#29 /Users/aldyhelix/Projects/www/backend_rmi/vendor/laravel/framework/src/Illuminate/Pipeline/Pipeline.php(103): Illuminate\\Pipeline\\Pipeline->Illuminate\\Pipeline\\{closure}(Object(Illuminate\\Http\\Request))
#30 /Users/aldyhelix/Projects/www/backend_rmi/vendor/laravel/framework/src/Illuminate/Routing/Router.php(723): Illuminate\\Pipeline\\Pipeline->then(Object(Closure))
#31 /Users/aldyhelix/Projects/www/backend_rmi/vendor/laravel/framework/src/Illuminate/Routing/Router.php(698): Illuminate\\Routing\\Router->runRouteWithinStack(Object(Illuminate\\Routing\\Route), Object(Illuminate\\Http\\Request))
#32 /Users/aldyhelix/Projects/www/backend_rmi/vendor/laravel/framework/src/Illuminate/Routing/Router.php(662): Illuminate\\Routing\\Router->runRoute(Object(Illuminate\\Http\\Request), Object(Illuminate\\Routing\\Route))
#33 /Users/aldyhelix/Projects/www/backend_rmi/vendor/laravel/framework/src/Illuminate/Routing/Router.php(651): Illuminate\\Routing\\Router->dispatchToRoute(Object(Illuminate\\Http\\Request))
#34 /Users/aldyhelix/Projects/www/backend_rmi/vendor/laravel/framework/src/Illuminate/Foundation/Http/Kernel.php(167): Illuminate\\Routing\\Router->dispatch(Object(Illuminate\\Http\\Request))
#35 /Users/aldyhelix/Projects/www/backend_rmi/vendor/laravel/framework/src/Illuminate/Pipeline/Pipeline.php(128): Illuminate\\Foundation\\Http\\Kernel->Illuminate\\Foundation\\Http\\{closure}(Object(Illuminate\\Http\\Request))
#36 /Users/aldyhelix/Projects/www/backend_rmi/vendor/livewire/livewire/src/DisableBrowserCache.php(19): Illuminate\\Pipeline\\Pipeline->Illuminate\\Pipeline\\{closure}(Object(Illuminate\\Http\\Request))
#37 /Users/aldyhelix/Projects/www/backend_rmi/vendor/laravel/framework/src/Illuminate/Pipeline/Pipeline.php(167): Livewire\\DisableBrowserCache->handle(Object(Illuminate\\Http\\Request), Object(Closure))
#38 /Users/aldyhelix/Projects/www/backend_rmi/vendor/barryvdh/laravel-debugbar/src/Middleware/InjectDebugbar.php(59): Illuminate\\Pipeline\\Pipeline->Illuminate\\Pipeline\\{closure}(Object(Illuminate\\Http\\Request))
#39 /Users/aldyhelix/Projects/www/backend_rmi/vendor/laravel/framework/src/Illuminate/Pipeline/Pipeline.php(167): Barryvdh\\Debugbar\\Middleware\\InjectDebugbar->handle(Object(Illuminate\\Http\\Request), Object(Closure))
#40 /Users/aldyhelix/Projects/www/backend_rmi/app/Http/Middleware/CheckForInstallation.php(19): Illuminate\\Pipeline\\Pipeline->Illuminate\\Pipeline\\{closure}(Object(Illuminate\\Http\\Request))
#41 /Users/aldyhelix/Projects/www/backend_rmi/vendor/laravel/framework/src/Illuminate/Pipeline/Pipeline.php(167): App\\Http\\Middleware\\CheckForInstallation->handle(Object(Illuminate\\Http\\Request), Object(Closure))
#42 /Users/aldyhelix/Projects/www/backend_rmi/vendor/laravel/framework/src/Illuminate/Foundation/Http/Middleware/TransformsRequest.php(21): Illuminate\\Pipeline\\Pipeline->Illuminate\\Pipeline\\{closure}(Object(Illuminate\\Http\\Request))
#43 /Users/aldyhelix/Projects/www/backend_rmi/vendor/laravel/framework/src/Illuminate/Foundation/Http/Middleware/ConvertEmptyStringsToNull.php(31): Illuminate\\Foundation\\Http\\Middleware\\TransformsRequest->handle(Object(Illuminate\\Http\\Request), Object(Closure))
#44 /Users/aldyhelix/Projects/www/backend_rmi/vendor/laravel/framework/src/Illuminate/Pipeline/Pipeline.php(167): Illuminate\\Foundation\\Http\\Middleware\\ConvertEmptyStringsToNull->handle(Object(Illuminate\\Http\\Request), Object(Closure))
#45 /Users/aldyhelix/Projects/www/backend_rmi/vendor/laravel/framework/src/Illuminate/Foundation/Http/Middleware/TransformsRequest.php(21): Illuminate\\Pipeline\\Pipeline->Illuminate\\Pipeline\\{closure}(Object(Illuminate\\Http\\Request))
#46 /Users/aldyhelix/Projects/www/backend_rmi/vendor/laravel/framework/src/Illuminate/Foundation/Http/Middleware/TrimStrings.php(40): Illuminate\\Foundation\\Http\\Middleware\\TransformsRequest->handle(Object(Illuminate\\Http\\Request), Object(Closure))
#47 /Users/aldyhelix/Projects/www/backend_rmi/vendor/laravel/framework/src/Illuminate/Pipeline/Pipeline.php(167): Illuminate\\Foundation\\Http\\Middleware\\TrimStrings->handle(Object(Illuminate\\Http\\Request), Object(Closure))
#48 /Users/aldyhelix/Projects/www/backend_rmi/vendor/laravel/framework/src/Illuminate/Foundation/Http/Middleware/ValidatePostSize.php(27): Illuminate\\Pipeline\\Pipeline->Illuminate\\Pipeline\\{closure}(Object(Illuminate\\Http\\Request))
#49 /Users/aldyhelix/Projects/www/backend_rmi/vendor/laravel/framework/src/Illuminate/Pipeline/Pipeline.php(167): Illuminate\\Foundation\\Http\\Middleware\\ValidatePostSize->handle(Object(Illuminate\\Http\\Request), Object(Closure))
#50 /Users/aldyhelix/Projects/www/backend_rmi/vendor/laravel/framework/src/Illuminate/Foundation/Http/Middleware/PreventRequestsDuringMaintenance.php(86): Illuminate\\Pipeline\\Pipeline->Illuminate\\Pipeline\\{closure}(Object(Illuminate\\Http\\Request))
#51 /Users/aldyhelix/Projects/www/backend_rmi/vendor/laravel/framework/src/Illuminate/Pipeline/Pipeline.php(167): Illuminate\\Foundation\\Http\\Middleware\\PreventRequestsDuringMaintenance->handle(Object(Illuminate\\Http\\Request), Object(Closure))
#52 /Users/aldyhelix/Projects/www/backend_rmi/vendor/fruitcake/laravel-cors/src/HandleCors.php(38): Illuminate\\Pipeline\\Pipeline->Illuminate\\Pipeline\\{closure}(Object(Illuminate\\Http\\Request))
#53 /Users/aldyhelix/Projects/www/backend_rmi/vendor/laravel/framework/src/Illuminate/Pipeline/Pipeline.php(167): Fruitcake\\Cors\\HandleCors->handle(Object(Illuminate\\Http\\Request), Object(Closure))
#54 /Users/aldyhelix/Projects/www/backend_rmi/vendor/laravel/framework/src/Illuminate/Http/Middleware/TrustProxies.php(39): Illuminate\\Pipeline\\Pipeline->Illuminate\\Pipeline\\{closure}(Object(Illuminate\\Http\\Request))
#55 /Users/aldyhelix/Projects/www/backend_rmi/vendor/laravel/framework/src/Illuminate/Pipeline/Pipeline.php(167): Illuminate\\Http\\Middleware\\TrustProxies->handle(Object(Illuminate\\Http\\Request), Object(Closure))
#56 /Users/aldyhelix/Projects/www/backend_rmi/vendor/laravel/framework/src/Illuminate/Pipeline/Pipeline.php(103): Illuminate\\Pipeline\\Pipeline->Illuminate\\Pipeline\\{closure}(Object(Illuminate\\Http\\Request))
#57 /Users/aldyhelix/Projects/www/backend_rmi/vendor/laravel/framework/src/Illuminate/Foundation/Http/Kernel.php(142): Illuminate\\Pipeline\\Pipeline->then(Object(Closure))
#58 /Users/aldyhelix/Projects/www/backend_rmi/vendor/laravel/framework/src/Illuminate/Foundation/Http/Kernel.php(111): Illuminate\\Foundation\\Http\\Kernel->sendRequestThroughRouter(Object(Illuminate\\Http\\Request))
#59 /Users/aldyhelix/Projects/www/backend_rmi/public/index.php(59): Illuminate\\Foundation\\Http\\Kernel->handle(Object(Illuminate\\Http\\Request))
#60 /Applications/Herd.app/Contents/Resources/valet/server.php(153): require('/Users/aldyheli...')
#61 {main}

[previous exception] [object] (PDOException(code: 1045): SQLSTATE[HY000] [1045] Access denied for user 'u960465142_admin_rmi'@'localhost' (using password: YES) at /Users/aldyhelix/Projects/www/backend_rmi/vendor/laravel/framework/src/Illuminate/Database/Connectors/Connector.php:70)
[stacktrace]
#0 /Users/aldyhelix/Projects/www/backend_rmi/vendor/laravel/framework/src/Illuminate/Database/Connectors/Connector.php(70): PDO->__construct('mysql:host=127....', 'u960465142_admi...', 'adminRMI123', Array)
#1 /Users/aldyhelix/Projects/www/backend_rmi/vendor/laravel/framework/src/Illuminate/Database/Connectors/Connector.php(46): Illuminate\\Database\\Connectors\\Connector->createPdoConnection('mysql:host=127....', 'u960465142_admi...', 'adminRMI123', Array)
#2 /Users/aldyhelix/Projects/www/backend_rmi/vendor/laravel/framework/src/Illuminate/Database/Connectors/MySqlConnector.php(24): Illuminate\\Database\\Connectors\\Connector->createConnection('mysql:host=127....', Array, Array)
#3 /Users/aldyhelix/Projects/www/backend_rmi/vendor/laravel/framework/src/Illuminate/Database/Connectors/ConnectionFactory.php(184): Illuminate\\Database\\Connectors\\MySqlConnector->connect(Array)
#4 [internal function]: Illuminate\\Database\\Connectors\\ConnectionFactory->Illuminate\\Database\\Connectors\\{closure}()
#5 /Users/aldyhelix/Projects/www/backend_rmi/vendor/laravel/framework/src/Illuminate/Database/Connection.php(1064): call_user_func(Object(Closure))
#6 /Users/aldyhelix/Projects/www/backend_rmi/vendor/laravel/framework/src/Illuminate/Database/Connection.php(1100): Illuminate\\Database\\Connection->getPdo()
#7 /Users/aldyhelix/Projects/www/backend_rmi/vendor/laravel/framework/src/Illuminate/Database/Connection.php(442): Illuminate\\Database\\Connection->getReadPdo()
#8 /Users/aldyhelix/Projects/www/backend_rmi/vendor/laravel/framework/src/Illuminate/Database/Connection.php(368): Illuminate\\Database\\Connection->getPdoForSelect(true)
#9 /Users/aldyhelix/Projects/www/backend_rmi/vendor/laravel/framework/src/Illuminate/Database/Connection.php(705): Illuminate\\Database\\Connection->Illuminate\\Database\\{closure}('select * from `...', Array)
#10 /Users/aldyhelix/Projects/www/backend_rmi/vendor/laravel/framework/src/Illuminate/Database/Connection.php(672): Illuminate\\Database\\Connection->runQueryCallback('select * from `...', Array, Object(Closure))
#11 /Users/aldyhelix/Projects/www/backend_rmi/vendor/laravel/framework/src/Illuminate/Database/Connection.php(376): Illuminate\\Database\\Connection->run('select * from `...', Array, Object(Closure))
#12 /Users/aldyhelix/Projects/www/backend_rmi/vendor/laravel/framework/src/Illuminate/Database/Query/Builder.php(2414): Illuminate\\Database\\Connection->select('select * from `...', Array, true)
#13 /Users/aldyhelix/Projects/www/backend_rmi/vendor/laravel/framework/src/Illuminate/Database/Query/Builder.php(2402): Illuminate\\Database\\Query\\Builder->runSelect()
#14 /Users/aldyhelix/Projects/www/backend_rmi/vendor/laravel/framework/src/Illuminate/Database/Query/Builder.php(2936): Illuminate\\Database\\Query\\Builder->Illuminate\\Database\\Query\\{closure}()
#15 /Users/aldyhelix/Projects/www/backend_rmi/vendor/laravel/framework/src/Illuminate/Database/Query/Builder.php(2403): Illuminate\\Database\\Query\\Builder->onceWithColumns(Array, Object(Closure))
#16 /Users/aldyhelix/Projects/www/backend_rmi/vendor/laravel/framework/src/Illuminate/Database/Eloquent/Builder.php(625): Illuminate\\Database\\Query\\Builder->get(Array)
#17 /Users/aldyhelix/Projects/www/backend_rmi/vendor/laravel/framework/src/Illuminate/Database/Eloquent/Builder.php(609): Illuminate\\Database\\Eloquent\\Builder->getModels(Array)
#18 /Users/aldyhelix/Projects/www/backend_rmi/vendor/laravel/framework/src/Illuminate/Database/Concerns/BuildsQueries.php(294): Illuminate\\Database\\Eloquent\\Builder->get(Array)
#19 /Users/aldyhelix/Projects/www/backend_rmi/app/Helpers/SystemHelper.php(30): Illuminate\\Database\\Eloquent\\Builder->first()
#20 /Users/aldyhelix/Projects/www/backend_rmi/vendor/laravel/framework/src/Illuminate/Cache/Repository.php(426): {closure}()
#21 /Users/aldyhelix/Projects/www/backend_rmi/vendor/laravel/framework/src/Illuminate/Cache/CacheManager.php(418): Illuminate\\Cache\\Repository->rememberForever('system_settings', Object(Closure))
#22 /Users/aldyhelix/Projects/www/backend_rmi/vendor/laravel/framework/src/Illuminate/Support/Facades/Facade.php(261): Illuminate\\Cache\\CacheManager->__call('rememberForever', Array)
#23 /Users/aldyhelix/Projects/www/backend_rmi/app/Helpers/SystemHelper.php(31): Illuminate\\Support\\Facades\\Facade::__callStatic('rememberForever', Array)
#24 /Users/aldyhelix/Projects/www/backend_rmi/app/Http/Middleware/InitSettings.php(8): setSystemConfig()
#25 /Users/aldyhelix/Projects/www/backend_rmi/vendor/laravel/framework/src/Illuminate/Pipeline/Pipeline.php(167): App\\Http\\Middleware\\InitSettings->handle(Object(Illuminate\\Http\\Request), Object(Closure))
#26 /Users/aldyhelix/Projects/www/backend_rmi/vendor/laravel/framework/src/Illuminate/Routing/Middleware/SubstituteBindings.php(50): Illuminate\\Pipeline\\Pipeline->Illuminate\\Pipeline\\{closure}(Object(Illuminate\\Http\\Request))
#27 /Users/aldyhelix/Projects/www/backend_rmi/vendor/laravel/framework/src/Illuminate/Pipeline/Pipeline.php(167): Illuminate\\Routing\\Middleware\\SubstituteBindings->handle(Object(Illuminate\\Http\\Request), Object(Closure))
#28 /Users/aldyhelix/Projects/www/backend_rmi/vendor/laravel/framework/src/Illuminate/Foundation/Http/Middleware/VerifyCsrfToken.php(78): Illuminate\\Pipeline\\Pipeline->Illuminate\\Pipeline\\{closure}(Object(Illuminate\\Http\\Request))
#29 /Users/aldyhelix/Projects/www/backend_rmi/vendor/laravel/framework/src/Illuminate/Pipeline/Pipeline.php(167): Illuminate\\Foundation\\Http\\Middleware\\VerifyCsrfToken->handle(Object(Illuminate\\Http\\Request), Object(Closure))
#30 /Users/aldyhelix/Projects/www/backend_rmi/vendor/laravel/framework/src/Illuminate/View/Middleware/ShareErrorsFromSession.php(49): Illuminate\\Pipeline\\Pipeline->Illuminate\\Pipeline\\{closure}(Object(Illuminate\\Http\\Request))
#31 /Users/aldyhelix/Projects/www/backend_rmi/vendor/laravel/framework/src/Illuminate/Pipeline/Pipeline.php(167): Illuminate\\View\\Middleware\\ShareErrorsFromSession->handle(Object(Illuminate\\Http\\Request), Object(Closure))
#32 /Users/aldyhelix/Projects/www/backend_rmi/vendor/laravel/framework/src/Illuminate/Session/Middleware/StartSession.php(121): Illuminate\\Pipeline\\Pipeline->Illuminate\\Pipeline\\{closure}(Object(Illuminate\\Http\\Request))
#33 /Users/aldyhelix/Projects/www/backend_rmi/vendor/laravel/framework/src/Illuminate/Session/Middleware/StartSession.php(64): Illuminate\\Session\\Middleware\\StartSession->handleStatefulRequest(Object(Illuminate\\Http\\Request), Object(Illuminate\\Session\\EncryptedStore), Object(Closure))
#34 /Users/aldyhelix/Projects/www/backend_rmi/vendor/laravel/framework/src/Illuminate/Pipeline/Pipeline.php(167): Illuminate\\Session\\Middleware\\StartSession->handle(Object(Illuminate\\Http\\Request), Object(Closure))
#35 /Users/aldyhelix/Projects/www/backend_rmi/vendor/laravel/framework/src/Illuminate/Cookie/Middleware/AddQueuedCookiesToResponse.php(37): Illuminate\\Pipeline\\Pipeline->Illuminate\\Pipeline\\{closure}(Object(Illuminate\\Http\\Request))
#36 /Users/aldyhelix/Projects/www/backend_rmi/vendor/laravel/framework/src/Illuminate/Pipeline/Pipeline.php(167): Illuminate\\Cookie\\Middleware\\AddQueuedCookiesToResponse->handle(Object(Illuminate\\Http\\Request), Object(Closure))
#37 /Users/aldyhelix/Projects/www/backend_rmi/vendor/laravel/framework/src/Illuminate/Cookie/Middleware/EncryptCookies.php(67): Illuminate\\Pipeline\\Pipeline->Illuminate\\Pipeline\\{closure}(Object(Illuminate\\Http\\Request))
#38 /Users/aldyhelix/Projects/www/backend_rmi/vendor/laravel/framework/src/Illuminate/Pipeline/Pipeline.php(167): Illuminate\\Cookie\\Middleware\\EncryptCookies->handle(Object(Illuminate\\Http\\Request), Object(Closure))
#39 /Users/aldyhelix/Projects/www/backend_rmi/vendor/laravel/framework/src/Illuminate/Pipeline/Pipeline.php(103): Illuminate\\Pipeline\\Pipeline->Illuminate\\Pipeline\\{closure}(Object(Illuminate\\Http\\Request))
#40 /Users/aldyhelix/Projects/www/backend_rmi/vendor/laravel/framework/src/Illuminate/Routing/Router.php(723): Illuminate\\Pipeline\\Pipeline->then(Object(Closure))
#41 /Users/aldyhelix/Projects/www/backend_rmi/vendor/laravel/framework/src/Illuminate/Routing/Router.php(698): Illuminate\\Routing\\Router->runRouteWithinStack(Object(Illuminate\\Routing\\Route), Object(Illuminate\\Http\\Request))
#42 /Users/aldyhelix/Projects/www/backend_rmi/vendor/laravel/framework/src/Illuminate/Routing/Router.php(662): Illuminate\\Routing\\Router->runRoute(Object(Illuminate\\Http\\Request), Object(Illuminate\\Routing\\Route))
#43 /Users/aldyhelix/Projects/www/backend_rmi/vendor/laravel/framework/src/Illuminate/Routing/Router.php(651): Illuminate\\Routing\\Router->dispatchToRoute(Object(Illuminate\\Http\\Request))
#44 /Users/aldyhelix/Projects/www/backend_rmi/vendor/laravel/framework/src/Illuminate/Foundation/Http/Kernel.php(167): Illuminate\\Routing\\Router->dispatch(Object(Illuminate\\Http\\Request))
#45 /Users/aldyhelix/Projects/www/backend_rmi/vendor/laravel/framework/src/Illuminate/Pipeline/Pipeline.php(128): Illuminate\\Foundation\\Http\\Kernel->Illuminate\\Foundation\\Http\\{closure}(Object(Illuminate\\Http\\Request))
#46 /Users/aldyhelix/Projects/www/backend_rmi/vendor/livewire/livewire/src/DisableBrowserCache.php(19): Illuminate\\Pipeline\\Pipeline->Illuminate\\Pipeline\\{closure}(Object(Illuminate\\Http\\Request))
#47 /Users/aldyhelix/Projects/www/backend_rmi/vendor/laravel/framework/src/Illuminate/Pipeline/Pipeline.php(167): Livewire\\DisableBrowserCache->handle(Object(Illuminate\\Http\\Request), Object(Closure))
#48 /Users/aldyhelix/Projects/www/backend_rmi/vendor/barryvdh/laravel-debugbar/src/Middleware/InjectDebugbar.php(59): Illuminate\\Pipeline\\Pipeline->Illuminate\\Pipeline\\{closure}(Object(Illuminate\\Http\\Request))
#49 /Users/aldyhelix/Projects/www/backend_rmi/vendor/laravel/framework/src/Illuminate/Pipeline/Pipeline.php(167): Barryvdh\\Debugbar\\Middleware\\InjectDebugbar->handle(Object(Illuminate\\Http\\Request), Object(Closure))
#50 /Users/aldyhelix/Projects/www/backend_rmi/app/Http/Middleware/CheckForInstallation.php(19): Illuminate\\Pipeline\\Pipeline->Illuminate\\Pipeline\\{closure}(Object(Illuminate\\Http\\Request))
#51 /Users/aldyhelix/Projects/www/backend_rmi/vendor/laravel/framework/src/Illuminate/Pipeline/Pipeline.php(167): App\\Http\\Middleware\\CheckForInstallation->handle(Object(Illuminate\\Http\\Request), Object(Closure))
#52 /Users/aldyhelix/Projects/www/backend_rmi/vendor/laravel/framework/src/Illuminate/Foundation/Http/Middleware/TransformsRequest.php(21): Illuminate\\Pipeline\\Pipeline->Illuminate\\Pipeline\\{closure}(Object(Illuminate\\Http\\Request))
#53 /Users/aldyhelix/Projects/www/backend_rmi/vendor/laravel/framework/src/Illuminate/Foundation/Http/Middleware/ConvertEmptyStringsToNull.php(31): Illuminate\\Foundation\\Http\\Middleware\\TransformsRequest->handle(Object(Illuminate\\Http\\Request), Object(Closure))
#54 /Users/aldyhelix/Projects/www/backend_rmi/vendor/laravel/framework/src/Illuminate/Pipeline/Pipeline.php(167): Illuminate\\Foundation\\Http\\Middleware\\ConvertEmptyStringsToNull->handle(Object(Illuminate\\Http\\Request), Object(Closure))
#55 /Users/aldyhelix/Projects/www/backend_rmi/vendor/laravel/framework/src/Illuminate/Foundation/Http/Middleware/TransformsRequest.php(21): Illuminate\\Pipeline\\Pipeline->Illuminate\\Pipeline\\{closure}(Object(Illuminate\\Http\\Request))
#56 /Users/aldyhelix/Projects/www/backend_rmi/vendor/laravel/framework/src/Illuminate/Foundation/Http/Middleware/TrimStrings.php(40): Illuminate\\Foundation\\Http\\Middleware\\TransformsRequest->handle(Object(Illuminate\\Http\\Request), Object(Closure))
#57 /Users/aldyhelix/Projects/www/backend_rmi/vendor/laravel/framework/src/Illuminate/Pipeline/Pipeline.php(167): Illuminate\\Foundation\\Http\\Middleware\\TrimStrings->handle(Object(Illuminate\\Http\\Request), Object(Closure))
#58 /Users/aldyhelix/Projects/www/backend_rmi/vendor/laravel/framework/src/Illuminate/Foundation/Http/Middleware/ValidatePostSize.php(27): Illuminate\\Pipeline\\Pipeline->Illuminate\\Pipeline\\{closure}(Object(Illuminate\\Http\\Request))
#59 /Users/aldyhelix/Projects/www/backend_rmi/vendor/laravel/framework/src/Illuminate/Pipeline/Pipeline.php(167): Illuminate\\Foundation\\Http\\Middleware\\ValidatePostSize->handle(Object(Illuminate\\Http\\Request), Object(Closure))
#60 /Users/aldyhelix/Projects/www/backend_rmi/vendor/laravel/framework/src/Illuminate/Foundation/Http/Middleware/PreventRequestsDuringMaintenance.php(86): Illuminate\\Pipeline\\Pipeline->Illuminate\\Pipeline\\{closure}(Object(Illuminate\\Http\\Request))
#61 /Users/aldyhelix/Projects/www/backend_rmi/vendor/laravel/framework/src/Illuminate/Pipeline/Pipeline.php(167): Illuminate\\Foundation\\Http\\Middleware\\PreventRequestsDuringMaintenance->handle(Object(Illuminate\\Http\\Request), Object(Closure))
#62 /Users/aldyhelix/Projects/www/backend_rmi/vendor/fruitcake/laravel-cors/src/HandleCors.php(38): Illuminate\\Pipeline\\Pipeline->Illuminate\\Pipeline\\{closure}(Object(Illuminate\\Http\\Request))
#63 /Users/aldyhelix/Projects/www/backend_rmi/vendor/laravel/framework/src/Illuminate/Pipeline/Pipeline.php(167): Fruitcake\\Cors\\HandleCors->handle(Object(Illuminate\\Http\\Request), Object(Closure))
#64 /Users/aldyhelix/Projects/www/backend_rmi/vendor/laravel/framework/src/Illuminate/Http/Middleware/TrustProxies.php(39): Illuminate\\Pipeline\\Pipeline->Illuminate\\Pipeline\\{closure}(Object(Illuminate\\Http\\Request))
#65 /Users/aldyhelix/Projects/www/backend_rmi/vendor/laravel/framework/src/Illuminate/Pipeline/Pipeline.php(167): Illuminate\\Http\\Middleware\\TrustProxies->handle(Object(Illuminate\\Http\\Request), Object(Closure))
#66 /Users/aldyhelix/Projects/www/backend_rmi/vendor/laravel/framework/src/Illuminate/Pipeline/Pipeline.php(103): Illuminate\\Pipeline\\Pipeline->Illuminate\\Pipeline\\{closure}(Object(Illuminate\\Http\\Request))
#67 /Users/aldyhelix/Projects/www/backend_rmi/vendor/laravel/framework/src/Illuminate/Foundation/Http/Kernel.php(142): Illuminate\\Pipeline\\Pipeline->then(Object(Closure))
#68 /Users/aldyhelix/Projects/www/backend_rmi/vendor/laravel/framework/src/Illuminate/Foundation/Http/Kernel.php(111): Illuminate\\Foundation\\Http\\Kernel->sendRequestThroughRouter(Object(Illuminate\\Http\\Request))
#69 /Users/aldyhelix/Projects/www/backend_rmi/public/index.php(59): Illuminate\\Foundation\\Http\\Kernel->handle(Object(Illuminate\\Http\\Request))
#70 /Applications/Herd.app/Contents/Resources/valet/server.php(153): require('/Users/aldyheli...')
#71 {main}
"} 
