[2024-06-14 16:15:31] production.ERROR: Class "Barryvdh\Debugbar\ServiceProvider" not found {"exception":"[object] (Error(code: 0): Class \"Barryvdh\\Debugbar\\ServiceProvider\" not found at /Users/aldyhelix/Projects/www/backend_rmi/vendor/laravel/framework/src/Illuminate/Foundation/Application.php:745)
[stacktrace]
#0 /Users/aldyhelix/Projects/www/backend_rmi/vendor/laravel/framework/src/Illuminate/Foundation/Application.php(679): Illuminate\\Foundation\\Application->resolveProvider('Barryvdh\\\\Debugb...')
#1 /Users/aldyhelix/Projects/www/backend_rmi/vendor/laravel/framework/src/Illuminate/Foundation/ProviderRepository.php(75): Illuminate\\Foundation\\Application->register('Barryvdh\\\\Debugb...')
#2 /Users/aldyhelix/Projects/www/backend_rmi/vendor/laravel/framework/src/Illuminate/Foundation/Application.php(659): Illuminate\\Foundation\\ProviderRepository->load(Array)
#3 /Users/aldyhelix/Projects/www/backend_rmi/vendor/laravel/framework/src/Illuminate/Foundation/Bootstrap/RegisterProviders.php(17): Illuminate\\Foundation\\Application->registerConfiguredProviders()
#4 /Users/aldyhelix/Projects/www/backend_rmi/vendor/laravel/framework/src/Illuminate/Foundation/Application.php(237): Illuminate\\Foundation\\Bootstrap\\RegisterProviders->bootstrap(Object(Illuminate\\Foundation\\Application))
#5 /Users/aldyhelix/Projects/www/backend_rmi/vendor/laravel/framework/src/Illuminate/Foundation/Console/Kernel.php(310): Illuminate\\Foundation\\Application->bootstrapWith(Array)
#6 /Users/aldyhelix/Projects/www/backend_rmi/vendor/laravel/framework/src/Illuminate/Foundation/Console/Kernel.php(127): Illuminate\\Foundation\\Console\\Kernel->bootstrap()
#7 Command line code(1): Illuminate\\Foundation\\Console\\Kernel->handle(Object(Symfony\\Component\\Console\\Input\\ArgvInput), Object(Symfony\\Component\\Console\\Output\\ConsoleOutput))
#8 {main}
"} 
[2024-06-14 16:15:33] production.ERROR: Class "Barryvdh\Debugbar\ServiceProvider" not found {"exception":"[object] (Error(code: 0): Class \"Barryvdh\\Debugbar\\ServiceProvider\" not found at /Users/aldyhelix/Projects/www/backend_rmi/vendor/laravel/framework/src/Illuminate/Foundation/Application.php:745)
[stacktrace]
#0 /Users/aldyhelix/Projects/www/backend_rmi/vendor/laravel/framework/src/Illuminate/Foundation/Application.php(679): Illuminate\\Foundation\\Application->resolveProvider('Barryvdh\\\\Debugb...')
#1 /Users/aldyhelix/Projects/www/backend_rmi/vendor/laravel/framework/src/Illuminate/Foundation/ProviderRepository.php(75): Illuminate\\Foundation\\Application->register('Barryvdh\\\\Debugb...')
#2 /Users/aldyhelix/Projects/www/backend_rmi/vendor/laravel/framework/src/Illuminate/Foundation/Application.php(659): Illuminate\\Foundation\\ProviderRepository->load(Array)
#3 /Users/aldyhelix/Projects/www/backend_rmi/vendor/laravel/framework/src/Illuminate/Foundation/Bootstrap/RegisterProviders.php(17): Illuminate\\Foundation\\Application->registerConfiguredProviders()
#4 /Users/aldyhelix/Projects/www/backend_rmi/vendor/laravel/framework/src/Illuminate/Foundation/Application.php(237): Illuminate\\Foundation\\Bootstrap\\RegisterProviders->bootstrap(Object(Illuminate\\Foundation\\Application))
#5 /Users/aldyhelix/Projects/www/backend_rmi/vendor/laravel/framework/src/Illuminate/Foundation/Console/Kernel.php(310): Illuminate\\Foundation\\Application->bootstrapWith(Array)
#6 /Users/aldyhelix/Projects/www/backend_rmi/vendor/laravel/framework/src/Illuminate/Foundation/Console/Kernel.php(127): Illuminate\\Foundation\\Console\\Kernel->bootstrap()
#7 Command line code(1): Illuminate\\Foundation\\Console\\Kernel->handle(Object(Symfony\\Component\\Console\\Input\\ArgvInput), Object(Symfony\\Component\\Console\\Output\\ConsoleOutput))
#8 {main}
"} 
[2024-06-14 16:15:34] production.ERROR: Class "Barryvdh\Debugbar\ServiceProvider" not found {"exception":"[object] (Error(code: 0): Class \"Barryvdh\\Debugbar\\ServiceProvider\" not found at /Users/aldyhelix/Projects/www/backend_rmi/vendor/laravel/framework/src/Illuminate/Foundation/Application.php:745)
[stacktrace]
#0 /Users/aldyhelix/Projects/www/backend_rmi/vendor/laravel/framework/src/Illuminate/Foundation/Application.php(679): Illuminate\\Foundation\\Application->resolveProvider('Barryvdh\\\\Debugb...')
#1 /Users/aldyhelix/Projects/www/backend_rmi/vendor/laravel/framework/src/Illuminate/Foundation/ProviderRepository.php(75): Illuminate\\Foundation\\Application->register('Barryvdh\\\\Debugb...')
#2 /Users/aldyhelix/Projects/www/backend_rmi/vendor/laravel/framework/src/Illuminate/Foundation/Application.php(659): Illuminate\\Foundation\\ProviderRepository->load(Array)
#3 /Users/aldyhelix/Projects/www/backend_rmi/vendor/laravel/framework/src/Illuminate/Foundation/Bootstrap/RegisterProviders.php(17): Illuminate\\Foundation\\Application->registerConfiguredProviders()
#4 /Users/aldyhelix/Projects/www/backend_rmi/vendor/laravel/framework/src/Illuminate/Foundation/Application.php(237): Illuminate\\Foundation\\Bootstrap\\RegisterProviders->bootstrap(Object(Illuminate\\Foundation\\Application))
#5 /Users/aldyhelix/Projects/www/backend_rmi/vendor/laravel/framework/src/Illuminate/Foundation/Console/Kernel.php(310): Illuminate\\Foundation\\Application->bootstrapWith(Array)
#6 /Users/aldyhelix/Projects/www/backend_rmi/vendor/laravel/framework/src/Illuminate/Foundation/Console/Kernel.php(127): Illuminate\\Foundation\\Console\\Kernel->bootstrap()
#7 Command line code(1): Illuminate\\Foundation\\Console\\Kernel->handle(Object(Symfony\\Component\\Console\\Input\\ArgvInput), Object(Symfony\\Component\\Console\\Output\\ConsoleOutput))
#8 {main}
"} 
[2024-06-14 16:15:46] production.ERROR: Class "Barryvdh\Debugbar\ServiceProvider" not found {"exception":"[object] (Error(code: 0): Class \"Barryvdh\\Debugbar\\ServiceProvider\" not found at /Users/aldyhelix/Projects/www/backend_rmi/vendor/laravel/framework/src/Illuminate/Foundation/Application.php:745)
[stacktrace]
#0 /Users/aldyhelix/Projects/www/backend_rmi/vendor/laravel/framework/src/Illuminate/Foundation/Application.php(679): Illuminate\\Foundation\\Application->resolveProvider('Barryvdh\\\\Debugb...')
#1 /Users/aldyhelix/Projects/www/backend_rmi/vendor/laravel/framework/src/Illuminate/Foundation/ProviderRepository.php(75): Illuminate\\Foundation\\Application->register('Barryvdh\\\\Debugb...')
#2 /Users/aldyhelix/Projects/www/backend_rmi/vendor/laravel/framework/src/Illuminate/Foundation/Application.php(659): Illuminate\\Foundation\\ProviderRepository->load(Array)
#3 /Users/aldyhelix/Projects/www/backend_rmi/vendor/laravel/framework/src/Illuminate/Foundation/Bootstrap/RegisterProviders.php(17): Illuminate\\Foundation\\Application->registerConfiguredProviders()
#4 /Users/aldyhelix/Projects/www/backend_rmi/vendor/laravel/framework/src/Illuminate/Foundation/Application.php(237): Illuminate\\Foundation\\Bootstrap\\RegisterProviders->bootstrap(Object(Illuminate\\Foundation\\Application))
#5 /Users/aldyhelix/Projects/www/backend_rmi/vendor/laravel/framework/src/Illuminate/Foundation/Console/Kernel.php(310): Illuminate\\Foundation\\Application->bootstrapWith(Array)
#6 /Users/aldyhelix/Projects/www/backend_rmi/vendor/laravel/framework/src/Illuminate/Foundation/Console/Kernel.php(127): Illuminate\\Foundation\\Console\\Kernel->bootstrap()
#7 Command line code(1): Illuminate\\Foundation\\Console\\Kernel->handle(Object(Symfony\\Component\\Console\\Input\\ArgvInput), Object(Symfony\\Component\\Console\\Output\\ConsoleOutput))
#8 {main}
"} 
[2024-06-14 16:15:46] production.ERROR: Class "Barryvdh\Debugbar\ServiceProvider" not found {"exception":"[object] (Error(code: 0): Class \"Barryvdh\\Debugbar\\ServiceProvider\" not found at /Users/aldyhelix/Projects/www/backend_rmi/vendor/laravel/framework/src/Illuminate/Foundation/Application.php:745)
[stacktrace]
#0 /Users/aldyhelix/Projects/www/backend_rmi/vendor/laravel/framework/src/Illuminate/Foundation/Application.php(679): Illuminate\\Foundation\\Application->resolveProvider('Barryvdh\\\\Debugb...')
#1 /Users/aldyhelix/Projects/www/backend_rmi/vendor/laravel/framework/src/Illuminate/Foundation/ProviderRepository.php(75): Illuminate\\Foundation\\Application->register('Barryvdh\\\\Debugb...')
#2 /Users/aldyhelix/Projects/www/backend_rmi/vendor/laravel/framework/src/Illuminate/Foundation/Application.php(659): Illuminate\\Foundation\\ProviderRepository->load(Array)
#3 /Users/aldyhelix/Projects/www/backend_rmi/vendor/laravel/framework/src/Illuminate/Foundation/Bootstrap/RegisterProviders.php(17): Illuminate\\Foundation\\Application->registerConfiguredProviders()
#4 /Users/aldyhelix/Projects/www/backend_rmi/vendor/laravel/framework/src/Illuminate/Foundation/Application.php(237): Illuminate\\Foundation\\Bootstrap\\RegisterProviders->bootstrap(Object(Illuminate\\Foundation\\Application))
#5 /Users/aldyhelix/Projects/www/backend_rmi/vendor/laravel/framework/src/Illuminate/Foundation/Console/Kernel.php(310): Illuminate\\Foundation\\Application->bootstrapWith(Array)
#6 /Users/aldyhelix/Projects/www/backend_rmi/vendor/laravel/framework/src/Illuminate/Foundation/Console/Kernel.php(127): Illuminate\\Foundation\\Console\\Kernel->bootstrap()
#7 Command line code(1): Illuminate\\Foundation\\Console\\Kernel->handle(Object(Symfony\\Component\\Console\\Input\\ArgvInput), Object(Symfony\\Component\\Console\\Output\\ConsoleOutput))
#8 {main}
"} 
[2024-06-14 16:15:46] production.ERROR: Class "Barryvdh\Debugbar\ServiceProvider" not found {"exception":"[object] (Error(code: 0): Class \"Barryvdh\\Debugbar\\ServiceProvider\" not found at /Users/aldyhelix/Projects/www/backend_rmi/vendor/laravel/framework/src/Illuminate/Foundation/Application.php:745)
[stacktrace]
#0 /Users/aldyhelix/Projects/www/backend_rmi/vendor/laravel/framework/src/Illuminate/Foundation/Application.php(679): Illuminate\\Foundation\\Application->resolveProvider('Barryvdh\\\\Debugb...')
#1 /Users/aldyhelix/Projects/www/backend_rmi/vendor/laravel/framework/src/Illuminate/Foundation/ProviderRepository.php(75): Illuminate\\Foundation\\Application->register('Barryvdh\\\\Debugb...')
#2 /Users/aldyhelix/Projects/www/backend_rmi/vendor/laravel/framework/src/Illuminate/Foundation/Application.php(659): Illuminate\\Foundation\\ProviderRepository->load(Array)
#3 /Users/aldyhelix/Projects/www/backend_rmi/vendor/laravel/framework/src/Illuminate/Foundation/Bootstrap/RegisterProviders.php(17): Illuminate\\Foundation\\Application->registerConfiguredProviders()
#4 /Users/aldyhelix/Projects/www/backend_rmi/vendor/laravel/framework/src/Illuminate/Foundation/Application.php(237): Illuminate\\Foundation\\Bootstrap\\RegisterProviders->bootstrap(Object(Illuminate\\Foundation\\Application))
#5 /Users/aldyhelix/Projects/www/backend_rmi/vendor/laravel/framework/src/Illuminate/Foundation/Console/Kernel.php(310): Illuminate\\Foundation\\Application->bootstrapWith(Array)
#6 /Users/aldyhelix/Projects/www/backend_rmi/vendor/laravel/framework/src/Illuminate/Foundation/Console/Kernel.php(127): Illuminate\\Foundation\\Console\\Kernel->bootstrap()
#7 Command line code(1): Illuminate\\Foundation\\Console\\Kernel->handle(Object(Symfony\\Component\\Console\\Input\\ArgvInput), Object(Symfony\\Component\\Console\\Output\\ConsoleOutput))
#8 {main}
"} 
[2024-06-14 16:15:54] production.ERROR: Class "Barryvdh\Debugbar\ServiceProvider" not found {"exception":"[object] (Error(code: 0): Class \"Barryvdh\\Debugbar\\ServiceProvider\" not found at /Users/aldyhelix/Projects/www/backend_rmi/vendor/laravel/framework/src/Illuminate/Foundation/Application.php:745)
[stacktrace]
#0 /Users/aldyhelix/Projects/www/backend_rmi/vendor/laravel/framework/src/Illuminate/Foundation/Application.php(679): Illuminate\\Foundation\\Application->resolveProvider('Barryvdh\\\\Debugb...')
#1 /Users/aldyhelix/Projects/www/backend_rmi/vendor/laravel/framework/src/Illuminate/Foundation/ProviderRepository.php(75): Illuminate\\Foundation\\Application->register('Barryvdh\\\\Debugb...')
#2 /Users/aldyhelix/Projects/www/backend_rmi/vendor/laravel/framework/src/Illuminate/Foundation/Application.php(659): Illuminate\\Foundation\\ProviderRepository->load(Array)
#3 /Users/aldyhelix/Projects/www/backend_rmi/vendor/laravel/framework/src/Illuminate/Foundation/Bootstrap/RegisterProviders.php(17): Illuminate\\Foundation\\Application->registerConfiguredProviders()
#4 /Users/aldyhelix/Projects/www/backend_rmi/vendor/laravel/framework/src/Illuminate/Foundation/Application.php(237): Illuminate\\Foundation\\Bootstrap\\RegisterProviders->bootstrap(Object(Illuminate\\Foundation\\Application))
#5 /Users/aldyhelix/Projects/www/backend_rmi/vendor/laravel/framework/src/Illuminate/Foundation/Console/Kernel.php(310): Illuminate\\Foundation\\Application->bootstrapWith(Array)
#6 /Users/aldyhelix/Projects/www/backend_rmi/vendor/laravel/framework/src/Illuminate/Foundation/Console/Kernel.php(127): Illuminate\\Foundation\\Console\\Kernel->bootstrap()
#7 Command line code(1): Illuminate\\Foundation\\Console\\Kernel->handle(Object(Symfony\\Component\\Console\\Input\\ArgvInput), Object(Symfony\\Component\\Console\\Output\\ConsoleOutput))
#8 {main}
"} 
[2024-06-14 16:16:06] production.ERROR: Class "Barryvdh\Debugbar\ServiceProvider" not found {"exception":"[object] (Error(code: 0): Class \"Barryvdh\\Debugbar\\ServiceProvider\" not found at /Users/aldyhelix/Projects/www/backend_rmi/vendor/laravel/framework/src/Illuminate/Foundation/Application.php:745)
[stacktrace]
#0 /Users/aldyhelix/Projects/www/backend_rmi/vendor/laravel/framework/src/Illuminate/Foundation/Application.php(679): Illuminate\\Foundation\\Application->resolveProvider('Barryvdh\\\\Debugb...')
#1 /Users/aldyhelix/Projects/www/backend_rmi/vendor/laravel/framework/src/Illuminate/Foundation/ProviderRepository.php(75): Illuminate\\Foundation\\Application->register('Barryvdh\\\\Debugb...')
#2 /Users/aldyhelix/Projects/www/backend_rmi/vendor/laravel/framework/src/Illuminate/Foundation/Application.php(659): Illuminate\\Foundation\\ProviderRepository->load(Array)
#3 /Users/aldyhelix/Projects/www/backend_rmi/vendor/laravel/framework/src/Illuminate/Foundation/Bootstrap/RegisterProviders.php(17): Illuminate\\Foundation\\Application->registerConfiguredProviders()
#4 /Users/aldyhelix/Projects/www/backend_rmi/vendor/laravel/framework/src/Illuminate/Foundation/Application.php(237): Illuminate\\Foundation\\Bootstrap\\RegisterProviders->bootstrap(Object(Illuminate\\Foundation\\Application))
#5 /Users/aldyhelix/Projects/www/backend_rmi/vendor/laravel/framework/src/Illuminate/Foundation/Console/Kernel.php(310): Illuminate\\Foundation\\Application->bootstrapWith(Array)
#6 /Users/aldyhelix/Projects/www/backend_rmi/vendor/laravel/framework/src/Illuminate/Foundation/Console/Kernel.php(127): Illuminate\\Foundation\\Console\\Kernel->bootstrap()
#7 Command line code(1): Illuminate\\Foundation\\Console\\Kernel->handle(Object(Symfony\\Component\\Console\\Input\\ArgvInput), Object(Symfony\\Component\\Console\\Output\\ConsoleOutput))
#8 {main}
"} 
[2024-06-14 16:21:46] production.ERROR: Class "Barryvdh\Debugbar\ServiceProvider" not found {"exception":"[object] (Error(code: 0): Class \"Barryvdh\\Debugbar\\ServiceProvider\" not found at /Users/aldyhelix/Projects/www/backend_rmi/vendor/laravel/framework/src/Illuminate/Foundation/Application.php:745)
[stacktrace]
#0 /Users/aldyhelix/Projects/www/backend_rmi/vendor/laravel/framework/src/Illuminate/Foundation/Application.php(679): Illuminate\\Foundation\\Application->resolveProvider('Barryvdh\\\\Debugb...')
#1 /Users/aldyhelix/Projects/www/backend_rmi/vendor/laravel/framework/src/Illuminate/Foundation/ProviderRepository.php(75): Illuminate\\Foundation\\Application->register('Barryvdh\\\\Debugb...')
#2 /Users/aldyhelix/Projects/www/backend_rmi/vendor/laravel/framework/src/Illuminate/Foundation/Application.php(659): Illuminate\\Foundation\\ProviderRepository->load(Array)
#3 /Users/aldyhelix/Projects/www/backend_rmi/vendor/laravel/framework/src/Illuminate/Foundation/Bootstrap/RegisterProviders.php(17): Illuminate\\Foundation\\Application->registerConfiguredProviders()
#4 /Users/aldyhelix/Projects/www/backend_rmi/vendor/laravel/framework/src/Illuminate/Foundation/Application.php(237): Illuminate\\Foundation\\Bootstrap\\RegisterProviders->bootstrap(Object(Illuminate\\Foundation\\Application))
#5 /Users/aldyhelix/Projects/www/backend_rmi/vendor/laravel/framework/src/Illuminate/Foundation/Console/Kernel.php(310): Illuminate\\Foundation\\Application->bootstrapWith(Array)
#6 /Users/aldyhelix/Projects/www/backend_rmi/vendor/laravel/framework/src/Illuminate/Foundation/Console/Kernel.php(127): Illuminate\\Foundation\\Console\\Kernel->bootstrap()
#7 Command line code(1): Illuminate\\Foundation\\Console\\Kernel->handle(Object(Symfony\\Component\\Console\\Input\\ArgvInput), Object(Symfony\\Component\\Console\\Output\\ConsoleOutput))
#8 {main}
"} 
[2024-06-14 16:21:46] production.ERROR: Class "Barryvdh\Debugbar\ServiceProvider" not found {"exception":"[object] (Error(code: 0): Class \"Barryvdh\\Debugbar\\ServiceProvider\" not found at /Users/aldyhelix/Projects/www/backend_rmi/vendor/laravel/framework/src/Illuminate/Foundation/Application.php:745)
[stacktrace]
#0 /Users/aldyhelix/Projects/www/backend_rmi/vendor/laravel/framework/src/Illuminate/Foundation/Application.php(679): Illuminate\\Foundation\\Application->resolveProvider('Barryvdh\\\\Debugb...')
#1 /Users/aldyhelix/Projects/www/backend_rmi/vendor/laravel/framework/src/Illuminate/Foundation/ProviderRepository.php(75): Illuminate\\Foundation\\Application->register('Barryvdh\\\\Debugb...')
#2 /Users/aldyhelix/Projects/www/backend_rmi/vendor/laravel/framework/src/Illuminate/Foundation/Application.php(659): Illuminate\\Foundation\\ProviderRepository->load(Array)
#3 /Users/aldyhelix/Projects/www/backend_rmi/vendor/laravel/framework/src/Illuminate/Foundation/Bootstrap/RegisterProviders.php(17): Illuminate\\Foundation\\Application->registerConfiguredProviders()
#4 /Users/aldyhelix/Projects/www/backend_rmi/vendor/laravel/framework/src/Illuminate/Foundation/Application.php(237): Illuminate\\Foundation\\Bootstrap\\RegisterProviders->bootstrap(Object(Illuminate\\Foundation\\Application))
#5 /Users/aldyhelix/Projects/www/backend_rmi/vendor/laravel/framework/src/Illuminate/Foundation/Console/Kernel.php(310): Illuminate\\Foundation\\Application->bootstrapWith(Array)
#6 /Users/aldyhelix/Projects/www/backend_rmi/vendor/laravel/framework/src/Illuminate/Foundation/Console/Kernel.php(127): Illuminate\\Foundation\\Console\\Kernel->bootstrap()
#7 Command line code(1): Illuminate\\Foundation\\Console\\Kernel->handle(Object(Symfony\\Component\\Console\\Input\\ArgvInput), Object(Symfony\\Component\\Console\\Output\\ConsoleOutput))
#8 {main}
"} 
[2024-06-14 16:22:11] production.ERROR: Class "Barryvdh\Debugbar\ServiceProvider" not found {"exception":"[object] (Error(code: 0): Class \"Barryvdh\\Debugbar\\ServiceProvider\" not found at /Users/aldyhelix/Projects/www/backend_rmi/vendor/laravel/framework/src/Illuminate/Foundation/Application.php:745)
[stacktrace]
#0 /Users/aldyhelix/Projects/www/backend_rmi/vendor/laravel/framework/src/Illuminate/Foundation/Application.php(679): Illuminate\\Foundation\\Application->resolveProvider('Barryvdh\\\\Debugb...')
#1 /Users/aldyhelix/Projects/www/backend_rmi/vendor/laravel/framework/src/Illuminate/Foundation/ProviderRepository.php(75): Illuminate\\Foundation\\Application->register('Barryvdh\\\\Debugb...')
#2 /Users/aldyhelix/Projects/www/backend_rmi/vendor/laravel/framework/src/Illuminate/Foundation/Application.php(659): Illuminate\\Foundation\\ProviderRepository->load(Array)
#3 /Users/aldyhelix/Projects/www/backend_rmi/vendor/laravel/framework/src/Illuminate/Foundation/Bootstrap/RegisterProviders.php(17): Illuminate\\Foundation\\Application->registerConfiguredProviders()
#4 /Users/aldyhelix/Projects/www/backend_rmi/vendor/laravel/framework/src/Illuminate/Foundation/Application.php(237): Illuminate\\Foundation\\Bootstrap\\RegisterProviders->bootstrap(Object(Illuminate\\Foundation\\Application))
#5 /Users/aldyhelix/Projects/www/backend_rmi/vendor/laravel/framework/src/Illuminate/Foundation/Http/Kernel.php(153): Illuminate\\Foundation\\Application->bootstrapWith(Array)
#6 /Users/aldyhelix/Projects/www/backend_rmi/vendor/laravel/framework/src/Illuminate/Foundation/Http/Kernel.php(137): Illuminate\\Foundation\\Http\\Kernel->bootstrap()
#7 /Users/aldyhelix/Projects/www/backend_rmi/vendor/laravel/framework/src/Illuminate/Foundation/Http/Kernel.php(111): Illuminate\\Foundation\\Http\\Kernel->sendRequestThroughRouter(Object(Illuminate\\Http\\Request))
#8 /Users/aldyhelix/Projects/www/backend_rmi/public/index.php(58): Illuminate\\Foundation\\Http\\Kernel->handle(Object(Illuminate\\Http\\Request))
#9 /Applications/Herd.app/Contents/Resources/valet/server.php(153): require('/Users/aldyheli...')
#10 {main}
"} 
[2024-06-14 16:22:46] production.ERROR: Class "Barryvdh\Debugbar\ServiceProvider" not found {"exception":"[object] (Error(code: 0): Class \"Barryvdh\\Debugbar\\ServiceProvider\" not found at /Users/aldyhelix/Projects/www/backend_rmi/vendor/laravel/framework/src/Illuminate/Foundation/Application.php:745)
[stacktrace]
#0 /Users/aldyhelix/Projects/www/backend_rmi/vendor/laravel/framework/src/Illuminate/Foundation/Application.php(679): Illuminate\\Foundation\\Application->resolveProvider('Barryvdh\\\\Debugb...')
#1 /Users/aldyhelix/Projects/www/backend_rmi/vendor/laravel/framework/src/Illuminate/Foundation/ProviderRepository.php(75): Illuminate\\Foundation\\Application->register('Barryvdh\\\\Debugb...')
#2 /Users/aldyhelix/Projects/www/backend_rmi/vendor/laravel/framework/src/Illuminate/Foundation/Application.php(659): Illuminate\\Foundation\\ProviderRepository->load(Array)
#3 /Users/aldyhelix/Projects/www/backend_rmi/vendor/laravel/framework/src/Illuminate/Foundation/Bootstrap/RegisterProviders.php(17): Illuminate\\Foundation\\Application->registerConfiguredProviders()
#4 /Users/aldyhelix/Projects/www/backend_rmi/vendor/laravel/framework/src/Illuminate/Foundation/Application.php(237): Illuminate\\Foundation\\Bootstrap\\RegisterProviders->bootstrap(Object(Illuminate\\Foundation\\Application))
#5 /Users/aldyhelix/Projects/www/backend_rmi/vendor/laravel/framework/src/Illuminate/Foundation/Console/Kernel.php(310): Illuminate\\Foundation\\Application->bootstrapWith(Array)
#6 /Users/aldyhelix/Projects/www/backend_rmi/vendor/laravel/framework/src/Illuminate/Foundation/Console/Kernel.php(127): Illuminate\\Foundation\\Console\\Kernel->bootstrap()
#7 Command line code(1): Illuminate\\Foundation\\Console\\Kernel->handle(Object(Symfony\\Component\\Console\\Input\\ArgvInput), Object(Symfony\\Component\\Console\\Output\\ConsoleOutput))
#8 {main}
"} 
[2024-06-14 16:22:46] production.ERROR: Class "Barryvdh\Debugbar\ServiceProvider" not found {"exception":"[object] (Error(code: 0): Class \"Barryvdh\\Debugbar\\ServiceProvider\" not found at /Users/aldyhelix/Projects/www/backend_rmi/vendor/laravel/framework/src/Illuminate/Foundation/Application.php:745)
[stacktrace]
#0 /Users/aldyhelix/Projects/www/backend_rmi/vendor/laravel/framework/src/Illuminate/Foundation/Application.php(679): Illuminate\\Foundation\\Application->resolveProvider('Barryvdh\\\\Debugb...')
#1 /Users/aldyhelix/Projects/www/backend_rmi/vendor/laravel/framework/src/Illuminate/Foundation/ProviderRepository.php(75): Illuminate\\Foundation\\Application->register('Barryvdh\\\\Debugb...')
#2 /Users/aldyhelix/Projects/www/backend_rmi/vendor/laravel/framework/src/Illuminate/Foundation/Application.php(659): Illuminate\\Foundation\\ProviderRepository->load(Array)
#3 /Users/aldyhelix/Projects/www/backend_rmi/vendor/laravel/framework/src/Illuminate/Foundation/Bootstrap/RegisterProviders.php(17): Illuminate\\Foundation\\Application->registerConfiguredProviders()
#4 /Users/aldyhelix/Projects/www/backend_rmi/vendor/laravel/framework/src/Illuminate/Foundation/Application.php(237): Illuminate\\Foundation\\Bootstrap\\RegisterProviders->bootstrap(Object(Illuminate\\Foundation\\Application))
#5 /Users/aldyhelix/Projects/www/backend_rmi/vendor/laravel/framework/src/Illuminate/Foundation/Console/Kernel.php(310): Illuminate\\Foundation\\Application->bootstrapWith(Array)
#6 /Users/aldyhelix/Projects/www/backend_rmi/vendor/laravel/framework/src/Illuminate/Foundation/Console/Kernel.php(127): Illuminate\\Foundation\\Console\\Kernel->bootstrap()
#7 Command line code(1): Illuminate\\Foundation\\Console\\Kernel->handle(Object(Symfony\\Component\\Console\\Input\\ArgvInput), Object(Symfony\\Component\\Console\\Output\\ConsoleOutput))
#8 {main}
"} 
[2024-06-14 16:23:46] production.ERROR: Class "Barryvdh\Debugbar\ServiceProvider" not found {"exception":"[object] (Error(code: 0): Class \"Barryvdh\\Debugbar\\ServiceProvider\" not found at /Users/aldyhelix/Projects/www/backend_rmi/vendor/laravel/framework/src/Illuminate/Foundation/Application.php:745)
[stacktrace]
#0 /Users/aldyhelix/Projects/www/backend_rmi/vendor/laravel/framework/src/Illuminate/Foundation/Application.php(679): Illuminate\\Foundation\\Application->resolveProvider('Barryvdh\\\\Debugb...')
#1 /Users/aldyhelix/Projects/www/backend_rmi/vendor/laravel/framework/src/Illuminate/Foundation/ProviderRepository.php(75): Illuminate\\Foundation\\Application->register('Barryvdh\\\\Debugb...')
#2 /Users/aldyhelix/Projects/www/backend_rmi/vendor/laravel/framework/src/Illuminate/Foundation/Application.php(659): Illuminate\\Foundation\\ProviderRepository->load(Array)
#3 /Users/aldyhelix/Projects/www/backend_rmi/vendor/laravel/framework/src/Illuminate/Foundation/Bootstrap/RegisterProviders.php(17): Illuminate\\Foundation\\Application->registerConfiguredProviders()
#4 /Users/aldyhelix/Projects/www/backend_rmi/vendor/laravel/framework/src/Illuminate/Foundation/Application.php(237): Illuminate\\Foundation\\Bootstrap\\RegisterProviders->bootstrap(Object(Illuminate\\Foundation\\Application))
#5 /Users/aldyhelix/Projects/www/backend_rmi/vendor/laravel/framework/src/Illuminate/Foundation/Console/Kernel.php(310): Illuminate\\Foundation\\Application->bootstrapWith(Array)
#6 /Users/aldyhelix/Projects/www/backend_rmi/vendor/laravel/framework/src/Illuminate/Foundation/Console/Kernel.php(127): Illuminate\\Foundation\\Console\\Kernel->bootstrap()
#7 Command line code(1): Illuminate\\Foundation\\Console\\Kernel->handle(Object(Symfony\\Component\\Console\\Input\\ArgvInput), Object(Symfony\\Component\\Console\\Output\\ConsoleOutput))
#8 {main}
"} 
[2024-06-14 16:23:46] production.ERROR: Class "Barryvdh\Debugbar\ServiceProvider" not found {"exception":"[object] (Error(code: 0): Class \"Barryvdh\\Debugbar\\ServiceProvider\" not found at /Users/aldyhelix/Projects/www/backend_rmi/vendor/laravel/framework/src/Illuminate/Foundation/Application.php:745)
[stacktrace]
#0 /Users/aldyhelix/Projects/www/backend_rmi/vendor/laravel/framework/src/Illuminate/Foundation/Application.php(679): Illuminate\\Foundation\\Application->resolveProvider('Barryvdh\\\\Debugb...')
#1 /Users/aldyhelix/Projects/www/backend_rmi/vendor/laravel/framework/src/Illuminate/Foundation/ProviderRepository.php(75): Illuminate\\Foundation\\Application->register('Barryvdh\\\\Debugb...')
#2 /Users/aldyhelix/Projects/www/backend_rmi/vendor/laravel/framework/src/Illuminate/Foundation/Application.php(659): Illuminate\\Foundation\\ProviderRepository->load(Array)
#3 /Users/aldyhelix/Projects/www/backend_rmi/vendor/laravel/framework/src/Illuminate/Foundation/Bootstrap/RegisterProviders.php(17): Illuminate\\Foundation\\Application->registerConfiguredProviders()
#4 /Users/aldyhelix/Projects/www/backend_rmi/vendor/laravel/framework/src/Illuminate/Foundation/Application.php(237): Illuminate\\Foundation\\Bootstrap\\RegisterProviders->bootstrap(Object(Illuminate\\Foundation\\Application))
#5 /Users/aldyhelix/Projects/www/backend_rmi/vendor/laravel/framework/src/Illuminate/Foundation/Console/Kernel.php(310): Illuminate\\Foundation\\Application->bootstrapWith(Array)
#6 /Users/aldyhelix/Projects/www/backend_rmi/vendor/laravel/framework/src/Illuminate/Foundation/Console/Kernel.php(127): Illuminate\\Foundation\\Console\\Kernel->bootstrap()
#7 Command line code(1): Illuminate\\Foundation\\Console\\Kernel->handle(Object(Symfony\\Component\\Console\\Input\\ArgvInput), Object(Symfony\\Component\\Console\\Output\\ConsoleOutput))
#8 {main}
"} 
[2024-06-14 16:24:46] production.ERROR: Class "Barryvdh\Debugbar\ServiceProvider" not found {"exception":"[object] (Error(code: 0): Class \"Barryvdh\\Debugbar\\ServiceProvider\" not found at /Users/aldyhelix/Projects/www/backend_rmi/vendor/laravel/framework/src/Illuminate/Foundation/Application.php:745)
[stacktrace]
#0 /Users/aldyhelix/Projects/www/backend_rmi/vendor/laravel/framework/src/Illuminate/Foundation/Application.php(679): Illuminate\\Foundation\\Application->resolveProvider('Barryvdh\\\\Debugb...')
#1 /Users/aldyhelix/Projects/www/backend_rmi/vendor/laravel/framework/src/Illuminate/Foundation/ProviderRepository.php(75): Illuminate\\Foundation\\Application->register('Barryvdh\\\\Debugb...')
#2 /Users/aldyhelix/Projects/www/backend_rmi/vendor/laravel/framework/src/Illuminate/Foundation/Application.php(659): Illuminate\\Foundation\\ProviderRepository->load(Array)
#3 /Users/aldyhelix/Projects/www/backend_rmi/vendor/laravel/framework/src/Illuminate/Foundation/Bootstrap/RegisterProviders.php(17): Illuminate\\Foundation\\Application->registerConfiguredProviders()
#4 /Users/aldyhelix/Projects/www/backend_rmi/vendor/laravel/framework/src/Illuminate/Foundation/Application.php(237): Illuminate\\Foundation\\Bootstrap\\RegisterProviders->bootstrap(Object(Illuminate\\Foundation\\Application))
#5 /Users/aldyhelix/Projects/www/backend_rmi/vendor/laravel/framework/src/Illuminate/Foundation/Console/Kernel.php(310): Illuminate\\Foundation\\Application->bootstrapWith(Array)
#6 /Users/aldyhelix/Projects/www/backend_rmi/vendor/laravel/framework/src/Illuminate/Foundation/Console/Kernel.php(127): Illuminate\\Foundation\\Console\\Kernel->bootstrap()
#7 Command line code(1): Illuminate\\Foundation\\Console\\Kernel->handle(Object(Symfony\\Component\\Console\\Input\\ArgvInput), Object(Symfony\\Component\\Console\\Output\\ConsoleOutput))
#8 {main}
"} 
[2024-06-14 16:24:46] production.ERROR: Class "Barryvdh\Debugbar\ServiceProvider" not found {"exception":"[object] (Error(code: 0): Class \"Barryvdh\\Debugbar\\ServiceProvider\" not found at /Users/aldyhelix/Projects/www/backend_rmi/vendor/laravel/framework/src/Illuminate/Foundation/Application.php:745)
[stacktrace]
#0 /Users/aldyhelix/Projects/www/backend_rmi/vendor/laravel/framework/src/Illuminate/Foundation/Application.php(679): Illuminate\\Foundation\\Application->resolveProvider('Barryvdh\\\\Debugb...')
#1 /Users/aldyhelix/Projects/www/backend_rmi/vendor/laravel/framework/src/Illuminate/Foundation/ProviderRepository.php(75): Illuminate\\Foundation\\Application->register('Barryvdh\\\\Debugb...')
#2 /Users/aldyhelix/Projects/www/backend_rmi/vendor/laravel/framework/src/Illuminate/Foundation/Application.php(659): Illuminate\\Foundation\\ProviderRepository->load(Array)
#3 /Users/aldyhelix/Projects/www/backend_rmi/vendor/laravel/framework/src/Illuminate/Foundation/Bootstrap/RegisterProviders.php(17): Illuminate\\Foundation\\Application->registerConfiguredProviders()
#4 /Users/aldyhelix/Projects/www/backend_rmi/vendor/laravel/framework/src/Illuminate/Foundation/Application.php(237): Illuminate\\Foundation\\Bootstrap\\RegisterProviders->bootstrap(Object(Illuminate\\Foundation\\Application))
#5 /Users/aldyhelix/Projects/www/backend_rmi/vendor/laravel/framework/src/Illuminate/Foundation/Console/Kernel.php(310): Illuminate\\Foundation\\Application->bootstrapWith(Array)
#6 /Users/aldyhelix/Projects/www/backend_rmi/vendor/laravel/framework/src/Illuminate/Foundation/Console/Kernel.php(127): Illuminate\\Foundation\\Console\\Kernel->bootstrap()
#7 Command line code(1): Illuminate\\Foundation\\Console\\Kernel->handle(Object(Symfony\\Component\\Console\\Input\\ArgvInput), Object(Symfony\\Component\\Console\\Output\\ConsoleOutput))
#8 {main}
"} 
[2024-06-14 16:25:46] production.ERROR: Class "Barryvdh\Debugbar\ServiceProvider" not found {"exception":"[object] (Error(code: 0): Class \"Barryvdh\\Debugbar\\ServiceProvider\" not found at /Users/aldyhelix/Projects/www/backend_rmi/vendor/laravel/framework/src/Illuminate/Foundation/Application.php:745)
[stacktrace]
#0 /Users/aldyhelix/Projects/www/backend_rmi/vendor/laravel/framework/src/Illuminate/Foundation/Application.php(679): Illuminate\\Foundation\\Application->resolveProvider('Barryvdh\\\\Debugb...')
#1 /Users/aldyhelix/Projects/www/backend_rmi/vendor/laravel/framework/src/Illuminate/Foundation/ProviderRepository.php(75): Illuminate\\Foundation\\Application->register('Barryvdh\\\\Debugb...')
#2 /Users/aldyhelix/Projects/www/backend_rmi/vendor/laravel/framework/src/Illuminate/Foundation/Application.php(659): Illuminate\\Foundation\\ProviderRepository->load(Array)
#3 /Users/aldyhelix/Projects/www/backend_rmi/vendor/laravel/framework/src/Illuminate/Foundation/Bootstrap/RegisterProviders.php(17): Illuminate\\Foundation\\Application->registerConfiguredProviders()
#4 /Users/aldyhelix/Projects/www/backend_rmi/vendor/laravel/framework/src/Illuminate/Foundation/Application.php(237): Illuminate\\Foundation\\Bootstrap\\RegisterProviders->bootstrap(Object(Illuminate\\Foundation\\Application))
#5 /Users/aldyhelix/Projects/www/backend_rmi/vendor/laravel/framework/src/Illuminate/Foundation/Console/Kernel.php(310): Illuminate\\Foundation\\Application->bootstrapWith(Array)
#6 /Users/aldyhelix/Projects/www/backend_rmi/vendor/laravel/framework/src/Illuminate/Foundation/Console/Kernel.php(127): Illuminate\\Foundation\\Console\\Kernel->bootstrap()
#7 Command line code(1): Illuminate\\Foundation\\Console\\Kernel->handle(Object(Symfony\\Component\\Console\\Input\\ArgvInput), Object(Symfony\\Component\\Console\\Output\\ConsoleOutput))
#8 {main}
"} 
[2024-06-14 16:25:46] production.ERROR: Class "Barryvdh\Debugbar\ServiceProvider" not found {"exception":"[object] (Error(code: 0): Class \"Barryvdh\\Debugbar\\ServiceProvider\" not found at /Users/aldyhelix/Projects/www/backend_rmi/vendor/laravel/framework/src/Illuminate/Foundation/Application.php:745)
[stacktrace]
#0 /Users/aldyhelix/Projects/www/backend_rmi/vendor/laravel/framework/src/Illuminate/Foundation/Application.php(679): Illuminate\\Foundation\\Application->resolveProvider('Barryvdh\\\\Debugb...')
#1 /Users/aldyhelix/Projects/www/backend_rmi/vendor/laravel/framework/src/Illuminate/Foundation/ProviderRepository.php(75): Illuminate\\Foundation\\Application->register('Barryvdh\\\\Debugb...')
#2 /Users/aldyhelix/Projects/www/backend_rmi/vendor/laravel/framework/src/Illuminate/Foundation/Application.php(659): Illuminate\\Foundation\\ProviderRepository->load(Array)
#3 /Users/aldyhelix/Projects/www/backend_rmi/vendor/laravel/framework/src/Illuminate/Foundation/Bootstrap/RegisterProviders.php(17): Illuminate\\Foundation\\Application->registerConfiguredProviders()
#4 /Users/aldyhelix/Projects/www/backend_rmi/vendor/laravel/framework/src/Illuminate/Foundation/Application.php(237): Illuminate\\Foundation\\Bootstrap\\RegisterProviders->bootstrap(Object(Illuminate\\Foundation\\Application))
#5 /Users/aldyhelix/Projects/www/backend_rmi/vendor/laravel/framework/src/Illuminate/Foundation/Console/Kernel.php(310): Illuminate\\Foundation\\Application->bootstrapWith(Array)
#6 /Users/aldyhelix/Projects/www/backend_rmi/vendor/laravel/framework/src/Illuminate/Foundation/Console/Kernel.php(127): Illuminate\\Foundation\\Console\\Kernel->bootstrap()
#7 Command line code(1): Illuminate\\Foundation\\Console\\Kernel->handle(Object(Symfony\\Component\\Console\\Input\\ArgvInput), Object(Symfony\\Component\\Console\\Output\\ConsoleOutput))
#8 {main}
"} 
[2024-06-14 16:25:46] production.ERROR: Class "Barryvdh\Debugbar\ServiceProvider" not found {"exception":"[object] (Error(code: 0): Class \"Barryvdh\\Debugbar\\ServiceProvider\" not found at /Users/aldyhelix/Projects/www/backend_rmi/vendor/laravel/framework/src/Illuminate/Foundation/Application.php:745)
[stacktrace]
#0 /Users/aldyhelix/Projects/www/backend_rmi/vendor/laravel/framework/src/Illuminate/Foundation/Application.php(679): Illuminate\\Foundation\\Application->resolveProvider('Barryvdh\\\\Debugb...')
#1 /Users/aldyhelix/Projects/www/backend_rmi/vendor/laravel/framework/src/Illuminate/Foundation/ProviderRepository.php(75): Illuminate\\Foundation\\Application->register('Barryvdh\\\\Debugb...')
#2 /Users/aldyhelix/Projects/www/backend_rmi/vendor/laravel/framework/src/Illuminate/Foundation/Application.php(659): Illuminate\\Foundation\\ProviderRepository->load(Array)
#3 /Users/aldyhelix/Projects/www/backend_rmi/vendor/laravel/framework/src/Illuminate/Foundation/Bootstrap/RegisterProviders.php(17): Illuminate\\Foundation\\Application->registerConfiguredProviders()
#4 /Users/aldyhelix/Projects/www/backend_rmi/vendor/laravel/framework/src/Illuminate/Foundation/Application.php(237): Illuminate\\Foundation\\Bootstrap\\RegisterProviders->bootstrap(Object(Illuminate\\Foundation\\Application))
#5 /Users/aldyhelix/Projects/www/backend_rmi/vendor/laravel/framework/src/Illuminate/Foundation/Console/Kernel.php(310): Illuminate\\Foundation\\Application->bootstrapWith(Array)
#6 /Users/aldyhelix/Projects/www/backend_rmi/vendor/laravel/framework/src/Illuminate/Foundation/Console/Kernel.php(127): Illuminate\\Foundation\\Console\\Kernel->bootstrap()
#7 Command line code(1): Illuminate\\Foundation\\Console\\Kernel->handle(Object(Symfony\\Component\\Console\\Input\\ArgvInput), Object(Symfony\\Component\\Console\\Output\\ConsoleOutput))
#8 {main}
"} 
[2024-06-14 16:26:46] production.ERROR: Class "Barryvdh\Debugbar\ServiceProvider" not found {"exception":"[object] (Error(code: 0): Class \"Barryvdh\\Debugbar\\ServiceProvider\" not found at /Users/aldyhelix/Projects/www/backend_rmi/vendor/laravel/framework/src/Illuminate/Foundation/Application.php:745)
[stacktrace]
#0 /Users/aldyhelix/Projects/www/backend_rmi/vendor/laravel/framework/src/Illuminate/Foundation/Application.php(679): Illuminate\\Foundation\\Application->resolveProvider('Barryvdh\\\\Debugb...')
#1 /Users/aldyhelix/Projects/www/backend_rmi/vendor/laravel/framework/src/Illuminate/Foundation/ProviderRepository.php(75): Illuminate\\Foundation\\Application->register('Barryvdh\\\\Debugb...')
#2 /Users/aldyhelix/Projects/www/backend_rmi/vendor/laravel/framework/src/Illuminate/Foundation/Application.php(659): Illuminate\\Foundation\\ProviderRepository->load(Array)
#3 /Users/aldyhelix/Projects/www/backend_rmi/vendor/laravel/framework/src/Illuminate/Foundation/Bootstrap/RegisterProviders.php(17): Illuminate\\Foundation\\Application->registerConfiguredProviders()
#4 /Users/aldyhelix/Projects/www/backend_rmi/vendor/laravel/framework/src/Illuminate/Foundation/Application.php(237): Illuminate\\Foundation\\Bootstrap\\RegisterProviders->bootstrap(Object(Illuminate\\Foundation\\Application))
#5 /Users/aldyhelix/Projects/www/backend_rmi/vendor/laravel/framework/src/Illuminate/Foundation/Console/Kernel.php(310): Illuminate\\Foundation\\Application->bootstrapWith(Array)
#6 /Users/aldyhelix/Projects/www/backend_rmi/vendor/laravel/framework/src/Illuminate/Foundation/Console/Kernel.php(127): Illuminate\\Foundation\\Console\\Kernel->bootstrap()
#7 Command line code(1): Illuminate\\Foundation\\Console\\Kernel->handle(Object(Symfony\\Component\\Console\\Input\\ArgvInput), Object(Symfony\\Component\\Console\\Output\\ConsoleOutput))
#8 {main}
"} 
[2024-06-14 16:26:46] production.ERROR: Class "Barryvdh\Debugbar\ServiceProvider" not found {"exception":"[object] (Error(code: 0): Class \"Barryvdh\\Debugbar\\ServiceProvider\" not found at /Users/aldyhelix/Projects/www/backend_rmi/vendor/laravel/framework/src/Illuminate/Foundation/Application.php:745)
[stacktrace]
#0 /Users/aldyhelix/Projects/www/backend_rmi/vendor/laravel/framework/src/Illuminate/Foundation/Application.php(679): Illuminate\\Foundation\\Application->resolveProvider('Barryvdh\\\\Debugb...')
#1 /Users/aldyhelix/Projects/www/backend_rmi/vendor/laravel/framework/src/Illuminate/Foundation/ProviderRepository.php(75): Illuminate\\Foundation\\Application->register('Barryvdh\\\\Debugb...')
#2 /Users/aldyhelix/Projects/www/backend_rmi/vendor/laravel/framework/src/Illuminate/Foundation/Application.php(659): Illuminate\\Foundation\\ProviderRepository->load(Array)
#3 /Users/aldyhelix/Projects/www/backend_rmi/vendor/laravel/framework/src/Illuminate/Foundation/Bootstrap/RegisterProviders.php(17): Illuminate\\Foundation\\Application->registerConfiguredProviders()
#4 /Users/aldyhelix/Projects/www/backend_rmi/vendor/laravel/framework/src/Illuminate/Foundation/Application.php(237): Illuminate\\Foundation\\Bootstrap\\RegisterProviders->bootstrap(Object(Illuminate\\Foundation\\Application))
#5 /Users/aldyhelix/Projects/www/backend_rmi/vendor/laravel/framework/src/Illuminate/Foundation/Console/Kernel.php(310): Illuminate\\Foundation\\Application->bootstrapWith(Array)
#6 /Users/aldyhelix/Projects/www/backend_rmi/vendor/laravel/framework/src/Illuminate/Foundation/Console/Kernel.php(127): Illuminate\\Foundation\\Console\\Kernel->bootstrap()
#7 Command line code(1): Illuminate\\Foundation\\Console\\Kernel->handle(Object(Symfony\\Component\\Console\\Input\\ArgvInput), Object(Symfony\\Component\\Console\\Output\\ConsoleOutput))
#8 {main}
"} 
[2024-06-14 16:27:46] production.ERROR: Class "Barryvdh\Debugbar\ServiceProvider" not found {"exception":"[object] (Error(code: 0): Class \"Barryvdh\\Debugbar\\ServiceProvider\" not found at /Users/aldyhelix/Projects/www/backend_rmi/vendor/laravel/framework/src/Illuminate/Foundation/Application.php:745)
[stacktrace]
#0 /Users/aldyhelix/Projects/www/backend_rmi/vendor/laravel/framework/src/Illuminate/Foundation/Application.php(679): Illuminate\\Foundation\\Application->resolveProvider('Barryvdh\\\\Debugb...')
#1 /Users/aldyhelix/Projects/www/backend_rmi/vendor/laravel/framework/src/Illuminate/Foundation/ProviderRepository.php(75): Illuminate\\Foundation\\Application->register('Barryvdh\\\\Debugb...')
#2 /Users/aldyhelix/Projects/www/backend_rmi/vendor/laravel/framework/src/Illuminate/Foundation/Application.php(659): Illuminate\\Foundation\\ProviderRepository->load(Array)
#3 /Users/aldyhelix/Projects/www/backend_rmi/vendor/laravel/framework/src/Illuminate/Foundation/Bootstrap/RegisterProviders.php(17): Illuminate\\Foundation\\Application->registerConfiguredProviders()
#4 /Users/aldyhelix/Projects/www/backend_rmi/vendor/laravel/framework/src/Illuminate/Foundation/Application.php(237): Illuminate\\Foundation\\Bootstrap\\RegisterProviders->bootstrap(Object(Illuminate\\Foundation\\Application))
#5 /Users/aldyhelix/Projects/www/backend_rmi/vendor/laravel/framework/src/Illuminate/Foundation/Console/Kernel.php(310): Illuminate\\Foundation\\Application->bootstrapWith(Array)
#6 /Users/aldyhelix/Projects/www/backend_rmi/vendor/laravel/framework/src/Illuminate/Foundation/Console/Kernel.php(127): Illuminate\\Foundation\\Console\\Kernel->bootstrap()
#7 Command line code(1): Illuminate\\Foundation\\Console\\Kernel->handle(Object(Symfony\\Component\\Console\\Input\\ArgvInput), Object(Symfony\\Component\\Console\\Output\\ConsoleOutput))
#8 {main}
"} 
[2024-06-14 16:27:46] production.ERROR: Class "Barryvdh\Debugbar\ServiceProvider" not found {"exception":"[object] (Error(code: 0): Class \"Barryvdh\\Debugbar\\ServiceProvider\" not found at /Users/aldyhelix/Projects/www/backend_rmi/vendor/laravel/framework/src/Illuminate/Foundation/Application.php:745)
[stacktrace]
#0 /Users/aldyhelix/Projects/www/backend_rmi/vendor/laravel/framework/src/Illuminate/Foundation/Application.php(679): Illuminate\\Foundation\\Application->resolveProvider('Barryvdh\\\\Debugb...')
#1 /Users/aldyhelix/Projects/www/backend_rmi/vendor/laravel/framework/src/Illuminate/Foundation/ProviderRepository.php(75): Illuminate\\Foundation\\Application->register('Barryvdh\\\\Debugb...')
#2 /Users/aldyhelix/Projects/www/backend_rmi/vendor/laravel/framework/src/Illuminate/Foundation/Application.php(659): Illuminate\\Foundation\\ProviderRepository->load(Array)
#3 /Users/aldyhelix/Projects/www/backend_rmi/vendor/laravel/framework/src/Illuminate/Foundation/Bootstrap/RegisterProviders.php(17): Illuminate\\Foundation\\Application->registerConfiguredProviders()
#4 /Users/aldyhelix/Projects/www/backend_rmi/vendor/laravel/framework/src/Illuminate/Foundation/Application.php(237): Illuminate\\Foundation\\Bootstrap\\RegisterProviders->bootstrap(Object(Illuminate\\Foundation\\Application))
#5 /Users/aldyhelix/Projects/www/backend_rmi/vendor/laravel/framework/src/Illuminate/Foundation/Console/Kernel.php(310): Illuminate\\Foundation\\Application->bootstrapWith(Array)
#6 /Users/aldyhelix/Projects/www/backend_rmi/vendor/laravel/framework/src/Illuminate/Foundation/Console/Kernel.php(127): Illuminate\\Foundation\\Console\\Kernel->bootstrap()
#7 Command line code(1): Illuminate\\Foundation\\Console\\Kernel->handle(Object(Symfony\\Component\\Console\\Input\\ArgvInput), Object(Symfony\\Component\\Console\\Output\\ConsoleOutput))
#8 {main}
"} 
[2024-06-14 16:28:46] production.ERROR: Class "Barryvdh\Debugbar\ServiceProvider" not found {"exception":"[object] (Error(code: 0): Class \"Barryvdh\\Debugbar\\ServiceProvider\" not found at /Users/aldyhelix/Projects/www/backend_rmi/vendor/laravel/framework/src/Illuminate/Foundation/Application.php:745)
[stacktrace]
#0 /Users/aldyhelix/Projects/www/backend_rmi/vendor/laravel/framework/src/Illuminate/Foundation/Application.php(679): Illuminate\\Foundation\\Application->resolveProvider('Barryvdh\\\\Debugb...')
#1 /Users/aldyhelix/Projects/www/backend_rmi/vendor/laravel/framework/src/Illuminate/Foundation/ProviderRepository.php(75): Illuminate\\Foundation\\Application->register('Barryvdh\\\\Debugb...')
#2 /Users/aldyhelix/Projects/www/backend_rmi/vendor/laravel/framework/src/Illuminate/Foundation/Application.php(659): Illuminate\\Foundation\\ProviderRepository->load(Array)
#3 /Users/aldyhelix/Projects/www/backend_rmi/vendor/laravel/framework/src/Illuminate/Foundation/Bootstrap/RegisterProviders.php(17): Illuminate\\Foundation\\Application->registerConfiguredProviders()
#4 /Users/aldyhelix/Projects/www/backend_rmi/vendor/laravel/framework/src/Illuminate/Foundation/Application.php(237): Illuminate\\Foundation\\Bootstrap\\RegisterProviders->bootstrap(Object(Illuminate\\Foundation\\Application))
#5 /Users/aldyhelix/Projects/www/backend_rmi/vendor/laravel/framework/src/Illuminate/Foundation/Console/Kernel.php(310): Illuminate\\Foundation\\Application->bootstrapWith(Array)
#6 /Users/aldyhelix/Projects/www/backend_rmi/vendor/laravel/framework/src/Illuminate/Foundation/Console/Kernel.php(127): Illuminate\\Foundation\\Console\\Kernel->bootstrap()
#7 Command line code(1): Illuminate\\Foundation\\Console\\Kernel->handle(Object(Symfony\\Component\\Console\\Input\\ArgvInput), Object(Symfony\\Component\\Console\\Output\\ConsoleOutput))
#8 {main}
"} 
[2024-06-14 16:28:46] production.ERROR: Class "Barryvdh\Debugbar\ServiceProvider" not found {"exception":"[object] (Error(code: 0): Class \"Barryvdh\\Debugbar\\ServiceProvider\" not found at /Users/aldyhelix/Projects/www/backend_rmi/vendor/laravel/framework/src/Illuminate/Foundation/Application.php:745)
[stacktrace]
#0 /Users/aldyhelix/Projects/www/backend_rmi/vendor/laravel/framework/src/Illuminate/Foundation/Application.php(679): Illuminate\\Foundation\\Application->resolveProvider('Barryvdh\\\\Debugb...')
#1 /Users/aldyhelix/Projects/www/backend_rmi/vendor/laravel/framework/src/Illuminate/Foundation/ProviderRepository.php(75): Illuminate\\Foundation\\Application->register('Barryvdh\\\\Debugb...')
#2 /Users/aldyhelix/Projects/www/backend_rmi/vendor/laravel/framework/src/Illuminate/Foundation/Application.php(659): Illuminate\\Foundation\\ProviderRepository->load(Array)
#3 /Users/aldyhelix/Projects/www/backend_rmi/vendor/laravel/framework/src/Illuminate/Foundation/Bootstrap/RegisterProviders.php(17): Illuminate\\Foundation\\Application->registerConfiguredProviders()
#4 /Users/aldyhelix/Projects/www/backend_rmi/vendor/laravel/framework/src/Illuminate/Foundation/Application.php(237): Illuminate\\Foundation\\Bootstrap\\RegisterProviders->bootstrap(Object(Illuminate\\Foundation\\Application))
#5 /Users/aldyhelix/Projects/www/backend_rmi/vendor/laravel/framework/src/Illuminate/Foundation/Console/Kernel.php(310): Illuminate\\Foundation\\Application->bootstrapWith(Array)
#6 /Users/aldyhelix/Projects/www/backend_rmi/vendor/laravel/framework/src/Illuminate/Foundation/Console/Kernel.php(127): Illuminate\\Foundation\\Console\\Kernel->bootstrap()
#7 Command line code(1): Illuminate\\Foundation\\Console\\Kernel->handle(Object(Symfony\\Component\\Console\\Input\\ArgvInput), Object(Symfony\\Component\\Console\\Output\\ConsoleOutput))
#8 {main}
"} 
[2024-06-14 16:29:46] production.ERROR: Class "Barryvdh\Debugbar\ServiceProvider" not found {"exception":"[object] (Error(code: 0): Class \"Barryvdh\\Debugbar\\ServiceProvider\" not found at /Users/aldyhelix/Projects/www/backend_rmi/vendor/laravel/framework/src/Illuminate/Foundation/Application.php:745)
[stacktrace]
#0 /Users/aldyhelix/Projects/www/backend_rmi/vendor/laravel/framework/src/Illuminate/Foundation/Application.php(679): Illuminate\\Foundation\\Application->resolveProvider('Barryvdh\\\\Debugb...')
#1 /Users/aldyhelix/Projects/www/backend_rmi/vendor/laravel/framework/src/Illuminate/Foundation/ProviderRepository.php(75): Illuminate\\Foundation\\Application->register('Barryvdh\\\\Debugb...')
#2 /Users/aldyhelix/Projects/www/backend_rmi/vendor/laravel/framework/src/Illuminate/Foundation/Application.php(659): Illuminate\\Foundation\\ProviderRepository->load(Array)
#3 /Users/aldyhelix/Projects/www/backend_rmi/vendor/laravel/framework/src/Illuminate/Foundation/Bootstrap/RegisterProviders.php(17): Illuminate\\Foundation\\Application->registerConfiguredProviders()
#4 /Users/aldyhelix/Projects/www/backend_rmi/vendor/laravel/framework/src/Illuminate/Foundation/Application.php(237): Illuminate\\Foundation\\Bootstrap\\RegisterProviders->bootstrap(Object(Illuminate\\Foundation\\Application))
#5 /Users/aldyhelix/Projects/www/backend_rmi/vendor/laravel/framework/src/Illuminate/Foundation/Console/Kernel.php(310): Illuminate\\Foundation\\Application->bootstrapWith(Array)
#6 /Users/aldyhelix/Projects/www/backend_rmi/vendor/laravel/framework/src/Illuminate/Foundation/Console/Kernel.php(127): Illuminate\\Foundation\\Console\\Kernel->bootstrap()
#7 Command line code(1): Illuminate\\Foundation\\Console\\Kernel->handle(Object(Symfony\\Component\\Console\\Input\\ArgvInput), Object(Symfony\\Component\\Console\\Output\\ConsoleOutput))
#8 {main}
"} 
[2024-06-14 16:29:46] production.ERROR: Class "Barryvdh\Debugbar\ServiceProvider" not found {"exception":"[object] (Error(code: 0): Class \"Barryvdh\\Debugbar\\ServiceProvider\" not found at /Users/aldyhelix/Projects/www/backend_rmi/vendor/laravel/framework/src/Illuminate/Foundation/Application.php:745)
[stacktrace]
#0 /Users/aldyhelix/Projects/www/backend_rmi/vendor/laravel/framework/src/Illuminate/Foundation/Application.php(679): Illuminate\\Foundation\\Application->resolveProvider('Barryvdh\\\\Debugb...')
#1 /Users/aldyhelix/Projects/www/backend_rmi/vendor/laravel/framework/src/Illuminate/Foundation/ProviderRepository.php(75): Illuminate\\Foundation\\Application->register('Barryvdh\\\\Debugb...')
#2 /Users/aldyhelix/Projects/www/backend_rmi/vendor/laravel/framework/src/Illuminate/Foundation/Application.php(659): Illuminate\\Foundation\\ProviderRepository->load(Array)
#3 /Users/aldyhelix/Projects/www/backend_rmi/vendor/laravel/framework/src/Illuminate/Foundation/Bootstrap/RegisterProviders.php(17): Illuminate\\Foundation\\Application->registerConfiguredProviders()
#4 /Users/aldyhelix/Projects/www/backend_rmi/vendor/laravel/framework/src/Illuminate/Foundation/Application.php(237): Illuminate\\Foundation\\Bootstrap\\RegisterProviders->bootstrap(Object(Illuminate\\Foundation\\Application))
#5 /Users/aldyhelix/Projects/www/backend_rmi/vendor/laravel/framework/src/Illuminate/Foundation/Console/Kernel.php(310): Illuminate\\Foundation\\Application->bootstrapWith(Array)
#6 /Users/aldyhelix/Projects/www/backend_rmi/vendor/laravel/framework/src/Illuminate/Foundation/Console/Kernel.php(127): Illuminate\\Foundation\\Console\\Kernel->bootstrap()
#7 Command line code(1): Illuminate\\Foundation\\Console\\Kernel->handle(Object(Symfony\\Component\\Console\\Input\\ArgvInput), Object(Symfony\\Component\\Console\\Output\\ConsoleOutput))
#8 {main}
"} 
[2024-06-14 16:30:46] production.ERROR: Class "Barryvdh\Debugbar\ServiceProvider" not found {"exception":"[object] (Error(code: 0): Class \"Barryvdh\\Debugbar\\ServiceProvider\" not found at /Users/aldyhelix/Projects/www/backend_rmi/vendor/laravel/framework/src/Illuminate/Foundation/Application.php:745)
[stacktrace]
#0 /Users/aldyhelix/Projects/www/backend_rmi/vendor/laravel/framework/src/Illuminate/Foundation/Application.php(679): Illuminate\\Foundation\\Application->resolveProvider('Barryvdh\\\\Debugb...')
#1 /Users/aldyhelix/Projects/www/backend_rmi/vendor/laravel/framework/src/Illuminate/Foundation/ProviderRepository.php(75): Illuminate\\Foundation\\Application->register('Barryvdh\\\\Debugb...')
#2 /Users/aldyhelix/Projects/www/backend_rmi/vendor/laravel/framework/src/Illuminate/Foundation/Application.php(659): Illuminate\\Foundation\\ProviderRepository->load(Array)
#3 /Users/aldyhelix/Projects/www/backend_rmi/vendor/laravel/framework/src/Illuminate/Foundation/Bootstrap/RegisterProviders.php(17): Illuminate\\Foundation\\Application->registerConfiguredProviders()
#4 /Users/aldyhelix/Projects/www/backend_rmi/vendor/laravel/framework/src/Illuminate/Foundation/Application.php(237): Illuminate\\Foundation\\Bootstrap\\RegisterProviders->bootstrap(Object(Illuminate\\Foundation\\Application))
#5 /Users/aldyhelix/Projects/www/backend_rmi/vendor/laravel/framework/src/Illuminate/Foundation/Console/Kernel.php(310): Illuminate\\Foundation\\Application->bootstrapWith(Array)
#6 /Users/aldyhelix/Projects/www/backend_rmi/vendor/laravel/framework/src/Illuminate/Foundation/Console/Kernel.php(127): Illuminate\\Foundation\\Console\\Kernel->bootstrap()
#7 Command line code(1): Illuminate\\Foundation\\Console\\Kernel->handle(Object(Symfony\\Component\\Console\\Input\\ArgvInput), Object(Symfony\\Component\\Console\\Output\\ConsoleOutput))
#8 {main}
"} 
[2024-06-14 16:30:46] production.ERROR: Class "Barryvdh\Debugbar\ServiceProvider" not found {"exception":"[object] (Error(code: 0): Class \"Barryvdh\\Debugbar\\ServiceProvider\" not found at /Users/aldyhelix/Projects/www/backend_rmi/vendor/laravel/framework/src/Illuminate/Foundation/Application.php:745)
[stacktrace]
#0 /Users/aldyhelix/Projects/www/backend_rmi/vendor/laravel/framework/src/Illuminate/Foundation/Application.php(679): Illuminate\\Foundation\\Application->resolveProvider('Barryvdh\\\\Debugb...')
#1 /Users/aldyhelix/Projects/www/backend_rmi/vendor/laravel/framework/src/Illuminate/Foundation/ProviderRepository.php(75): Illuminate\\Foundation\\Application->register('Barryvdh\\\\Debugb...')
#2 /Users/aldyhelix/Projects/www/backend_rmi/vendor/laravel/framework/src/Illuminate/Foundation/Application.php(659): Illuminate\\Foundation\\ProviderRepository->load(Array)
#3 /Users/aldyhelix/Projects/www/backend_rmi/vendor/laravel/framework/src/Illuminate/Foundation/Bootstrap/RegisterProviders.php(17): Illuminate\\Foundation\\Application->registerConfiguredProviders()
#4 /Users/aldyhelix/Projects/www/backend_rmi/vendor/laravel/framework/src/Illuminate/Foundation/Application.php(237): Illuminate\\Foundation\\Bootstrap\\RegisterProviders->bootstrap(Object(Illuminate\\Foundation\\Application))
#5 /Users/aldyhelix/Projects/www/backend_rmi/vendor/laravel/framework/src/Illuminate/Foundation/Console/Kernel.php(310): Illuminate\\Foundation\\Application->bootstrapWith(Array)
#6 /Users/aldyhelix/Projects/www/backend_rmi/vendor/laravel/framework/src/Illuminate/Foundation/Console/Kernel.php(127): Illuminate\\Foundation\\Console\\Kernel->bootstrap()
#7 Command line code(1): Illuminate\\Foundation\\Console\\Kernel->handle(Object(Symfony\\Component\\Console\\Input\\ArgvInput), Object(Symfony\\Component\\Console\\Output\\ConsoleOutput))
#8 {main}
"} 
[2024-06-14 16:31:46] production.ERROR: Class "Barryvdh\Debugbar\ServiceProvider" not found {"exception":"[object] (Error(code: 0): Class \"Barryvdh\\Debugbar\\ServiceProvider\" not found at /Users/aldyhelix/Projects/www/backend_rmi/vendor/laravel/framework/src/Illuminate/Foundation/Application.php:745)
[stacktrace]
#0 /Users/aldyhelix/Projects/www/backend_rmi/vendor/laravel/framework/src/Illuminate/Foundation/Application.php(679): Illuminate\\Foundation\\Application->resolveProvider('Barryvdh\\\\Debugb...')
#1 /Users/aldyhelix/Projects/www/backend_rmi/vendor/laravel/framework/src/Illuminate/Foundation/ProviderRepository.php(75): Illuminate\\Foundation\\Application->register('Barryvdh\\\\Debugb...')
#2 /Users/aldyhelix/Projects/www/backend_rmi/vendor/laravel/framework/src/Illuminate/Foundation/Application.php(659): Illuminate\\Foundation\\ProviderRepository->load(Array)
#3 /Users/aldyhelix/Projects/www/backend_rmi/vendor/laravel/framework/src/Illuminate/Foundation/Bootstrap/RegisterProviders.php(17): Illuminate\\Foundation\\Application->registerConfiguredProviders()
#4 /Users/aldyhelix/Projects/www/backend_rmi/vendor/laravel/framework/src/Illuminate/Foundation/Application.php(237): Illuminate\\Foundation\\Bootstrap\\RegisterProviders->bootstrap(Object(Illuminate\\Foundation\\Application))
#5 /Users/aldyhelix/Projects/www/backend_rmi/vendor/laravel/framework/src/Illuminate/Foundation/Console/Kernel.php(310): Illuminate\\Foundation\\Application->bootstrapWith(Array)
#6 /Users/aldyhelix/Projects/www/backend_rmi/vendor/laravel/framework/src/Illuminate/Foundation/Console/Kernel.php(127): Illuminate\\Foundation\\Console\\Kernel->bootstrap()
#7 Command line code(1): Illuminate\\Foundation\\Console\\Kernel->handle(Object(Symfony\\Component\\Console\\Input\\ArgvInput), Object(Symfony\\Component\\Console\\Output\\ConsoleOutput))
#8 {main}
"} 
[2024-06-14 16:31:46] production.ERROR: Class "Barryvdh\Debugbar\ServiceProvider" not found {"exception":"[object] (Error(code: 0): Class \"Barryvdh\\Debugbar\\ServiceProvider\" not found at /Users/aldyhelix/Projects/www/backend_rmi/vendor/laravel/framework/src/Illuminate/Foundation/Application.php:745)
[stacktrace]
#0 /Users/aldyhelix/Projects/www/backend_rmi/vendor/laravel/framework/src/Illuminate/Foundation/Application.php(679): Illuminate\\Foundation\\Application->resolveProvider('Barryvdh\\\\Debugb...')
#1 /Users/aldyhelix/Projects/www/backend_rmi/vendor/laravel/framework/src/Illuminate/Foundation/ProviderRepository.php(75): Illuminate\\Foundation\\Application->register('Barryvdh\\\\Debugb...')
#2 /Users/aldyhelix/Projects/www/backend_rmi/vendor/laravel/framework/src/Illuminate/Foundation/Application.php(659): Illuminate\\Foundation\\ProviderRepository->load(Array)
#3 /Users/aldyhelix/Projects/www/backend_rmi/vendor/laravel/framework/src/Illuminate/Foundation/Bootstrap/RegisterProviders.php(17): Illuminate\\Foundation\\Application->registerConfiguredProviders()
#4 /Users/aldyhelix/Projects/www/backend_rmi/vendor/laravel/framework/src/Illuminate/Foundation/Application.php(237): Illuminate\\Foundation\\Bootstrap\\RegisterProviders->bootstrap(Object(Illuminate\\Foundation\\Application))
#5 /Users/aldyhelix/Projects/www/backend_rmi/vendor/laravel/framework/src/Illuminate/Foundation/Console/Kernel.php(310): Illuminate\\Foundation\\Application->bootstrapWith(Array)
#6 /Users/aldyhelix/Projects/www/backend_rmi/vendor/laravel/framework/src/Illuminate/Foundation/Console/Kernel.php(127): Illuminate\\Foundation\\Console\\Kernel->bootstrap()
#7 Command line code(1): Illuminate\\Foundation\\Console\\Kernel->handle(Object(Symfony\\Component\\Console\\Input\\ArgvInput), Object(Symfony\\Component\\Console\\Output\\ConsoleOutput))
#8 {main}
"} 
[2024-06-14 16:32:46] production.ERROR: Class "Barryvdh\Debugbar\ServiceProvider" not found {"exception":"[object] (Error(code: 0): Class \"Barryvdh\\Debugbar\\ServiceProvider\" not found at /Users/aldyhelix/Projects/www/backend_rmi/vendor/laravel/framework/src/Illuminate/Foundation/Application.php:745)
[stacktrace]
#0 /Users/aldyhelix/Projects/www/backend_rmi/vendor/laravel/framework/src/Illuminate/Foundation/Application.php(679): Illuminate\\Foundation\\Application->resolveProvider('Barryvdh\\\\Debugb...')
#1 /Users/aldyhelix/Projects/www/backend_rmi/vendor/laravel/framework/src/Illuminate/Foundation/ProviderRepository.php(75): Illuminate\\Foundation\\Application->register('Barryvdh\\\\Debugb...')
#2 /Users/aldyhelix/Projects/www/backend_rmi/vendor/laravel/framework/src/Illuminate/Foundation/Application.php(659): Illuminate\\Foundation\\ProviderRepository->load(Array)
#3 /Users/aldyhelix/Projects/www/backend_rmi/vendor/laravel/framework/src/Illuminate/Foundation/Bootstrap/RegisterProviders.php(17): Illuminate\\Foundation\\Application->registerConfiguredProviders()
#4 /Users/aldyhelix/Projects/www/backend_rmi/vendor/laravel/framework/src/Illuminate/Foundation/Application.php(237): Illuminate\\Foundation\\Bootstrap\\RegisterProviders->bootstrap(Object(Illuminate\\Foundation\\Application))
#5 /Users/aldyhelix/Projects/www/backend_rmi/vendor/laravel/framework/src/Illuminate/Foundation/Console/Kernel.php(310): Illuminate\\Foundation\\Application->bootstrapWith(Array)
#6 /Users/aldyhelix/Projects/www/backend_rmi/vendor/laravel/framework/src/Illuminate/Foundation/Console/Kernel.php(127): Illuminate\\Foundation\\Console\\Kernel->bootstrap()
#7 Command line code(1): Illuminate\\Foundation\\Console\\Kernel->handle(Object(Symfony\\Component\\Console\\Input\\ArgvInput), Object(Symfony\\Component\\Console\\Output\\ConsoleOutput))
#8 {main}
"} 
[2024-06-14 16:32:46] production.ERROR: Class "Barryvdh\Debugbar\ServiceProvider" not found {"exception":"[object] (Error(code: 0): Class \"Barryvdh\\Debugbar\\ServiceProvider\" not found at /Users/aldyhelix/Projects/www/backend_rmi/vendor/laravel/framework/src/Illuminate/Foundation/Application.php:745)
[stacktrace]
#0 /Users/aldyhelix/Projects/www/backend_rmi/vendor/laravel/framework/src/Illuminate/Foundation/Application.php(679): Illuminate\\Foundation\\Application->resolveProvider('Barryvdh\\\\Debugb...')
#1 /Users/aldyhelix/Projects/www/backend_rmi/vendor/laravel/framework/src/Illuminate/Foundation/ProviderRepository.php(75): Illuminate\\Foundation\\Application->register('Barryvdh\\\\Debugb...')
#2 /Users/aldyhelix/Projects/www/backend_rmi/vendor/laravel/framework/src/Illuminate/Foundation/Application.php(659): Illuminate\\Foundation\\ProviderRepository->load(Array)
#3 /Users/aldyhelix/Projects/www/backend_rmi/vendor/laravel/framework/src/Illuminate/Foundation/Bootstrap/RegisterProviders.php(17): Illuminate\\Foundation\\Application->registerConfiguredProviders()
#4 /Users/aldyhelix/Projects/www/backend_rmi/vendor/laravel/framework/src/Illuminate/Foundation/Application.php(237): Illuminate\\Foundation\\Bootstrap\\RegisterProviders->bootstrap(Object(Illuminate\\Foundation\\Application))
#5 /Users/aldyhelix/Projects/www/backend_rmi/vendor/laravel/framework/src/Illuminate/Foundation/Console/Kernel.php(310): Illuminate\\Foundation\\Application->bootstrapWith(Array)
#6 /Users/aldyhelix/Projects/www/backend_rmi/vendor/laravel/framework/src/Illuminate/Foundation/Console/Kernel.php(127): Illuminate\\Foundation\\Console\\Kernel->bootstrap()
#7 Command line code(1): Illuminate\\Foundation\\Console\\Kernel->handle(Object(Symfony\\Component\\Console\\Input\\ArgvInput), Object(Symfony\\Component\\Console\\Output\\ConsoleOutput))
#8 {main}
"} 
[2024-06-14 16:33:46] production.ERROR: Class "Barryvdh\Debugbar\ServiceProvider" not found {"exception":"[object] (Error(code: 0): Class \"Barryvdh\\Debugbar\\ServiceProvider\" not found at /Users/aldyhelix/Projects/www/backend_rmi/vendor/laravel/framework/src/Illuminate/Foundation/Application.php:745)
[stacktrace]
#0 /Users/aldyhelix/Projects/www/backend_rmi/vendor/laravel/framework/src/Illuminate/Foundation/Application.php(679): Illuminate\\Foundation\\Application->resolveProvider('Barryvdh\\\\Debugb...')
#1 /Users/aldyhelix/Projects/www/backend_rmi/vendor/laravel/framework/src/Illuminate/Foundation/ProviderRepository.php(75): Illuminate\\Foundation\\Application->register('Barryvdh\\\\Debugb...')
#2 /Users/aldyhelix/Projects/www/backend_rmi/vendor/laravel/framework/src/Illuminate/Foundation/Application.php(659): Illuminate\\Foundation\\ProviderRepository->load(Array)
#3 /Users/aldyhelix/Projects/www/backend_rmi/vendor/laravel/framework/src/Illuminate/Foundation/Bootstrap/RegisterProviders.php(17): Illuminate\\Foundation\\Application->registerConfiguredProviders()
#4 /Users/aldyhelix/Projects/www/backend_rmi/vendor/laravel/framework/src/Illuminate/Foundation/Application.php(237): Illuminate\\Foundation\\Bootstrap\\RegisterProviders->bootstrap(Object(Illuminate\\Foundation\\Application))
#5 /Users/aldyhelix/Projects/www/backend_rmi/vendor/laravel/framework/src/Illuminate/Foundation/Console/Kernel.php(310): Illuminate\\Foundation\\Application->bootstrapWith(Array)
#6 /Users/aldyhelix/Projects/www/backend_rmi/vendor/laravel/framework/src/Illuminate/Foundation/Console/Kernel.php(127): Illuminate\\Foundation\\Console\\Kernel->bootstrap()
#7 Command line code(1): Illuminate\\Foundation\\Console\\Kernel->handle(Object(Symfony\\Component\\Console\\Input\\ArgvInput), Object(Symfony\\Component\\Console\\Output\\ConsoleOutput))
#8 {main}
"} 
[2024-06-14 16:33:46] production.ERROR: Class "Barryvdh\Debugbar\ServiceProvider" not found {"exception":"[object] (Error(code: 0): Class \"Barryvdh\\Debugbar\\ServiceProvider\" not found at /Users/aldyhelix/Projects/www/backend_rmi/vendor/laravel/framework/src/Illuminate/Foundation/Application.php:745)
[stacktrace]
#0 /Users/aldyhelix/Projects/www/backend_rmi/vendor/laravel/framework/src/Illuminate/Foundation/Application.php(679): Illuminate\\Foundation\\Application->resolveProvider('Barryvdh\\\\Debugb...')
#1 /Users/aldyhelix/Projects/www/backend_rmi/vendor/laravel/framework/src/Illuminate/Foundation/ProviderRepository.php(75): Illuminate\\Foundation\\Application->register('Barryvdh\\\\Debugb...')
#2 /Users/aldyhelix/Projects/www/backend_rmi/vendor/laravel/framework/src/Illuminate/Foundation/Application.php(659): Illuminate\\Foundation\\ProviderRepository->load(Array)
#3 /Users/aldyhelix/Projects/www/backend_rmi/vendor/laravel/framework/src/Illuminate/Foundation/Bootstrap/RegisterProviders.php(17): Illuminate\\Foundation\\Application->registerConfiguredProviders()
#4 /Users/aldyhelix/Projects/www/backend_rmi/vendor/laravel/framework/src/Illuminate/Foundation/Application.php(237): Illuminate\\Foundation\\Bootstrap\\RegisterProviders->bootstrap(Object(Illuminate\\Foundation\\Application))
#5 /Users/aldyhelix/Projects/www/backend_rmi/vendor/laravel/framework/src/Illuminate/Foundation/Console/Kernel.php(310): Illuminate\\Foundation\\Application->bootstrapWith(Array)
#6 /Users/aldyhelix/Projects/www/backend_rmi/vendor/laravel/framework/src/Illuminate/Foundation/Console/Kernel.php(127): Illuminate\\Foundation\\Console\\Kernel->bootstrap()
#7 Command line code(1): Illuminate\\Foundation\\Console\\Kernel->handle(Object(Symfony\\Component\\Console\\Input\\ArgvInput), Object(Symfony\\Component\\Console\\Output\\ConsoleOutput))
#8 {main}
"} 
[2024-06-14 16:34:46] production.ERROR: Class "Barryvdh\Debugbar\ServiceProvider" not found {"exception":"[object] (Error(code: 0): Class \"Barryvdh\\Debugbar\\ServiceProvider\" not found at /Users/aldyhelix/Projects/www/backend_rmi/vendor/laravel/framework/src/Illuminate/Foundation/Application.php:745)
[stacktrace]
#0 /Users/aldyhelix/Projects/www/backend_rmi/vendor/laravel/framework/src/Illuminate/Foundation/Application.php(679): Illuminate\\Foundation\\Application->resolveProvider('Barryvdh\\\\Debugb...')
#1 /Users/aldyhelix/Projects/www/backend_rmi/vendor/laravel/framework/src/Illuminate/Foundation/ProviderRepository.php(75): Illuminate\\Foundation\\Application->register('Barryvdh\\\\Debugb...')
#2 /Users/aldyhelix/Projects/www/backend_rmi/vendor/laravel/framework/src/Illuminate/Foundation/Application.php(659): Illuminate\\Foundation\\ProviderRepository->load(Array)
#3 /Users/aldyhelix/Projects/www/backend_rmi/vendor/laravel/framework/src/Illuminate/Foundation/Bootstrap/RegisterProviders.php(17): Illuminate\\Foundation\\Application->registerConfiguredProviders()
#4 /Users/aldyhelix/Projects/www/backend_rmi/vendor/laravel/framework/src/Illuminate/Foundation/Application.php(237): Illuminate\\Foundation\\Bootstrap\\RegisterProviders->bootstrap(Object(Illuminate\\Foundation\\Application))
#5 /Users/aldyhelix/Projects/www/backend_rmi/vendor/laravel/framework/src/Illuminate/Foundation/Console/Kernel.php(310): Illuminate\\Foundation\\Application->bootstrapWith(Array)
#6 /Users/aldyhelix/Projects/www/backend_rmi/vendor/laravel/framework/src/Illuminate/Foundation/Console/Kernel.php(127): Illuminate\\Foundation\\Console\\Kernel->bootstrap()
#7 Command line code(1): Illuminate\\Foundation\\Console\\Kernel->handle(Object(Symfony\\Component\\Console\\Input\\ArgvInput), Object(Symfony\\Component\\Console\\Output\\ConsoleOutput))
#8 {main}
"} 
[2024-06-14 16:34:46] production.ERROR: Class "Barryvdh\Debugbar\ServiceProvider" not found {"exception":"[object] (Error(code: 0): Class \"Barryvdh\\Debugbar\\ServiceProvider\" not found at /Users/aldyhelix/Projects/www/backend_rmi/vendor/laravel/framework/src/Illuminate/Foundation/Application.php:745)
[stacktrace]
#0 /Users/aldyhelix/Projects/www/backend_rmi/vendor/laravel/framework/src/Illuminate/Foundation/Application.php(679): Illuminate\\Foundation\\Application->resolveProvider('Barryvdh\\\\Debugb...')
#1 /Users/aldyhelix/Projects/www/backend_rmi/vendor/laravel/framework/src/Illuminate/Foundation/ProviderRepository.php(75): Illuminate\\Foundation\\Application->register('Barryvdh\\\\Debugb...')
#2 /Users/aldyhelix/Projects/www/backend_rmi/vendor/laravel/framework/src/Illuminate/Foundation/Application.php(659): Illuminate\\Foundation\\ProviderRepository->load(Array)
#3 /Users/aldyhelix/Projects/www/backend_rmi/vendor/laravel/framework/src/Illuminate/Foundation/Bootstrap/RegisterProviders.php(17): Illuminate\\Foundation\\Application->registerConfiguredProviders()
#4 /Users/aldyhelix/Projects/www/backend_rmi/vendor/laravel/framework/src/Illuminate/Foundation/Application.php(237): Illuminate\\Foundation\\Bootstrap\\RegisterProviders->bootstrap(Object(Illuminate\\Foundation\\Application))
#5 /Users/aldyhelix/Projects/www/backend_rmi/vendor/laravel/framework/src/Illuminate/Foundation/Console/Kernel.php(310): Illuminate\\Foundation\\Application->bootstrapWith(Array)
#6 /Users/aldyhelix/Projects/www/backend_rmi/vendor/laravel/framework/src/Illuminate/Foundation/Console/Kernel.php(127): Illuminate\\Foundation\\Console\\Kernel->bootstrap()
#7 Command line code(1): Illuminate\\Foundation\\Console\\Kernel->handle(Object(Symfony\\Component\\Console\\Input\\ArgvInput), Object(Symfony\\Component\\Console\\Output\\ConsoleOutput))
#8 {main}
"} 
[2024-06-14 16:35:46] production.ERROR: Class "Barryvdh\Debugbar\ServiceProvider" not found {"exception":"[object] (Error(code: 0): Class \"Barryvdh\\Debugbar\\ServiceProvider\" not found at /Users/aldyhelix/Projects/www/backend_rmi/vendor/laravel/framework/src/Illuminate/Foundation/Application.php:745)
[stacktrace]
#0 /Users/aldyhelix/Projects/www/backend_rmi/vendor/laravel/framework/src/Illuminate/Foundation/Application.php(679): Illuminate\\Foundation\\Application->resolveProvider('Barryvdh\\\\Debugb...')
#1 /Users/aldyhelix/Projects/www/backend_rmi/vendor/laravel/framework/src/Illuminate/Foundation/ProviderRepository.php(75): Illuminate\\Foundation\\Application->register('Barryvdh\\\\Debugb...')
#2 /Users/aldyhelix/Projects/www/backend_rmi/vendor/laravel/framework/src/Illuminate/Foundation/Application.php(659): Illuminate\\Foundation\\ProviderRepository->load(Array)
#3 /Users/aldyhelix/Projects/www/backend_rmi/vendor/laravel/framework/src/Illuminate/Foundation/Bootstrap/RegisterProviders.php(17): Illuminate\\Foundation\\Application->registerConfiguredProviders()
#4 /Users/aldyhelix/Projects/www/backend_rmi/vendor/laravel/framework/src/Illuminate/Foundation/Application.php(237): Illuminate\\Foundation\\Bootstrap\\RegisterProviders->bootstrap(Object(Illuminate\\Foundation\\Application))
#5 /Users/aldyhelix/Projects/www/backend_rmi/vendor/laravel/framework/src/Illuminate/Foundation/Console/Kernel.php(310): Illuminate\\Foundation\\Application->bootstrapWith(Array)
#6 /Users/aldyhelix/Projects/www/backend_rmi/vendor/laravel/framework/src/Illuminate/Foundation/Console/Kernel.php(127): Illuminate\\Foundation\\Console\\Kernel->bootstrap()
#7 Command line code(1): Illuminate\\Foundation\\Console\\Kernel->handle(Object(Symfony\\Component\\Console\\Input\\ArgvInput), Object(Symfony\\Component\\Console\\Output\\ConsoleOutput))
#8 {main}
"} 
[2024-06-14 16:35:46] production.ERROR: Class "Barryvdh\Debugbar\ServiceProvider" not found {"exception":"[object] (Error(code: 0): Class \"Barryvdh\\Debugbar\\ServiceProvider\" not found at /Users/aldyhelix/Projects/www/backend_rmi/vendor/laravel/framework/src/Illuminate/Foundation/Application.php:745)
[stacktrace]
#0 /Users/aldyhelix/Projects/www/backend_rmi/vendor/laravel/framework/src/Illuminate/Foundation/Application.php(679): Illuminate\\Foundation\\Application->resolveProvider('Barryvdh\\\\Debugb...')
#1 /Users/aldyhelix/Projects/www/backend_rmi/vendor/laravel/framework/src/Illuminate/Foundation/ProviderRepository.php(75): Illuminate\\Foundation\\Application->register('Barryvdh\\\\Debugb...')
#2 /Users/aldyhelix/Projects/www/backend_rmi/vendor/laravel/framework/src/Illuminate/Foundation/Application.php(659): Illuminate\\Foundation\\ProviderRepository->load(Array)
#3 /Users/aldyhelix/Projects/www/backend_rmi/vendor/laravel/framework/src/Illuminate/Foundation/Bootstrap/RegisterProviders.php(17): Illuminate\\Foundation\\Application->registerConfiguredProviders()
#4 /Users/aldyhelix/Projects/www/backend_rmi/vendor/laravel/framework/src/Illuminate/Foundation/Application.php(237): Illuminate\\Foundation\\Bootstrap\\RegisterProviders->bootstrap(Object(Illuminate\\Foundation\\Application))
#5 /Users/aldyhelix/Projects/www/backend_rmi/vendor/laravel/framework/src/Illuminate/Foundation/Console/Kernel.php(310): Illuminate\\Foundation\\Application->bootstrapWith(Array)
#6 /Users/aldyhelix/Projects/www/backend_rmi/vendor/laravel/framework/src/Illuminate/Foundation/Console/Kernel.php(127): Illuminate\\Foundation\\Console\\Kernel->bootstrap()
#7 Command line code(1): Illuminate\\Foundation\\Console\\Kernel->handle(Object(Symfony\\Component\\Console\\Input\\ArgvInput), Object(Symfony\\Component\\Console\\Output\\ConsoleOutput))
#8 {main}
"} 
[2024-06-14 16:35:46] production.ERROR: Class "Barryvdh\Debugbar\ServiceProvider" not found {"exception":"[object] (Error(code: 0): Class \"Barryvdh\\Debugbar\\ServiceProvider\" not found at /Users/aldyhelix/Projects/www/backend_rmi/vendor/laravel/framework/src/Illuminate/Foundation/Application.php:745)
[stacktrace]
#0 /Users/aldyhelix/Projects/www/backend_rmi/vendor/laravel/framework/src/Illuminate/Foundation/Application.php(679): Illuminate\\Foundation\\Application->resolveProvider('Barryvdh\\\\Debugb...')
#1 /Users/aldyhelix/Projects/www/backend_rmi/vendor/laravel/framework/src/Illuminate/Foundation/ProviderRepository.php(75): Illuminate\\Foundation\\Application->register('Barryvdh\\\\Debugb...')
#2 /Users/aldyhelix/Projects/www/backend_rmi/vendor/laravel/framework/src/Illuminate/Foundation/Application.php(659): Illuminate\\Foundation\\ProviderRepository->load(Array)
#3 /Users/aldyhelix/Projects/www/backend_rmi/vendor/laravel/framework/src/Illuminate/Foundation/Bootstrap/RegisterProviders.php(17): Illuminate\\Foundation\\Application->registerConfiguredProviders()
#4 /Users/aldyhelix/Projects/www/backend_rmi/vendor/laravel/framework/src/Illuminate/Foundation/Application.php(237): Illuminate\\Foundation\\Bootstrap\\RegisterProviders->bootstrap(Object(Illuminate\\Foundation\\Application))
#5 /Users/aldyhelix/Projects/www/backend_rmi/vendor/laravel/framework/src/Illuminate/Foundation/Console/Kernel.php(310): Illuminate\\Foundation\\Application->bootstrapWith(Array)
#6 /Users/aldyhelix/Projects/www/backend_rmi/vendor/laravel/framework/src/Illuminate/Foundation/Console/Kernel.php(127): Illuminate\\Foundation\\Console\\Kernel->bootstrap()
#7 Command line code(1): Illuminate\\Foundation\\Console\\Kernel->handle(Object(Symfony\\Component\\Console\\Input\\ArgvInput), Object(Symfony\\Component\\Console\\Output\\ConsoleOutput))
#8 {main}
"} 
[2024-06-14 16:36:46] production.ERROR: Class "Barryvdh\Debugbar\ServiceProvider" not found {"exception":"[object] (Error(code: 0): Class \"Barryvdh\\Debugbar\\ServiceProvider\" not found at /Users/aldyhelix/Projects/www/backend_rmi/vendor/laravel/framework/src/Illuminate/Foundation/Application.php:745)
[stacktrace]
#0 /Users/aldyhelix/Projects/www/backend_rmi/vendor/laravel/framework/src/Illuminate/Foundation/Application.php(679): Illuminate\\Foundation\\Application->resolveProvider('Barryvdh\\\\Debugb...')
#1 /Users/aldyhelix/Projects/www/backend_rmi/vendor/laravel/framework/src/Illuminate/Foundation/ProviderRepository.php(75): Illuminate\\Foundation\\Application->register('Barryvdh\\\\Debugb...')
#2 /Users/aldyhelix/Projects/www/backend_rmi/vendor/laravel/framework/src/Illuminate/Foundation/Application.php(659): Illuminate\\Foundation\\ProviderRepository->load(Array)
#3 /Users/aldyhelix/Projects/www/backend_rmi/vendor/laravel/framework/src/Illuminate/Foundation/Bootstrap/RegisterProviders.php(17): Illuminate\\Foundation\\Application->registerConfiguredProviders()
#4 /Users/aldyhelix/Projects/www/backend_rmi/vendor/laravel/framework/src/Illuminate/Foundation/Application.php(237): Illuminate\\Foundation\\Bootstrap\\RegisterProviders->bootstrap(Object(Illuminate\\Foundation\\Application))
#5 /Users/aldyhelix/Projects/www/backend_rmi/vendor/laravel/framework/src/Illuminate/Foundation/Console/Kernel.php(310): Illuminate\\Foundation\\Application->bootstrapWith(Array)
#6 /Users/aldyhelix/Projects/www/backend_rmi/vendor/laravel/framework/src/Illuminate/Foundation/Console/Kernel.php(127): Illuminate\\Foundation\\Console\\Kernel->bootstrap()
#7 Command line code(1): Illuminate\\Foundation\\Console\\Kernel->handle(Object(Symfony\\Component\\Console\\Input\\ArgvInput), Object(Symfony\\Component\\Console\\Output\\ConsoleOutput))
#8 {main}
"} 
[2024-06-14 16:36:46] production.ERROR: Class "Barryvdh\Debugbar\ServiceProvider" not found {"exception":"[object] (Error(code: 0): Class \"Barryvdh\\Debugbar\\ServiceProvider\" not found at /Users/aldyhelix/Projects/www/backend_rmi/vendor/laravel/framework/src/Illuminate/Foundation/Application.php:745)
[stacktrace]
#0 /Users/aldyhelix/Projects/www/backend_rmi/vendor/laravel/framework/src/Illuminate/Foundation/Application.php(679): Illuminate\\Foundation\\Application->resolveProvider('Barryvdh\\\\Debugb...')
#1 /Users/aldyhelix/Projects/www/backend_rmi/vendor/laravel/framework/src/Illuminate/Foundation/ProviderRepository.php(75): Illuminate\\Foundation\\Application->register('Barryvdh\\\\Debugb...')
#2 /Users/aldyhelix/Projects/www/backend_rmi/vendor/laravel/framework/src/Illuminate/Foundation/Application.php(659): Illuminate\\Foundation\\ProviderRepository->load(Array)
#3 /Users/aldyhelix/Projects/www/backend_rmi/vendor/laravel/framework/src/Illuminate/Foundation/Bootstrap/RegisterProviders.php(17): Illuminate\\Foundation\\Application->registerConfiguredProviders()
#4 /Users/aldyhelix/Projects/www/backend_rmi/vendor/laravel/framework/src/Illuminate/Foundation/Application.php(237): Illuminate\\Foundation\\Bootstrap\\RegisterProviders->bootstrap(Object(Illuminate\\Foundation\\Application))
#5 /Users/aldyhelix/Projects/www/backend_rmi/vendor/laravel/framework/src/Illuminate/Foundation/Console/Kernel.php(310): Illuminate\\Foundation\\Application->bootstrapWith(Array)
#6 /Users/aldyhelix/Projects/www/backend_rmi/vendor/laravel/framework/src/Illuminate/Foundation/Console/Kernel.php(127): Illuminate\\Foundation\\Console\\Kernel->bootstrap()
#7 Command line code(1): Illuminate\\Foundation\\Console\\Kernel->handle(Object(Symfony\\Component\\Console\\Input\\ArgvInput), Object(Symfony\\Component\\Console\\Output\\ConsoleOutput))
#8 {main}
"} 
[2024-06-14 16:37:46] production.ERROR: Class "Barryvdh\Debugbar\ServiceProvider" not found {"exception":"[object] (Error(code: 0): Class \"Barryvdh\\Debugbar\\ServiceProvider\" not found at /Users/aldyhelix/Projects/www/backend_rmi/vendor/laravel/framework/src/Illuminate/Foundation/Application.php:745)
[stacktrace]
#0 /Users/aldyhelix/Projects/www/backend_rmi/vendor/laravel/framework/src/Illuminate/Foundation/Application.php(679): Illuminate\\Foundation\\Application->resolveProvider('Barryvdh\\\\Debugb...')
#1 /Users/aldyhelix/Projects/www/backend_rmi/vendor/laravel/framework/src/Illuminate/Foundation/ProviderRepository.php(75): Illuminate\\Foundation\\Application->register('Barryvdh\\\\Debugb...')
#2 /Users/aldyhelix/Projects/www/backend_rmi/vendor/laravel/framework/src/Illuminate/Foundation/Application.php(659): Illuminate\\Foundation\\ProviderRepository->load(Array)
#3 /Users/aldyhelix/Projects/www/backend_rmi/vendor/laravel/framework/src/Illuminate/Foundation/Bootstrap/RegisterProviders.php(17): Illuminate\\Foundation\\Application->registerConfiguredProviders()
#4 /Users/aldyhelix/Projects/www/backend_rmi/vendor/laravel/framework/src/Illuminate/Foundation/Application.php(237): Illuminate\\Foundation\\Bootstrap\\RegisterProviders->bootstrap(Object(Illuminate\\Foundation\\Application))
#5 /Users/aldyhelix/Projects/www/backend_rmi/vendor/laravel/framework/src/Illuminate/Foundation/Console/Kernel.php(310): Illuminate\\Foundation\\Application->bootstrapWith(Array)
#6 /Users/aldyhelix/Projects/www/backend_rmi/vendor/laravel/framework/src/Illuminate/Foundation/Console/Kernel.php(127): Illuminate\\Foundation\\Console\\Kernel->bootstrap()
#7 Command line code(1): Illuminate\\Foundation\\Console\\Kernel->handle(Object(Symfony\\Component\\Console\\Input\\ArgvInput), Object(Symfony\\Component\\Console\\Output\\ConsoleOutput))
#8 {main}
"} 
[2024-06-14 16:37:46] production.ERROR: Class "Barryvdh\Debugbar\ServiceProvider" not found {"exception":"[object] (Error(code: 0): Class \"Barryvdh\\Debugbar\\ServiceProvider\" not found at /Users/aldyhelix/Projects/www/backend_rmi/vendor/laravel/framework/src/Illuminate/Foundation/Application.php:745)
[stacktrace]
#0 /Users/aldyhelix/Projects/www/backend_rmi/vendor/laravel/framework/src/Illuminate/Foundation/Application.php(679): Illuminate\\Foundation\\Application->resolveProvider('Barryvdh\\\\Debugb...')
#1 /Users/aldyhelix/Projects/www/backend_rmi/vendor/laravel/framework/src/Illuminate/Foundation/ProviderRepository.php(75): Illuminate\\Foundation\\Application->register('Barryvdh\\\\Debugb...')
#2 /Users/aldyhelix/Projects/www/backend_rmi/vendor/laravel/framework/src/Illuminate/Foundation/Application.php(659): Illuminate\\Foundation\\ProviderRepository->load(Array)
#3 /Users/aldyhelix/Projects/www/backend_rmi/vendor/laravel/framework/src/Illuminate/Foundation/Bootstrap/RegisterProviders.php(17): Illuminate\\Foundation\\Application->registerConfiguredProviders()
#4 /Users/aldyhelix/Projects/www/backend_rmi/vendor/laravel/framework/src/Illuminate/Foundation/Application.php(237): Illuminate\\Foundation\\Bootstrap\\RegisterProviders->bootstrap(Object(Illuminate\\Foundation\\Application))
#5 /Users/aldyhelix/Projects/www/backend_rmi/vendor/laravel/framework/src/Illuminate/Foundation/Console/Kernel.php(310): Illuminate\\Foundation\\Application->bootstrapWith(Array)
#6 /Users/aldyhelix/Projects/www/backend_rmi/vendor/laravel/framework/src/Illuminate/Foundation/Console/Kernel.php(127): Illuminate\\Foundation\\Console\\Kernel->bootstrap()
#7 Command line code(1): Illuminate\\Foundation\\Console\\Kernel->handle(Object(Symfony\\Component\\Console\\Input\\ArgvInput), Object(Symfony\\Component\\Console\\Output\\ConsoleOutput))
#8 {main}
"} 
[2024-06-14 16:38:46] production.ERROR: Class "Barryvdh\Debugbar\ServiceProvider" not found {"exception":"[object] (Error(code: 0): Class \"Barryvdh\\Debugbar\\ServiceProvider\" not found at /Users/aldyhelix/Projects/www/backend_rmi/vendor/laravel/framework/src/Illuminate/Foundation/Application.php:745)
[stacktrace]
#0 /Users/aldyhelix/Projects/www/backend_rmi/vendor/laravel/framework/src/Illuminate/Foundation/Application.php(679): Illuminate\\Foundation\\Application->resolveProvider('Barryvdh\\\\Debugb...')
#1 /Users/aldyhelix/Projects/www/backend_rmi/vendor/laravel/framework/src/Illuminate/Foundation/ProviderRepository.php(75): Illuminate\\Foundation\\Application->register('Barryvdh\\\\Debugb...')
#2 /Users/aldyhelix/Projects/www/backend_rmi/vendor/laravel/framework/src/Illuminate/Foundation/Application.php(659): Illuminate\\Foundation\\ProviderRepository->load(Array)
#3 /Users/aldyhelix/Projects/www/backend_rmi/vendor/laravel/framework/src/Illuminate/Foundation/Bootstrap/RegisterProviders.php(17): Illuminate\\Foundation\\Application->registerConfiguredProviders()
#4 /Users/aldyhelix/Projects/www/backend_rmi/vendor/laravel/framework/src/Illuminate/Foundation/Application.php(237): Illuminate\\Foundation\\Bootstrap\\RegisterProviders->bootstrap(Object(Illuminate\\Foundation\\Application))
#5 /Users/aldyhelix/Projects/www/backend_rmi/vendor/laravel/framework/src/Illuminate/Foundation/Console/Kernel.php(310): Illuminate\\Foundation\\Application->bootstrapWith(Array)
#6 /Users/aldyhelix/Projects/www/backend_rmi/vendor/laravel/framework/src/Illuminate/Foundation/Console/Kernel.php(127): Illuminate\\Foundation\\Console\\Kernel->bootstrap()
#7 Command line code(1): Illuminate\\Foundation\\Console\\Kernel->handle(Object(Symfony\\Component\\Console\\Input\\ArgvInput), Object(Symfony\\Component\\Console\\Output\\ConsoleOutput))
#8 {main}
"} 
[2024-06-14 16:38:46] production.ERROR: Class "Barryvdh\Debugbar\ServiceProvider" not found {"exception":"[object] (Error(code: 0): Class \"Barryvdh\\Debugbar\\ServiceProvider\" not found at /Users/aldyhelix/Projects/www/backend_rmi/vendor/laravel/framework/src/Illuminate/Foundation/Application.php:745)
[stacktrace]
#0 /Users/aldyhelix/Projects/www/backend_rmi/vendor/laravel/framework/src/Illuminate/Foundation/Application.php(679): Illuminate\\Foundation\\Application->resolveProvider('Barryvdh\\\\Debugb...')
#1 /Users/aldyhelix/Projects/www/backend_rmi/vendor/laravel/framework/src/Illuminate/Foundation/ProviderRepository.php(75): Illuminate\\Foundation\\Application->register('Barryvdh\\\\Debugb...')
#2 /Users/aldyhelix/Projects/www/backend_rmi/vendor/laravel/framework/src/Illuminate/Foundation/Application.php(659): Illuminate\\Foundation\\ProviderRepository->load(Array)
#3 /Users/aldyhelix/Projects/www/backend_rmi/vendor/laravel/framework/src/Illuminate/Foundation/Bootstrap/RegisterProviders.php(17): Illuminate\\Foundation\\Application->registerConfiguredProviders()
#4 /Users/aldyhelix/Projects/www/backend_rmi/vendor/laravel/framework/src/Illuminate/Foundation/Application.php(237): Illuminate\\Foundation\\Bootstrap\\RegisterProviders->bootstrap(Object(Illuminate\\Foundation\\Application))
#5 /Users/aldyhelix/Projects/www/backend_rmi/vendor/laravel/framework/src/Illuminate/Foundation/Console/Kernel.php(310): Illuminate\\Foundation\\Application->bootstrapWith(Array)
#6 /Users/aldyhelix/Projects/www/backend_rmi/vendor/laravel/framework/src/Illuminate/Foundation/Console/Kernel.php(127): Illuminate\\Foundation\\Console\\Kernel->bootstrap()
#7 Command line code(1): Illuminate\\Foundation\\Console\\Kernel->handle(Object(Symfony\\Component\\Console\\Input\\ArgvInput), Object(Symfony\\Component\\Console\\Output\\ConsoleOutput))
#8 {main}
"} 
[2024-06-14 16:39:46] production.ERROR: Class "Barryvdh\Debugbar\ServiceProvider" not found {"exception":"[object] (Error(code: 0): Class \"Barryvdh\\Debugbar\\ServiceProvider\" not found at /Users/aldyhelix/Projects/www/backend_rmi/vendor/laravel/framework/src/Illuminate/Foundation/Application.php:745)
[stacktrace]
#0 /Users/aldyhelix/Projects/www/backend_rmi/vendor/laravel/framework/src/Illuminate/Foundation/Application.php(679): Illuminate\\Foundation\\Application->resolveProvider('Barryvdh\\\\Debugb...')
#1 /Users/aldyhelix/Projects/www/backend_rmi/vendor/laravel/framework/src/Illuminate/Foundation/ProviderRepository.php(75): Illuminate\\Foundation\\Application->register('Barryvdh\\\\Debugb...')
#2 /Users/aldyhelix/Projects/www/backend_rmi/vendor/laravel/framework/src/Illuminate/Foundation/Application.php(659): Illuminate\\Foundation\\ProviderRepository->load(Array)
#3 /Users/aldyhelix/Projects/www/backend_rmi/vendor/laravel/framework/src/Illuminate/Foundation/Bootstrap/RegisterProviders.php(17): Illuminate\\Foundation\\Application->registerConfiguredProviders()
#4 /Users/aldyhelix/Projects/www/backend_rmi/vendor/laravel/framework/src/Illuminate/Foundation/Application.php(237): Illuminate\\Foundation\\Bootstrap\\RegisterProviders->bootstrap(Object(Illuminate\\Foundation\\Application))
#5 /Users/aldyhelix/Projects/www/backend_rmi/vendor/laravel/framework/src/Illuminate/Foundation/Console/Kernel.php(310): Illuminate\\Foundation\\Application->bootstrapWith(Array)
#6 /Users/aldyhelix/Projects/www/backend_rmi/vendor/laravel/framework/src/Illuminate/Foundation/Console/Kernel.php(127): Illuminate\\Foundation\\Console\\Kernel->bootstrap()
#7 Command line code(1): Illuminate\\Foundation\\Console\\Kernel->handle(Object(Symfony\\Component\\Console\\Input\\ArgvInput), Object(Symfony\\Component\\Console\\Output\\ConsoleOutput))
#8 {main}
"} 
[2024-06-14 16:39:46] production.ERROR: Class "Barryvdh\Debugbar\ServiceProvider" not found {"exception":"[object] (Error(code: 0): Class \"Barryvdh\\Debugbar\\ServiceProvider\" not found at /Users/aldyhelix/Projects/www/backend_rmi/vendor/laravel/framework/src/Illuminate/Foundation/Application.php:745)
[stacktrace]
#0 /Users/aldyhelix/Projects/www/backend_rmi/vendor/laravel/framework/src/Illuminate/Foundation/Application.php(679): Illuminate\\Foundation\\Application->resolveProvider('Barryvdh\\\\Debugb...')
#1 /Users/aldyhelix/Projects/www/backend_rmi/vendor/laravel/framework/src/Illuminate/Foundation/ProviderRepository.php(75): Illuminate\\Foundation\\Application->register('Barryvdh\\\\Debugb...')
#2 /Users/aldyhelix/Projects/www/backend_rmi/vendor/laravel/framework/src/Illuminate/Foundation/Application.php(659): Illuminate\\Foundation\\ProviderRepository->load(Array)
#3 /Users/aldyhelix/Projects/www/backend_rmi/vendor/laravel/framework/src/Illuminate/Foundation/Bootstrap/RegisterProviders.php(17): Illuminate\\Foundation\\Application->registerConfiguredProviders()
#4 /Users/aldyhelix/Projects/www/backend_rmi/vendor/laravel/framework/src/Illuminate/Foundation/Application.php(237): Illuminate\\Foundation\\Bootstrap\\RegisterProviders->bootstrap(Object(Illuminate\\Foundation\\Application))
#5 /Users/aldyhelix/Projects/www/backend_rmi/vendor/laravel/framework/src/Illuminate/Foundation/Console/Kernel.php(310): Illuminate\\Foundation\\Application->bootstrapWith(Array)
#6 /Users/aldyhelix/Projects/www/backend_rmi/vendor/laravel/framework/src/Illuminate/Foundation/Console/Kernel.php(127): Illuminate\\Foundation\\Console\\Kernel->bootstrap()
#7 Command line code(1): Illuminate\\Foundation\\Console\\Kernel->handle(Object(Symfony\\Component\\Console\\Input\\ArgvInput), Object(Symfony\\Component\\Console\\Output\\ConsoleOutput))
#8 {main}
"} 
[2024-06-14 16:40:46] production.ERROR: Class "Barryvdh\Debugbar\ServiceProvider" not found {"exception":"[object] (Error(code: 0): Class \"Barryvdh\\Debugbar\\ServiceProvider\" not found at /Users/aldyhelix/Projects/www/backend_rmi/vendor/laravel/framework/src/Illuminate/Foundation/Application.php:745)
[stacktrace]
#0 /Users/aldyhelix/Projects/www/backend_rmi/vendor/laravel/framework/src/Illuminate/Foundation/Application.php(679): Illuminate\\Foundation\\Application->resolveProvider('Barryvdh\\\\Debugb...')
#1 /Users/aldyhelix/Projects/www/backend_rmi/vendor/laravel/framework/src/Illuminate/Foundation/ProviderRepository.php(75): Illuminate\\Foundation\\Application->register('Barryvdh\\\\Debugb...')
#2 /Users/aldyhelix/Projects/www/backend_rmi/vendor/laravel/framework/src/Illuminate/Foundation/Application.php(659): Illuminate\\Foundation\\ProviderRepository->load(Array)
#3 /Users/aldyhelix/Projects/www/backend_rmi/vendor/laravel/framework/src/Illuminate/Foundation/Bootstrap/RegisterProviders.php(17): Illuminate\\Foundation\\Application->registerConfiguredProviders()
#4 /Users/aldyhelix/Projects/www/backend_rmi/vendor/laravel/framework/src/Illuminate/Foundation/Application.php(237): Illuminate\\Foundation\\Bootstrap\\RegisterProviders->bootstrap(Object(Illuminate\\Foundation\\Application))
#5 /Users/aldyhelix/Projects/www/backend_rmi/vendor/laravel/framework/src/Illuminate/Foundation/Console/Kernel.php(310): Illuminate\\Foundation\\Application->bootstrapWith(Array)
#6 /Users/aldyhelix/Projects/www/backend_rmi/vendor/laravel/framework/src/Illuminate/Foundation/Console/Kernel.php(127): Illuminate\\Foundation\\Console\\Kernel->bootstrap()
#7 Command line code(1): Illuminate\\Foundation\\Console\\Kernel->handle(Object(Symfony\\Component\\Console\\Input\\ArgvInput), Object(Symfony\\Component\\Console\\Output\\ConsoleOutput))
#8 {main}
"} 
[2024-06-14 16:40:46] production.ERROR: Class "Barryvdh\Debugbar\ServiceProvider" not found {"exception":"[object] (Error(code: 0): Class \"Barryvdh\\Debugbar\\ServiceProvider\" not found at /Users/aldyhelix/Projects/www/backend_rmi/vendor/laravel/framework/src/Illuminate/Foundation/Application.php:745)
[stacktrace]
#0 /Users/aldyhelix/Projects/www/backend_rmi/vendor/laravel/framework/src/Illuminate/Foundation/Application.php(679): Illuminate\\Foundation\\Application->resolveProvider('Barryvdh\\\\Debugb...')
#1 /Users/aldyhelix/Projects/www/backend_rmi/vendor/laravel/framework/src/Illuminate/Foundation/ProviderRepository.php(75): Illuminate\\Foundation\\Application->register('Barryvdh\\\\Debugb...')
#2 /Users/aldyhelix/Projects/www/backend_rmi/vendor/laravel/framework/src/Illuminate/Foundation/Application.php(659): Illuminate\\Foundation\\ProviderRepository->load(Array)
#3 /Users/aldyhelix/Projects/www/backend_rmi/vendor/laravel/framework/src/Illuminate/Foundation/Bootstrap/RegisterProviders.php(17): Illuminate\\Foundation\\Application->registerConfiguredProviders()
#4 /Users/aldyhelix/Projects/www/backend_rmi/vendor/laravel/framework/src/Illuminate/Foundation/Application.php(237): Illuminate\\Foundation\\Bootstrap\\RegisterProviders->bootstrap(Object(Illuminate\\Foundation\\Application))
#5 /Users/aldyhelix/Projects/www/backend_rmi/vendor/laravel/framework/src/Illuminate/Foundation/Console/Kernel.php(310): Illuminate\\Foundation\\Application->bootstrapWith(Array)
#6 /Users/aldyhelix/Projects/www/backend_rmi/vendor/laravel/framework/src/Illuminate/Foundation/Console/Kernel.php(127): Illuminate\\Foundation\\Console\\Kernel->bootstrap()
#7 Command line code(1): Illuminate\\Foundation\\Console\\Kernel->handle(Object(Symfony\\Component\\Console\\Input\\ArgvInput), Object(Symfony\\Component\\Console\\Output\\ConsoleOutput))
#8 {main}
"} 
[2024-06-14 16:41:46] production.ERROR: Class "Barryvdh\Debugbar\ServiceProvider" not found {"exception":"[object] (Error(code: 0): Class \"Barryvdh\\Debugbar\\ServiceProvider\" not found at /Users/aldyhelix/Projects/www/backend_rmi/vendor/laravel/framework/src/Illuminate/Foundation/Application.php:745)
[stacktrace]
#0 /Users/aldyhelix/Projects/www/backend_rmi/vendor/laravel/framework/src/Illuminate/Foundation/Application.php(679): Illuminate\\Foundation\\Application->resolveProvider('Barryvdh\\\\Debugb...')
#1 /Users/aldyhelix/Projects/www/backend_rmi/vendor/laravel/framework/src/Illuminate/Foundation/ProviderRepository.php(75): Illuminate\\Foundation\\Application->register('Barryvdh\\\\Debugb...')
#2 /Users/aldyhelix/Projects/www/backend_rmi/vendor/laravel/framework/src/Illuminate/Foundation/Application.php(659): Illuminate\\Foundation\\ProviderRepository->load(Array)
#3 /Users/aldyhelix/Projects/www/backend_rmi/vendor/laravel/framework/src/Illuminate/Foundation/Bootstrap/RegisterProviders.php(17): Illuminate\\Foundation\\Application->registerConfiguredProviders()
#4 /Users/aldyhelix/Projects/www/backend_rmi/vendor/laravel/framework/src/Illuminate/Foundation/Application.php(237): Illuminate\\Foundation\\Bootstrap\\RegisterProviders->bootstrap(Object(Illuminate\\Foundation\\Application))
#5 /Users/aldyhelix/Projects/www/backend_rmi/vendor/laravel/framework/src/Illuminate/Foundation/Console/Kernel.php(310): Illuminate\\Foundation\\Application->bootstrapWith(Array)
#6 /Users/aldyhelix/Projects/www/backend_rmi/vendor/laravel/framework/src/Illuminate/Foundation/Console/Kernel.php(127): Illuminate\\Foundation\\Console\\Kernel->bootstrap()
#7 Command line code(1): Illuminate\\Foundation\\Console\\Kernel->handle(Object(Symfony\\Component\\Console\\Input\\ArgvInput), Object(Symfony\\Component\\Console\\Output\\ConsoleOutput))
#8 {main}
"} 
[2024-06-14 16:41:46] production.ERROR: Class "Barryvdh\Debugbar\ServiceProvider" not found {"exception":"[object] (Error(code: 0): Class \"Barryvdh\\Debugbar\\ServiceProvider\" not found at /Users/aldyhelix/Projects/www/backend_rmi/vendor/laravel/framework/src/Illuminate/Foundation/Application.php:745)
[stacktrace]
#0 /Users/aldyhelix/Projects/www/backend_rmi/vendor/laravel/framework/src/Illuminate/Foundation/Application.php(679): Illuminate\\Foundation\\Application->resolveProvider('Barryvdh\\\\Debugb...')
#1 /Users/aldyhelix/Projects/www/backend_rmi/vendor/laravel/framework/src/Illuminate/Foundation/ProviderRepository.php(75): Illuminate\\Foundation\\Application->register('Barryvdh\\\\Debugb...')
#2 /Users/aldyhelix/Projects/www/backend_rmi/vendor/laravel/framework/src/Illuminate/Foundation/Application.php(659): Illuminate\\Foundation\\ProviderRepository->load(Array)
#3 /Users/aldyhelix/Projects/www/backend_rmi/vendor/laravel/framework/src/Illuminate/Foundation/Bootstrap/RegisterProviders.php(17): Illuminate\\Foundation\\Application->registerConfiguredProviders()
#4 /Users/aldyhelix/Projects/www/backend_rmi/vendor/laravel/framework/src/Illuminate/Foundation/Application.php(237): Illuminate\\Foundation\\Bootstrap\\RegisterProviders->bootstrap(Object(Illuminate\\Foundation\\Application))
#5 /Users/aldyhelix/Projects/www/backend_rmi/vendor/laravel/framework/src/Illuminate/Foundation/Console/Kernel.php(310): Illuminate\\Foundation\\Application->bootstrapWith(Array)
#6 /Users/aldyhelix/Projects/www/backend_rmi/vendor/laravel/framework/src/Illuminate/Foundation/Console/Kernel.php(127): Illuminate\\Foundation\\Console\\Kernel->bootstrap()
#7 Command line code(1): Illuminate\\Foundation\\Console\\Kernel->handle(Object(Symfony\\Component\\Console\\Input\\ArgvInput), Object(Symfony\\Component\\Console\\Output\\ConsoleOutput))
#8 {main}
"} 
[2024-06-14 16:42:46] production.ERROR: Class "Barryvdh\Debugbar\ServiceProvider" not found {"exception":"[object] (Error(code: 0): Class \"Barryvdh\\Debugbar\\ServiceProvider\" not found at /Users/aldyhelix/Projects/www/backend_rmi/vendor/laravel/framework/src/Illuminate/Foundation/Application.php:745)
[stacktrace]
#0 /Users/aldyhelix/Projects/www/backend_rmi/vendor/laravel/framework/src/Illuminate/Foundation/Application.php(679): Illuminate\\Foundation\\Application->resolveProvider('Barryvdh\\\\Debugb...')
#1 /Users/aldyhelix/Projects/www/backend_rmi/vendor/laravel/framework/src/Illuminate/Foundation/ProviderRepository.php(75): Illuminate\\Foundation\\Application->register('Barryvdh\\\\Debugb...')
#2 /Users/aldyhelix/Projects/www/backend_rmi/vendor/laravel/framework/src/Illuminate/Foundation/Application.php(659): Illuminate\\Foundation\\ProviderRepository->load(Array)
#3 /Users/aldyhelix/Projects/www/backend_rmi/vendor/laravel/framework/src/Illuminate/Foundation/Bootstrap/RegisterProviders.php(17): Illuminate\\Foundation\\Application->registerConfiguredProviders()
#4 /Users/aldyhelix/Projects/www/backend_rmi/vendor/laravel/framework/src/Illuminate/Foundation/Application.php(237): Illuminate\\Foundation\\Bootstrap\\RegisterProviders->bootstrap(Object(Illuminate\\Foundation\\Application))
#5 /Users/aldyhelix/Projects/www/backend_rmi/vendor/laravel/framework/src/Illuminate/Foundation/Console/Kernel.php(310): Illuminate\\Foundation\\Application->bootstrapWith(Array)
#6 /Users/aldyhelix/Projects/www/backend_rmi/vendor/laravel/framework/src/Illuminate/Foundation/Console/Kernel.php(127): Illuminate\\Foundation\\Console\\Kernel->bootstrap()
#7 Command line code(1): Illuminate\\Foundation\\Console\\Kernel->handle(Object(Symfony\\Component\\Console\\Input\\ArgvInput), Object(Symfony\\Component\\Console\\Output\\ConsoleOutput))
#8 {main}
"} 
[2024-06-14 16:42:46] production.ERROR: Class "Barryvdh\Debugbar\ServiceProvider" not found {"exception":"[object] (Error(code: 0): Class \"Barryvdh\\Debugbar\\ServiceProvider\" not found at /Users/aldyhelix/Projects/www/backend_rmi/vendor/laravel/framework/src/Illuminate/Foundation/Application.php:745)
[stacktrace]
#0 /Users/aldyhelix/Projects/www/backend_rmi/vendor/laravel/framework/src/Illuminate/Foundation/Application.php(679): Illuminate\\Foundation\\Application->resolveProvider('Barryvdh\\\\Debugb...')
#1 /Users/aldyhelix/Projects/www/backend_rmi/vendor/laravel/framework/src/Illuminate/Foundation/ProviderRepository.php(75): Illuminate\\Foundation\\Application->register('Barryvdh\\\\Debugb...')
#2 /Users/aldyhelix/Projects/www/backend_rmi/vendor/laravel/framework/src/Illuminate/Foundation/Application.php(659): Illuminate\\Foundation\\ProviderRepository->load(Array)
#3 /Users/aldyhelix/Projects/www/backend_rmi/vendor/laravel/framework/src/Illuminate/Foundation/Bootstrap/RegisterProviders.php(17): Illuminate\\Foundation\\Application->registerConfiguredProviders()
#4 /Users/aldyhelix/Projects/www/backend_rmi/vendor/laravel/framework/src/Illuminate/Foundation/Application.php(237): Illuminate\\Foundation\\Bootstrap\\RegisterProviders->bootstrap(Object(Illuminate\\Foundation\\Application))
#5 /Users/aldyhelix/Projects/www/backend_rmi/vendor/laravel/framework/src/Illuminate/Foundation/Console/Kernel.php(310): Illuminate\\Foundation\\Application->bootstrapWith(Array)
#6 /Users/aldyhelix/Projects/www/backend_rmi/vendor/laravel/framework/src/Illuminate/Foundation/Console/Kernel.php(127): Illuminate\\Foundation\\Console\\Kernel->bootstrap()
#7 Command line code(1): Illuminate\\Foundation\\Console\\Kernel->handle(Object(Symfony\\Component\\Console\\Input\\ArgvInput), Object(Symfony\\Component\\Console\\Output\\ConsoleOutput))
#8 {main}
"} 
[2024-06-14 16:43:46] production.ERROR: Class "Barryvdh\Debugbar\ServiceProvider" not found {"exception":"[object] (Error(code: 0): Class \"Barryvdh\\Debugbar\\ServiceProvider\" not found at /Users/aldyhelix/Projects/www/backend_rmi/vendor/laravel/framework/src/Illuminate/Foundation/Application.php:745)
[stacktrace]
#0 /Users/aldyhelix/Projects/www/backend_rmi/vendor/laravel/framework/src/Illuminate/Foundation/Application.php(679): Illuminate\\Foundation\\Application->resolveProvider('Barryvdh\\\\Debugb...')
#1 /Users/aldyhelix/Projects/www/backend_rmi/vendor/laravel/framework/src/Illuminate/Foundation/ProviderRepository.php(75): Illuminate\\Foundation\\Application->register('Barryvdh\\\\Debugb...')
#2 /Users/aldyhelix/Projects/www/backend_rmi/vendor/laravel/framework/src/Illuminate/Foundation/Application.php(659): Illuminate\\Foundation\\ProviderRepository->load(Array)
#3 /Users/aldyhelix/Projects/www/backend_rmi/vendor/laravel/framework/src/Illuminate/Foundation/Bootstrap/RegisterProviders.php(17): Illuminate\\Foundation\\Application->registerConfiguredProviders()
#4 /Users/aldyhelix/Projects/www/backend_rmi/vendor/laravel/framework/src/Illuminate/Foundation/Application.php(237): Illuminate\\Foundation\\Bootstrap\\RegisterProviders->bootstrap(Object(Illuminate\\Foundation\\Application))
#5 /Users/aldyhelix/Projects/www/backend_rmi/vendor/laravel/framework/src/Illuminate/Foundation/Console/Kernel.php(310): Illuminate\\Foundation\\Application->bootstrapWith(Array)
#6 /Users/aldyhelix/Projects/www/backend_rmi/vendor/laravel/framework/src/Illuminate/Foundation/Console/Kernel.php(127): Illuminate\\Foundation\\Console\\Kernel->bootstrap()
#7 Command line code(1): Illuminate\\Foundation\\Console\\Kernel->handle(Object(Symfony\\Component\\Console\\Input\\ArgvInput), Object(Symfony\\Component\\Console\\Output\\ConsoleOutput))
#8 {main}
"} 
[2024-06-14 16:43:46] production.ERROR: Class "Barryvdh\Debugbar\ServiceProvider" not found {"exception":"[object] (Error(code: 0): Class \"Barryvdh\\Debugbar\\ServiceProvider\" not found at /Users/aldyhelix/Projects/www/backend_rmi/vendor/laravel/framework/src/Illuminate/Foundation/Application.php:745)
[stacktrace]
#0 /Users/aldyhelix/Projects/www/backend_rmi/vendor/laravel/framework/src/Illuminate/Foundation/Application.php(679): Illuminate\\Foundation\\Application->resolveProvider('Barryvdh\\\\Debugb...')
#1 /Users/aldyhelix/Projects/www/backend_rmi/vendor/laravel/framework/src/Illuminate/Foundation/ProviderRepository.php(75): Illuminate\\Foundation\\Application->register('Barryvdh\\\\Debugb...')
#2 /Users/aldyhelix/Projects/www/backend_rmi/vendor/laravel/framework/src/Illuminate/Foundation/Application.php(659): Illuminate\\Foundation\\ProviderRepository->load(Array)
#3 /Users/aldyhelix/Projects/www/backend_rmi/vendor/laravel/framework/src/Illuminate/Foundation/Bootstrap/RegisterProviders.php(17): Illuminate\\Foundation\\Application->registerConfiguredProviders()
#4 /Users/aldyhelix/Projects/www/backend_rmi/vendor/laravel/framework/src/Illuminate/Foundation/Application.php(237): Illuminate\\Foundation\\Bootstrap\\RegisterProviders->bootstrap(Object(Illuminate\\Foundation\\Application))
#5 /Users/aldyhelix/Projects/www/backend_rmi/vendor/laravel/framework/src/Illuminate/Foundation/Console/Kernel.php(310): Illuminate\\Foundation\\Application->bootstrapWith(Array)
#6 /Users/aldyhelix/Projects/www/backend_rmi/vendor/laravel/framework/src/Illuminate/Foundation/Console/Kernel.php(127): Illuminate\\Foundation\\Console\\Kernel->bootstrap()
#7 Command line code(1): Illuminate\\Foundation\\Console\\Kernel->handle(Object(Symfony\\Component\\Console\\Input\\ArgvInput), Object(Symfony\\Component\\Console\\Output\\ConsoleOutput))
#8 {main}
"} 
[2024-06-14 16:44:46] production.ERROR: Class "Barryvdh\Debugbar\ServiceProvider" not found {"exception":"[object] (Error(code: 0): Class \"Barryvdh\\Debugbar\\ServiceProvider\" not found at /Users/aldyhelix/Projects/www/backend_rmi/vendor/laravel/framework/src/Illuminate/Foundation/Application.php:745)
[stacktrace]
#0 /Users/aldyhelix/Projects/www/backend_rmi/vendor/laravel/framework/src/Illuminate/Foundation/Application.php(679): Illuminate\\Foundation\\Application->resolveProvider('Barryvdh\\\\Debugb...')
#1 /Users/aldyhelix/Projects/www/backend_rmi/vendor/laravel/framework/src/Illuminate/Foundation/ProviderRepository.php(75): Illuminate\\Foundation\\Application->register('Barryvdh\\\\Debugb...')
#2 /Users/aldyhelix/Projects/www/backend_rmi/vendor/laravel/framework/src/Illuminate/Foundation/Application.php(659): Illuminate\\Foundation\\ProviderRepository->load(Array)
#3 /Users/aldyhelix/Projects/www/backend_rmi/vendor/laravel/framework/src/Illuminate/Foundation/Bootstrap/RegisterProviders.php(17): Illuminate\\Foundation\\Application->registerConfiguredProviders()
#4 /Users/aldyhelix/Projects/www/backend_rmi/vendor/laravel/framework/src/Illuminate/Foundation/Application.php(237): Illuminate\\Foundation\\Bootstrap\\RegisterProviders->bootstrap(Object(Illuminate\\Foundation\\Application))
#5 /Users/aldyhelix/Projects/www/backend_rmi/vendor/laravel/framework/src/Illuminate/Foundation/Console/Kernel.php(310): Illuminate\\Foundation\\Application->bootstrapWith(Array)
#6 /Users/aldyhelix/Projects/www/backend_rmi/vendor/laravel/framework/src/Illuminate/Foundation/Console/Kernel.php(127): Illuminate\\Foundation\\Console\\Kernel->bootstrap()
#7 Command line code(1): Illuminate\\Foundation\\Console\\Kernel->handle(Object(Symfony\\Component\\Console\\Input\\ArgvInput), Object(Symfony\\Component\\Console\\Output\\ConsoleOutput))
#8 {main}
"} 
[2024-06-14 16:44:46] production.ERROR: Class "Barryvdh\Debugbar\ServiceProvider" not found {"exception":"[object] (Error(code: 0): Class \"Barryvdh\\Debugbar\\ServiceProvider\" not found at /Users/aldyhelix/Projects/www/backend_rmi/vendor/laravel/framework/src/Illuminate/Foundation/Application.php:745)
[stacktrace]
#0 /Users/aldyhelix/Projects/www/backend_rmi/vendor/laravel/framework/src/Illuminate/Foundation/Application.php(679): Illuminate\\Foundation\\Application->resolveProvider('Barryvdh\\\\Debugb...')
#1 /Users/aldyhelix/Projects/www/backend_rmi/vendor/laravel/framework/src/Illuminate/Foundation/ProviderRepository.php(75): Illuminate\\Foundation\\Application->register('Barryvdh\\\\Debugb...')
#2 /Users/aldyhelix/Projects/www/backend_rmi/vendor/laravel/framework/src/Illuminate/Foundation/Application.php(659): Illuminate\\Foundation\\ProviderRepository->load(Array)
#3 /Users/aldyhelix/Projects/www/backend_rmi/vendor/laravel/framework/src/Illuminate/Foundation/Bootstrap/RegisterProviders.php(17): Illuminate\\Foundation\\Application->registerConfiguredProviders()
#4 /Users/aldyhelix/Projects/www/backend_rmi/vendor/laravel/framework/src/Illuminate/Foundation/Application.php(237): Illuminate\\Foundation\\Bootstrap\\RegisterProviders->bootstrap(Object(Illuminate\\Foundation\\Application))
#5 /Users/aldyhelix/Projects/www/backend_rmi/vendor/laravel/framework/src/Illuminate/Foundation/Console/Kernel.php(310): Illuminate\\Foundation\\Application->bootstrapWith(Array)
#6 /Users/aldyhelix/Projects/www/backend_rmi/vendor/laravel/framework/src/Illuminate/Foundation/Console/Kernel.php(127): Illuminate\\Foundation\\Console\\Kernel->bootstrap()
#7 Command line code(1): Illuminate\\Foundation\\Console\\Kernel->handle(Object(Symfony\\Component\\Console\\Input\\ArgvInput), Object(Symfony\\Component\\Console\\Output\\ConsoleOutput))
#8 {main}
"} 
[2024-06-14 16:45:46] production.ERROR: Class "Barryvdh\Debugbar\ServiceProvider" not found {"exception":"[object] (Error(code: 0): Class \"Barryvdh\\Debugbar\\ServiceProvider\" not found at /Users/aldyhelix/Projects/www/backend_rmi/vendor/laravel/framework/src/Illuminate/Foundation/Application.php:745)
[stacktrace]
#0 /Users/aldyhelix/Projects/www/backend_rmi/vendor/laravel/framework/src/Illuminate/Foundation/Application.php(679): Illuminate\\Foundation\\Application->resolveProvider('Barryvdh\\\\Debugb...')
#1 /Users/aldyhelix/Projects/www/backend_rmi/vendor/laravel/framework/src/Illuminate/Foundation/ProviderRepository.php(75): Illuminate\\Foundation\\Application->register('Barryvdh\\\\Debugb...')
#2 /Users/aldyhelix/Projects/www/backend_rmi/vendor/laravel/framework/src/Illuminate/Foundation/Application.php(659): Illuminate\\Foundation\\ProviderRepository->load(Array)
#3 /Users/aldyhelix/Projects/www/backend_rmi/vendor/laravel/framework/src/Illuminate/Foundation/Bootstrap/RegisterProviders.php(17): Illuminate\\Foundation\\Application->registerConfiguredProviders()
#4 /Users/aldyhelix/Projects/www/backend_rmi/vendor/laravel/framework/src/Illuminate/Foundation/Application.php(237): Illuminate\\Foundation\\Bootstrap\\RegisterProviders->bootstrap(Object(Illuminate\\Foundation\\Application))
#5 /Users/aldyhelix/Projects/www/backend_rmi/vendor/laravel/framework/src/Illuminate/Foundation/Console/Kernel.php(310): Illuminate\\Foundation\\Application->bootstrapWith(Array)
#6 /Users/aldyhelix/Projects/www/backend_rmi/vendor/laravel/framework/src/Illuminate/Foundation/Console/Kernel.php(127): Illuminate\\Foundation\\Console\\Kernel->bootstrap()
#7 Command line code(1): Illuminate\\Foundation\\Console\\Kernel->handle(Object(Symfony\\Component\\Console\\Input\\ArgvInput), Object(Symfony\\Component\\Console\\Output\\ConsoleOutput))
#8 {main}
"} 
[2024-06-14 16:45:46] production.ERROR: Class "Barryvdh\Debugbar\ServiceProvider" not found {"exception":"[object] (Error(code: 0): Class \"Barryvdh\\Debugbar\\ServiceProvider\" not found at /Users/aldyhelix/Projects/www/backend_rmi/vendor/laravel/framework/src/Illuminate/Foundation/Application.php:745)
[stacktrace]
#0 /Users/aldyhelix/Projects/www/backend_rmi/vendor/laravel/framework/src/Illuminate/Foundation/Application.php(679): Illuminate\\Foundation\\Application->resolveProvider('Barryvdh\\\\Debugb...')
#1 /Users/aldyhelix/Projects/www/backend_rmi/vendor/laravel/framework/src/Illuminate/Foundation/ProviderRepository.php(75): Illuminate\\Foundation\\Application->register('Barryvdh\\\\Debugb...')
#2 /Users/aldyhelix/Projects/www/backend_rmi/vendor/laravel/framework/src/Illuminate/Foundation/Application.php(659): Illuminate\\Foundation\\ProviderRepository->load(Array)
#3 /Users/aldyhelix/Projects/www/backend_rmi/vendor/laravel/framework/src/Illuminate/Foundation/Bootstrap/RegisterProviders.php(17): Illuminate\\Foundation\\Application->registerConfiguredProviders()
#4 /Users/aldyhelix/Projects/www/backend_rmi/vendor/laravel/framework/src/Illuminate/Foundation/Application.php(237): Illuminate\\Foundation\\Bootstrap\\RegisterProviders->bootstrap(Object(Illuminate\\Foundation\\Application))
#5 /Users/aldyhelix/Projects/www/backend_rmi/vendor/laravel/framework/src/Illuminate/Foundation/Console/Kernel.php(310): Illuminate\\Foundation\\Application->bootstrapWith(Array)
#6 /Users/aldyhelix/Projects/www/backend_rmi/vendor/laravel/framework/src/Illuminate/Foundation/Console/Kernel.php(127): Illuminate\\Foundation\\Console\\Kernel->bootstrap()
#7 Command line code(1): Illuminate\\Foundation\\Console\\Kernel->handle(Object(Symfony\\Component\\Console\\Input\\ArgvInput), Object(Symfony\\Component\\Console\\Output\\ConsoleOutput))
#8 {main}
"} 
[2024-06-14 16:45:46] production.ERROR: Class "Barryvdh\Debugbar\ServiceProvider" not found {"exception":"[object] (Error(code: 0): Class \"Barryvdh\\Debugbar\\ServiceProvider\" not found at /Users/aldyhelix/Projects/www/backend_rmi/vendor/laravel/framework/src/Illuminate/Foundation/Application.php:745)
[stacktrace]
#0 /Users/aldyhelix/Projects/www/backend_rmi/vendor/laravel/framework/src/Illuminate/Foundation/Application.php(679): Illuminate\\Foundation\\Application->resolveProvider('Barryvdh\\\\Debugb...')
#1 /Users/aldyhelix/Projects/www/backend_rmi/vendor/laravel/framework/src/Illuminate/Foundation/ProviderRepository.php(75): Illuminate\\Foundation\\Application->register('Barryvdh\\\\Debugb...')
#2 /Users/aldyhelix/Projects/www/backend_rmi/vendor/laravel/framework/src/Illuminate/Foundation/Application.php(659): Illuminate\\Foundation\\ProviderRepository->load(Array)
#3 /Users/aldyhelix/Projects/www/backend_rmi/vendor/laravel/framework/src/Illuminate/Foundation/Bootstrap/RegisterProviders.php(17): Illuminate\\Foundation\\Application->registerConfiguredProviders()
#4 /Users/aldyhelix/Projects/www/backend_rmi/vendor/laravel/framework/src/Illuminate/Foundation/Application.php(237): Illuminate\\Foundation\\Bootstrap\\RegisterProviders->bootstrap(Object(Illuminate\\Foundation\\Application))
#5 /Users/aldyhelix/Projects/www/backend_rmi/vendor/laravel/framework/src/Illuminate/Foundation/Console/Kernel.php(310): Illuminate\\Foundation\\Application->bootstrapWith(Array)
#6 /Users/aldyhelix/Projects/www/backend_rmi/vendor/laravel/framework/src/Illuminate/Foundation/Console/Kernel.php(127): Illuminate\\Foundation\\Console\\Kernel->bootstrap()
#7 Command line code(1): Illuminate\\Foundation\\Console\\Kernel->handle(Object(Symfony\\Component\\Console\\Input\\ArgvInput), Object(Symfony\\Component\\Console\\Output\\ConsoleOutput))
#8 {main}
"} 
[2024-06-14 16:46:46] production.ERROR: Class "Barryvdh\Debugbar\ServiceProvider" not found {"exception":"[object] (Error(code: 0): Class \"Barryvdh\\Debugbar\\ServiceProvider\" not found at /Users/aldyhelix/Projects/www/backend_rmi/vendor/laravel/framework/src/Illuminate/Foundation/Application.php:745)
[stacktrace]
#0 /Users/aldyhelix/Projects/www/backend_rmi/vendor/laravel/framework/src/Illuminate/Foundation/Application.php(679): Illuminate\\Foundation\\Application->resolveProvider('Barryvdh\\\\Debugb...')
#1 /Users/aldyhelix/Projects/www/backend_rmi/vendor/laravel/framework/src/Illuminate/Foundation/ProviderRepository.php(75): Illuminate\\Foundation\\Application->register('Barryvdh\\\\Debugb...')
#2 /Users/aldyhelix/Projects/www/backend_rmi/vendor/laravel/framework/src/Illuminate/Foundation/Application.php(659): Illuminate\\Foundation\\ProviderRepository->load(Array)
#3 /Users/aldyhelix/Projects/www/backend_rmi/vendor/laravel/framework/src/Illuminate/Foundation/Bootstrap/RegisterProviders.php(17): Illuminate\\Foundation\\Application->registerConfiguredProviders()
#4 /Users/aldyhelix/Projects/www/backend_rmi/vendor/laravel/framework/src/Illuminate/Foundation/Application.php(237): Illuminate\\Foundation\\Bootstrap\\RegisterProviders->bootstrap(Object(Illuminate\\Foundation\\Application))
#5 /Users/aldyhelix/Projects/www/backend_rmi/vendor/laravel/framework/src/Illuminate/Foundation/Console/Kernel.php(310): Illuminate\\Foundation\\Application->bootstrapWith(Array)
#6 /Users/aldyhelix/Projects/www/backend_rmi/vendor/laravel/framework/src/Illuminate/Foundation/Console/Kernel.php(127): Illuminate\\Foundation\\Console\\Kernel->bootstrap()
#7 Command line code(1): Illuminate\\Foundation\\Console\\Kernel->handle(Object(Symfony\\Component\\Console\\Input\\ArgvInput), Object(Symfony\\Component\\Console\\Output\\ConsoleOutput))
#8 {main}
"} 
[2024-06-14 16:46:46] production.ERROR: Class "Barryvdh\Debugbar\ServiceProvider" not found {"exception":"[object] (Error(code: 0): Class \"Barryvdh\\Debugbar\\ServiceProvider\" not found at /Users/aldyhelix/Projects/www/backend_rmi/vendor/laravel/framework/src/Illuminate/Foundation/Application.php:745)
[stacktrace]
#0 /Users/aldyhelix/Projects/www/backend_rmi/vendor/laravel/framework/src/Illuminate/Foundation/Application.php(679): Illuminate\\Foundation\\Application->resolveProvider('Barryvdh\\\\Debugb...')
#1 /Users/aldyhelix/Projects/www/backend_rmi/vendor/laravel/framework/src/Illuminate/Foundation/ProviderRepository.php(75): Illuminate\\Foundation\\Application->register('Barryvdh\\\\Debugb...')
#2 /Users/aldyhelix/Projects/www/backend_rmi/vendor/laravel/framework/src/Illuminate/Foundation/Application.php(659): Illuminate\\Foundation\\ProviderRepository->load(Array)
#3 /Users/aldyhelix/Projects/www/backend_rmi/vendor/laravel/framework/src/Illuminate/Foundation/Bootstrap/RegisterProviders.php(17): Illuminate\\Foundation\\Application->registerConfiguredProviders()
#4 /Users/aldyhelix/Projects/www/backend_rmi/vendor/laravel/framework/src/Illuminate/Foundation/Application.php(237): Illuminate\\Foundation\\Bootstrap\\RegisterProviders->bootstrap(Object(Illuminate\\Foundation\\Application))
#5 /Users/aldyhelix/Projects/www/backend_rmi/vendor/laravel/framework/src/Illuminate/Foundation/Console/Kernel.php(310): Illuminate\\Foundation\\Application->bootstrapWith(Array)
#6 /Users/aldyhelix/Projects/www/backend_rmi/vendor/laravel/framework/src/Illuminate/Foundation/Console/Kernel.php(127): Illuminate\\Foundation\\Console\\Kernel->bootstrap()
#7 Command line code(1): Illuminate\\Foundation\\Console\\Kernel->handle(Object(Symfony\\Component\\Console\\Input\\ArgvInput), Object(Symfony\\Component\\Console\\Output\\ConsoleOutput))
#8 {main}
"} 
[2024-06-14 16:47:46] production.ERROR: Class "Barryvdh\Debugbar\ServiceProvider" not found {"exception":"[object] (Error(code: 0): Class \"Barryvdh\\Debugbar\\ServiceProvider\" not found at /Users/aldyhelix/Projects/www/backend_rmi/vendor/laravel/framework/src/Illuminate/Foundation/Application.php:745)
[stacktrace]
#0 /Users/aldyhelix/Projects/www/backend_rmi/vendor/laravel/framework/src/Illuminate/Foundation/Application.php(679): Illuminate\\Foundation\\Application->resolveProvider('Barryvdh\\\\Debugb...')
#1 /Users/aldyhelix/Projects/www/backend_rmi/vendor/laravel/framework/src/Illuminate/Foundation/ProviderRepository.php(75): Illuminate\\Foundation\\Application->register('Barryvdh\\\\Debugb...')
#2 /Users/aldyhelix/Projects/www/backend_rmi/vendor/laravel/framework/src/Illuminate/Foundation/Application.php(659): Illuminate\\Foundation\\ProviderRepository->load(Array)
#3 /Users/aldyhelix/Projects/www/backend_rmi/vendor/laravel/framework/src/Illuminate/Foundation/Bootstrap/RegisterProviders.php(17): Illuminate\\Foundation\\Application->registerConfiguredProviders()
#4 /Users/aldyhelix/Projects/www/backend_rmi/vendor/laravel/framework/src/Illuminate/Foundation/Application.php(237): Illuminate\\Foundation\\Bootstrap\\RegisterProviders->bootstrap(Object(Illuminate\\Foundation\\Application))
#5 /Users/aldyhelix/Projects/www/backend_rmi/vendor/laravel/framework/src/Illuminate/Foundation/Console/Kernel.php(310): Illuminate\\Foundation\\Application->bootstrapWith(Array)
#6 /Users/aldyhelix/Projects/www/backend_rmi/vendor/laravel/framework/src/Illuminate/Foundation/Console/Kernel.php(127): Illuminate\\Foundation\\Console\\Kernel->bootstrap()
#7 Command line code(1): Illuminate\\Foundation\\Console\\Kernel->handle(Object(Symfony\\Component\\Console\\Input\\ArgvInput), Object(Symfony\\Component\\Console\\Output\\ConsoleOutput))
#8 {main}
"} 
[2024-06-14 16:47:46] production.ERROR: Class "Barryvdh\Debugbar\ServiceProvider" not found {"exception":"[object] (Error(code: 0): Class \"Barryvdh\\Debugbar\\ServiceProvider\" not found at /Users/aldyhelix/Projects/www/backend_rmi/vendor/laravel/framework/src/Illuminate/Foundation/Application.php:745)
[stacktrace]
#0 /Users/aldyhelix/Projects/www/backend_rmi/vendor/laravel/framework/src/Illuminate/Foundation/Application.php(679): Illuminate\\Foundation\\Application->resolveProvider('Barryvdh\\\\Debugb...')
#1 /Users/aldyhelix/Projects/www/backend_rmi/vendor/laravel/framework/src/Illuminate/Foundation/ProviderRepository.php(75): Illuminate\\Foundation\\Application->register('Barryvdh\\\\Debugb...')
#2 /Users/aldyhelix/Projects/www/backend_rmi/vendor/laravel/framework/src/Illuminate/Foundation/Application.php(659): Illuminate\\Foundation\\ProviderRepository->load(Array)
#3 /Users/aldyhelix/Projects/www/backend_rmi/vendor/laravel/framework/src/Illuminate/Foundation/Bootstrap/RegisterProviders.php(17): Illuminate\\Foundation\\Application->registerConfiguredProviders()
#4 /Users/aldyhelix/Projects/www/backend_rmi/vendor/laravel/framework/src/Illuminate/Foundation/Application.php(237): Illuminate\\Foundation\\Bootstrap\\RegisterProviders->bootstrap(Object(Illuminate\\Foundation\\Application))
#5 /Users/aldyhelix/Projects/www/backend_rmi/vendor/laravel/framework/src/Illuminate/Foundation/Console/Kernel.php(310): Illuminate\\Foundation\\Application->bootstrapWith(Array)
#6 /Users/aldyhelix/Projects/www/backend_rmi/vendor/laravel/framework/src/Illuminate/Foundation/Console/Kernel.php(127): Illuminate\\Foundation\\Console\\Kernel->bootstrap()
#7 Command line code(1): Illuminate\\Foundation\\Console\\Kernel->handle(Object(Symfony\\Component\\Console\\Input\\ArgvInput), Object(Symfony\\Component\\Console\\Output\\ConsoleOutput))
#8 {main}
"} 
[2024-06-14 16:48:46] production.ERROR: Class "Barryvdh\Debugbar\ServiceProvider" not found {"exception":"[object] (Error(code: 0): Class \"Barryvdh\\Debugbar\\ServiceProvider\" not found at /Users/aldyhelix/Projects/www/backend_rmi/vendor/laravel/framework/src/Illuminate/Foundation/Application.php:745)
[stacktrace]
#0 /Users/aldyhelix/Projects/www/backend_rmi/vendor/laravel/framework/src/Illuminate/Foundation/Application.php(679): Illuminate\\Foundation\\Application->resolveProvider('Barryvdh\\\\Debugb...')
#1 /Users/aldyhelix/Projects/www/backend_rmi/vendor/laravel/framework/src/Illuminate/Foundation/ProviderRepository.php(75): Illuminate\\Foundation\\Application->register('Barryvdh\\\\Debugb...')
#2 /Users/aldyhelix/Projects/www/backend_rmi/vendor/laravel/framework/src/Illuminate/Foundation/Application.php(659): Illuminate\\Foundation\\ProviderRepository->load(Array)
#3 /Users/aldyhelix/Projects/www/backend_rmi/vendor/laravel/framework/src/Illuminate/Foundation/Bootstrap/RegisterProviders.php(17): Illuminate\\Foundation\\Application->registerConfiguredProviders()
#4 /Users/aldyhelix/Projects/www/backend_rmi/vendor/laravel/framework/src/Illuminate/Foundation/Application.php(237): Illuminate\\Foundation\\Bootstrap\\RegisterProviders->bootstrap(Object(Illuminate\\Foundation\\Application))
#5 /Users/aldyhelix/Projects/www/backend_rmi/vendor/laravel/framework/src/Illuminate/Foundation/Console/Kernel.php(310): Illuminate\\Foundation\\Application->bootstrapWith(Array)
#6 /Users/aldyhelix/Projects/www/backend_rmi/vendor/laravel/framework/src/Illuminate/Foundation/Console/Kernel.php(127): Illuminate\\Foundation\\Console\\Kernel->bootstrap()
#7 Command line code(1): Illuminate\\Foundation\\Console\\Kernel->handle(Object(Symfony\\Component\\Console\\Input\\ArgvInput), Object(Symfony\\Component\\Console\\Output\\ConsoleOutput))
#8 {main}
"} 
[2024-06-14 16:48:46] production.ERROR: Class "Barryvdh\Debugbar\ServiceProvider" not found {"exception":"[object] (Error(code: 0): Class \"Barryvdh\\Debugbar\\ServiceProvider\" not found at /Users/aldyhelix/Projects/www/backend_rmi/vendor/laravel/framework/src/Illuminate/Foundation/Application.php:745)
[stacktrace]
#0 /Users/aldyhelix/Projects/www/backend_rmi/vendor/laravel/framework/src/Illuminate/Foundation/Application.php(679): Illuminate\\Foundation\\Application->resolveProvider('Barryvdh\\\\Debugb...')
#1 /Users/aldyhelix/Projects/www/backend_rmi/vendor/laravel/framework/src/Illuminate/Foundation/ProviderRepository.php(75): Illuminate\\Foundation\\Application->register('Barryvdh\\\\Debugb...')
#2 /Users/aldyhelix/Projects/www/backend_rmi/vendor/laravel/framework/src/Illuminate/Foundation/Application.php(659): Illuminate\\Foundation\\ProviderRepository->load(Array)
#3 /Users/aldyhelix/Projects/www/backend_rmi/vendor/laravel/framework/src/Illuminate/Foundation/Bootstrap/RegisterProviders.php(17): Illuminate\\Foundation\\Application->registerConfiguredProviders()
#4 /Users/aldyhelix/Projects/www/backend_rmi/vendor/laravel/framework/src/Illuminate/Foundation/Application.php(237): Illuminate\\Foundation\\Bootstrap\\RegisterProviders->bootstrap(Object(Illuminate\\Foundation\\Application))
#5 /Users/aldyhelix/Projects/www/backend_rmi/vendor/laravel/framework/src/Illuminate/Foundation/Console/Kernel.php(310): Illuminate\\Foundation\\Application->bootstrapWith(Array)
#6 /Users/aldyhelix/Projects/www/backend_rmi/vendor/laravel/framework/src/Illuminate/Foundation/Console/Kernel.php(127): Illuminate\\Foundation\\Console\\Kernel->bootstrap()
#7 Command line code(1): Illuminate\\Foundation\\Console\\Kernel->handle(Object(Symfony\\Component\\Console\\Input\\ArgvInput), Object(Symfony\\Component\\Console\\Output\\ConsoleOutput))
#8 {main}
"} 
[2024-06-14 16:49:46] production.ERROR: Class "Barryvdh\Debugbar\ServiceProvider" not found {"exception":"[object] (Error(code: 0): Class \"Barryvdh\\Debugbar\\ServiceProvider\" not found at /Users/aldyhelix/Projects/www/backend_rmi/vendor/laravel/framework/src/Illuminate/Foundation/Application.php:745)
[stacktrace]
#0 /Users/aldyhelix/Projects/www/backend_rmi/vendor/laravel/framework/src/Illuminate/Foundation/Application.php(679): Illuminate\\Foundation\\Application->resolveProvider('Barryvdh\\\\Debugb...')
#1 /Users/aldyhelix/Projects/www/backend_rmi/vendor/laravel/framework/src/Illuminate/Foundation/ProviderRepository.php(75): Illuminate\\Foundation\\Application->register('Barryvdh\\\\Debugb...')
#2 /Users/aldyhelix/Projects/www/backend_rmi/vendor/laravel/framework/src/Illuminate/Foundation/Application.php(659): Illuminate\\Foundation\\ProviderRepository->load(Array)
#3 /Users/aldyhelix/Projects/www/backend_rmi/vendor/laravel/framework/src/Illuminate/Foundation/Bootstrap/RegisterProviders.php(17): Illuminate\\Foundation\\Application->registerConfiguredProviders()
#4 /Users/aldyhelix/Projects/www/backend_rmi/vendor/laravel/framework/src/Illuminate/Foundation/Application.php(237): Illuminate\\Foundation\\Bootstrap\\RegisterProviders->bootstrap(Object(Illuminate\\Foundation\\Application))
#5 /Users/aldyhelix/Projects/www/backend_rmi/vendor/laravel/framework/src/Illuminate/Foundation/Console/Kernel.php(310): Illuminate\\Foundation\\Application->bootstrapWith(Array)
#6 /Users/aldyhelix/Projects/www/backend_rmi/vendor/laravel/framework/src/Illuminate/Foundation/Console/Kernel.php(127): Illuminate\\Foundation\\Console\\Kernel->bootstrap()
#7 Command line code(1): Illuminate\\Foundation\\Console\\Kernel->handle(Object(Symfony\\Component\\Console\\Input\\ArgvInput), Object(Symfony\\Component\\Console\\Output\\ConsoleOutput))
#8 {main}
"} 
[2024-06-14 16:49:46] production.ERROR: Class "Barryvdh\Debugbar\ServiceProvider" not found {"exception":"[object] (Error(code: 0): Class \"Barryvdh\\Debugbar\\ServiceProvider\" not found at /Users/aldyhelix/Projects/www/backend_rmi/vendor/laravel/framework/src/Illuminate/Foundation/Application.php:745)
[stacktrace]
#0 /Users/aldyhelix/Projects/www/backend_rmi/vendor/laravel/framework/src/Illuminate/Foundation/Application.php(679): Illuminate\\Foundation\\Application->resolveProvider('Barryvdh\\\\Debugb...')
#1 /Users/aldyhelix/Projects/www/backend_rmi/vendor/laravel/framework/src/Illuminate/Foundation/ProviderRepository.php(75): Illuminate\\Foundation\\Application->register('Barryvdh\\\\Debugb...')
#2 /Users/aldyhelix/Projects/www/backend_rmi/vendor/laravel/framework/src/Illuminate/Foundation/Application.php(659): Illuminate\\Foundation\\ProviderRepository->load(Array)
#3 /Users/aldyhelix/Projects/www/backend_rmi/vendor/laravel/framework/src/Illuminate/Foundation/Bootstrap/RegisterProviders.php(17): Illuminate\\Foundation\\Application->registerConfiguredProviders()
#4 /Users/aldyhelix/Projects/www/backend_rmi/vendor/laravel/framework/src/Illuminate/Foundation/Application.php(237): Illuminate\\Foundation\\Bootstrap\\RegisterProviders->bootstrap(Object(Illuminate\\Foundation\\Application))
#5 /Users/aldyhelix/Projects/www/backend_rmi/vendor/laravel/framework/src/Illuminate/Foundation/Console/Kernel.php(310): Illuminate\\Foundation\\Application->bootstrapWith(Array)
#6 /Users/aldyhelix/Projects/www/backend_rmi/vendor/laravel/framework/src/Illuminate/Foundation/Console/Kernel.php(127): Illuminate\\Foundation\\Console\\Kernel->bootstrap()
#7 Command line code(1): Illuminate\\Foundation\\Console\\Kernel->handle(Object(Symfony\\Component\\Console\\Input\\ArgvInput), Object(Symfony\\Component\\Console\\Output\\ConsoleOutput))
#8 {main}
"} 
[2024-06-14 16:50:46] production.ERROR: Class "Barryvdh\Debugbar\ServiceProvider" not found {"exception":"[object] (Error(code: 0): Class \"Barryvdh\\Debugbar\\ServiceProvider\" not found at /Users/aldyhelix/Projects/www/backend_rmi/vendor/laravel/framework/src/Illuminate/Foundation/Application.php:745)
[stacktrace]
#0 /Users/aldyhelix/Projects/www/backend_rmi/vendor/laravel/framework/src/Illuminate/Foundation/Application.php(679): Illuminate\\Foundation\\Application->resolveProvider('Barryvdh\\\\Debugb...')
#1 /Users/aldyhelix/Projects/www/backend_rmi/vendor/laravel/framework/src/Illuminate/Foundation/ProviderRepository.php(75): Illuminate\\Foundation\\Application->register('Barryvdh\\\\Debugb...')
#2 /Users/aldyhelix/Projects/www/backend_rmi/vendor/laravel/framework/src/Illuminate/Foundation/Application.php(659): Illuminate\\Foundation\\ProviderRepository->load(Array)
#3 /Users/aldyhelix/Projects/www/backend_rmi/vendor/laravel/framework/src/Illuminate/Foundation/Bootstrap/RegisterProviders.php(17): Illuminate\\Foundation\\Application->registerConfiguredProviders()
#4 /Users/aldyhelix/Projects/www/backend_rmi/vendor/laravel/framework/src/Illuminate/Foundation/Application.php(237): Illuminate\\Foundation\\Bootstrap\\RegisterProviders->bootstrap(Object(Illuminate\\Foundation\\Application))
#5 /Users/aldyhelix/Projects/www/backend_rmi/vendor/laravel/framework/src/Illuminate/Foundation/Console/Kernel.php(310): Illuminate\\Foundation\\Application->bootstrapWith(Array)
#6 /Users/aldyhelix/Projects/www/backend_rmi/vendor/laravel/framework/src/Illuminate/Foundation/Console/Kernel.php(127): Illuminate\\Foundation\\Console\\Kernel->bootstrap()
#7 Command line code(1): Illuminate\\Foundation\\Console\\Kernel->handle(Object(Symfony\\Component\\Console\\Input\\ArgvInput), Object(Symfony\\Component\\Console\\Output\\ConsoleOutput))
#8 {main}
"} 
[2024-06-14 16:50:46] production.ERROR: Class "Barryvdh\Debugbar\ServiceProvider" not found {"exception":"[object] (Error(code: 0): Class \"Barryvdh\\Debugbar\\ServiceProvider\" not found at /Users/aldyhelix/Projects/www/backend_rmi/vendor/laravel/framework/src/Illuminate/Foundation/Application.php:745)
[stacktrace]
#0 /Users/aldyhelix/Projects/www/backend_rmi/vendor/laravel/framework/src/Illuminate/Foundation/Application.php(679): Illuminate\\Foundation\\Application->resolveProvider('Barryvdh\\\\Debugb...')
#1 /Users/aldyhelix/Projects/www/backend_rmi/vendor/laravel/framework/src/Illuminate/Foundation/ProviderRepository.php(75): Illuminate\\Foundation\\Application->register('Barryvdh\\\\Debugb...')
#2 /Users/aldyhelix/Projects/www/backend_rmi/vendor/laravel/framework/src/Illuminate/Foundation/Application.php(659): Illuminate\\Foundation\\ProviderRepository->load(Array)
#3 /Users/aldyhelix/Projects/www/backend_rmi/vendor/laravel/framework/src/Illuminate/Foundation/Bootstrap/RegisterProviders.php(17): Illuminate\\Foundation\\Application->registerConfiguredProviders()
#4 /Users/aldyhelix/Projects/www/backend_rmi/vendor/laravel/framework/src/Illuminate/Foundation/Application.php(237): Illuminate\\Foundation\\Bootstrap\\RegisterProviders->bootstrap(Object(Illuminate\\Foundation\\Application))
#5 /Users/aldyhelix/Projects/www/backend_rmi/vendor/laravel/framework/src/Illuminate/Foundation/Console/Kernel.php(310): Illuminate\\Foundation\\Application->bootstrapWith(Array)
#6 /Users/aldyhelix/Projects/www/backend_rmi/vendor/laravel/framework/src/Illuminate/Foundation/Console/Kernel.php(127): Illuminate\\Foundation\\Console\\Kernel->bootstrap()
#7 Command line code(1): Illuminate\\Foundation\\Console\\Kernel->handle(Object(Symfony\\Component\\Console\\Input\\ArgvInput), Object(Symfony\\Component\\Console\\Output\\ConsoleOutput))
#8 {main}
"} 
[2024-06-14 16:51:46] production.ERROR: Class "Barryvdh\Debugbar\ServiceProvider" not found {"exception":"[object] (Error(code: 0): Class \"Barryvdh\\Debugbar\\ServiceProvider\" not found at /Users/aldyhelix/Projects/www/backend_rmi/vendor/laravel/framework/src/Illuminate/Foundation/Application.php:745)
[stacktrace]
#0 /Users/aldyhelix/Projects/www/backend_rmi/vendor/laravel/framework/src/Illuminate/Foundation/Application.php(679): Illuminate\\Foundation\\Application->resolveProvider('Barryvdh\\\\Debugb...')
#1 /Users/aldyhelix/Projects/www/backend_rmi/vendor/laravel/framework/src/Illuminate/Foundation/ProviderRepository.php(75): Illuminate\\Foundation\\Application->register('Barryvdh\\\\Debugb...')
#2 /Users/aldyhelix/Projects/www/backend_rmi/vendor/laravel/framework/src/Illuminate/Foundation/Application.php(659): Illuminate\\Foundation\\ProviderRepository->load(Array)
#3 /Users/aldyhelix/Projects/www/backend_rmi/vendor/laravel/framework/src/Illuminate/Foundation/Bootstrap/RegisterProviders.php(17): Illuminate\\Foundation\\Application->registerConfiguredProviders()
#4 /Users/aldyhelix/Projects/www/backend_rmi/vendor/laravel/framework/src/Illuminate/Foundation/Application.php(237): Illuminate\\Foundation\\Bootstrap\\RegisterProviders->bootstrap(Object(Illuminate\\Foundation\\Application))
#5 /Users/aldyhelix/Projects/www/backend_rmi/vendor/laravel/framework/src/Illuminate/Foundation/Console/Kernel.php(310): Illuminate\\Foundation\\Application->bootstrapWith(Array)
#6 /Users/aldyhelix/Projects/www/backend_rmi/vendor/laravel/framework/src/Illuminate/Foundation/Console/Kernel.php(127): Illuminate\\Foundation\\Console\\Kernel->bootstrap()
#7 Command line code(1): Illuminate\\Foundation\\Console\\Kernel->handle(Object(Symfony\\Component\\Console\\Input\\ArgvInput), Object(Symfony\\Component\\Console\\Output\\ConsoleOutput))
#8 {main}
"} 
[2024-06-14 16:51:46] production.ERROR: Class "Barryvdh\Debugbar\ServiceProvider" not found {"exception":"[object] (Error(code: 0): Class \"Barryvdh\\Debugbar\\ServiceProvider\" not found at /Users/aldyhelix/Projects/www/backend_rmi/vendor/laravel/framework/src/Illuminate/Foundation/Application.php:745)
[stacktrace]
#0 /Users/aldyhelix/Projects/www/backend_rmi/vendor/laravel/framework/src/Illuminate/Foundation/Application.php(679): Illuminate\\Foundation\\Application->resolveProvider('Barryvdh\\\\Debugb...')
#1 /Users/aldyhelix/Projects/www/backend_rmi/vendor/laravel/framework/src/Illuminate/Foundation/ProviderRepository.php(75): Illuminate\\Foundation\\Application->register('Barryvdh\\\\Debugb...')
#2 /Users/aldyhelix/Projects/www/backend_rmi/vendor/laravel/framework/src/Illuminate/Foundation/Application.php(659): Illuminate\\Foundation\\ProviderRepository->load(Array)
#3 /Users/aldyhelix/Projects/www/backend_rmi/vendor/laravel/framework/src/Illuminate/Foundation/Bootstrap/RegisterProviders.php(17): Illuminate\\Foundation\\Application->registerConfiguredProviders()
#4 /Users/aldyhelix/Projects/www/backend_rmi/vendor/laravel/framework/src/Illuminate/Foundation/Application.php(237): Illuminate\\Foundation\\Bootstrap\\RegisterProviders->bootstrap(Object(Illuminate\\Foundation\\Application))
#5 /Users/aldyhelix/Projects/www/backend_rmi/vendor/laravel/framework/src/Illuminate/Foundation/Console/Kernel.php(310): Illuminate\\Foundation\\Application->bootstrapWith(Array)
#6 /Users/aldyhelix/Projects/www/backend_rmi/vendor/laravel/framework/src/Illuminate/Foundation/Console/Kernel.php(127): Illuminate\\Foundation\\Console\\Kernel->bootstrap()
#7 Command line code(1): Illuminate\\Foundation\\Console\\Kernel->handle(Object(Symfony\\Component\\Console\\Input\\ArgvInput), Object(Symfony\\Component\\Console\\Output\\ConsoleOutput))
#8 {main}
"} 
[2024-06-14 16:52:46] production.ERROR: Class "Barryvdh\Debugbar\ServiceProvider" not found {"exception":"[object] (Error(code: 0): Class \"Barryvdh\\Debugbar\\ServiceProvider\" not found at /Users/aldyhelix/Projects/www/backend_rmi/vendor/laravel/framework/src/Illuminate/Foundation/Application.php:745)
[stacktrace]
#0 /Users/aldyhelix/Projects/www/backend_rmi/vendor/laravel/framework/src/Illuminate/Foundation/Application.php(679): Illuminate\\Foundation\\Application->resolveProvider('Barryvdh\\\\Debugb...')
#1 /Users/aldyhelix/Projects/www/backend_rmi/vendor/laravel/framework/src/Illuminate/Foundation/ProviderRepository.php(75): Illuminate\\Foundation\\Application->register('Barryvdh\\\\Debugb...')
#2 /Users/aldyhelix/Projects/www/backend_rmi/vendor/laravel/framework/src/Illuminate/Foundation/Application.php(659): Illuminate\\Foundation\\ProviderRepository->load(Array)
#3 /Users/aldyhelix/Projects/www/backend_rmi/vendor/laravel/framework/src/Illuminate/Foundation/Bootstrap/RegisterProviders.php(17): Illuminate\\Foundation\\Application->registerConfiguredProviders()
#4 /Users/aldyhelix/Projects/www/backend_rmi/vendor/laravel/framework/src/Illuminate/Foundation/Application.php(237): Illuminate\\Foundation\\Bootstrap\\RegisterProviders->bootstrap(Object(Illuminate\\Foundation\\Application))
#5 /Users/aldyhelix/Projects/www/backend_rmi/vendor/laravel/framework/src/Illuminate/Foundation/Console/Kernel.php(310): Illuminate\\Foundation\\Application->bootstrapWith(Array)
#6 /Users/aldyhelix/Projects/www/backend_rmi/vendor/laravel/framework/src/Illuminate/Foundation/Console/Kernel.php(127): Illuminate\\Foundation\\Console\\Kernel->bootstrap()
#7 Command line code(1): Illuminate\\Foundation\\Console\\Kernel->handle(Object(Symfony\\Component\\Console\\Input\\ArgvInput), Object(Symfony\\Component\\Console\\Output\\ConsoleOutput))
#8 {main}
"} 
[2024-06-14 16:52:46] production.ERROR: Class "Barryvdh\Debugbar\ServiceProvider" not found {"exception":"[object] (Error(code: 0): Class \"Barryvdh\\Debugbar\\ServiceProvider\" not found at /Users/aldyhelix/Projects/www/backend_rmi/vendor/laravel/framework/src/Illuminate/Foundation/Application.php:745)
[stacktrace]
#0 /Users/aldyhelix/Projects/www/backend_rmi/vendor/laravel/framework/src/Illuminate/Foundation/Application.php(679): Illuminate\\Foundation\\Application->resolveProvider('Barryvdh\\\\Debugb...')
#1 /Users/aldyhelix/Projects/www/backend_rmi/vendor/laravel/framework/src/Illuminate/Foundation/ProviderRepository.php(75): Illuminate\\Foundation\\Application->register('Barryvdh\\\\Debugb...')
#2 /Users/aldyhelix/Projects/www/backend_rmi/vendor/laravel/framework/src/Illuminate/Foundation/Application.php(659): Illuminate\\Foundation\\ProviderRepository->load(Array)
#3 /Users/aldyhelix/Projects/www/backend_rmi/vendor/laravel/framework/src/Illuminate/Foundation/Bootstrap/RegisterProviders.php(17): Illuminate\\Foundation\\Application->registerConfiguredProviders()
#4 /Users/aldyhelix/Projects/www/backend_rmi/vendor/laravel/framework/src/Illuminate/Foundation/Application.php(237): Illuminate\\Foundation\\Bootstrap\\RegisterProviders->bootstrap(Object(Illuminate\\Foundation\\Application))
#5 /Users/aldyhelix/Projects/www/backend_rmi/vendor/laravel/framework/src/Illuminate/Foundation/Console/Kernel.php(310): Illuminate\\Foundation\\Application->bootstrapWith(Array)
#6 /Users/aldyhelix/Projects/www/backend_rmi/vendor/laravel/framework/src/Illuminate/Foundation/Console/Kernel.php(127): Illuminate\\Foundation\\Console\\Kernel->bootstrap()
#7 Command line code(1): Illuminate\\Foundation\\Console\\Kernel->handle(Object(Symfony\\Component\\Console\\Input\\ArgvInput), Object(Symfony\\Component\\Console\\Output\\ConsoleOutput))
#8 {main}
"} 
[2024-06-14 16:53:46] production.ERROR: Class "Barryvdh\Debugbar\ServiceProvider" not found {"exception":"[object] (Error(code: 0): Class \"Barryvdh\\Debugbar\\ServiceProvider\" not found at /Users/aldyhelix/Projects/www/backend_rmi/vendor/laravel/framework/src/Illuminate/Foundation/Application.php:745)
[stacktrace]
#0 /Users/aldyhelix/Projects/www/backend_rmi/vendor/laravel/framework/src/Illuminate/Foundation/Application.php(679): Illuminate\\Foundation\\Application->resolveProvider('Barryvdh\\\\Debugb...')
#1 /Users/aldyhelix/Projects/www/backend_rmi/vendor/laravel/framework/src/Illuminate/Foundation/ProviderRepository.php(75): Illuminate\\Foundation\\Application->register('Barryvdh\\\\Debugb...')
#2 /Users/aldyhelix/Projects/www/backend_rmi/vendor/laravel/framework/src/Illuminate/Foundation/Application.php(659): Illuminate\\Foundation\\ProviderRepository->load(Array)
#3 /Users/aldyhelix/Projects/www/backend_rmi/vendor/laravel/framework/src/Illuminate/Foundation/Bootstrap/RegisterProviders.php(17): Illuminate\\Foundation\\Application->registerConfiguredProviders()
#4 /Users/aldyhelix/Projects/www/backend_rmi/vendor/laravel/framework/src/Illuminate/Foundation/Application.php(237): Illuminate\\Foundation\\Bootstrap\\RegisterProviders->bootstrap(Object(Illuminate\\Foundation\\Application))
#5 /Users/aldyhelix/Projects/www/backend_rmi/vendor/laravel/framework/src/Illuminate/Foundation/Console/Kernel.php(310): Illuminate\\Foundation\\Application->bootstrapWith(Array)
#6 /Users/aldyhelix/Projects/www/backend_rmi/vendor/laravel/framework/src/Illuminate/Foundation/Console/Kernel.php(127): Illuminate\\Foundation\\Console\\Kernel->bootstrap()
#7 Command line code(1): Illuminate\\Foundation\\Console\\Kernel->handle(Object(Symfony\\Component\\Console\\Input\\ArgvInput), Object(Symfony\\Component\\Console\\Output\\ConsoleOutput))
#8 {main}
"} 
[2024-06-14 16:53:46] production.ERROR: Class "Barryvdh\Debugbar\ServiceProvider" not found {"exception":"[object] (Error(code: 0): Class \"Barryvdh\\Debugbar\\ServiceProvider\" not found at /Users/aldyhelix/Projects/www/backend_rmi/vendor/laravel/framework/src/Illuminate/Foundation/Application.php:745)
[stacktrace]
#0 /Users/aldyhelix/Projects/www/backend_rmi/vendor/laravel/framework/src/Illuminate/Foundation/Application.php(679): Illuminate\\Foundation\\Application->resolveProvider('Barryvdh\\\\Debugb...')
#1 /Users/aldyhelix/Projects/www/backend_rmi/vendor/laravel/framework/src/Illuminate/Foundation/ProviderRepository.php(75): Illuminate\\Foundation\\Application->register('Barryvdh\\\\Debugb...')
#2 /Users/aldyhelix/Projects/www/backend_rmi/vendor/laravel/framework/src/Illuminate/Foundation/Application.php(659): Illuminate\\Foundation\\ProviderRepository->load(Array)
#3 /Users/aldyhelix/Projects/www/backend_rmi/vendor/laravel/framework/src/Illuminate/Foundation/Bootstrap/RegisterProviders.php(17): Illuminate\\Foundation\\Application->registerConfiguredProviders()
#4 /Users/aldyhelix/Projects/www/backend_rmi/vendor/laravel/framework/src/Illuminate/Foundation/Application.php(237): Illuminate\\Foundation\\Bootstrap\\RegisterProviders->bootstrap(Object(Illuminate\\Foundation\\Application))
#5 /Users/aldyhelix/Projects/www/backend_rmi/vendor/laravel/framework/src/Illuminate/Foundation/Console/Kernel.php(310): Illuminate\\Foundation\\Application->bootstrapWith(Array)
#6 /Users/aldyhelix/Projects/www/backend_rmi/vendor/laravel/framework/src/Illuminate/Foundation/Console/Kernel.php(127): Illuminate\\Foundation\\Console\\Kernel->bootstrap()
#7 Command line code(1): Illuminate\\Foundation\\Console\\Kernel->handle(Object(Symfony\\Component\\Console\\Input\\ArgvInput), Object(Symfony\\Component\\Console\\Output\\ConsoleOutput))
#8 {main}
"} 
[2024-06-14 16:54:46] production.ERROR: Class "Barryvdh\Debugbar\ServiceProvider" not found {"exception":"[object] (Error(code: 0): Class \"Barryvdh\\Debugbar\\ServiceProvider\" not found at /Users/aldyhelix/Projects/www/backend_rmi/vendor/laravel/framework/src/Illuminate/Foundation/Application.php:745)
[stacktrace]
#0 /Users/aldyhelix/Projects/www/backend_rmi/vendor/laravel/framework/src/Illuminate/Foundation/Application.php(679): Illuminate\\Foundation\\Application->resolveProvider('Barryvdh\\\\Debugb...')
#1 /Users/aldyhelix/Projects/www/backend_rmi/vendor/laravel/framework/src/Illuminate/Foundation/ProviderRepository.php(75): Illuminate\\Foundation\\Application->register('Barryvdh\\\\Debugb...')
#2 /Users/aldyhelix/Projects/www/backend_rmi/vendor/laravel/framework/src/Illuminate/Foundation/Application.php(659): Illuminate\\Foundation\\ProviderRepository->load(Array)
#3 /Users/aldyhelix/Projects/www/backend_rmi/vendor/laravel/framework/src/Illuminate/Foundation/Bootstrap/RegisterProviders.php(17): Illuminate\\Foundation\\Application->registerConfiguredProviders()
#4 /Users/aldyhelix/Projects/www/backend_rmi/vendor/laravel/framework/src/Illuminate/Foundation/Application.php(237): Illuminate\\Foundation\\Bootstrap\\RegisterProviders->bootstrap(Object(Illuminate\\Foundation\\Application))
#5 /Users/aldyhelix/Projects/www/backend_rmi/vendor/laravel/framework/src/Illuminate/Foundation/Console/Kernel.php(310): Illuminate\\Foundation\\Application->bootstrapWith(Array)
#6 /Users/aldyhelix/Projects/www/backend_rmi/vendor/laravel/framework/src/Illuminate/Foundation/Console/Kernel.php(127): Illuminate\\Foundation\\Console\\Kernel->bootstrap()
#7 Command line code(1): Illuminate\\Foundation\\Console\\Kernel->handle(Object(Symfony\\Component\\Console\\Input\\ArgvInput), Object(Symfony\\Component\\Console\\Output\\ConsoleOutput))
#8 {main}
"} 
[2024-06-14 16:54:46] production.ERROR: Class "Barryvdh\Debugbar\ServiceProvider" not found {"exception":"[object] (Error(code: 0): Class \"Barryvdh\\Debugbar\\ServiceProvider\" not found at /Users/aldyhelix/Projects/www/backend_rmi/vendor/laravel/framework/src/Illuminate/Foundation/Application.php:745)
[stacktrace]
#0 /Users/aldyhelix/Projects/www/backend_rmi/vendor/laravel/framework/src/Illuminate/Foundation/Application.php(679): Illuminate\\Foundation\\Application->resolveProvider('Barryvdh\\\\Debugb...')
#1 /Users/aldyhelix/Projects/www/backend_rmi/vendor/laravel/framework/src/Illuminate/Foundation/ProviderRepository.php(75): Illuminate\\Foundation\\Application->register('Barryvdh\\\\Debugb...')
#2 /Users/aldyhelix/Projects/www/backend_rmi/vendor/laravel/framework/src/Illuminate/Foundation/Application.php(659): Illuminate\\Foundation\\ProviderRepository->load(Array)
#3 /Users/aldyhelix/Projects/www/backend_rmi/vendor/laravel/framework/src/Illuminate/Foundation/Bootstrap/RegisterProviders.php(17): Illuminate\\Foundation\\Application->registerConfiguredProviders()
#4 /Users/aldyhelix/Projects/www/backend_rmi/vendor/laravel/framework/src/Illuminate/Foundation/Application.php(237): Illuminate\\Foundation\\Bootstrap\\RegisterProviders->bootstrap(Object(Illuminate\\Foundation\\Application))
#5 /Users/aldyhelix/Projects/www/backend_rmi/vendor/laravel/framework/src/Illuminate/Foundation/Console/Kernel.php(310): Illuminate\\Foundation\\Application->bootstrapWith(Array)
#6 /Users/aldyhelix/Projects/www/backend_rmi/vendor/laravel/framework/src/Illuminate/Foundation/Console/Kernel.php(127): Illuminate\\Foundation\\Console\\Kernel->bootstrap()
#7 Command line code(1): Illuminate\\Foundation\\Console\\Kernel->handle(Object(Symfony\\Component\\Console\\Input\\ArgvInput), Object(Symfony\\Component\\Console\\Output\\ConsoleOutput))
#8 {main}
"} 
[2024-06-14 16:55:46] production.ERROR: Class "Barryvdh\Debugbar\ServiceProvider" not found {"exception":"[object] (Error(code: 0): Class \"Barryvdh\\Debugbar\\ServiceProvider\" not found at /Users/aldyhelix/Projects/www/backend_rmi/vendor/laravel/framework/src/Illuminate/Foundation/Application.php:745)
[stacktrace]
#0 /Users/aldyhelix/Projects/www/backend_rmi/vendor/laravel/framework/src/Illuminate/Foundation/Application.php(679): Illuminate\\Foundation\\Application->resolveProvider('Barryvdh\\\\Debugb...')
#1 /Users/aldyhelix/Projects/www/backend_rmi/vendor/laravel/framework/src/Illuminate/Foundation/ProviderRepository.php(75): Illuminate\\Foundation\\Application->register('Barryvdh\\\\Debugb...')
#2 /Users/aldyhelix/Projects/www/backend_rmi/vendor/laravel/framework/src/Illuminate/Foundation/Application.php(659): Illuminate\\Foundation\\ProviderRepository->load(Array)
#3 /Users/aldyhelix/Projects/www/backend_rmi/vendor/laravel/framework/src/Illuminate/Foundation/Bootstrap/RegisterProviders.php(17): Illuminate\\Foundation\\Application->registerConfiguredProviders()
#4 /Users/aldyhelix/Projects/www/backend_rmi/vendor/laravel/framework/src/Illuminate/Foundation/Application.php(237): Illuminate\\Foundation\\Bootstrap\\RegisterProviders->bootstrap(Object(Illuminate\\Foundation\\Application))
#5 /Users/aldyhelix/Projects/www/backend_rmi/vendor/laravel/framework/src/Illuminate/Foundation/Console/Kernel.php(310): Illuminate\\Foundation\\Application->bootstrapWith(Array)
#6 /Users/aldyhelix/Projects/www/backend_rmi/vendor/laravel/framework/src/Illuminate/Foundation/Console/Kernel.php(127): Illuminate\\Foundation\\Console\\Kernel->bootstrap()
#7 Command line code(1): Illuminate\\Foundation\\Console\\Kernel->handle(Object(Symfony\\Component\\Console\\Input\\ArgvInput), Object(Symfony\\Component\\Console\\Output\\ConsoleOutput))
#8 {main}
"} 
[2024-06-14 16:55:46] production.ERROR: Class "Barryvdh\Debugbar\ServiceProvider" not found {"exception":"[object] (Error(code: 0): Class \"Barryvdh\\Debugbar\\ServiceProvider\" not found at /Users/aldyhelix/Projects/www/backend_rmi/vendor/laravel/framework/src/Illuminate/Foundation/Application.php:745)
[stacktrace]
#0 /Users/aldyhelix/Projects/www/backend_rmi/vendor/laravel/framework/src/Illuminate/Foundation/Application.php(679): Illuminate\\Foundation\\Application->resolveProvider('Barryvdh\\\\Debugb...')
#1 /Users/aldyhelix/Projects/www/backend_rmi/vendor/laravel/framework/src/Illuminate/Foundation/ProviderRepository.php(75): Illuminate\\Foundation\\Application->register('Barryvdh\\\\Debugb...')
#2 /Users/aldyhelix/Projects/www/backend_rmi/vendor/laravel/framework/src/Illuminate/Foundation/Application.php(659): Illuminate\\Foundation\\ProviderRepository->load(Array)
#3 /Users/aldyhelix/Projects/www/backend_rmi/vendor/laravel/framework/src/Illuminate/Foundation/Bootstrap/RegisterProviders.php(17): Illuminate\\Foundation\\Application->registerConfiguredProviders()
#4 /Users/aldyhelix/Projects/www/backend_rmi/vendor/laravel/framework/src/Illuminate/Foundation/Application.php(237): Illuminate\\Foundation\\Bootstrap\\RegisterProviders->bootstrap(Object(Illuminate\\Foundation\\Application))
#5 /Users/aldyhelix/Projects/www/backend_rmi/vendor/laravel/framework/src/Illuminate/Foundation/Console/Kernel.php(310): Illuminate\\Foundation\\Application->bootstrapWith(Array)
#6 /Users/aldyhelix/Projects/www/backend_rmi/vendor/laravel/framework/src/Illuminate/Foundation/Console/Kernel.php(127): Illuminate\\Foundation\\Console\\Kernel->bootstrap()
#7 Command line code(1): Illuminate\\Foundation\\Console\\Kernel->handle(Object(Symfony\\Component\\Console\\Input\\ArgvInput), Object(Symfony\\Component\\Console\\Output\\ConsoleOutput))
#8 {main}
"} 
[2024-06-14 16:55:46] production.ERROR: Class "Barryvdh\Debugbar\ServiceProvider" not found {"exception":"[object] (Error(code: 0): Class \"Barryvdh\\Debugbar\\ServiceProvider\" not found at /Users/aldyhelix/Projects/www/backend_rmi/vendor/laravel/framework/src/Illuminate/Foundation/Application.php:745)
[stacktrace]
#0 /Users/aldyhelix/Projects/www/backend_rmi/vendor/laravel/framework/src/Illuminate/Foundation/Application.php(679): Illuminate\\Foundation\\Application->resolveProvider('Barryvdh\\\\Debugb...')
#1 /Users/aldyhelix/Projects/www/backend_rmi/vendor/laravel/framework/src/Illuminate/Foundation/ProviderRepository.php(75): Illuminate\\Foundation\\Application->register('Barryvdh\\\\Debugb...')
#2 /Users/aldyhelix/Projects/www/backend_rmi/vendor/laravel/framework/src/Illuminate/Foundation/Application.php(659): Illuminate\\Foundation\\ProviderRepository->load(Array)
#3 /Users/aldyhelix/Projects/www/backend_rmi/vendor/laravel/framework/src/Illuminate/Foundation/Bootstrap/RegisterProviders.php(17): Illuminate\\Foundation\\Application->registerConfiguredProviders()
#4 /Users/aldyhelix/Projects/www/backend_rmi/vendor/laravel/framework/src/Illuminate/Foundation/Application.php(237): Illuminate\\Foundation\\Bootstrap\\RegisterProviders->bootstrap(Object(Illuminate\\Foundation\\Application))
#5 /Users/aldyhelix/Projects/www/backend_rmi/vendor/laravel/framework/src/Illuminate/Foundation/Console/Kernel.php(310): Illuminate\\Foundation\\Application->bootstrapWith(Array)
#6 /Users/aldyhelix/Projects/www/backend_rmi/vendor/laravel/framework/src/Illuminate/Foundation/Console/Kernel.php(127): Illuminate\\Foundation\\Console\\Kernel->bootstrap()
#7 Command line code(1): Illuminate\\Foundation\\Console\\Kernel->handle(Object(Symfony\\Component\\Console\\Input\\ArgvInput), Object(Symfony\\Component\\Console\\Output\\ConsoleOutput))
#8 {main}
"} 
[2024-06-14 16:56:46] production.ERROR: Class "Barryvdh\Debugbar\ServiceProvider" not found {"exception":"[object] (Error(code: 0): Class \"Barryvdh\\Debugbar\\ServiceProvider\" not found at /Users/aldyhelix/Projects/www/backend_rmi/vendor/laravel/framework/src/Illuminate/Foundation/Application.php:745)
[stacktrace]
#0 /Users/aldyhelix/Projects/www/backend_rmi/vendor/laravel/framework/src/Illuminate/Foundation/Application.php(679): Illuminate\\Foundation\\Application->resolveProvider('Barryvdh\\\\Debugb...')
#1 /Users/aldyhelix/Projects/www/backend_rmi/vendor/laravel/framework/src/Illuminate/Foundation/ProviderRepository.php(75): Illuminate\\Foundation\\Application->register('Barryvdh\\\\Debugb...')
#2 /Users/aldyhelix/Projects/www/backend_rmi/vendor/laravel/framework/src/Illuminate/Foundation/Application.php(659): Illuminate\\Foundation\\ProviderRepository->load(Array)
#3 /Users/aldyhelix/Projects/www/backend_rmi/vendor/laravel/framework/src/Illuminate/Foundation/Bootstrap/RegisterProviders.php(17): Illuminate\\Foundation\\Application->registerConfiguredProviders()
#4 /Users/aldyhelix/Projects/www/backend_rmi/vendor/laravel/framework/src/Illuminate/Foundation/Application.php(237): Illuminate\\Foundation\\Bootstrap\\RegisterProviders->bootstrap(Object(Illuminate\\Foundation\\Application))
#5 /Users/aldyhelix/Projects/www/backend_rmi/vendor/laravel/framework/src/Illuminate/Foundation/Console/Kernel.php(310): Illuminate\\Foundation\\Application->bootstrapWith(Array)
#6 /Users/aldyhelix/Projects/www/backend_rmi/vendor/laravel/framework/src/Illuminate/Foundation/Console/Kernel.php(127): Illuminate\\Foundation\\Console\\Kernel->bootstrap()
#7 Command line code(1): Illuminate\\Foundation\\Console\\Kernel->handle(Object(Symfony\\Component\\Console\\Input\\ArgvInput), Object(Symfony\\Component\\Console\\Output\\ConsoleOutput))
#8 {main}
"} 
[2024-06-14 16:56:46] production.ERROR: Class "Barryvdh\Debugbar\ServiceProvider" not found {"exception":"[object] (Error(code: 0): Class \"Barryvdh\\Debugbar\\ServiceProvider\" not found at /Users/aldyhelix/Projects/www/backend_rmi/vendor/laravel/framework/src/Illuminate/Foundation/Application.php:745)
[stacktrace]
#0 /Users/aldyhelix/Projects/www/backend_rmi/vendor/laravel/framework/src/Illuminate/Foundation/Application.php(679): Illuminate\\Foundation\\Application->resolveProvider('Barryvdh\\\\Debugb...')
#1 /Users/aldyhelix/Projects/www/backend_rmi/vendor/laravel/framework/src/Illuminate/Foundation/ProviderRepository.php(75): Illuminate\\Foundation\\Application->register('Barryvdh\\\\Debugb...')
#2 /Users/aldyhelix/Projects/www/backend_rmi/vendor/laravel/framework/src/Illuminate/Foundation/Application.php(659): Illuminate\\Foundation\\ProviderRepository->load(Array)
#3 /Users/aldyhelix/Projects/www/backend_rmi/vendor/laravel/framework/src/Illuminate/Foundation/Bootstrap/RegisterProviders.php(17): Illuminate\\Foundation\\Application->registerConfiguredProviders()
#4 /Users/aldyhelix/Projects/www/backend_rmi/vendor/laravel/framework/src/Illuminate/Foundation/Application.php(237): Illuminate\\Foundation\\Bootstrap\\RegisterProviders->bootstrap(Object(Illuminate\\Foundation\\Application))
#5 /Users/aldyhelix/Projects/www/backend_rmi/vendor/laravel/framework/src/Illuminate/Foundation/Console/Kernel.php(310): Illuminate\\Foundation\\Application->bootstrapWith(Array)
#6 /Users/aldyhelix/Projects/www/backend_rmi/vendor/laravel/framework/src/Illuminate/Foundation/Console/Kernel.php(127): Illuminate\\Foundation\\Console\\Kernel->bootstrap()
#7 Command line code(1): Illuminate\\Foundation\\Console\\Kernel->handle(Object(Symfony\\Component\\Console\\Input\\ArgvInput), Object(Symfony\\Component\\Console\\Output\\ConsoleOutput))
#8 {main}
"} 
[2024-06-14 16:57:46] production.ERROR: Class "Barryvdh\Debugbar\ServiceProvider" not found {"exception":"[object] (Error(code: 0): Class \"Barryvdh\\Debugbar\\ServiceProvider\" not found at /Users/aldyhelix/Projects/www/backend_rmi/vendor/laravel/framework/src/Illuminate/Foundation/Application.php:745)
[stacktrace]
#0 /Users/aldyhelix/Projects/www/backend_rmi/vendor/laravel/framework/src/Illuminate/Foundation/Application.php(679): Illuminate\\Foundation\\Application->resolveProvider('Barryvdh\\\\Debugb...')
#1 /Users/aldyhelix/Projects/www/backend_rmi/vendor/laravel/framework/src/Illuminate/Foundation/ProviderRepository.php(75): Illuminate\\Foundation\\Application->register('Barryvdh\\\\Debugb...')
#2 /Users/aldyhelix/Projects/www/backend_rmi/vendor/laravel/framework/src/Illuminate/Foundation/Application.php(659): Illuminate\\Foundation\\ProviderRepository->load(Array)
#3 /Users/aldyhelix/Projects/www/backend_rmi/vendor/laravel/framework/src/Illuminate/Foundation/Bootstrap/RegisterProviders.php(17): Illuminate\\Foundation\\Application->registerConfiguredProviders()
#4 /Users/aldyhelix/Projects/www/backend_rmi/vendor/laravel/framework/src/Illuminate/Foundation/Application.php(237): Illuminate\\Foundation\\Bootstrap\\RegisterProviders->bootstrap(Object(Illuminate\\Foundation\\Application))
#5 /Users/aldyhelix/Projects/www/backend_rmi/vendor/laravel/framework/src/Illuminate/Foundation/Console/Kernel.php(310): Illuminate\\Foundation\\Application->bootstrapWith(Array)
#6 /Users/aldyhelix/Projects/www/backend_rmi/vendor/laravel/framework/src/Illuminate/Foundation/Console/Kernel.php(127): Illuminate\\Foundation\\Console\\Kernel->bootstrap()
#7 Command line code(1): Illuminate\\Foundation\\Console\\Kernel->handle(Object(Symfony\\Component\\Console\\Input\\ArgvInput), Object(Symfony\\Component\\Console\\Output\\ConsoleOutput))
#8 {main}
"} 
[2024-06-14 16:57:46] production.ERROR: Class "Barryvdh\Debugbar\ServiceProvider" not found {"exception":"[object] (Error(code: 0): Class \"Barryvdh\\Debugbar\\ServiceProvider\" not found at /Users/aldyhelix/Projects/www/backend_rmi/vendor/laravel/framework/src/Illuminate/Foundation/Application.php:745)
[stacktrace]
#0 /Users/aldyhelix/Projects/www/backend_rmi/vendor/laravel/framework/src/Illuminate/Foundation/Application.php(679): Illuminate\\Foundation\\Application->resolveProvider('Barryvdh\\\\Debugb...')
#1 /Users/aldyhelix/Projects/www/backend_rmi/vendor/laravel/framework/src/Illuminate/Foundation/ProviderRepository.php(75): Illuminate\\Foundation\\Application->register('Barryvdh\\\\Debugb...')
#2 /Users/aldyhelix/Projects/www/backend_rmi/vendor/laravel/framework/src/Illuminate/Foundation/Application.php(659): Illuminate\\Foundation\\ProviderRepository->load(Array)
#3 /Users/aldyhelix/Projects/www/backend_rmi/vendor/laravel/framework/src/Illuminate/Foundation/Bootstrap/RegisterProviders.php(17): Illuminate\\Foundation\\Application->registerConfiguredProviders()
#4 /Users/aldyhelix/Projects/www/backend_rmi/vendor/laravel/framework/src/Illuminate/Foundation/Application.php(237): Illuminate\\Foundation\\Bootstrap\\RegisterProviders->bootstrap(Object(Illuminate\\Foundation\\Application))
#5 /Users/aldyhelix/Projects/www/backend_rmi/vendor/laravel/framework/src/Illuminate/Foundation/Console/Kernel.php(310): Illuminate\\Foundation\\Application->bootstrapWith(Array)
#6 /Users/aldyhelix/Projects/www/backend_rmi/vendor/laravel/framework/src/Illuminate/Foundation/Console/Kernel.php(127): Illuminate\\Foundation\\Console\\Kernel->bootstrap()
#7 Command line code(1): Illuminate\\Foundation\\Console\\Kernel->handle(Object(Symfony\\Component\\Console\\Input\\ArgvInput), Object(Symfony\\Component\\Console\\Output\\ConsoleOutput))
#8 {main}
"} 
[2024-06-14 16:58:46] production.ERROR: Class "Barryvdh\Debugbar\ServiceProvider" not found {"exception":"[object] (Error(code: 0): Class \"Barryvdh\\Debugbar\\ServiceProvider\" not found at /Users/aldyhelix/Projects/www/backend_rmi/vendor/laravel/framework/src/Illuminate/Foundation/Application.php:745)
[stacktrace]
#0 /Users/aldyhelix/Projects/www/backend_rmi/vendor/laravel/framework/src/Illuminate/Foundation/Application.php(679): Illuminate\\Foundation\\Application->resolveProvider('Barryvdh\\\\Debugb...')
#1 /Users/aldyhelix/Projects/www/backend_rmi/vendor/laravel/framework/src/Illuminate/Foundation/ProviderRepository.php(75): Illuminate\\Foundation\\Application->register('Barryvdh\\\\Debugb...')
#2 /Users/aldyhelix/Projects/www/backend_rmi/vendor/laravel/framework/src/Illuminate/Foundation/Application.php(659): Illuminate\\Foundation\\ProviderRepository->load(Array)
#3 /Users/aldyhelix/Projects/www/backend_rmi/vendor/laravel/framework/src/Illuminate/Foundation/Bootstrap/RegisterProviders.php(17): Illuminate\\Foundation\\Application->registerConfiguredProviders()
#4 /Users/aldyhelix/Projects/www/backend_rmi/vendor/laravel/framework/src/Illuminate/Foundation/Application.php(237): Illuminate\\Foundation\\Bootstrap\\RegisterProviders->bootstrap(Object(Illuminate\\Foundation\\Application))
#5 /Users/aldyhelix/Projects/www/backend_rmi/vendor/laravel/framework/src/Illuminate/Foundation/Console/Kernel.php(310): Illuminate\\Foundation\\Application->bootstrapWith(Array)
#6 /Users/aldyhelix/Projects/www/backend_rmi/vendor/laravel/framework/src/Illuminate/Foundation/Console/Kernel.php(127): Illuminate\\Foundation\\Console\\Kernel->bootstrap()
#7 Command line code(1): Illuminate\\Foundation\\Console\\Kernel->handle(Object(Symfony\\Component\\Console\\Input\\ArgvInput), Object(Symfony\\Component\\Console\\Output\\ConsoleOutput))
#8 {main}
"} 
[2024-06-14 16:58:46] production.ERROR: Class "Barryvdh\Debugbar\ServiceProvider" not found {"exception":"[object] (Error(code: 0): Class \"Barryvdh\\Debugbar\\ServiceProvider\" not found at /Users/aldyhelix/Projects/www/backend_rmi/vendor/laravel/framework/src/Illuminate/Foundation/Application.php:745)
[stacktrace]
#0 /Users/aldyhelix/Projects/www/backend_rmi/vendor/laravel/framework/src/Illuminate/Foundation/Application.php(679): Illuminate\\Foundation\\Application->resolveProvider('Barryvdh\\\\Debugb...')
#1 /Users/aldyhelix/Projects/www/backend_rmi/vendor/laravel/framework/src/Illuminate/Foundation/ProviderRepository.php(75): Illuminate\\Foundation\\Application->register('Barryvdh\\\\Debugb...')
#2 /Users/aldyhelix/Projects/www/backend_rmi/vendor/laravel/framework/src/Illuminate/Foundation/Application.php(659): Illuminate\\Foundation\\ProviderRepository->load(Array)
#3 /Users/aldyhelix/Projects/www/backend_rmi/vendor/laravel/framework/src/Illuminate/Foundation/Bootstrap/RegisterProviders.php(17): Illuminate\\Foundation\\Application->registerConfiguredProviders()
#4 /Users/aldyhelix/Projects/www/backend_rmi/vendor/laravel/framework/src/Illuminate/Foundation/Application.php(237): Illuminate\\Foundation\\Bootstrap\\RegisterProviders->bootstrap(Object(Illuminate\\Foundation\\Application))
#5 /Users/aldyhelix/Projects/www/backend_rmi/vendor/laravel/framework/src/Illuminate/Foundation/Console/Kernel.php(310): Illuminate\\Foundation\\Application->bootstrapWith(Array)
#6 /Users/aldyhelix/Projects/www/backend_rmi/vendor/laravel/framework/src/Illuminate/Foundation/Console/Kernel.php(127): Illuminate\\Foundation\\Console\\Kernel->bootstrap()
#7 Command line code(1): Illuminate\\Foundation\\Console\\Kernel->handle(Object(Symfony\\Component\\Console\\Input\\ArgvInput), Object(Symfony\\Component\\Console\\Output\\ConsoleOutput))
#8 {main}
"} 
[2024-06-14 16:59:46] production.ERROR: Class "Barryvdh\Debugbar\ServiceProvider" not found {"exception":"[object] (Error(code: 0): Class \"Barryvdh\\Debugbar\\ServiceProvider\" not found at /Users/aldyhelix/Projects/www/backend_rmi/vendor/laravel/framework/src/Illuminate/Foundation/Application.php:745)
[stacktrace]
#0 /Users/aldyhelix/Projects/www/backend_rmi/vendor/laravel/framework/src/Illuminate/Foundation/Application.php(679): Illuminate\\Foundation\\Application->resolveProvider('Barryvdh\\\\Debugb...')
#1 /Users/aldyhelix/Projects/www/backend_rmi/vendor/laravel/framework/src/Illuminate/Foundation/ProviderRepository.php(75): Illuminate\\Foundation\\Application->register('Barryvdh\\\\Debugb...')
#2 /Users/aldyhelix/Projects/www/backend_rmi/vendor/laravel/framework/src/Illuminate/Foundation/Application.php(659): Illuminate\\Foundation\\ProviderRepository->load(Array)
#3 /Users/aldyhelix/Projects/www/backend_rmi/vendor/laravel/framework/src/Illuminate/Foundation/Bootstrap/RegisterProviders.php(17): Illuminate\\Foundation\\Application->registerConfiguredProviders()
#4 /Users/aldyhelix/Projects/www/backend_rmi/vendor/laravel/framework/src/Illuminate/Foundation/Application.php(237): Illuminate\\Foundation\\Bootstrap\\RegisterProviders->bootstrap(Object(Illuminate\\Foundation\\Application))
#5 /Users/aldyhelix/Projects/www/backend_rmi/vendor/laravel/framework/src/Illuminate/Foundation/Console/Kernel.php(310): Illuminate\\Foundation\\Application->bootstrapWith(Array)
#6 /Users/aldyhelix/Projects/www/backend_rmi/vendor/laravel/framework/src/Illuminate/Foundation/Console/Kernel.php(127): Illuminate\\Foundation\\Console\\Kernel->bootstrap()
#7 Command line code(1): Illuminate\\Foundation\\Console\\Kernel->handle(Object(Symfony\\Component\\Console\\Input\\ArgvInput), Object(Symfony\\Component\\Console\\Output\\ConsoleOutput))
#8 {main}
"} 
[2024-06-14 16:59:46] production.ERROR: Class "Barryvdh\Debugbar\ServiceProvider" not found {"exception":"[object] (Error(code: 0): Class \"Barryvdh\\Debugbar\\ServiceProvider\" not found at /Users/aldyhelix/Projects/www/backend_rmi/vendor/laravel/framework/src/Illuminate/Foundation/Application.php:745)
[stacktrace]
#0 /Users/aldyhelix/Projects/www/backend_rmi/vendor/laravel/framework/src/Illuminate/Foundation/Application.php(679): Illuminate\\Foundation\\Application->resolveProvider('Barryvdh\\\\Debugb...')
#1 /Users/aldyhelix/Projects/www/backend_rmi/vendor/laravel/framework/src/Illuminate/Foundation/ProviderRepository.php(75): Illuminate\\Foundation\\Application->register('Barryvdh\\\\Debugb...')
#2 /Users/aldyhelix/Projects/www/backend_rmi/vendor/laravel/framework/src/Illuminate/Foundation/Application.php(659): Illuminate\\Foundation\\ProviderRepository->load(Array)
#3 /Users/aldyhelix/Projects/www/backend_rmi/vendor/laravel/framework/src/Illuminate/Foundation/Bootstrap/RegisterProviders.php(17): Illuminate\\Foundation\\Application->registerConfiguredProviders()
#4 /Users/aldyhelix/Projects/www/backend_rmi/vendor/laravel/framework/src/Illuminate/Foundation/Application.php(237): Illuminate\\Foundation\\Bootstrap\\RegisterProviders->bootstrap(Object(Illuminate\\Foundation\\Application))
#5 /Users/aldyhelix/Projects/www/backend_rmi/vendor/laravel/framework/src/Illuminate/Foundation/Console/Kernel.php(310): Illuminate\\Foundation\\Application->bootstrapWith(Array)
#6 /Users/aldyhelix/Projects/www/backend_rmi/vendor/laravel/framework/src/Illuminate/Foundation/Console/Kernel.php(127): Illuminate\\Foundation\\Console\\Kernel->bootstrap()
#7 Command line code(1): Illuminate\\Foundation\\Console\\Kernel->handle(Object(Symfony\\Component\\Console\\Input\\ArgvInput), Object(Symfony\\Component\\Console\\Output\\ConsoleOutput))
#8 {main}
"} 
[2024-06-14 17:00:46] production.ERROR: Class "Barryvdh\Debugbar\ServiceProvider" not found {"exception":"[object] (Error(code: 0): Class \"Barryvdh\\Debugbar\\ServiceProvider\" not found at /Users/aldyhelix/Projects/www/backend_rmi/vendor/laravel/framework/src/Illuminate/Foundation/Application.php:745)
[stacktrace]
#0 /Users/aldyhelix/Projects/www/backend_rmi/vendor/laravel/framework/src/Illuminate/Foundation/Application.php(679): Illuminate\\Foundation\\Application->resolveProvider('Barryvdh\\\\Debugb...')
#1 /Users/aldyhelix/Projects/www/backend_rmi/vendor/laravel/framework/src/Illuminate/Foundation/ProviderRepository.php(75): Illuminate\\Foundation\\Application->register('Barryvdh\\\\Debugb...')
#2 /Users/aldyhelix/Projects/www/backend_rmi/vendor/laravel/framework/src/Illuminate/Foundation/Application.php(659): Illuminate\\Foundation\\ProviderRepository->load(Array)
#3 /Users/aldyhelix/Projects/www/backend_rmi/vendor/laravel/framework/src/Illuminate/Foundation/Bootstrap/RegisterProviders.php(17): Illuminate\\Foundation\\Application->registerConfiguredProviders()
#4 /Users/aldyhelix/Projects/www/backend_rmi/vendor/laravel/framework/src/Illuminate/Foundation/Application.php(237): Illuminate\\Foundation\\Bootstrap\\RegisterProviders->bootstrap(Object(Illuminate\\Foundation\\Application))
#5 /Users/aldyhelix/Projects/www/backend_rmi/vendor/laravel/framework/src/Illuminate/Foundation/Console/Kernel.php(310): Illuminate\\Foundation\\Application->bootstrapWith(Array)
#6 /Users/aldyhelix/Projects/www/backend_rmi/vendor/laravel/framework/src/Illuminate/Foundation/Console/Kernel.php(127): Illuminate\\Foundation\\Console\\Kernel->bootstrap()
#7 Command line code(1): Illuminate\\Foundation\\Console\\Kernel->handle(Object(Symfony\\Component\\Console\\Input\\ArgvInput), Object(Symfony\\Component\\Console\\Output\\ConsoleOutput))
#8 {main}
"} 
[2024-06-14 17:00:46] production.ERROR: Class "Barryvdh\Debugbar\ServiceProvider" not found {"exception":"[object] (Error(code: 0): Class \"Barryvdh\\Debugbar\\ServiceProvider\" not found at /Users/aldyhelix/Projects/www/backend_rmi/vendor/laravel/framework/src/Illuminate/Foundation/Application.php:745)
[stacktrace]
#0 /Users/aldyhelix/Projects/www/backend_rmi/vendor/laravel/framework/src/Illuminate/Foundation/Application.php(679): Illuminate\\Foundation\\Application->resolveProvider('Barryvdh\\\\Debugb...')
#1 /Users/aldyhelix/Projects/www/backend_rmi/vendor/laravel/framework/src/Illuminate/Foundation/ProviderRepository.php(75): Illuminate\\Foundation\\Application->register('Barryvdh\\\\Debugb...')
#2 /Users/aldyhelix/Projects/www/backend_rmi/vendor/laravel/framework/src/Illuminate/Foundation/Application.php(659): Illuminate\\Foundation\\ProviderRepository->load(Array)
#3 /Users/aldyhelix/Projects/www/backend_rmi/vendor/laravel/framework/src/Illuminate/Foundation/Bootstrap/RegisterProviders.php(17): Illuminate\\Foundation\\Application->registerConfiguredProviders()
#4 /Users/aldyhelix/Projects/www/backend_rmi/vendor/laravel/framework/src/Illuminate/Foundation/Application.php(237): Illuminate\\Foundation\\Bootstrap\\RegisterProviders->bootstrap(Object(Illuminate\\Foundation\\Application))
#5 /Users/aldyhelix/Projects/www/backend_rmi/vendor/laravel/framework/src/Illuminate/Foundation/Console/Kernel.php(310): Illuminate\\Foundation\\Application->bootstrapWith(Array)
#6 /Users/aldyhelix/Projects/www/backend_rmi/vendor/laravel/framework/src/Illuminate/Foundation/Console/Kernel.php(127): Illuminate\\Foundation\\Console\\Kernel->bootstrap()
#7 Command line code(1): Illuminate\\Foundation\\Console\\Kernel->handle(Object(Symfony\\Component\\Console\\Input\\ArgvInput), Object(Symfony\\Component\\Console\\Output\\ConsoleOutput))
#8 {main}
"} 
[2024-06-14 17:01:46] production.ERROR: Class "Barryvdh\Debugbar\ServiceProvider" not found {"exception":"[object] (Error(code: 0): Class \"Barryvdh\\Debugbar\\ServiceProvider\" not found at /Users/aldyhelix/Projects/www/backend_rmi/vendor/laravel/framework/src/Illuminate/Foundation/Application.php:745)
[stacktrace]
#0 /Users/aldyhelix/Projects/www/backend_rmi/vendor/laravel/framework/src/Illuminate/Foundation/Application.php(679): Illuminate\\Foundation\\Application->resolveProvider('Barryvdh\\\\Debugb...')
#1 /Users/aldyhelix/Projects/www/backend_rmi/vendor/laravel/framework/src/Illuminate/Foundation/ProviderRepository.php(75): Illuminate\\Foundation\\Application->register('Barryvdh\\\\Debugb...')
#2 /Users/aldyhelix/Projects/www/backend_rmi/vendor/laravel/framework/src/Illuminate/Foundation/Application.php(659): Illuminate\\Foundation\\ProviderRepository->load(Array)
#3 /Users/aldyhelix/Projects/www/backend_rmi/vendor/laravel/framework/src/Illuminate/Foundation/Bootstrap/RegisterProviders.php(17): Illuminate\\Foundation\\Application->registerConfiguredProviders()
#4 /Users/aldyhelix/Projects/www/backend_rmi/vendor/laravel/framework/src/Illuminate/Foundation/Application.php(237): Illuminate\\Foundation\\Bootstrap\\RegisterProviders->bootstrap(Object(Illuminate\\Foundation\\Application))
#5 /Users/aldyhelix/Projects/www/backend_rmi/vendor/laravel/framework/src/Illuminate/Foundation/Console/Kernel.php(310): Illuminate\\Foundation\\Application->bootstrapWith(Array)
#6 /Users/aldyhelix/Projects/www/backend_rmi/vendor/laravel/framework/src/Illuminate/Foundation/Console/Kernel.php(127): Illuminate\\Foundation\\Console\\Kernel->bootstrap()
#7 Command line code(1): Illuminate\\Foundation\\Console\\Kernel->handle(Object(Symfony\\Component\\Console\\Input\\ArgvInput), Object(Symfony\\Component\\Console\\Output\\ConsoleOutput))
#8 {main}
"} 
[2024-06-14 17:01:46] production.ERROR: Class "Barryvdh\Debugbar\ServiceProvider" not found {"exception":"[object] (Error(code: 0): Class \"Barryvdh\\Debugbar\\ServiceProvider\" not found at /Users/aldyhelix/Projects/www/backend_rmi/vendor/laravel/framework/src/Illuminate/Foundation/Application.php:745)
[stacktrace]
#0 /Users/aldyhelix/Projects/www/backend_rmi/vendor/laravel/framework/src/Illuminate/Foundation/Application.php(679): Illuminate\\Foundation\\Application->resolveProvider('Barryvdh\\\\Debugb...')
#1 /Users/aldyhelix/Projects/www/backend_rmi/vendor/laravel/framework/src/Illuminate/Foundation/ProviderRepository.php(75): Illuminate\\Foundation\\Application->register('Barryvdh\\\\Debugb...')
#2 /Users/aldyhelix/Projects/www/backend_rmi/vendor/laravel/framework/src/Illuminate/Foundation/Application.php(659): Illuminate\\Foundation\\ProviderRepository->load(Array)
#3 /Users/aldyhelix/Projects/www/backend_rmi/vendor/laravel/framework/src/Illuminate/Foundation/Bootstrap/RegisterProviders.php(17): Illuminate\\Foundation\\Application->registerConfiguredProviders()
#4 /Users/aldyhelix/Projects/www/backend_rmi/vendor/laravel/framework/src/Illuminate/Foundation/Application.php(237): Illuminate\\Foundation\\Bootstrap\\RegisterProviders->bootstrap(Object(Illuminate\\Foundation\\Application))
#5 /Users/aldyhelix/Projects/www/backend_rmi/vendor/laravel/framework/src/Illuminate/Foundation/Console/Kernel.php(310): Illuminate\\Foundation\\Application->bootstrapWith(Array)
#6 /Users/aldyhelix/Projects/www/backend_rmi/vendor/laravel/framework/src/Illuminate/Foundation/Console/Kernel.php(127): Illuminate\\Foundation\\Console\\Kernel->bootstrap()
#7 Command line code(1): Illuminate\\Foundation\\Console\\Kernel->handle(Object(Symfony\\Component\\Console\\Input\\ArgvInput), Object(Symfony\\Component\\Console\\Output\\ConsoleOutput))
#8 {main}
"} 
[2024-06-14 17:02:46] production.ERROR: Class "Barryvdh\Debugbar\ServiceProvider" not found {"exception":"[object] (Error(code: 0): Class \"Barryvdh\\Debugbar\\ServiceProvider\" not found at /Users/aldyhelix/Projects/www/backend_rmi/vendor/laravel/framework/src/Illuminate/Foundation/Application.php:745)
[stacktrace]
#0 /Users/aldyhelix/Projects/www/backend_rmi/vendor/laravel/framework/src/Illuminate/Foundation/Application.php(679): Illuminate\\Foundation\\Application->resolveProvider('Barryvdh\\\\Debugb...')
#1 /Users/aldyhelix/Projects/www/backend_rmi/vendor/laravel/framework/src/Illuminate/Foundation/ProviderRepository.php(75): Illuminate\\Foundation\\Application->register('Barryvdh\\\\Debugb...')
#2 /Users/aldyhelix/Projects/www/backend_rmi/vendor/laravel/framework/src/Illuminate/Foundation/Application.php(659): Illuminate\\Foundation\\ProviderRepository->load(Array)
#3 /Users/aldyhelix/Projects/www/backend_rmi/vendor/laravel/framework/src/Illuminate/Foundation/Bootstrap/RegisterProviders.php(17): Illuminate\\Foundation\\Application->registerConfiguredProviders()
#4 /Users/aldyhelix/Projects/www/backend_rmi/vendor/laravel/framework/src/Illuminate/Foundation/Application.php(237): Illuminate\\Foundation\\Bootstrap\\RegisterProviders->bootstrap(Object(Illuminate\\Foundation\\Application))
#5 /Users/aldyhelix/Projects/www/backend_rmi/vendor/laravel/framework/src/Illuminate/Foundation/Console/Kernel.php(310): Illuminate\\Foundation\\Application->bootstrapWith(Array)
#6 /Users/aldyhelix/Projects/www/backend_rmi/vendor/laravel/framework/src/Illuminate/Foundation/Console/Kernel.php(127): Illuminate\\Foundation\\Console\\Kernel->bootstrap()
#7 Command line code(1): Illuminate\\Foundation\\Console\\Kernel->handle(Object(Symfony\\Component\\Console\\Input\\ArgvInput), Object(Symfony\\Component\\Console\\Output\\ConsoleOutput))
#8 {main}
"} 
[2024-06-14 17:02:46] production.ERROR: Class "Barryvdh\Debugbar\ServiceProvider" not found {"exception":"[object] (Error(code: 0): Class \"Barryvdh\\Debugbar\\ServiceProvider\" not found at /Users/aldyhelix/Projects/www/backend_rmi/vendor/laravel/framework/src/Illuminate/Foundation/Application.php:745)
[stacktrace]
#0 /Users/aldyhelix/Projects/www/backend_rmi/vendor/laravel/framework/src/Illuminate/Foundation/Application.php(679): Illuminate\\Foundation\\Application->resolveProvider('Barryvdh\\\\Debugb...')
#1 /Users/aldyhelix/Projects/www/backend_rmi/vendor/laravel/framework/src/Illuminate/Foundation/ProviderRepository.php(75): Illuminate\\Foundation\\Application->register('Barryvdh\\\\Debugb...')
#2 /Users/aldyhelix/Projects/www/backend_rmi/vendor/laravel/framework/src/Illuminate/Foundation/Application.php(659): Illuminate\\Foundation\\ProviderRepository->load(Array)
#3 /Users/aldyhelix/Projects/www/backend_rmi/vendor/laravel/framework/src/Illuminate/Foundation/Bootstrap/RegisterProviders.php(17): Illuminate\\Foundation\\Application->registerConfiguredProviders()
#4 /Users/aldyhelix/Projects/www/backend_rmi/vendor/laravel/framework/src/Illuminate/Foundation/Application.php(237): Illuminate\\Foundation\\Bootstrap\\RegisterProviders->bootstrap(Object(Illuminate\\Foundation\\Application))
#5 /Users/aldyhelix/Projects/www/backend_rmi/vendor/laravel/framework/src/Illuminate/Foundation/Console/Kernel.php(310): Illuminate\\Foundation\\Application->bootstrapWith(Array)
#6 /Users/aldyhelix/Projects/www/backend_rmi/vendor/laravel/framework/src/Illuminate/Foundation/Console/Kernel.php(127): Illuminate\\Foundation\\Console\\Kernel->bootstrap()
#7 Command line code(1): Illuminate\\Foundation\\Console\\Kernel->handle(Object(Symfony\\Component\\Console\\Input\\ArgvInput), Object(Symfony\\Component\\Console\\Output\\ConsoleOutput))
#8 {main}
"} 
[2024-06-14 17:03:46] production.ERROR: Class "Barryvdh\Debugbar\ServiceProvider" not found {"exception":"[object] (Error(code: 0): Class \"Barryvdh\\Debugbar\\ServiceProvider\" not found at /Users/aldyhelix/Projects/www/backend_rmi/vendor/laravel/framework/src/Illuminate/Foundation/Application.php:745)
[stacktrace]
#0 /Users/aldyhelix/Projects/www/backend_rmi/vendor/laravel/framework/src/Illuminate/Foundation/Application.php(679): Illuminate\\Foundation\\Application->resolveProvider('Barryvdh\\\\Debugb...')
#1 /Users/aldyhelix/Projects/www/backend_rmi/vendor/laravel/framework/src/Illuminate/Foundation/ProviderRepository.php(75): Illuminate\\Foundation\\Application->register('Barryvdh\\\\Debugb...')
#2 /Users/aldyhelix/Projects/www/backend_rmi/vendor/laravel/framework/src/Illuminate/Foundation/Application.php(659): Illuminate\\Foundation\\ProviderRepository->load(Array)
#3 /Users/aldyhelix/Projects/www/backend_rmi/vendor/laravel/framework/src/Illuminate/Foundation/Bootstrap/RegisterProviders.php(17): Illuminate\\Foundation\\Application->registerConfiguredProviders()
#4 /Users/aldyhelix/Projects/www/backend_rmi/vendor/laravel/framework/src/Illuminate/Foundation/Application.php(237): Illuminate\\Foundation\\Bootstrap\\RegisterProviders->bootstrap(Object(Illuminate\\Foundation\\Application))
#5 /Users/aldyhelix/Projects/www/backend_rmi/vendor/laravel/framework/src/Illuminate/Foundation/Console/Kernel.php(310): Illuminate\\Foundation\\Application->bootstrapWith(Array)
#6 /Users/aldyhelix/Projects/www/backend_rmi/vendor/laravel/framework/src/Illuminate/Foundation/Console/Kernel.php(127): Illuminate\\Foundation\\Console\\Kernel->bootstrap()
#7 Command line code(1): Illuminate\\Foundation\\Console\\Kernel->handle(Object(Symfony\\Component\\Console\\Input\\ArgvInput), Object(Symfony\\Component\\Console\\Output\\ConsoleOutput))
#8 {main}
"} 
[2024-06-14 17:03:46] production.ERROR: Class "Barryvdh\Debugbar\ServiceProvider" not found {"exception":"[object] (Error(code: 0): Class \"Barryvdh\\Debugbar\\ServiceProvider\" not found at /Users/aldyhelix/Projects/www/backend_rmi/vendor/laravel/framework/src/Illuminate/Foundation/Application.php:745)
[stacktrace]
#0 /Users/aldyhelix/Projects/www/backend_rmi/vendor/laravel/framework/src/Illuminate/Foundation/Application.php(679): Illuminate\\Foundation\\Application->resolveProvider('Barryvdh\\\\Debugb...')
#1 /Users/aldyhelix/Projects/www/backend_rmi/vendor/laravel/framework/src/Illuminate/Foundation/ProviderRepository.php(75): Illuminate\\Foundation\\Application->register('Barryvdh\\\\Debugb...')
#2 /Users/aldyhelix/Projects/www/backend_rmi/vendor/laravel/framework/src/Illuminate/Foundation/Application.php(659): Illuminate\\Foundation\\ProviderRepository->load(Array)
#3 /Users/aldyhelix/Projects/www/backend_rmi/vendor/laravel/framework/src/Illuminate/Foundation/Bootstrap/RegisterProviders.php(17): Illuminate\\Foundation\\Application->registerConfiguredProviders()
#4 /Users/aldyhelix/Projects/www/backend_rmi/vendor/laravel/framework/src/Illuminate/Foundation/Application.php(237): Illuminate\\Foundation\\Bootstrap\\RegisterProviders->bootstrap(Object(Illuminate\\Foundation\\Application))
#5 /Users/aldyhelix/Projects/www/backend_rmi/vendor/laravel/framework/src/Illuminate/Foundation/Console/Kernel.php(310): Illuminate\\Foundation\\Application->bootstrapWith(Array)
#6 /Users/aldyhelix/Projects/www/backend_rmi/vendor/laravel/framework/src/Illuminate/Foundation/Console/Kernel.php(127): Illuminate\\Foundation\\Console\\Kernel->bootstrap()
#7 Command line code(1): Illuminate\\Foundation\\Console\\Kernel->handle(Object(Symfony\\Component\\Console\\Input\\ArgvInput), Object(Symfony\\Component\\Console\\Output\\ConsoleOutput))
#8 {main}
"} 
[2024-06-14 17:04:46] production.ERROR: Class "Barryvdh\Debugbar\ServiceProvider" not found {"exception":"[object] (Error(code: 0): Class \"Barryvdh\\Debugbar\\ServiceProvider\" not found at /Users/aldyhelix/Projects/www/backend_rmi/vendor/laravel/framework/src/Illuminate/Foundation/Application.php:745)
[stacktrace]
#0 /Users/aldyhelix/Projects/www/backend_rmi/vendor/laravel/framework/src/Illuminate/Foundation/Application.php(679): Illuminate\\Foundation\\Application->resolveProvider('Barryvdh\\\\Debugb...')
#1 /Users/aldyhelix/Projects/www/backend_rmi/vendor/laravel/framework/src/Illuminate/Foundation/ProviderRepository.php(75): Illuminate\\Foundation\\Application->register('Barryvdh\\\\Debugb...')
#2 /Users/aldyhelix/Projects/www/backend_rmi/vendor/laravel/framework/src/Illuminate/Foundation/Application.php(659): Illuminate\\Foundation\\ProviderRepository->load(Array)
#3 /Users/aldyhelix/Projects/www/backend_rmi/vendor/laravel/framework/src/Illuminate/Foundation/Bootstrap/RegisterProviders.php(17): Illuminate\\Foundation\\Application->registerConfiguredProviders()
#4 /Users/aldyhelix/Projects/www/backend_rmi/vendor/laravel/framework/src/Illuminate/Foundation/Application.php(237): Illuminate\\Foundation\\Bootstrap\\RegisterProviders->bootstrap(Object(Illuminate\\Foundation\\Application))
#5 /Users/aldyhelix/Projects/www/backend_rmi/vendor/laravel/framework/src/Illuminate/Foundation/Console/Kernel.php(310): Illuminate\\Foundation\\Application->bootstrapWith(Array)
#6 /Users/aldyhelix/Projects/www/backend_rmi/vendor/laravel/framework/src/Illuminate/Foundation/Console/Kernel.php(127): Illuminate\\Foundation\\Console\\Kernel->bootstrap()
#7 Command line code(1): Illuminate\\Foundation\\Console\\Kernel->handle(Object(Symfony\\Component\\Console\\Input\\ArgvInput), Object(Symfony\\Component\\Console\\Output\\ConsoleOutput))
#8 {main}
"} 
[2024-06-14 17:04:46] production.ERROR: Class "Barryvdh\Debugbar\ServiceProvider" not found {"exception":"[object] (Error(code: 0): Class \"Barryvdh\\Debugbar\\ServiceProvider\" not found at /Users/aldyhelix/Projects/www/backend_rmi/vendor/laravel/framework/src/Illuminate/Foundation/Application.php:745)
[stacktrace]
#0 /Users/aldyhelix/Projects/www/backend_rmi/vendor/laravel/framework/src/Illuminate/Foundation/Application.php(679): Illuminate\\Foundation\\Application->resolveProvider('Barryvdh\\\\Debugb...')
#1 /Users/aldyhelix/Projects/www/backend_rmi/vendor/laravel/framework/src/Illuminate/Foundation/ProviderRepository.php(75): Illuminate\\Foundation\\Application->register('Barryvdh\\\\Debugb...')
#2 /Users/aldyhelix/Projects/www/backend_rmi/vendor/laravel/framework/src/Illuminate/Foundation/Application.php(659): Illuminate\\Foundation\\ProviderRepository->load(Array)
#3 /Users/aldyhelix/Projects/www/backend_rmi/vendor/laravel/framework/src/Illuminate/Foundation/Bootstrap/RegisterProviders.php(17): Illuminate\\Foundation\\Application->registerConfiguredProviders()
#4 /Users/aldyhelix/Projects/www/backend_rmi/vendor/laravel/framework/src/Illuminate/Foundation/Application.php(237): Illuminate\\Foundation\\Bootstrap\\RegisterProviders->bootstrap(Object(Illuminate\\Foundation\\Application))
#5 /Users/aldyhelix/Projects/www/backend_rmi/vendor/laravel/framework/src/Illuminate/Foundation/Console/Kernel.php(310): Illuminate\\Foundation\\Application->bootstrapWith(Array)
#6 /Users/aldyhelix/Projects/www/backend_rmi/vendor/laravel/framework/src/Illuminate/Foundation/Console/Kernel.php(127): Illuminate\\Foundation\\Console\\Kernel->bootstrap()
#7 Command line code(1): Illuminate\\Foundation\\Console\\Kernel->handle(Object(Symfony\\Component\\Console\\Input\\ArgvInput), Object(Symfony\\Component\\Console\\Output\\ConsoleOutput))
#8 {main}
"} 
[2024-06-14 17:05:46] production.ERROR: Class "Barryvdh\Debugbar\ServiceProvider" not found {"exception":"[object] (Error(code: 0): Class \"Barryvdh\\Debugbar\\ServiceProvider\" not found at /Users/aldyhelix/Projects/www/backend_rmi/vendor/laravel/framework/src/Illuminate/Foundation/Application.php:745)
[stacktrace]
#0 /Users/aldyhelix/Projects/www/backend_rmi/vendor/laravel/framework/src/Illuminate/Foundation/Application.php(679): Illuminate\\Foundation\\Application->resolveProvider('Barryvdh\\\\Debugb...')
#1 /Users/aldyhelix/Projects/www/backend_rmi/vendor/laravel/framework/src/Illuminate/Foundation/ProviderRepository.php(75): Illuminate\\Foundation\\Application->register('Barryvdh\\\\Debugb...')
#2 /Users/aldyhelix/Projects/www/backend_rmi/vendor/laravel/framework/src/Illuminate/Foundation/Application.php(659): Illuminate\\Foundation\\ProviderRepository->load(Array)
#3 /Users/aldyhelix/Projects/www/backend_rmi/vendor/laravel/framework/src/Illuminate/Foundation/Bootstrap/RegisterProviders.php(17): Illuminate\\Foundation\\Application->registerConfiguredProviders()
#4 /Users/aldyhelix/Projects/www/backend_rmi/vendor/laravel/framework/src/Illuminate/Foundation/Application.php(237): Illuminate\\Foundation\\Bootstrap\\RegisterProviders->bootstrap(Object(Illuminate\\Foundation\\Application))
#5 /Users/aldyhelix/Projects/www/backend_rmi/vendor/laravel/framework/src/Illuminate/Foundation/Console/Kernel.php(310): Illuminate\\Foundation\\Application->bootstrapWith(Array)
#6 /Users/aldyhelix/Projects/www/backend_rmi/vendor/laravel/framework/src/Illuminate/Foundation/Console/Kernel.php(127): Illuminate\\Foundation\\Console\\Kernel->bootstrap()
#7 Command line code(1): Illuminate\\Foundation\\Console\\Kernel->handle(Object(Symfony\\Component\\Console\\Input\\ArgvInput), Object(Symfony\\Component\\Console\\Output\\ConsoleOutput))
#8 {main}
"} 
[2024-06-14 17:05:46] production.ERROR: Class "Barryvdh\Debugbar\ServiceProvider" not found {"exception":"[object] (Error(code: 0): Class \"Barryvdh\\Debugbar\\ServiceProvider\" not found at /Users/aldyhelix/Projects/www/backend_rmi/vendor/laravel/framework/src/Illuminate/Foundation/Application.php:745)
[stacktrace]
#0 /Users/aldyhelix/Projects/www/backend_rmi/vendor/laravel/framework/src/Illuminate/Foundation/Application.php(679): Illuminate\\Foundation\\Application->resolveProvider('Barryvdh\\\\Debugb...')
#1 /Users/aldyhelix/Projects/www/backend_rmi/vendor/laravel/framework/src/Illuminate/Foundation/ProviderRepository.php(75): Illuminate\\Foundation\\Application->register('Barryvdh\\\\Debugb...')
#2 /Users/aldyhelix/Projects/www/backend_rmi/vendor/laravel/framework/src/Illuminate/Foundation/Application.php(659): Illuminate\\Foundation\\ProviderRepository->load(Array)
#3 /Users/aldyhelix/Projects/www/backend_rmi/vendor/laravel/framework/src/Illuminate/Foundation/Bootstrap/RegisterProviders.php(17): Illuminate\\Foundation\\Application->registerConfiguredProviders()
#4 /Users/aldyhelix/Projects/www/backend_rmi/vendor/laravel/framework/src/Illuminate/Foundation/Application.php(237): Illuminate\\Foundation\\Bootstrap\\RegisterProviders->bootstrap(Object(Illuminate\\Foundation\\Application))
#5 /Users/aldyhelix/Projects/www/backend_rmi/vendor/laravel/framework/src/Illuminate/Foundation/Console/Kernel.php(310): Illuminate\\Foundation\\Application->bootstrapWith(Array)
#6 /Users/aldyhelix/Projects/www/backend_rmi/vendor/laravel/framework/src/Illuminate/Foundation/Console/Kernel.php(127): Illuminate\\Foundation\\Console\\Kernel->bootstrap()
#7 Command line code(1): Illuminate\\Foundation\\Console\\Kernel->handle(Object(Symfony\\Component\\Console\\Input\\ArgvInput), Object(Symfony\\Component\\Console\\Output\\ConsoleOutput))
#8 {main}
"} 
[2024-06-14 17:05:46] production.ERROR: Class "Barryvdh\Debugbar\ServiceProvider" not found {"exception":"[object] (Error(code: 0): Class \"Barryvdh\\Debugbar\\ServiceProvider\" not found at /Users/aldyhelix/Projects/www/backend_rmi/vendor/laravel/framework/src/Illuminate/Foundation/Application.php:745)
[stacktrace]
#0 /Users/aldyhelix/Projects/www/backend_rmi/vendor/laravel/framework/src/Illuminate/Foundation/Application.php(679): Illuminate\\Foundation\\Application->resolveProvider('Barryvdh\\\\Debugb...')
#1 /Users/aldyhelix/Projects/www/backend_rmi/vendor/laravel/framework/src/Illuminate/Foundation/ProviderRepository.php(75): Illuminate\\Foundation\\Application->register('Barryvdh\\\\Debugb...')
#2 /Users/aldyhelix/Projects/www/backend_rmi/vendor/laravel/framework/src/Illuminate/Foundation/Application.php(659): Illuminate\\Foundation\\ProviderRepository->load(Array)
#3 /Users/aldyhelix/Projects/www/backend_rmi/vendor/laravel/framework/src/Illuminate/Foundation/Bootstrap/RegisterProviders.php(17): Illuminate\\Foundation\\Application->registerConfiguredProviders()
#4 /Users/aldyhelix/Projects/www/backend_rmi/vendor/laravel/framework/src/Illuminate/Foundation/Application.php(237): Illuminate\\Foundation\\Bootstrap\\RegisterProviders->bootstrap(Object(Illuminate\\Foundation\\Application))
#5 /Users/aldyhelix/Projects/www/backend_rmi/vendor/laravel/framework/src/Illuminate/Foundation/Console/Kernel.php(310): Illuminate\\Foundation\\Application->bootstrapWith(Array)
#6 /Users/aldyhelix/Projects/www/backend_rmi/vendor/laravel/framework/src/Illuminate/Foundation/Console/Kernel.php(127): Illuminate\\Foundation\\Console\\Kernel->bootstrap()
#7 Command line code(1): Illuminate\\Foundation\\Console\\Kernel->handle(Object(Symfony\\Component\\Console\\Input\\ArgvInput), Object(Symfony\\Component\\Console\\Output\\ConsoleOutput))
#8 {main}
"} 
[2024-06-14 17:06:46] production.ERROR: Class "Barryvdh\Debugbar\ServiceProvider" not found {"exception":"[object] (Error(code: 0): Class \"Barryvdh\\Debugbar\\ServiceProvider\" not found at /Users/aldyhelix/Projects/www/backend_rmi/vendor/laravel/framework/src/Illuminate/Foundation/Application.php:745)
[stacktrace]
#0 /Users/aldyhelix/Projects/www/backend_rmi/vendor/laravel/framework/src/Illuminate/Foundation/Application.php(679): Illuminate\\Foundation\\Application->resolveProvider('Barryvdh\\\\Debugb...')
#1 /Users/aldyhelix/Projects/www/backend_rmi/vendor/laravel/framework/src/Illuminate/Foundation/ProviderRepository.php(75): Illuminate\\Foundation\\Application->register('Barryvdh\\\\Debugb...')
#2 /Users/aldyhelix/Projects/www/backend_rmi/vendor/laravel/framework/src/Illuminate/Foundation/Application.php(659): Illuminate\\Foundation\\ProviderRepository->load(Array)
#3 /Users/aldyhelix/Projects/www/backend_rmi/vendor/laravel/framework/src/Illuminate/Foundation/Bootstrap/RegisterProviders.php(17): Illuminate\\Foundation\\Application->registerConfiguredProviders()
#4 /Users/aldyhelix/Projects/www/backend_rmi/vendor/laravel/framework/src/Illuminate/Foundation/Application.php(237): Illuminate\\Foundation\\Bootstrap\\RegisterProviders->bootstrap(Object(Illuminate\\Foundation\\Application))
#5 /Users/aldyhelix/Projects/www/backend_rmi/vendor/laravel/framework/src/Illuminate/Foundation/Console/Kernel.php(310): Illuminate\\Foundation\\Application->bootstrapWith(Array)
#6 /Users/aldyhelix/Projects/www/backend_rmi/vendor/laravel/framework/src/Illuminate/Foundation/Console/Kernel.php(127): Illuminate\\Foundation\\Console\\Kernel->bootstrap()
#7 Command line code(1): Illuminate\\Foundation\\Console\\Kernel->handle(Object(Symfony\\Component\\Console\\Input\\ArgvInput), Object(Symfony\\Component\\Console\\Output\\ConsoleOutput))
#8 {main}
"} 
[2024-06-14 17:06:46] production.ERROR: Class "Barryvdh\Debugbar\ServiceProvider" not found {"exception":"[object] (Error(code: 0): Class \"Barryvdh\\Debugbar\\ServiceProvider\" not found at /Users/aldyhelix/Projects/www/backend_rmi/vendor/laravel/framework/src/Illuminate/Foundation/Application.php:745)
[stacktrace]
#0 /Users/aldyhelix/Projects/www/backend_rmi/vendor/laravel/framework/src/Illuminate/Foundation/Application.php(679): Illuminate\\Foundation\\Application->resolveProvider('Barryvdh\\\\Debugb...')
#1 /Users/aldyhelix/Projects/www/backend_rmi/vendor/laravel/framework/src/Illuminate/Foundation/ProviderRepository.php(75): Illuminate\\Foundation\\Application->register('Barryvdh\\\\Debugb...')
#2 /Users/aldyhelix/Projects/www/backend_rmi/vendor/laravel/framework/src/Illuminate/Foundation/Application.php(659): Illuminate\\Foundation\\ProviderRepository->load(Array)
#3 /Users/aldyhelix/Projects/www/backend_rmi/vendor/laravel/framework/src/Illuminate/Foundation/Bootstrap/RegisterProviders.php(17): Illuminate\\Foundation\\Application->registerConfiguredProviders()
#4 /Users/aldyhelix/Projects/www/backend_rmi/vendor/laravel/framework/src/Illuminate/Foundation/Application.php(237): Illuminate\\Foundation\\Bootstrap\\RegisterProviders->bootstrap(Object(Illuminate\\Foundation\\Application))
#5 /Users/aldyhelix/Projects/www/backend_rmi/vendor/laravel/framework/src/Illuminate/Foundation/Console/Kernel.php(310): Illuminate\\Foundation\\Application->bootstrapWith(Array)
#6 /Users/aldyhelix/Projects/www/backend_rmi/vendor/laravel/framework/src/Illuminate/Foundation/Console/Kernel.php(127): Illuminate\\Foundation\\Console\\Kernel->bootstrap()
#7 Command line code(1): Illuminate\\Foundation\\Console\\Kernel->handle(Object(Symfony\\Component\\Console\\Input\\ArgvInput), Object(Symfony\\Component\\Console\\Output\\ConsoleOutput))
#8 {main}
"} 
[2024-06-14 17:07:46] production.ERROR: Class "Barryvdh\Debugbar\ServiceProvider" not found {"exception":"[object] (Error(code: 0): Class \"Barryvdh\\Debugbar\\ServiceProvider\" not found at /Users/aldyhelix/Projects/www/backend_rmi/vendor/laravel/framework/src/Illuminate/Foundation/Application.php:745)
[stacktrace]
#0 /Users/aldyhelix/Projects/www/backend_rmi/vendor/laravel/framework/src/Illuminate/Foundation/Application.php(679): Illuminate\\Foundation\\Application->resolveProvider('Barryvdh\\\\Debugb...')
#1 /Users/aldyhelix/Projects/www/backend_rmi/vendor/laravel/framework/src/Illuminate/Foundation/ProviderRepository.php(75): Illuminate\\Foundation\\Application->register('Barryvdh\\\\Debugb...')
#2 /Users/aldyhelix/Projects/www/backend_rmi/vendor/laravel/framework/src/Illuminate/Foundation/Application.php(659): Illuminate\\Foundation\\ProviderRepository->load(Array)
#3 /Users/aldyhelix/Projects/www/backend_rmi/vendor/laravel/framework/src/Illuminate/Foundation/Bootstrap/RegisterProviders.php(17): Illuminate\\Foundation\\Application->registerConfiguredProviders()
#4 /Users/aldyhelix/Projects/www/backend_rmi/vendor/laravel/framework/src/Illuminate/Foundation/Application.php(237): Illuminate\\Foundation\\Bootstrap\\RegisterProviders->bootstrap(Object(Illuminate\\Foundation\\Application))
#5 /Users/aldyhelix/Projects/www/backend_rmi/vendor/laravel/framework/src/Illuminate/Foundation/Console/Kernel.php(310): Illuminate\\Foundation\\Application->bootstrapWith(Array)
#6 /Users/aldyhelix/Projects/www/backend_rmi/vendor/laravel/framework/src/Illuminate/Foundation/Console/Kernel.php(127): Illuminate\\Foundation\\Console\\Kernel->bootstrap()
#7 Command line code(1): Illuminate\\Foundation\\Console\\Kernel->handle(Object(Symfony\\Component\\Console\\Input\\ArgvInput), Object(Symfony\\Component\\Console\\Output\\ConsoleOutput))
#8 {main}
"} 
[2024-06-14 17:07:46] production.ERROR: Class "Barryvdh\Debugbar\ServiceProvider" not found {"exception":"[object] (Error(code: 0): Class \"Barryvdh\\Debugbar\\ServiceProvider\" not found at /Users/aldyhelix/Projects/www/backend_rmi/vendor/laravel/framework/src/Illuminate/Foundation/Application.php:745)
[stacktrace]
#0 /Users/aldyhelix/Projects/www/backend_rmi/vendor/laravel/framework/src/Illuminate/Foundation/Application.php(679): Illuminate\\Foundation\\Application->resolveProvider('Barryvdh\\\\Debugb...')
#1 /Users/aldyhelix/Projects/www/backend_rmi/vendor/laravel/framework/src/Illuminate/Foundation/ProviderRepository.php(75): Illuminate\\Foundation\\Application->register('Barryvdh\\\\Debugb...')
#2 /Users/aldyhelix/Projects/www/backend_rmi/vendor/laravel/framework/src/Illuminate/Foundation/Application.php(659): Illuminate\\Foundation\\ProviderRepository->load(Array)
#3 /Users/aldyhelix/Projects/www/backend_rmi/vendor/laravel/framework/src/Illuminate/Foundation/Bootstrap/RegisterProviders.php(17): Illuminate\\Foundation\\Application->registerConfiguredProviders()
#4 /Users/aldyhelix/Projects/www/backend_rmi/vendor/laravel/framework/src/Illuminate/Foundation/Application.php(237): Illuminate\\Foundation\\Bootstrap\\RegisterProviders->bootstrap(Object(Illuminate\\Foundation\\Application))
#5 /Users/aldyhelix/Projects/www/backend_rmi/vendor/laravel/framework/src/Illuminate/Foundation/Console/Kernel.php(310): Illuminate\\Foundation\\Application->bootstrapWith(Array)
#6 /Users/aldyhelix/Projects/www/backend_rmi/vendor/laravel/framework/src/Illuminate/Foundation/Console/Kernel.php(127): Illuminate\\Foundation\\Console\\Kernel->bootstrap()
#7 Command line code(1): Illuminate\\Foundation\\Console\\Kernel->handle(Object(Symfony\\Component\\Console\\Input\\ArgvInput), Object(Symfony\\Component\\Console\\Output\\ConsoleOutput))
#8 {main}
"} 
[2024-06-14 17:08:46] production.ERROR: Class "Barryvdh\Debugbar\ServiceProvider" not found {"exception":"[object] (Error(code: 0): Class \"Barryvdh\\Debugbar\\ServiceProvider\" not found at /Users/aldyhelix/Projects/www/backend_rmi/vendor/laravel/framework/src/Illuminate/Foundation/Application.php:745)
[stacktrace]
#0 /Users/aldyhelix/Projects/www/backend_rmi/vendor/laravel/framework/src/Illuminate/Foundation/Application.php(679): Illuminate\\Foundation\\Application->resolveProvider('Barryvdh\\\\Debugb...')
#1 /Users/aldyhelix/Projects/www/backend_rmi/vendor/laravel/framework/src/Illuminate/Foundation/ProviderRepository.php(75): Illuminate\\Foundation\\Application->register('Barryvdh\\\\Debugb...')
#2 /Users/aldyhelix/Projects/www/backend_rmi/vendor/laravel/framework/src/Illuminate/Foundation/Application.php(659): Illuminate\\Foundation\\ProviderRepository->load(Array)
#3 /Users/aldyhelix/Projects/www/backend_rmi/vendor/laravel/framework/src/Illuminate/Foundation/Bootstrap/RegisterProviders.php(17): Illuminate\\Foundation\\Application->registerConfiguredProviders()
#4 /Users/aldyhelix/Projects/www/backend_rmi/vendor/laravel/framework/src/Illuminate/Foundation/Application.php(237): Illuminate\\Foundation\\Bootstrap\\RegisterProviders->bootstrap(Object(Illuminate\\Foundation\\Application))
#5 /Users/aldyhelix/Projects/www/backend_rmi/vendor/laravel/framework/src/Illuminate/Foundation/Console/Kernel.php(310): Illuminate\\Foundation\\Application->bootstrapWith(Array)
#6 /Users/aldyhelix/Projects/www/backend_rmi/vendor/laravel/framework/src/Illuminate/Foundation/Console/Kernel.php(127): Illuminate\\Foundation\\Console\\Kernel->bootstrap()
#7 Command line code(1): Illuminate\\Foundation\\Console\\Kernel->handle(Object(Symfony\\Component\\Console\\Input\\ArgvInput), Object(Symfony\\Component\\Console\\Output\\ConsoleOutput))
#8 {main}
"} 
[2024-06-14 17:08:46] production.ERROR: Class "Barryvdh\Debugbar\ServiceProvider" not found {"exception":"[object] (Error(code: 0): Class \"Barryvdh\\Debugbar\\ServiceProvider\" not found at /Users/aldyhelix/Projects/www/backend_rmi/vendor/laravel/framework/src/Illuminate/Foundation/Application.php:745)
[stacktrace]
#0 /Users/aldyhelix/Projects/www/backend_rmi/vendor/laravel/framework/src/Illuminate/Foundation/Application.php(679): Illuminate\\Foundation\\Application->resolveProvider('Barryvdh\\\\Debugb...')
#1 /Users/aldyhelix/Projects/www/backend_rmi/vendor/laravel/framework/src/Illuminate/Foundation/ProviderRepository.php(75): Illuminate\\Foundation\\Application->register('Barryvdh\\\\Debugb...')
#2 /Users/aldyhelix/Projects/www/backend_rmi/vendor/laravel/framework/src/Illuminate/Foundation/Application.php(659): Illuminate\\Foundation\\ProviderRepository->load(Array)
#3 /Users/aldyhelix/Projects/www/backend_rmi/vendor/laravel/framework/src/Illuminate/Foundation/Bootstrap/RegisterProviders.php(17): Illuminate\\Foundation\\Application->registerConfiguredProviders()
#4 /Users/aldyhelix/Projects/www/backend_rmi/vendor/laravel/framework/src/Illuminate/Foundation/Application.php(237): Illuminate\\Foundation\\Bootstrap\\RegisterProviders->bootstrap(Object(Illuminate\\Foundation\\Application))
#5 /Users/aldyhelix/Projects/www/backend_rmi/vendor/laravel/framework/src/Illuminate/Foundation/Console/Kernel.php(310): Illuminate\\Foundation\\Application->bootstrapWith(Array)
#6 /Users/aldyhelix/Projects/www/backend_rmi/vendor/laravel/framework/src/Illuminate/Foundation/Console/Kernel.php(127): Illuminate\\Foundation\\Console\\Kernel->bootstrap()
#7 Command line code(1): Illuminate\\Foundation\\Console\\Kernel->handle(Object(Symfony\\Component\\Console\\Input\\ArgvInput), Object(Symfony\\Component\\Console\\Output\\ConsoleOutput))
#8 {main}
"} 
[2024-06-14 17:09:07] production.ERROR: Class "Barryvdh\Debugbar\ServiceProvider" not found {"exception":"[object] (Error(code: 0): Class \"Barryvdh\\Debugbar\\ServiceProvider\" not found at /Users/aldyhelix/Projects/www/backend_rmi/vendor/laravel/framework/src/Illuminate/Foundation/Application.php:745)
[stacktrace]
#0 /Users/aldyhelix/Projects/www/backend_rmi/vendor/laravel/framework/src/Illuminate/Foundation/Application.php(679): Illuminate\\Foundation\\Application->resolveProvider('Barryvdh\\\\Debugb...')
#1 /Users/aldyhelix/Projects/www/backend_rmi/vendor/laravel/framework/src/Illuminate/Foundation/ProviderRepository.php(75): Illuminate\\Foundation\\Application->register('Barryvdh\\\\Debugb...')
#2 /Users/aldyhelix/Projects/www/backend_rmi/vendor/laravel/framework/src/Illuminate/Foundation/Application.php(659): Illuminate\\Foundation\\ProviderRepository->load(Array)
#3 /Users/aldyhelix/Projects/www/backend_rmi/vendor/laravel/framework/src/Illuminate/Foundation/Bootstrap/RegisterProviders.php(17): Illuminate\\Foundation\\Application->registerConfiguredProviders()
#4 /Users/aldyhelix/Projects/www/backend_rmi/vendor/laravel/framework/src/Illuminate/Foundation/Application.php(237): Illuminate\\Foundation\\Bootstrap\\RegisterProviders->bootstrap(Object(Illuminate\\Foundation\\Application))
#5 /Users/aldyhelix/Projects/www/backend_rmi/vendor/laravel/framework/src/Illuminate/Foundation/Http/Kernel.php(153): Illuminate\\Foundation\\Application->bootstrapWith(Array)
#6 /Users/aldyhelix/Projects/www/backend_rmi/vendor/laravel/framework/src/Illuminate/Foundation/Http/Kernel.php(137): Illuminate\\Foundation\\Http\\Kernel->bootstrap()
#7 /Users/aldyhelix/Projects/www/backend_rmi/vendor/laravel/framework/src/Illuminate/Foundation/Http/Kernel.php(111): Illuminate\\Foundation\\Http\\Kernel->sendRequestThroughRouter(Object(Illuminate\\Http\\Request))
#8 /Users/aldyhelix/Projects/www/backend_rmi/public/index.php(58): Illuminate\\Foundation\\Http\\Kernel->handle(Object(Illuminate\\Http\\Request))
#9 /Applications/Herd.app/Contents/Resources/valet/server.php(153): require('/Users/aldyheli...')
#10 {main}
"} 
[2024-06-14 17:09:46] production.ERROR: Class "Barryvdh\Debugbar\ServiceProvider" not found {"exception":"[object] (Error(code: 0): Class \"Barryvdh\\Debugbar\\ServiceProvider\" not found at /Users/aldyhelix/Projects/www/backend_rmi/vendor/laravel/framework/src/Illuminate/Foundation/Application.php:745)
[stacktrace]
#0 /Users/aldyhelix/Projects/www/backend_rmi/vendor/laravel/framework/src/Illuminate/Foundation/Application.php(679): Illuminate\\Foundation\\Application->resolveProvider('Barryvdh\\\\Debugb...')
#1 /Users/aldyhelix/Projects/www/backend_rmi/vendor/laravel/framework/src/Illuminate/Foundation/ProviderRepository.php(75): Illuminate\\Foundation\\Application->register('Barryvdh\\\\Debugb...')
#2 /Users/aldyhelix/Projects/www/backend_rmi/vendor/laravel/framework/src/Illuminate/Foundation/Application.php(659): Illuminate\\Foundation\\ProviderRepository->load(Array)
#3 /Users/aldyhelix/Projects/www/backend_rmi/vendor/laravel/framework/src/Illuminate/Foundation/Bootstrap/RegisterProviders.php(17): Illuminate\\Foundation\\Application->registerConfiguredProviders()
#4 /Users/aldyhelix/Projects/www/backend_rmi/vendor/laravel/framework/src/Illuminate/Foundation/Application.php(237): Illuminate\\Foundation\\Bootstrap\\RegisterProviders->bootstrap(Object(Illuminate\\Foundation\\Application))
#5 /Users/aldyhelix/Projects/www/backend_rmi/vendor/laravel/framework/src/Illuminate/Foundation/Console/Kernel.php(310): Illuminate\\Foundation\\Application->bootstrapWith(Array)
#6 /Users/aldyhelix/Projects/www/backend_rmi/vendor/laravel/framework/src/Illuminate/Foundation/Console/Kernel.php(127): Illuminate\\Foundation\\Console\\Kernel->bootstrap()
#7 Command line code(1): Illuminate\\Foundation\\Console\\Kernel->handle(Object(Symfony\\Component\\Console\\Input\\ArgvInput), Object(Symfony\\Component\\Console\\Output\\ConsoleOutput))
#8 {main}
"} 
[2024-06-14 17:09:46] production.ERROR: Class "Barryvdh\Debugbar\ServiceProvider" not found {"exception":"[object] (Error(code: 0): Class \"Barryvdh\\Debugbar\\ServiceProvider\" not found at /Users/aldyhelix/Projects/www/backend_rmi/vendor/laravel/framework/src/Illuminate/Foundation/Application.php:745)
[stacktrace]
#0 /Users/aldyhelix/Projects/www/backend_rmi/vendor/laravel/framework/src/Illuminate/Foundation/Application.php(679): Illuminate\\Foundation\\Application->resolveProvider('Barryvdh\\\\Debugb...')
#1 /Users/aldyhelix/Projects/www/backend_rmi/vendor/laravel/framework/src/Illuminate/Foundation/ProviderRepository.php(75): Illuminate\\Foundation\\Application->register('Barryvdh\\\\Debugb...')
#2 /Users/aldyhelix/Projects/www/backend_rmi/vendor/laravel/framework/src/Illuminate/Foundation/Application.php(659): Illuminate\\Foundation\\ProviderRepository->load(Array)
#3 /Users/aldyhelix/Projects/www/backend_rmi/vendor/laravel/framework/src/Illuminate/Foundation/Bootstrap/RegisterProviders.php(17): Illuminate\\Foundation\\Application->registerConfiguredProviders()
#4 /Users/aldyhelix/Projects/www/backend_rmi/vendor/laravel/framework/src/Illuminate/Foundation/Application.php(237): Illuminate\\Foundation\\Bootstrap\\RegisterProviders->bootstrap(Object(Illuminate\\Foundation\\Application))
#5 /Users/aldyhelix/Projects/www/backend_rmi/vendor/laravel/framework/src/Illuminate/Foundation/Console/Kernel.php(310): Illuminate\\Foundation\\Application->bootstrapWith(Array)
#6 /Users/aldyhelix/Projects/www/backend_rmi/vendor/laravel/framework/src/Illuminate/Foundation/Console/Kernel.php(127): Illuminate\\Foundation\\Console\\Kernel->bootstrap()
#7 Command line code(1): Illuminate\\Foundation\\Console\\Kernel->handle(Object(Symfony\\Component\\Console\\Input\\ArgvInput), Object(Symfony\\Component\\Console\\Output\\ConsoleOutput))
#8 {main}
"} 
[2024-06-14 17:10:46] production.ERROR: Class "Barryvdh\Debugbar\ServiceProvider" not found {"exception":"[object] (Error(code: 0): Class \"Barryvdh\\Debugbar\\ServiceProvider\" not found at /Users/aldyhelix/Projects/www/backend_rmi/vendor/laravel/framework/src/Illuminate/Foundation/Application.php:745)
[stacktrace]
#0 /Users/aldyhelix/Projects/www/backend_rmi/vendor/laravel/framework/src/Illuminate/Foundation/Application.php(679): Illuminate\\Foundation\\Application->resolveProvider('Barryvdh\\\\Debugb...')
#1 /Users/aldyhelix/Projects/www/backend_rmi/vendor/laravel/framework/src/Illuminate/Foundation/ProviderRepository.php(75): Illuminate\\Foundation\\Application->register('Barryvdh\\\\Debugb...')
#2 /Users/aldyhelix/Projects/www/backend_rmi/vendor/laravel/framework/src/Illuminate/Foundation/Application.php(659): Illuminate\\Foundation\\ProviderRepository->load(Array)
#3 /Users/aldyhelix/Projects/www/backend_rmi/vendor/laravel/framework/src/Illuminate/Foundation/Bootstrap/RegisterProviders.php(17): Illuminate\\Foundation\\Application->registerConfiguredProviders()
#4 /Users/aldyhelix/Projects/www/backend_rmi/vendor/laravel/framework/src/Illuminate/Foundation/Application.php(237): Illuminate\\Foundation\\Bootstrap\\RegisterProviders->bootstrap(Object(Illuminate\\Foundation\\Application))
#5 /Users/aldyhelix/Projects/www/backend_rmi/vendor/laravel/framework/src/Illuminate/Foundation/Console/Kernel.php(310): Illuminate\\Foundation\\Application->bootstrapWith(Array)
#6 /Users/aldyhelix/Projects/www/backend_rmi/vendor/laravel/framework/src/Illuminate/Foundation/Console/Kernel.php(127): Illuminate\\Foundation\\Console\\Kernel->bootstrap()
#7 Command line code(1): Illuminate\\Foundation\\Console\\Kernel->handle(Object(Symfony\\Component\\Console\\Input\\ArgvInput), Object(Symfony\\Component\\Console\\Output\\ConsoleOutput))
#8 {main}
"} 
[2024-06-14 17:10:46] production.ERROR: Class "Barryvdh\Debugbar\ServiceProvider" not found {"exception":"[object] (Error(code: 0): Class \"Barryvdh\\Debugbar\\ServiceProvider\" not found at /Users/aldyhelix/Projects/www/backend_rmi/vendor/laravel/framework/src/Illuminate/Foundation/Application.php:745)
[stacktrace]
#0 /Users/aldyhelix/Projects/www/backend_rmi/vendor/laravel/framework/src/Illuminate/Foundation/Application.php(679): Illuminate\\Foundation\\Application->resolveProvider('Barryvdh\\\\Debugb...')
#1 /Users/aldyhelix/Projects/www/backend_rmi/vendor/laravel/framework/src/Illuminate/Foundation/ProviderRepository.php(75): Illuminate\\Foundation\\Application->register('Barryvdh\\\\Debugb...')
#2 /Users/aldyhelix/Projects/www/backend_rmi/vendor/laravel/framework/src/Illuminate/Foundation/Application.php(659): Illuminate\\Foundation\\ProviderRepository->load(Array)
#3 /Users/aldyhelix/Projects/www/backend_rmi/vendor/laravel/framework/src/Illuminate/Foundation/Bootstrap/RegisterProviders.php(17): Illuminate\\Foundation\\Application->registerConfiguredProviders()
#4 /Users/aldyhelix/Projects/www/backend_rmi/vendor/laravel/framework/src/Illuminate/Foundation/Application.php(237): Illuminate\\Foundation\\Bootstrap\\RegisterProviders->bootstrap(Object(Illuminate\\Foundation\\Application))
#5 /Users/aldyhelix/Projects/www/backend_rmi/vendor/laravel/framework/src/Illuminate/Foundation/Console/Kernel.php(310): Illuminate\\Foundation\\Application->bootstrapWith(Array)
#6 /Users/aldyhelix/Projects/www/backend_rmi/vendor/laravel/framework/src/Illuminate/Foundation/Console/Kernel.php(127): Illuminate\\Foundation\\Console\\Kernel->bootstrap()
#7 Command line code(1): Illuminate\\Foundation\\Console\\Kernel->handle(Object(Symfony\\Component\\Console\\Input\\ArgvInput), Object(Symfony\\Component\\Console\\Output\\ConsoleOutput))
#8 {main}
"} 
[2024-06-14 17:10:46] production.ERROR: Class "Barryvdh\Debugbar\ServiceProvider" not found {"exception":"[object] (Error(code: 0): Class \"Barryvdh\\Debugbar\\ServiceProvider\" not found at /Users/aldyhelix/Projects/www/backend_rmi/vendor/laravel/framework/src/Illuminate/Foundation/Application.php:745)
[stacktrace]
#0 /Users/aldyhelix/Projects/www/backend_rmi/vendor/laravel/framework/src/Illuminate/Foundation/Application.php(679): Illuminate\\Foundation\\Application->resolveProvider('Barryvdh\\\\Debugb...')
#1 /Users/aldyhelix/Projects/www/backend_rmi/vendor/laravel/framework/src/Illuminate/Foundation/ProviderRepository.php(75): Illuminate\\Foundation\\Application->register('Barryvdh\\\\Debugb...')
#2 /Users/aldyhelix/Projects/www/backend_rmi/vendor/laravel/framework/src/Illuminate/Foundation/Application.php(659): Illuminate\\Foundation\\ProviderRepository->load(Array)
#3 /Users/aldyhelix/Projects/www/backend_rmi/vendor/laravel/framework/src/Illuminate/Foundation/Bootstrap/RegisterProviders.php(17): Illuminate\\Foundation\\Application->registerConfiguredProviders()
#4 /Users/aldyhelix/Projects/www/backend_rmi/vendor/laravel/framework/src/Illuminate/Foundation/Application.php(237): Illuminate\\Foundation\\Bootstrap\\RegisterProviders->bootstrap(Object(Illuminate\\Foundation\\Application))
#5 /Users/aldyhelix/Projects/www/backend_rmi/vendor/laravel/framework/src/Illuminate/Foundation/Console/Kernel.php(310): Illuminate\\Foundation\\Application->bootstrapWith(Array)
#6 /Users/aldyhelix/Projects/www/backend_rmi/vendor/laravel/framework/src/Illuminate/Foundation/Console/Kernel.php(127): Illuminate\\Foundation\\Console\\Kernel->bootstrap()
#7 Command line code(1): Illuminate\\Foundation\\Console\\Kernel->handle(Object(Symfony\\Component\\Console\\Input\\ArgvInput), Object(Symfony\\Component\\Console\\Output\\ConsoleOutput))
#8 {main}
"} 
[2024-06-14 17:11:08] production.ERROR: Class "Barryvdh\Debugbar\ServiceProvider" not found {"exception":"[object] (Error(code: 0): Class \"Barryvdh\\Debugbar\\ServiceProvider\" not found at /Users/aldyhelix/Projects/www/backend_rmi/vendor/laravel/framework/src/Illuminate/Foundation/Application.php:745)
[stacktrace]
#0 /Users/aldyhelix/Projects/www/backend_rmi/vendor/laravel/framework/src/Illuminate/Foundation/Application.php(679): Illuminate\\Foundation\\Application->resolveProvider('Barryvdh\\\\Debugb...')
#1 /Users/aldyhelix/Projects/www/backend_rmi/vendor/laravel/framework/src/Illuminate/Foundation/ProviderRepository.php(75): Illuminate\\Foundation\\Application->register('Barryvdh\\\\Debugb...')
#2 /Users/aldyhelix/Projects/www/backend_rmi/vendor/laravel/framework/src/Illuminate/Foundation/Application.php(659): Illuminate\\Foundation\\ProviderRepository->load(Array)
#3 /Users/aldyhelix/Projects/www/backend_rmi/vendor/laravel/framework/src/Illuminate/Foundation/Bootstrap/RegisterProviders.php(17): Illuminate\\Foundation\\Application->registerConfiguredProviders()
#4 /Users/aldyhelix/Projects/www/backend_rmi/vendor/laravel/framework/src/Illuminate/Foundation/Application.php(237): Illuminate\\Foundation\\Bootstrap\\RegisterProviders->bootstrap(Object(Illuminate\\Foundation\\Application))
#5 /Users/aldyhelix/Projects/www/backend_rmi/vendor/laravel/framework/src/Illuminate/Foundation/Http/Kernel.php(153): Illuminate\\Foundation\\Application->bootstrapWith(Array)
#6 /Users/aldyhelix/Projects/www/backend_rmi/vendor/laravel/framework/src/Illuminate/Foundation/Http/Kernel.php(137): Illuminate\\Foundation\\Http\\Kernel->bootstrap()
#7 /Users/aldyhelix/Projects/www/backend_rmi/vendor/laravel/framework/src/Illuminate/Foundation/Http/Kernel.php(111): Illuminate\\Foundation\\Http\\Kernel->sendRequestThroughRouter(Object(Illuminate\\Http\\Request))
#8 /Users/aldyhelix/Projects/www/backend_rmi/public/index.php(58): Illuminate\\Foundation\\Http\\Kernel->handle(Object(Illuminate\\Http\\Request))
#9 /Applications/Herd.app/Contents/Resources/valet/server.php(153): require('/Users/aldyheli...')
#10 {main}
"} 
[2024-06-14 17:15:16] production.INFO: Evironemnt key ZCART_API_KEY has been updated to "yirBwwqo2hWN2qYjOstWMff8r2dlieV4"  
[2024-06-14 17:15:16] production.INFO: Evironemnt key ZCART_ENCRYPTION_KEY has been updated to "6M3YZY1JAQvlcK4jAqyZoUlmcJVBfksr"  
[2024-06-14 17:15:16] production.INFO: Evironemnt key ZCART_ENCRYPTION_IV has been updated to "tdGdgsHpwj1uwICb"  
[2024-06-14 17:15:24] production.ERROR: Class "Livewire\Livewire" not found (View: /Users/aldyhelix/Projects/www/backend_rmi/resources/views/admin/dashboard/platform.blade.php) {"view":{"view":"/Users/aldyhelix/Projects/www/backend_rmi/resources/views/admin/dashboard/platform.blade.php","data":{"errors":"<pre class=sf-dump id=sf-dump-1164305549 data-indent-pad=\"  \"><span class=sf-dump-note>Illuminate\\Support\\ViewErrorBag</span> {<a class=sf-dump-ref>#3133</a><samp data-depth=1 class=sf-dump-expanded>
  #<span class=sf-dump-protected title=\"Protected property\">bags</span>: []
</samp>}
</pre><script>Sfdump(\"sf-dump-1164305549\", {\"maxDepth\":3,\"maxStringLength\":160})</script>
","chart":"<pre class=sf-dump id=sf-dump-235682417 data-indent-pad=\"  \"><span class=sf-dump-note>App\\Charts\\VisitorsOfMonths</span> {<a class=sf-dump-ref>#3554</a><samp data-depth=1 class=sf-dump-expanded>
  +<span class=sf-dump-public title=\"Public property\">id</span>: \"<span class=sf-dump-str title=\"25 characters\">uiotyqmwegnpcjkrdbhxsfalv</span>\"
  +<span class=sf-dump-public title=\"Public property\">datasets</span>: <span class=sf-dump-note>array:2</span> [<samp data-depth=2 class=sf-dump-compact>
    <span class=sf-dump-index>0</span> => <span class=sf-dump-note title=\"ConsoleTVs\\Charts\\Classes\\Highcharts\\Dataset
\"><span class=\"sf-dump-ellipsis sf-dump-ellipsis-note\">ConsoleTVs\\Charts\\Classes\\Highcharts</span><span class=\"sf-dump-ellipsis sf-dump-ellipsis-note\">\\</span>Dataset</span> {<a class=sf-dump-ref>#3556</a><samp data-depth=3 class=sf-dump-compact>
      +<span class=sf-dump-public title=\"Public property\">name</span>: \"<span class=sf-dump-str title=\"10 characters\">Page views</span>\"
      +<span class=sf-dump-public title=\"Public property\">type</span>: \"<span class=sf-dump-str title=\"10 characters\">areaspline</span>\"
      +<span class=sf-dump-public title=\"Public property\">values</span>: <span class=sf-dump-note>array:9</span> [ &#8230;9]
      +<span class=sf-dump-public title=\"Public property\">options</span>: <span class=sf-dump-note>array:1</span> [ &#8230;1]
      +<span class=sf-dump-public title=\"Public property\">undefinedColor</span>: \"<span class=sf-dump-str title=\"7 characters\">#22292F</span>\"
      +<span class=sf-dump-public title=\"Public property\">specialDatasets</span>: <span class=sf-dump-note>array:1</span> [ &#8230;1]
    </samp>}
    <span class=sf-dump-index>1</span> => <span class=sf-dump-note title=\"ConsoleTVs\\Charts\\Classes\\Highcharts\\Dataset
\"><span class=\"sf-dump-ellipsis sf-dump-ellipsis-note\">ConsoleTVs\\Charts\\Classes\\Highcharts</span><span class=\"sf-dump-ellipsis sf-dump-ellipsis-note\">\\</span>Dataset</span> {<a class=sf-dump-ref>#3545</a><samp data-depth=3 class=sf-dump-compact>
      +<span class=sf-dump-public title=\"Public property\">name</span>: \"<span class=sf-dump-str title=\"13 characters\">Unique visits</span>\"
      +<span class=sf-dump-public title=\"Public property\">type</span>: \"<span class=sf-dump-str title=\"10 characters\">areaspline</span>\"
      +<span class=sf-dump-public title=\"Public property\">values</span>: <span class=sf-dump-note>array:9</span> [ &#8230;9]
      +<span class=sf-dump-public title=\"Public property\">options</span>: <span class=sf-dump-note>array:1</span> [ &#8230;1]
      +<span class=sf-dump-public title=\"Public property\">undefinedColor</span>: \"<span class=sf-dump-str title=\"7 characters\">#22292F</span>\"
      +<span class=sf-dump-public title=\"Public property\">specialDatasets</span>: <span class=sf-dump-note>array:1</span> [ &#8230;1]
    </samp>}
  </samp>]
  +<span class=sf-dump-public title=\"Public property\">dataset</span>: \"<span class=sf-dump-str title=\"44 characters\">ConsoleTVs\\Charts\\Classes\\Highcharts\\Dataset</span>\"
  +<span class=sf-dump-public title=\"Public property\">labels</span>: <span class=sf-dump-note>array:9</span> [<samp data-depth=2 class=sf-dump-compact>
    <span class=sf-dump-index>0</span> => \"<span class=sf-dump-str title=\"7 characters\">January</span>\"
    <span class=sf-dump-index>1</span> => \"<span class=sf-dump-str title=\"8 characters\">February</span>\"
    <span class=sf-dump-index>2</span> => \"<span class=sf-dump-str title=\"5 characters\">March</span>\"
    <span class=sf-dump-index>3</span> => \"<span class=sf-dump-str title=\"5 characters\">April</span>\"
    <span class=sf-dump-index>4</span> => \"<span class=sf-dump-str title=\"3 characters\">May</span>\"
    <span class=sf-dump-index>5</span> => \"<span class=sf-dump-str title=\"10 characters\">This Month</span>\"
    <span class=sf-dump-index>6</span> => \"<span class=sf-dump-str title=\"8 characters\">Thursday</span>\"
    <span class=sf-dump-index>7</span> => \"<span class=sf-dump-str title=\"6 characters\">Friday</span>\"
    <span class=sf-dump-index>8</span> => \"<span class=sf-dump-str title=\"5 characters\">Today</span>\"
  </samp>]
  +<span class=sf-dump-public title=\"Public property\">container</span>: \"<span class=sf-dump-str title=\"28 characters\">charts::highcharts.container</span>\"
  +<span class=sf-dump-public title=\"Public property\">options</span>: <span class=sf-dump-note>array:8</span> [<samp data-depth=2 class=sf-dump-compact>
    \"<span class=sf-dump-key>credits</span>\" => <span class=sf-dump-note>array:1</span> [<samp data-depth=3 class=sf-dump-compact>
      \"<span class=sf-dump-key>enabled</span>\" => <span class=sf-dump-const>false</span>
    </samp>]
    \"<span class=sf-dump-key>title</span>\" => <span class=sf-dump-note>array:1</span> [<samp data-depth=3 class=sf-dump-compact>
      \"<span class=sf-dump-key>text</span>\" => <span class=sf-dump-const>null</span>
    </samp>]
    \"<span class=sf-dump-key>subtitle</span>\" => <span class=sf-dump-note>array:1</span> [<samp data-depth=3 class=sf-dump-compact>
      \"<span class=sf-dump-key>text</span>\" => <span class=sf-dump-const>null</span>
    </samp>]
    \"<span class=sf-dump-key>legend</span>\" => <span class=sf-dump-note>array:8</span> [<samp data-depth=3 class=sf-dump-compact>
      \"<span class=sf-dump-key>layout</span>\" => \"<span class=sf-dump-str title=\"8 characters\">vertical</span>\"
      \"<span class=sf-dump-key>align</span>\" => \"<span class=sf-dump-str title=\"4 characters\">left</span>\"
      \"<span class=sf-dump-key>verticalAlign</span>\" => \"<span class=sf-dump-str title=\"3 characters\">top</span>\"
      \"<span class=sf-dump-key>x</span>\" => <span class=sf-dump-num>40</span>
      \"<span class=sf-dump-key>y</span>\" => <span class=sf-dump-num>30</span>
      \"<span class=sf-dump-key>floating</span>\" => <span class=sf-dump-const>true</span>
      \"<span class=sf-dump-key>borderWidth</span>\" => <span class=sf-dump-num>0</span>
      \"<span class=sf-dump-key>backgroundColor</span>\" => \"<span class=sf-dump-str title=\"7 characters\">#FFFFFF</span>\"
    </samp>]
    \"<span class=sf-dump-key>yAxis</span>\" => <span class=sf-dump-note>array:1</span> [<samp data-depth=3 class=sf-dump-compact>
      \"<span class=sf-dump-key>title</span>\" => <span class=sf-dump-note>array:1</span> [ &#8230;1]
    </samp>]
    \"<span class=sf-dump-key>tooltip</span>\" => <span class=sf-dump-note>array:1</span> [<samp data-depth=3 class=sf-dump-compact>
      \"<span class=sf-dump-key>shared</span>\" => <span class=sf-dump-const>true</span>
    </samp>]
    \"<span class=sf-dump-key>plotOptions</span>\" => <span class=sf-dump-note>array:1</span> [<samp data-depth=3 class=sf-dump-compact>
      \"<span class=sf-dump-key>series</span>\" => <span class=sf-dump-note>array:1</span> [ &#8230;1]
    </samp>]
    \"<span class=sf-dump-key>exporting</span>\" => <span class=sf-dump-note>array:1</span> [<samp data-depth=3 class=sf-dump-compact>
      \"<span class=sf-dump-key>buttons</span>\" => <span class=sf-dump-note>array:1</span> [ &#8230;1]
    </samp>]
  </samp>]
  +<span class=sf-dump-public title=\"Public property\">plugins</span>: []
  +<span class=sf-dump-public title=\"Public property\">pluginsViews</span>: []
  +<span class=sf-dump-public title=\"Public property\">script</span>: \"<span class=sf-dump-str title=\"25 characters\">charts::highcharts.script</span>\"
  +<span class=sf-dump-public title=\"Public property\">type</span>: \"\"
  +<span class=sf-dump-public title=\"Public property\">api_url</span>: \"\"
  +<span class=sf-dump-public title=\"Public property\">loader</span>: <span class=sf-dump-const>true</span>
  +<span class=sf-dump-public title=\"Public property\">loaderColor</span>: \"<span class=sf-dump-str title=\"7 characters\">#22292F</span>\"
  +<span class=sf-dump-public title=\"Public property\">height</span>: <span class=sf-dump-num>300</span>
  +<span class=sf-dump-public title=\"Public property\">width</span>: <span class=sf-dump-num>0</span>
  +<span class=sf-dump-public title=\"Public property\">scriptAttributes</span>: <span class=sf-dump-note>array:1</span> [<samp data-depth=2 class=sf-dump-compact>
    \"<span class=sf-dump-key>type</span>\" => \"<span class=sf-dump-str title=\"15 characters\">text/javascript</span>\"
  </samp>]
  -<span class=sf-dump-private title=\"Private property defined in class:&#10;`ConsoleTVs\\Charts\\Classes\\BaseChart`\">chartLetters</span>: \"<span class=sf-dump-str title=\"26 characters\">abcdefghijklmnopqrstuvwxyz</span>\"
</samp>}
</pre><script>Sfdump(\"sf-dump-235682417\", {\"maxDepth\":3,\"maxStringLength\":160})</script>
","merchant_count":"<pre class=sf-dump id=sf-dump-1119926410 data-indent-pad=\"  \"><span class=sf-dump-num>0</span>
</pre><script>Sfdump(\"sf-dump-1119926410\", {\"maxDepth\":3,\"maxStringLength\":160})</script>
","new_merchant_last_30_days":"<pre class=sf-dump id=sf-dump-355025656 data-indent-pad=\"  \"><span class=sf-dump-num>0</span>
</pre><script>Sfdump(\"sf-dump-355025656\", {\"maxDepth\":3,\"maxStringLength\":160})</script>
","customer_count":"<pre class=sf-dump id=sf-dump-835789493 data-indent-pad=\"  \"><span class=sf-dump-num>0</span>
</pre><script>Sfdump(\"sf-dump-835789493\", {\"maxDepth\":3,\"maxStringLength\":160})</script>
","new_customer_last_30_days":"<pre class=sf-dump id=sf-dump-592905413 data-indent-pad=\"  \"><span class=sf-dump-num>0</span>
</pre><script>Sfdump(\"sf-dump-592905413\", {\"maxDepth\":3,\"maxStringLength\":160})</script>
","todays_sale_amount":"<pre class=sf-dump id=sf-dump-1748106133 data-indent-pad=\"  \"><span class=sf-dump-num>0</span>
</pre><script>Sfdump(\"sf-dump-1748106133\", {\"maxDepth\":3,\"maxStringLength\":160})</script>
","yesterdays_sale_amount":"<pre class=sf-dump id=sf-dump-1618051128 data-indent-pad=\"  \"><span class=sf-dump-num>0</span>
</pre><script>Sfdump(\"sf-dump-1618051128\", {\"maxDepth\":3,\"maxStringLength\":160})</script>
","todays_visitor_count":"<pre class=sf-dump id=sf-dump-1414918849 data-indent-pad=\"  \"><span class=sf-dump-num>0</span>
</pre><script>Sfdump(\"sf-dump-1414918849\", {\"maxDepth\":3,\"maxStringLength\":160})</script>
","last_30days_visitor_count":"<pre class=sf-dump id=sf-dump-923823515 data-indent-pad=\"  \"><span class=sf-dump-num>0</span>
</pre><script>Sfdump(\"sf-dump-923823515\", {\"maxDepth\":3,\"maxStringLength\":160})</script>
","last_60days_visitor_count":"<pre class=sf-dump id=sf-dump-1551770960 data-indent-pad=\"  \"><span class=sf-dump-num>0</span>
</pre><script>Sfdump(\"sf-dump-1551770960\", {\"maxDepth\":3,\"maxStringLength\":160})</script>
","dispute_count":"<pre class=sf-dump id=sf-dump-1474715169 data-indent-pad=\"  \"><span class=sf-dump-num>0</span>
</pre><script>Sfdump(\"sf-dump-1474715169\", {\"maxDepth\":3,\"maxStringLength\":160})</script>
","last_30days_dispute_count":"<pre class=sf-dump id=sf-dump-1483307473 data-indent-pad=\"  \"><span class=sf-dump-num>0</span>
</pre><script>Sfdump(\"sf-dump-1483307473\", {\"maxDepth\":3,\"maxStringLength\":160})</script>
","last_60days_dispute_count":"<pre class=sf-dump id=sf-dump-1010931838 data-indent-pad=\"  \"><span class=sf-dump-num>0</span>
</pre><script>Sfdump(\"sf-dump-1010931838\", {\"maxDepth\":3,\"maxStringLength\":160})</script>
","top_customers":"<pre class=sf-dump id=sf-dump-358626346 data-indent-pad=\"  \"><span class=sf-dump-note>Illuminate\\Database\\Eloquent\\Collection</span> {<a class=sf-dump-ref>#3701</a><samp data-depth=1 class=sf-dump-expanded>
  #<span class=sf-dump-protected title=\"Protected property\">items</span>: []
  #<span class=sf-dump-protected title=\"Protected property\">escapeWhenCastingToString</span>: <span class=sf-dump-const>false</span>
</samp>}
</pre><script>Sfdump(\"sf-dump-358626346\", {\"maxDepth\":3,\"maxStringLength\":160})</script>
","top_vendors":"<pre class=sf-dump id=sf-dump-2097834755 data-indent-pad=\"  \"><span class=sf-dump-note>Illuminate\\Database\\Eloquent\\Collection</span> {<a class=sf-dump-ref>#3544</a><samp data-depth=1 class=sf-dump-expanded>
  #<span class=sf-dump-protected title=\"Protected property\">items</span>: []
  #<span class=sf-dump-protected title=\"Protected property\">escapeWhenCastingToString</span>: <span class=sf-dump-const>false</span>
</samp>}
</pre><script>Sfdump(\"sf-dump-2097834755\", {\"maxDepth\":3,\"maxStringLength\":160})</script>
","latest_products":"<pre class=sf-dump id=sf-dump-234706656 data-indent-pad=\"  \"><span class=sf-dump-note>Illuminate\\Database\\Eloquent\\Collection</span> {<a class=sf-dump-ref>#3638</a><samp data-depth=1 class=sf-dump-expanded>
  #<span class=sf-dump-protected title=\"Protected property\">items</span>: []
  #<span class=sf-dump-protected title=\"Protected property\">escapeWhenCastingToString</span>: <span class=sf-dump-const>false</span>
</samp>}
</pre><script>Sfdump(\"sf-dump-234706656\", {\"maxDepth\":3,\"maxStringLength\":160})</script>
","open_tickets":"<pre class=sf-dump id=sf-dump-2036548487 data-indent-pad=\"  \"><span class=sf-dump-note>Illuminate\\Database\\Eloquent\\Collection</span> {<a class=sf-dump-ref>#3715</a><samp data-depth=1 class=sf-dump-expanded>
  #<span class=sf-dump-protected title=\"Protected property\">items</span>: []
  #<span class=sf-dump-protected title=\"Protected property\">escapeWhenCastingToString</span>: <span class=sf-dump-const>false</span>
</samp>}
</pre><script>Sfdump(\"sf-dump-2036548487\", {\"maxDepth\":3,\"maxStringLength\":160})</script>
","pending_verifications":"<pre class=sf-dump id=sf-dump-994169967 data-indent-pad=\"  \"><span class=sf-dump-num>0</span>
</pre><script>Sfdump(\"sf-dump-994169967\", {\"maxDepth\":3,\"maxStringLength\":160})</script>
","pending_approvals":"<pre class=sf-dump id=sf-dump-1718421775 data-indent-pad=\"  \"><span class=sf-dump-num>0</span>
</pre><script>Sfdump(\"sf-dump-1718421775\", {\"maxDepth\":3,\"maxStringLength\":160})</script>
","top_selling_products":"<pre class=sf-dump id=sf-dump-1338868450 data-indent-pad=\"  \"><span class=sf-dump-note>Illuminate\\Database\\Eloquent\\Collection</span> {<a class=sf-dump-ref>#3734</a><samp data-depth=1 class=sf-dump-expanded>
  #<span class=sf-dump-protected title=\"Protected property\">items</span>: []
  #<span class=sf-dump-protected title=\"Protected property\">escapeWhenCastingToString</span>: <span class=sf-dump-const>false</span>
</samp>}
</pre><script>Sfdump(\"sf-dump-1338868450\", {\"maxDepth\":3,\"maxStringLength\":160})</script>
","top_selling_brands":"<pre class=sf-dump id=sf-dump-376957459 data-indent-pad=\"  \"><span class=sf-dump-note>Illuminate\\Database\\Eloquent\\Collection</span> {<a class=sf-dump-ref>#3755</a><samp data-depth=1 class=sf-dump-expanded>
  #<span class=sf-dump-protected title=\"Protected property\">items</span>: []
  #<span class=sf-dump-protected title=\"Protected property\">escapeWhenCastingToString</span>: <span class=sf-dump-const>false</span>
</samp>}
</pre><script>Sfdump(\"sf-dump-376957459\", {\"maxDepth\":3,\"maxStringLength\":160})</script>
","top_selling_categories":"<pre class=sf-dump id=sf-dump-2050385964 data-indent-pad=\"  \"><span class=sf-dump-note>Illuminate\\Database\\Eloquent\\Collection</span> {<a class=sf-dump-ref>#3770</a><samp data-depth=1 class=sf-dump-expanded>
  #<span class=sf-dump-protected title=\"Protected property\">items</span>: []
  #<span class=sf-dump-protected title=\"Protected property\">escapeWhenCastingToString</span>: <span class=sf-dump-const>false</span>
</samp>}
</pre><script>Sfdump(\"sf-dump-2050385964\", {\"maxDepth\":3,\"maxStringLength\":160})</script>
","todays_all_order_count":"<pre class=sf-dump id=sf-dump-1095238974 data-indent-pad=\"  \"><span class=sf-dump-num>0</span>
</pre><script>Sfdump(\"sf-dump-1095238974\", {\"maxDepth\":3,\"maxStringLength\":160})</script>
","yesterdays_all_order_count":"<pre class=sf-dump id=sf-dump-1072089747 data-indent-pad=\"  \"><span class=sf-dump-num>0</span>
</pre><script>Sfdump(\"sf-dump-1072089747\", {\"maxDepth\":3,\"maxStringLength\":160})</script>
","total_order_count":"<pre class=sf-dump id=sf-dump-1099265931 data-indent-pad=\"  \"><span class=sf-dump-num>0</span>
</pre><script>Sfdump(\"sf-dump-1099265931\", {\"maxDepth\":3,\"maxStringLength\":160})</script>
","admin_created_total_product_count":"<pre class=sf-dump id=sf-dump-1173808357 data-indent-pad=\"  \"><span class=sf-dump-num>0</span>
</pre><script>Sfdump(\"sf-dump-1173808357\", {\"maxDepth\":3,\"maxStringLength\":160})</script>
","merchant_created_total_product_count":"<pre class=sf-dump id=sf-dump-819512166 data-indent-pad=\"  \"><span class=sf-dump-num>0</span>
</pre><script>Sfdump(\"sf-dump-819512166\", {\"maxDepth\":3,\"maxStringLength\":160})</script>
","total_weekly_sale_report":"<pre class=sf-dump id=sf-dump-1402986299 data-indent-pad=\"  \">\"<span class=sf-dump-str title=\"15 characters\">[0,0,0,0,0,0,0]</span>\"
</pre><script>Sfdump(\"sf-dump-1402986299\", {\"maxDepth\":3,\"maxStringLength\":160})</script>
","total_monthly_sale_report":"<pre class=sf-dump id=sf-dump-1579001301 data-indent-pad=\"  \">\"<span class=sf-dump-str title=\"61 characters\">[0,0,0,0,0,0,0,0,0,0,0,0,0,0,0,0,0,0,0,0,0,0,0,0,0,0,0,0,0,0]</span>\"
</pre><script>Sfdump(\"sf-dump-1579001301\", {\"maxDepth\":3,\"maxStringLength\":160})</script>
","total_yearly_sale_report":"<pre class=sf-dump id=sf-dump-1628160026 data-indent-pad=\"  \">\"<span class=sf-dump-str title=\"25 characters\">[0,0,0,0,0,0,0,0,0,0,0,0]</span>\"
</pre><script>Sfdump(\"sf-dump-1628160026\", {\"maxDepth\":3,\"maxStringLength\":160})</script>
"}},"userId":1,"exception":"[object] (Facade\\Ignition\\Exceptions\\ViewException(code: 0): Class \"Livewire\\Livewire\" not found (View: /Users/aldyhelix/Projects/www/backend_rmi/resources/views/admin/dashboard/platform.blade.php) at /Users/aldyhelix/Projects/www/backend_rmi/resources/views/admin/dashboard/platform.blade.php:6)
[stacktrace]
#0 /Users/aldyhelix/Projects/www/backend_rmi/vendor/laravel/framework/src/Illuminate/Filesystem/Filesystem.php(107): require()
#1 /Users/aldyhelix/Projects/www/backend_rmi/vendor/laravel/framework/src/Illuminate/Filesystem/Filesystem.php(108): Illuminate\\Filesystem\\Filesystem::Illuminate\\Filesystem\\{closure}()
#2 /Users/aldyhelix/Projects/www/backend_rmi/vendor/laravel/framework/src/Illuminate/View/Engines/PhpEngine.php(58): Illuminate\\Filesystem\\Filesystem->getRequire('/Users/aldyheli...', Array)
#3 /Users/aldyhelix/Projects/www/backend_rmi/vendor/laravel/framework/src/Illuminate/View/Engines/CompilerEngine.php(61): Illuminate\\View\\Engines\\PhpEngine->evaluatePath('/Users/aldyheli...', Array)
#4 /Users/aldyhelix/Projects/www/backend_rmi/vendor/facade/ignition/src/Views/Engines/CompilerEngine.php(37): Illuminate\\View\\Engines\\CompilerEngine->get('/Users/aldyheli...', Array)
#5 /Users/aldyhelix/Projects/www/backend_rmi/vendor/laravel/framework/src/Illuminate/View/View.php(139): Facade\\Ignition\\Views\\Engines\\CompilerEngine->get('/Users/aldyheli...', Array)
#6 /Users/aldyhelix/Projects/www/backend_rmi/vendor/laravel/framework/src/Illuminate/View/View.php(122): Illuminate\\View\\View->getContents()
#7 /Users/aldyhelix/Projects/www/backend_rmi/vendor/laravel/framework/src/Illuminate/View/View.php(91): Illuminate\\View\\View->renderContents()
#8 /Users/aldyhelix/Projects/www/backend_rmi/vendor/laravel/framework/src/Illuminate/Http/Response.php(69): Illuminate\\View\\View->render()
#9 /Users/aldyhelix/Projects/www/backend_rmi/vendor/laravel/framework/src/Illuminate/Http/Response.php(35): Illuminate\\Http\\Response->setContent(Object(Illuminate\\View\\View))
#10 /Users/aldyhelix/Projects/www/backend_rmi/vendor/laravel/framework/src/Illuminate/Routing/Router.php(820): Illuminate\\Http\\Response->__construct(Object(Illuminate\\View\\View), 200, Array)
#11 /Users/aldyhelix/Projects/www/backend_rmi/vendor/laravel/framework/src/Illuminate/Routing/Router.php(789): Illuminate\\Routing\\Router::toResponse(Object(Illuminate\\Http\\Request), Object(Illuminate\\View\\View))
#12 /Users/aldyhelix/Projects/www/backend_rmi/vendor/laravel/framework/src/Illuminate/Routing/Router.php(720): Illuminate\\Routing\\Router->prepareResponse(Object(Illuminate\\Http\\Request), Object(Illuminate\\View\\View))
#13 /Users/aldyhelix/Projects/www/backend_rmi/vendor/laravel/framework/src/Illuminate/Pipeline/Pipeline.php(128): Illuminate\\Routing\\Router->Illuminate\\Routing\\{closure}(Object(Illuminate\\Http\\Request))
#14 /Users/aldyhelix/Projects/www/backend_rmi/app/Http/Middleware/DashboardSetup.php(22): Illuminate\\Pipeline\\Pipeline->Illuminate\\Pipeline\\{closure}(Object(Illuminate\\Http\\Request))
#15 /Users/aldyhelix/Projects/www/backend_rmi/vendor/laravel/framework/src/Illuminate/Pipeline/Pipeline.php(167): App\\Http\\Middleware\\DashboardSetup->handle(Object(Illuminate\\Http\\Request), Object(Closure))
#16 /Users/aldyhelix/Projects/www/backend_rmi/app/Http/Middleware/CheckIfBillingInfoRequired.php(24): Illuminate\\Pipeline\\Pipeline->Illuminate\\Pipeline\\{closure}(Object(Illuminate\\Http\\Request))
#17 /Users/aldyhelix/Projects/www/backend_rmi/vendor/laravel/framework/src/Illuminate/Pipeline/Pipeline.php(167): App\\Http\\Middleware\\CheckIfBillingInfoRequired->handle(Object(Illuminate\\Http\\Request), Object(Closure))
#18 /Users/aldyhelix/Projects/www/backend_rmi/app/Http/Middleware/VerifyUserIsSubscribed.php(25): Illuminate\\Pipeline\\Pipeline->Illuminate\\Pipeline\\{closure}(Object(Illuminate\\Http\\Request))
#19 /Users/aldyhelix/Projects/www/backend_rmi/vendor/laravel/framework/src/Illuminate/Pipeline/Pipeline.php(167): App\\Http\\Middleware\\VerifyUserIsSubscribed->handle(Object(Illuminate\\Http\\Request), Object(Closure))
#20 /Users/aldyhelix/Projects/www/backend_rmi/app/Http/Middleware/CookieConsentMiddleware.php(21): Illuminate\\Pipeline\\Pipeline->Illuminate\\Pipeline\\{closure}(Object(Illuminate\\Http\\Request))
#21 /Users/aldyhelix/Projects/www/backend_rmi/vendor/laravel/framework/src/Illuminate/Pipeline/Pipeline.php(167): App\\Http\\Middleware\\CookieConsentMiddleware->handle(Object(Illuminate\\Http\\Request), Object(Closure))
#22 /Users/aldyhelix/Projects/www/backend_rmi/app/Http/Middleware/Language.php(64): Illuminate\\Pipeline\\Pipeline->Illuminate\\Pipeline\\{closure}(Object(Illuminate\\Http\\Request))
#23 /Users/aldyhelix/Projects/www/backend_rmi/vendor/laravel/framework/src/Illuminate/Pipeline/Pipeline.php(167): App\\Http\\Middleware\\Language->handle(Object(Illuminate\\Http\\Request), Object(Closure))
#24 /Users/aldyhelix/Projects/www/backend_rmi/app/Http/Middleware/InitSettings.php(8): Illuminate\\Pipeline\\Pipeline->Illuminate\\Pipeline\\{closure}(Object(Illuminate\\Http\\Request))
#25 /Users/aldyhelix/Projects/www/backend_rmi/vendor/laravel/framework/src/Illuminate/Pipeline/Pipeline.php(167): App\\Http\\Middleware\\InitSettings->handle(Object(Illuminate\\Http\\Request), Object(Closure))
#26 /Users/aldyhelix/Projects/www/backend_rmi/vendor/laravel/framework/src/Illuminate/Routing/Middleware/SubstituteBindings.php(50): Illuminate\\Pipeline\\Pipeline->Illuminate\\Pipeline\\{closure}(Object(Illuminate\\Http\\Request))
#27 /Users/aldyhelix/Projects/www/backend_rmi/vendor/laravel/framework/src/Illuminate/Pipeline/Pipeline.php(167): Illuminate\\Routing\\Middleware\\SubstituteBindings->handle(Object(Illuminate\\Http\\Request), Object(Closure))
#28 /Users/aldyhelix/Projects/www/backend_rmi/vendor/laravel/framework/src/Illuminate/Auth/Middleware/Authenticate.php(44): Illuminate\\Pipeline\\Pipeline->Illuminate\\Pipeline\\{closure}(Object(Illuminate\\Http\\Request))
#29 /Users/aldyhelix/Projects/www/backend_rmi/vendor/laravel/framework/src/Illuminate/Pipeline/Pipeline.php(167): Illuminate\\Auth\\Middleware\\Authenticate->handle(Object(Illuminate\\Http\\Request), Object(Closure))
#30 /Users/aldyhelix/Projects/www/backend_rmi/vendor/laravel/framework/src/Illuminate/Foundation/Http/Middleware/VerifyCsrfToken.php(78): Illuminate\\Pipeline\\Pipeline->Illuminate\\Pipeline\\{closure}(Object(Illuminate\\Http\\Request))
#31 /Users/aldyhelix/Projects/www/backend_rmi/vendor/laravel/framework/src/Illuminate/Pipeline/Pipeline.php(167): Illuminate\\Foundation\\Http\\Middleware\\VerifyCsrfToken->handle(Object(Illuminate\\Http\\Request), Object(Closure))
#32 /Users/aldyhelix/Projects/www/backend_rmi/vendor/laravel/framework/src/Illuminate/View/Middleware/ShareErrorsFromSession.php(49): Illuminate\\Pipeline\\Pipeline->Illuminate\\Pipeline\\{closure}(Object(Illuminate\\Http\\Request))
#33 /Users/aldyhelix/Projects/www/backend_rmi/vendor/laravel/framework/src/Illuminate/Pipeline/Pipeline.php(167): Illuminate\\View\\Middleware\\ShareErrorsFromSession->handle(Object(Illuminate\\Http\\Request), Object(Closure))
#34 /Users/aldyhelix/Projects/www/backend_rmi/vendor/laravel/framework/src/Illuminate/Session/Middleware/StartSession.php(121): Illuminate\\Pipeline\\Pipeline->Illuminate\\Pipeline\\{closure}(Object(Illuminate\\Http\\Request))
#35 /Users/aldyhelix/Projects/www/backend_rmi/vendor/laravel/framework/src/Illuminate/Session/Middleware/StartSession.php(64): Illuminate\\Session\\Middleware\\StartSession->handleStatefulRequest(Object(Illuminate\\Http\\Request), Object(Illuminate\\Session\\EncryptedStore), Object(Closure))
#36 /Users/aldyhelix/Projects/www/backend_rmi/vendor/laravel/framework/src/Illuminate/Pipeline/Pipeline.php(167): Illuminate\\Session\\Middleware\\StartSession->handle(Object(Illuminate\\Http\\Request), Object(Closure))
#37 /Users/aldyhelix/Projects/www/backend_rmi/vendor/laravel/framework/src/Illuminate/Cookie/Middleware/AddQueuedCookiesToResponse.php(37): Illuminate\\Pipeline\\Pipeline->Illuminate\\Pipeline\\{closure}(Object(Illuminate\\Http\\Request))
#38 /Users/aldyhelix/Projects/www/backend_rmi/vendor/laravel/framework/src/Illuminate/Pipeline/Pipeline.php(167): Illuminate\\Cookie\\Middleware\\AddQueuedCookiesToResponse->handle(Object(Illuminate\\Http\\Request), Object(Closure))
#39 /Users/aldyhelix/Projects/www/backend_rmi/vendor/laravel/framework/src/Illuminate/Cookie/Middleware/EncryptCookies.php(67): Illuminate\\Pipeline\\Pipeline->Illuminate\\Pipeline\\{closure}(Object(Illuminate\\Http\\Request))
#40 /Users/aldyhelix/Projects/www/backend_rmi/vendor/laravel/framework/src/Illuminate/Pipeline/Pipeline.php(167): Illuminate\\Cookie\\Middleware\\EncryptCookies->handle(Object(Illuminate\\Http\\Request), Object(Closure))
#41 /Users/aldyhelix/Projects/www/backend_rmi/vendor/laravel/framework/src/Illuminate/Pipeline/Pipeline.php(103): Illuminate\\Pipeline\\Pipeline->Illuminate\\Pipeline\\{closure}(Object(Illuminate\\Http\\Request))
#42 /Users/aldyhelix/Projects/www/backend_rmi/vendor/laravel/framework/src/Illuminate/Routing/Router.php(719): Illuminate\\Pipeline\\Pipeline->then(Object(Closure))
#43 /Users/aldyhelix/Projects/www/backend_rmi/vendor/laravel/framework/src/Illuminate/Routing/Router.php(698): Illuminate\\Routing\\Router->runRouteWithinStack(Object(Illuminate\\Routing\\Route), Object(Illuminate\\Http\\Request))
#44 /Users/aldyhelix/Projects/www/backend_rmi/vendor/laravel/framework/src/Illuminate/Routing/Router.php(662): Illuminate\\Routing\\Router->runRoute(Object(Illuminate\\Http\\Request), Object(Illuminate\\Routing\\Route))
#45 /Users/aldyhelix/Projects/www/backend_rmi/vendor/laravel/framework/src/Illuminate/Routing/Router.php(651): Illuminate\\Routing\\Router->dispatchToRoute(Object(Illuminate\\Http\\Request))
#46 /Users/aldyhelix/Projects/www/backend_rmi/vendor/laravel/framework/src/Illuminate/Foundation/Http/Kernel.php(167): Illuminate\\Routing\\Router->dispatch(Object(Illuminate\\Http\\Request))
#47 /Users/aldyhelix/Projects/www/backend_rmi/vendor/laravel/framework/src/Illuminate/Pipeline/Pipeline.php(128): Illuminate\\Foundation\\Http\\Kernel->Illuminate\\Foundation\\Http\\{closure}(Object(Illuminate\\Http\\Request))
#48 /Users/aldyhelix/Projects/www/backend_rmi/vendor/barryvdh/laravel-debugbar/src/Middleware/InjectDebugbar.php(66): Illuminate\\Pipeline\\Pipeline->Illuminate\\Pipeline\\{closure}(Object(Illuminate\\Http\\Request))
#49 /Users/aldyhelix/Projects/www/backend_rmi/vendor/laravel/framework/src/Illuminate/Pipeline/Pipeline.php(167): Barryvdh\\Debugbar\\Middleware\\InjectDebugbar->handle(Object(Illuminate\\Http\\Request), Object(Closure))
#50 /Users/aldyhelix/Projects/www/backend_rmi/app/Http/Middleware/CheckForInstallation.php(19): Illuminate\\Pipeline\\Pipeline->Illuminate\\Pipeline\\{closure}(Object(Illuminate\\Http\\Request))
#51 /Users/aldyhelix/Projects/www/backend_rmi/vendor/laravel/framework/src/Illuminate/Pipeline/Pipeline.php(167): App\\Http\\Middleware\\CheckForInstallation->handle(Object(Illuminate\\Http\\Request), Object(Closure))
#52 /Users/aldyhelix/Projects/www/backend_rmi/vendor/laravel/framework/src/Illuminate/Foundation/Http/Middleware/TransformsRequest.php(21): Illuminate\\Pipeline\\Pipeline->Illuminate\\Pipeline\\{closure}(Object(Illuminate\\Http\\Request))
#53 /Users/aldyhelix/Projects/www/backend_rmi/vendor/laravel/framework/src/Illuminate/Foundation/Http/Middleware/ConvertEmptyStringsToNull.php(31): Illuminate\\Foundation\\Http\\Middleware\\TransformsRequest->handle(Object(Illuminate\\Http\\Request), Object(Closure))
#54 /Users/aldyhelix/Projects/www/backend_rmi/vendor/laravel/framework/src/Illuminate/Pipeline/Pipeline.php(167): Illuminate\\Foundation\\Http\\Middleware\\ConvertEmptyStringsToNull->handle(Object(Illuminate\\Http\\Request), Object(Closure))
#55 /Users/aldyhelix/Projects/www/backend_rmi/vendor/laravel/framework/src/Illuminate/Foundation/Http/Middleware/TransformsRequest.php(21): Illuminate\\Pipeline\\Pipeline->Illuminate\\Pipeline\\{closure}(Object(Illuminate\\Http\\Request))
#56 /Users/aldyhelix/Projects/www/backend_rmi/vendor/laravel/framework/src/Illuminate/Foundation/Http/Middleware/TrimStrings.php(40): Illuminate\\Foundation\\Http\\Middleware\\TransformsRequest->handle(Object(Illuminate\\Http\\Request), Object(Closure))
#57 /Users/aldyhelix/Projects/www/backend_rmi/vendor/laravel/framework/src/Illuminate/Pipeline/Pipeline.php(167): Illuminate\\Foundation\\Http\\Middleware\\TrimStrings->handle(Object(Illuminate\\Http\\Request), Object(Closure))
#58 /Users/aldyhelix/Projects/www/backend_rmi/vendor/laravel/framework/src/Illuminate/Foundation/Http/Middleware/ValidatePostSize.php(27): Illuminate\\Pipeline\\Pipeline->Illuminate\\Pipeline\\{closure}(Object(Illuminate\\Http\\Request))
#59 /Users/aldyhelix/Projects/www/backend_rmi/vendor/laravel/framework/src/Illuminate/Pipeline/Pipeline.php(167): Illuminate\\Foundation\\Http\\Middleware\\ValidatePostSize->handle(Object(Illuminate\\Http\\Request), Object(Closure))
#60 /Users/aldyhelix/Projects/www/backend_rmi/vendor/laravel/framework/src/Illuminate/Foundation/Http/Middleware/PreventRequestsDuringMaintenance.php(86): Illuminate\\Pipeline\\Pipeline->Illuminate\\Pipeline\\{closure}(Object(Illuminate\\Http\\Request))
#61 /Users/aldyhelix/Projects/www/backend_rmi/vendor/laravel/framework/src/Illuminate/Pipeline/Pipeline.php(167): Illuminate\\Foundation\\Http\\Middleware\\PreventRequestsDuringMaintenance->handle(Object(Illuminate\\Http\\Request), Object(Closure))
#62 /Users/aldyhelix/Projects/www/backend_rmi/vendor/fruitcake/laravel-cors/src/HandleCors.php(38): Illuminate\\Pipeline\\Pipeline->Illuminate\\Pipeline\\{closure}(Object(Illuminate\\Http\\Request))
#63 /Users/aldyhelix/Projects/www/backend_rmi/vendor/laravel/framework/src/Illuminate/Pipeline/Pipeline.php(167): Fruitcake\\Cors\\HandleCors->handle(Object(Illuminate\\Http\\Request), Object(Closure))
#64 /Users/aldyhelix/Projects/www/backend_rmi/vendor/laravel/framework/src/Illuminate/Http/Middleware/TrustProxies.php(39): Illuminate\\Pipeline\\Pipeline->Illuminate\\Pipeline\\{closure}(Object(Illuminate\\Http\\Request))
#65 /Users/aldyhelix/Projects/www/backend_rmi/vendor/laravel/framework/src/Illuminate/Pipeline/Pipeline.php(167): Illuminate\\Http\\Middleware\\TrustProxies->handle(Object(Illuminate\\Http\\Request), Object(Closure))
#66 /Users/aldyhelix/Projects/www/backend_rmi/vendor/laravel/framework/src/Illuminate/Pipeline/Pipeline.php(103): Illuminate\\Pipeline\\Pipeline->Illuminate\\Pipeline\\{closure}(Object(Illuminate\\Http\\Request))
#67 /Users/aldyhelix/Projects/www/backend_rmi/vendor/laravel/framework/src/Illuminate/Foundation/Http/Kernel.php(142): Illuminate\\Pipeline\\Pipeline->then(Object(Closure))
#68 /Users/aldyhelix/Projects/www/backend_rmi/vendor/laravel/framework/src/Illuminate/Foundation/Http/Kernel.php(111): Illuminate\\Foundation\\Http\\Kernel->sendRequestThroughRouter(Object(Illuminate\\Http\\Request))
#69 /Users/aldyhelix/Projects/www/backend_rmi/public/index.php(58): Illuminate\\Foundation\\Http\\Kernel->handle(Object(Illuminate\\Http\\Request))
#70 /Applications/Herd.app/Contents/Resources/valet/server.php(153): require('/Users/aldyheli...')
#71 {main}

[previous exception] [object] (Error(code: 0): Class \"Livewire\\Livewire\" not found at /Users/aldyhelix/Projects/www/backend_rmi/storage/framework/views/7614a377bf597da1c7ed67416eae576b7feee755.php:4)
[stacktrace]
#0 /Users/aldyhelix/Projects/www/backend_rmi/vendor/laravel/framework/src/Illuminate/Filesystem/Filesystem.php(107): require()
#1 /Users/aldyhelix/Projects/www/backend_rmi/vendor/laravel/framework/src/Illuminate/Filesystem/Filesystem.php(108): Illuminate\\Filesystem\\Filesystem::Illuminate\\Filesystem\\{closure}()
#2 /Users/aldyhelix/Projects/www/backend_rmi/vendor/laravel/framework/src/Illuminate/View/Engines/PhpEngine.php(58): Illuminate\\Filesystem\\Filesystem->getRequire('/Users/aldyheli...', Array)
#3 /Users/aldyhelix/Projects/www/backend_rmi/vendor/laravel/framework/src/Illuminate/View/Engines/CompilerEngine.php(61): Illuminate\\View\\Engines\\PhpEngine->evaluatePath('/Users/aldyheli...', Array)
#4 /Users/aldyhelix/Projects/www/backend_rmi/vendor/facade/ignition/src/Views/Engines/CompilerEngine.php(37): Illuminate\\View\\Engines\\CompilerEngine->get('/Users/aldyheli...', Array)
#5 /Users/aldyhelix/Projects/www/backend_rmi/vendor/laravel/framework/src/Illuminate/View/View.php(139): Facade\\Ignition\\Views\\Engines\\CompilerEngine->get('/Users/aldyheli...', Array)
#6 /Users/aldyhelix/Projects/www/backend_rmi/vendor/laravel/framework/src/Illuminate/View/View.php(122): Illuminate\\View\\View->getContents()
#7 /Users/aldyhelix/Projects/www/backend_rmi/vendor/laravel/framework/src/Illuminate/View/View.php(91): Illuminate\\View\\View->renderContents()
#8 /Users/aldyhelix/Projects/www/backend_rmi/vendor/laravel/framework/src/Illuminate/Http/Response.php(69): Illuminate\\View\\View->render()
#9 /Users/aldyhelix/Projects/www/backend_rmi/vendor/laravel/framework/src/Illuminate/Http/Response.php(35): Illuminate\\Http\\Response->setContent(Object(Illuminate\\View\\View))
#10 /Users/aldyhelix/Projects/www/backend_rmi/vendor/laravel/framework/src/Illuminate/Routing/Router.php(820): Illuminate\\Http\\Response->__construct(Object(Illuminate\\View\\View), 200, Array)
#11 /Users/aldyhelix/Projects/www/backend_rmi/vendor/laravel/framework/src/Illuminate/Routing/Router.php(789): Illuminate\\Routing\\Router::toResponse(Object(Illuminate\\Http\\Request), Object(Illuminate\\View\\View))
#12 /Users/aldyhelix/Projects/www/backend_rmi/vendor/laravel/framework/src/Illuminate/Routing/Router.php(720): Illuminate\\Routing\\Router->prepareResponse(Object(Illuminate\\Http\\Request), Object(Illuminate\\View\\View))
#13 /Users/aldyhelix/Projects/www/backend_rmi/vendor/laravel/framework/src/Illuminate/Pipeline/Pipeline.php(128): Illuminate\\Routing\\Router->Illuminate\\Routing\\{closure}(Object(Illuminate\\Http\\Request))
#14 /Users/aldyhelix/Projects/www/backend_rmi/app/Http/Middleware/DashboardSetup.php(22): Illuminate\\Pipeline\\Pipeline->Illuminate\\Pipeline\\{closure}(Object(Illuminate\\Http\\Request))
#15 /Users/aldyhelix/Projects/www/backend_rmi/vendor/laravel/framework/src/Illuminate/Pipeline/Pipeline.php(167): App\\Http\\Middleware\\DashboardSetup->handle(Object(Illuminate\\Http\\Request), Object(Closure))
#16 /Users/aldyhelix/Projects/www/backend_rmi/app/Http/Middleware/CheckIfBillingInfoRequired.php(24): Illuminate\\Pipeline\\Pipeline->Illuminate\\Pipeline\\{closure}(Object(Illuminate\\Http\\Request))
#17 /Users/aldyhelix/Projects/www/backend_rmi/vendor/laravel/framework/src/Illuminate/Pipeline/Pipeline.php(167): App\\Http\\Middleware\\CheckIfBillingInfoRequired->handle(Object(Illuminate\\Http\\Request), Object(Closure))
#18 /Users/aldyhelix/Projects/www/backend_rmi/app/Http/Middleware/VerifyUserIsSubscribed.php(25): Illuminate\\Pipeline\\Pipeline->Illuminate\\Pipeline\\{closure}(Object(Illuminate\\Http\\Request))
#19 /Users/aldyhelix/Projects/www/backend_rmi/vendor/laravel/framework/src/Illuminate/Pipeline/Pipeline.php(167): App\\Http\\Middleware\\VerifyUserIsSubscribed->handle(Object(Illuminate\\Http\\Request), Object(Closure))
#20 /Users/aldyhelix/Projects/www/backend_rmi/app/Http/Middleware/CookieConsentMiddleware.php(21): Illuminate\\Pipeline\\Pipeline->Illuminate\\Pipeline\\{closure}(Object(Illuminate\\Http\\Request))
#21 /Users/aldyhelix/Projects/www/backend_rmi/vendor/laravel/framework/src/Illuminate/Pipeline/Pipeline.php(167): App\\Http\\Middleware\\CookieConsentMiddleware->handle(Object(Illuminate\\Http\\Request), Object(Closure))
#22 /Users/aldyhelix/Projects/www/backend_rmi/app/Http/Middleware/Language.php(64): Illuminate\\Pipeline\\Pipeline->Illuminate\\Pipeline\\{closure}(Object(Illuminate\\Http\\Request))
#23 /Users/aldyhelix/Projects/www/backend_rmi/vendor/laravel/framework/src/Illuminate/Pipeline/Pipeline.php(167): App\\Http\\Middleware\\Language->handle(Object(Illuminate\\Http\\Request), Object(Closure))
#24 /Users/aldyhelix/Projects/www/backend_rmi/app/Http/Middleware/InitSettings.php(8): Illuminate\\Pipeline\\Pipeline->Illuminate\\Pipeline\\{closure}(Object(Illuminate\\Http\\Request))
#25 /Users/aldyhelix/Projects/www/backend_rmi/vendor/laravel/framework/src/Illuminate/Pipeline/Pipeline.php(167): App\\Http\\Middleware\\InitSettings->handle(Object(Illuminate\\Http\\Request), Object(Closure))
#26 /Users/aldyhelix/Projects/www/backend_rmi/vendor/laravel/framework/src/Illuminate/Routing/Middleware/SubstituteBindings.php(50): Illuminate\\Pipeline\\Pipeline->Illuminate\\Pipeline\\{closure}(Object(Illuminate\\Http\\Request))
#27 /Users/aldyhelix/Projects/www/backend_rmi/vendor/laravel/framework/src/Illuminate/Pipeline/Pipeline.php(167): Illuminate\\Routing\\Middleware\\SubstituteBindings->handle(Object(Illuminate\\Http\\Request), Object(Closure))
#28 /Users/aldyhelix/Projects/www/backend_rmi/vendor/laravel/framework/src/Illuminate/Auth/Middleware/Authenticate.php(44): Illuminate\\Pipeline\\Pipeline->Illuminate\\Pipeline\\{closure}(Object(Illuminate\\Http\\Request))
#29 /Users/aldyhelix/Projects/www/backend_rmi/vendor/laravel/framework/src/Illuminate/Pipeline/Pipeline.php(167): Illuminate\\Auth\\Middleware\\Authenticate->handle(Object(Illuminate\\Http\\Request), Object(Closure))
#30 /Users/aldyhelix/Projects/www/backend_rmi/vendor/laravel/framework/src/Illuminate/Foundation/Http/Middleware/VerifyCsrfToken.php(78): Illuminate\\Pipeline\\Pipeline->Illuminate\\Pipeline\\{closure}(Object(Illuminate\\Http\\Request))
#31 /Users/aldyhelix/Projects/www/backend_rmi/vendor/laravel/framework/src/Illuminate/Pipeline/Pipeline.php(167): Illuminate\\Foundation\\Http\\Middleware\\VerifyCsrfToken->handle(Object(Illuminate\\Http\\Request), Object(Closure))
#32 /Users/aldyhelix/Projects/www/backend_rmi/vendor/laravel/framework/src/Illuminate/View/Middleware/ShareErrorsFromSession.php(49): Illuminate\\Pipeline\\Pipeline->Illuminate\\Pipeline\\{closure}(Object(Illuminate\\Http\\Request))
#33 /Users/aldyhelix/Projects/www/backend_rmi/vendor/laravel/framework/src/Illuminate/Pipeline/Pipeline.php(167): Illuminate\\View\\Middleware\\ShareErrorsFromSession->handle(Object(Illuminate\\Http\\Request), Object(Closure))
#34 /Users/aldyhelix/Projects/www/backend_rmi/vendor/laravel/framework/src/Illuminate/Session/Middleware/StartSession.php(121): Illuminate\\Pipeline\\Pipeline->Illuminate\\Pipeline\\{closure}(Object(Illuminate\\Http\\Request))
#35 /Users/aldyhelix/Projects/www/backend_rmi/vendor/laravel/framework/src/Illuminate/Session/Middleware/StartSession.php(64): Illuminate\\Session\\Middleware\\StartSession->handleStatefulRequest(Object(Illuminate\\Http\\Request), Object(Illuminate\\Session\\EncryptedStore), Object(Closure))
#36 /Users/aldyhelix/Projects/www/backend_rmi/vendor/laravel/framework/src/Illuminate/Pipeline/Pipeline.php(167): Illuminate\\Session\\Middleware\\StartSession->handle(Object(Illuminate\\Http\\Request), Object(Closure))
#37 /Users/aldyhelix/Projects/www/backend_rmi/vendor/laravel/framework/src/Illuminate/Cookie/Middleware/AddQueuedCookiesToResponse.php(37): Illuminate\\Pipeline\\Pipeline->Illuminate\\Pipeline\\{closure}(Object(Illuminate\\Http\\Request))
#38 /Users/aldyhelix/Projects/www/backend_rmi/vendor/laravel/framework/src/Illuminate/Pipeline/Pipeline.php(167): Illuminate\\Cookie\\Middleware\\AddQueuedCookiesToResponse->handle(Object(Illuminate\\Http\\Request), Object(Closure))
#39 /Users/aldyhelix/Projects/www/backend_rmi/vendor/laravel/framework/src/Illuminate/Cookie/Middleware/EncryptCookies.php(67): Illuminate\\Pipeline\\Pipeline->Illuminate\\Pipeline\\{closure}(Object(Illuminate\\Http\\Request))
#40 /Users/aldyhelix/Projects/www/backend_rmi/vendor/laravel/framework/src/Illuminate/Pipeline/Pipeline.php(167): Illuminate\\Cookie\\Middleware\\EncryptCookies->handle(Object(Illuminate\\Http\\Request), Object(Closure))
#41 /Users/aldyhelix/Projects/www/backend_rmi/vendor/laravel/framework/src/Illuminate/Pipeline/Pipeline.php(103): Illuminate\\Pipeline\\Pipeline->Illuminate\\Pipeline\\{closure}(Object(Illuminate\\Http\\Request))
#42 /Users/aldyhelix/Projects/www/backend_rmi/vendor/laravel/framework/src/Illuminate/Routing/Router.php(719): Illuminate\\Pipeline\\Pipeline->then(Object(Closure))
#43 /Users/aldyhelix/Projects/www/backend_rmi/vendor/laravel/framework/src/Illuminate/Routing/Router.php(698): Illuminate\\Routing\\Router->runRouteWithinStack(Object(Illuminate\\Routing\\Route), Object(Illuminate\\Http\\Request))
#44 /Users/aldyhelix/Projects/www/backend_rmi/vendor/laravel/framework/src/Illuminate/Routing/Router.php(662): Illuminate\\Routing\\Router->runRoute(Object(Illuminate\\Http\\Request), Object(Illuminate\\Routing\\Route))
#45 /Users/aldyhelix/Projects/www/backend_rmi/vendor/laravel/framework/src/Illuminate/Routing/Router.php(651): Illuminate\\Routing\\Router->dispatchToRoute(Object(Illuminate\\Http\\Request))
#46 /Users/aldyhelix/Projects/www/backend_rmi/vendor/laravel/framework/src/Illuminate/Foundation/Http/Kernel.php(167): Illuminate\\Routing\\Router->dispatch(Object(Illuminate\\Http\\Request))
#47 /Users/aldyhelix/Projects/www/backend_rmi/vendor/laravel/framework/src/Illuminate/Pipeline/Pipeline.php(128): Illuminate\\Foundation\\Http\\Kernel->Illuminate\\Foundation\\Http\\{closure}(Object(Illuminate\\Http\\Request))
#48 /Users/aldyhelix/Projects/www/backend_rmi/vendor/barryvdh/laravel-debugbar/src/Middleware/InjectDebugbar.php(66): Illuminate\\Pipeline\\Pipeline->Illuminate\\Pipeline\\{closure}(Object(Illuminate\\Http\\Request))
#49 /Users/aldyhelix/Projects/www/backend_rmi/vendor/laravel/framework/src/Illuminate/Pipeline/Pipeline.php(167): Barryvdh\\Debugbar\\Middleware\\InjectDebugbar->handle(Object(Illuminate\\Http\\Request), Object(Closure))
#50 /Users/aldyhelix/Projects/www/backend_rmi/app/Http/Middleware/CheckForInstallation.php(19): Illuminate\\Pipeline\\Pipeline->Illuminate\\Pipeline\\{closure}(Object(Illuminate\\Http\\Request))
#51 /Users/aldyhelix/Projects/www/backend_rmi/vendor/laravel/framework/src/Illuminate/Pipeline/Pipeline.php(167): App\\Http\\Middleware\\CheckForInstallation->handle(Object(Illuminate\\Http\\Request), Object(Closure))
#52 /Users/aldyhelix/Projects/www/backend_rmi/vendor/laravel/framework/src/Illuminate/Foundation/Http/Middleware/TransformsRequest.php(21): Illuminate\\Pipeline\\Pipeline->Illuminate\\Pipeline\\{closure}(Object(Illuminate\\Http\\Request))
#53 /Users/aldyhelix/Projects/www/backend_rmi/vendor/laravel/framework/src/Illuminate/Foundation/Http/Middleware/ConvertEmptyStringsToNull.php(31): Illuminate\\Foundation\\Http\\Middleware\\TransformsRequest->handle(Object(Illuminate\\Http\\Request), Object(Closure))
#54 /Users/aldyhelix/Projects/www/backend_rmi/vendor/laravel/framework/src/Illuminate/Pipeline/Pipeline.php(167): Illuminate\\Foundation\\Http\\Middleware\\ConvertEmptyStringsToNull->handle(Object(Illuminate\\Http\\Request), Object(Closure))
#55 /Users/aldyhelix/Projects/www/backend_rmi/vendor/laravel/framework/src/Illuminate/Foundation/Http/Middleware/TransformsRequest.php(21): Illuminate\\Pipeline\\Pipeline->Illuminate\\Pipeline\\{closure}(Object(Illuminate\\Http\\Request))
#56 /Users/aldyhelix/Projects/www/backend_rmi/vendor/laravel/framework/src/Illuminate/Foundation/Http/Middleware/TrimStrings.php(40): Illuminate\\Foundation\\Http\\Middleware\\TransformsRequest->handle(Object(Illuminate\\Http\\Request), Object(Closure))
#57 /Users/aldyhelix/Projects/www/backend_rmi/vendor/laravel/framework/src/Illuminate/Pipeline/Pipeline.php(167): Illuminate\\Foundation\\Http\\Middleware\\TrimStrings->handle(Object(Illuminate\\Http\\Request), Object(Closure))
#58 /Users/aldyhelix/Projects/www/backend_rmi/vendor/laravel/framework/src/Illuminate/Foundation/Http/Middleware/ValidatePostSize.php(27): Illuminate\\Pipeline\\Pipeline->Illuminate\\Pipeline\\{closure}(Object(Illuminate\\Http\\Request))
#59 /Users/aldyhelix/Projects/www/backend_rmi/vendor/laravel/framework/src/Illuminate/Pipeline/Pipeline.php(167): Illuminate\\Foundation\\Http\\Middleware\\ValidatePostSize->handle(Object(Illuminate\\Http\\Request), Object(Closure))
#60 /Users/aldyhelix/Projects/www/backend_rmi/vendor/laravel/framework/src/Illuminate/Foundation/Http/Middleware/PreventRequestsDuringMaintenance.php(86): Illuminate\\Pipeline\\Pipeline->Illuminate\\Pipeline\\{closure}(Object(Illuminate\\Http\\Request))
#61 /Users/aldyhelix/Projects/www/backend_rmi/vendor/laravel/framework/src/Illuminate/Pipeline/Pipeline.php(167): Illuminate\\Foundation\\Http\\Middleware\\PreventRequestsDuringMaintenance->handle(Object(Illuminate\\Http\\Request), Object(Closure))
#62 /Users/aldyhelix/Projects/www/backend_rmi/vendor/fruitcake/laravel-cors/src/HandleCors.php(38): Illuminate\\Pipeline\\Pipeline->Illuminate\\Pipeline\\{closure}(Object(Illuminate\\Http\\Request))
#63 /Users/aldyhelix/Projects/www/backend_rmi/vendor/laravel/framework/src/Illuminate/Pipeline/Pipeline.php(167): Fruitcake\\Cors\\HandleCors->handle(Object(Illuminate\\Http\\Request), Object(Closure))
#64 /Users/aldyhelix/Projects/www/backend_rmi/vendor/laravel/framework/src/Illuminate/Http/Middleware/TrustProxies.php(39): Illuminate\\Pipeline\\Pipeline->Illuminate\\Pipeline\\{closure}(Object(Illuminate\\Http\\Request))
#65 /Users/aldyhelix/Projects/www/backend_rmi/vendor/laravel/framework/src/Illuminate/Pipeline/Pipeline.php(167): Illuminate\\Http\\Middleware\\TrustProxies->handle(Object(Illuminate\\Http\\Request), Object(Closure))
#66 /Users/aldyhelix/Projects/www/backend_rmi/vendor/laravel/framework/src/Illuminate/Pipeline/Pipeline.php(103): Illuminate\\Pipeline\\Pipeline->Illuminate\\Pipeline\\{closure}(Object(Illuminate\\Http\\Request))
#67 /Users/aldyhelix/Projects/www/backend_rmi/vendor/laravel/framework/src/Illuminate/Foundation/Http/Kernel.php(142): Illuminate\\Pipeline\\Pipeline->then(Object(Closure))
#68 /Users/aldyhelix/Projects/www/backend_rmi/vendor/laravel/framework/src/Illuminate/Foundation/Http/Kernel.php(111): Illuminate\\Foundation\\Http\\Kernel->sendRequestThroughRouter(Object(Illuminate\\Http\\Request))
#69 /Users/aldyhelix/Projects/www/backend_rmi/public/index.php(58): Illuminate\\Foundation\\Http\\Kernel->handle(Object(Illuminate\\Http\\Request))
#70 /Applications/Herd.app/Contents/Resources/valet/server.php(153): require('/Users/aldyheli...')
#71 {main}
"} 
[2024-06-14 17:16:40] production.ERROR: SQLSTATE[42S22]: Column not found: 1054 Unknown column 'warehouse_name' in 'field list' (SQL: select `warehouse_name`, `shop_id` from `users` where `warehouse_name` LIKE Warehouse% and `users`.`deleted_at` is null group by `warehouse_name`) (View: /Users/aldyhelix/Projects/www/backend_rmi/resources/views/admin/dashboard/platform.blade.php) {"view":{"view":"/Users/aldyhelix/Projects/www/backend_rmi/vendor/laravel/framework/src/Illuminate/Database/Connection.php","data":[]},"userId":1,"exception":"[object] (Facade\\Ignition\\Exceptions\\ViewException(code: 0): SQLSTATE[42S22]: Column not found: 1054 Unknown column 'warehouse_name' in 'field list' (SQL: select `warehouse_name`, `shop_id` from `users` where `warehouse_name` LIKE Warehouse% and `users`.`deleted_at` is null group by `warehouse_name`) (View: /Users/aldyhelix/Projects/www/backend_rmi/resources/views/admin/dashboard/platform.blade.php) at /Users/aldyhelix/Projects/www/backend_rmi/vendor/laravel/framework/src/Illuminate/Database/Connection.php:712)
[stacktrace]
#0 /Users/aldyhelix/Projects/www/backend_rmi/vendor/laravel/framework/src/Illuminate/Database/Connection.php(672): Illuminate\\Database\\Connection->runQueryCallback('select `warehou...', Array, Object(Closure))
#1 /Users/aldyhelix/Projects/www/backend_rmi/vendor/laravel/framework/src/Illuminate/Database/Connection.php(359): Illuminate\\Database\\Connection->run('select `warehou...', Array, Object(Closure))
#2 /Users/aldyhelix/Projects/www/backend_rmi/vendor/laravel/framework/src/Illuminate/Database/Query/Builder.php(2413): Illuminate\\Database\\Connection->select('select `warehou...', Array, true)
#3 /Users/aldyhelix/Projects/www/backend_rmi/vendor/laravel/framework/src/Illuminate/Database/Query/Builder.php(2626): Illuminate\\Database\\Query\\Builder->runSelect()
#4 /Users/aldyhelix/Projects/www/backend_rmi/vendor/laravel/framework/src/Illuminate/Database/Query/Builder.php(2936): Illuminate\\Database\\Query\\Builder->Illuminate\\Database\\Query\\{closure}()
#5 /Users/aldyhelix/Projects/www/backend_rmi/vendor/laravel/framework/src/Illuminate/Database/Query/Builder.php(2622): Illuminate\\Database\\Query\\Builder->onceWithColumns(Array, Object(Closure))
#6 /Users/aldyhelix/Projects/www/backend_rmi/vendor/laravel/framework/src/Illuminate/Database/Eloquent/Builder.php(775): Illuminate\\Database\\Query\\Builder->pluck('warehouse_name', 'shop_id')
#7 /Users/aldyhelix/Projects/www/backend_rmi/app/Http/Livewire/Dashboard.php(89): Illuminate\\Database\\Eloquent\\Builder->pluck('warehouse_name', 'shop_id')
#8 /Users/aldyhelix/Projects/www/backend_rmi/vendor/laravel/framework/src/Illuminate/Container/BoundMethod.php(36): App\\Http\\Livewire\\Dashboard->mount(0, 0, 0, 0, 0, 0, 0, 0, 0, 0, 0, 0, 0, 0)
#9 /Users/aldyhelix/Projects/www/backend_rmi/vendor/laravel/framework/src/Illuminate/Container/Util.php(40): Illuminate\\Container\\BoundMethod::Illuminate\\Container\\{closure}()
#10 /Users/aldyhelix/Projects/www/backend_rmi/vendor/laravel/framework/src/Illuminate/Container/BoundMethod.php(93): Illuminate\\Container\\Util::unwrapIfClosure(Object(Closure))
#11 /Users/aldyhelix/Projects/www/backend_rmi/vendor/laravel/framework/src/Illuminate/Container/BoundMethod.php(35): Illuminate\\Container\\BoundMethod::callBoundMethod(Object(Illuminate\\Foundation\\Application), Array, Object(Closure))
#12 /Users/aldyhelix/Projects/www/backend_rmi/vendor/livewire/livewire/src/LifecycleManager.php(114): Illuminate\\Container\\BoundMethod::call(Object(Illuminate\\Foundation\\Application), Array, Array)
#13 /Users/aldyhelix/Projects/www/backend_rmi/vendor/livewire/livewire/src/LivewireManager.php(130): Livewire\\LifecycleManager->mount(Array)
#14 /Users/aldyhelix/Projects/www/backend_rmi/vendor/laravel/framework/src/Illuminate/Support/Facades/Facade.php(261): Livewire\\LivewireManager->mount('dashboard', Array)
#15 /Users/aldyhelix/Projects/www/backend_rmi/resources/views/admin/dashboard/platform.blade.php(13): Illuminate\\Support\\Facades\\Facade::__callStatic('mount', Array)
#16 /Users/aldyhelix/Projects/www/backend_rmi/vendor/laravel/framework/src/Illuminate/Filesystem/Filesystem.php(107): require('/Users/aldyheli...')
#17 /Users/aldyhelix/Projects/www/backend_rmi/vendor/laravel/framework/src/Illuminate/Filesystem/Filesystem.php(108): Illuminate\\Filesystem\\Filesystem::Illuminate\\Filesystem\\{closure}()
#18 /Users/aldyhelix/Projects/www/backend_rmi/vendor/laravel/framework/src/Illuminate/View/Engines/PhpEngine.php(58): Illuminate\\Filesystem\\Filesystem->getRequire('/Users/aldyheli...', Array)
#19 /Users/aldyhelix/Projects/www/backend_rmi/vendor/livewire/livewire/src/ComponentConcerns/RendersLivewireComponents.php(69): Illuminate\\View\\Engines\\PhpEngine->evaluatePath('/Users/aldyheli...', Array)
#20 /Users/aldyhelix/Projects/www/backend_rmi/vendor/laravel/framework/src/Illuminate/View/Engines/CompilerEngine.php(61): Livewire\\CompilerEngineForIgnition->evaluatePath('/Users/aldyheli...', Array)
#21 /Users/aldyhelix/Projects/www/backend_rmi/vendor/facade/ignition/src/Views/Engines/CompilerEngine.php(37): Illuminate\\View\\Engines\\CompilerEngine->get('/Users/aldyheli...', Array)
#22 /Users/aldyhelix/Projects/www/backend_rmi/vendor/livewire/livewire/src/ComponentConcerns/RendersLivewireComponents.php(35): Facade\\Ignition\\Views\\Engines\\CompilerEngine->get('/Users/aldyheli...', Array)
#23 /Users/aldyhelix/Projects/www/backend_rmi/vendor/laravel/framework/src/Illuminate/View/View.php(139): Livewire\\CompilerEngineForIgnition->get('/Users/aldyheli...', Array)
#24 /Users/aldyhelix/Projects/www/backend_rmi/vendor/laravel/framework/src/Illuminate/View/View.php(122): Illuminate\\View\\View->getContents()
#25 /Users/aldyhelix/Projects/www/backend_rmi/vendor/laravel/framework/src/Illuminate/View/View.php(91): Illuminate\\View\\View->renderContents()
#26 /Users/aldyhelix/Projects/www/backend_rmi/vendor/laravel/framework/src/Illuminate/Http/Response.php(69): Illuminate\\View\\View->render()
#27 /Users/aldyhelix/Projects/www/backend_rmi/vendor/laravel/framework/src/Illuminate/Http/Response.php(35): Illuminate\\Http\\Response->setContent(Object(Illuminate\\View\\View))
#28 /Users/aldyhelix/Projects/www/backend_rmi/vendor/laravel/framework/src/Illuminate/Routing/Router.php(820): Illuminate\\Http\\Response->__construct(Object(Illuminate\\View\\View), 200, Array)
#29 /Users/aldyhelix/Projects/www/backend_rmi/vendor/laravel/framework/src/Illuminate/Routing/Router.php(789): Illuminate\\Routing\\Router::toResponse(Object(Illuminate\\Http\\Request), Object(Illuminate\\View\\View))
#30 /Users/aldyhelix/Projects/www/backend_rmi/vendor/laravel/framework/src/Illuminate/Routing/Router.php(720): Illuminate\\Routing\\Router->prepareResponse(Object(Illuminate\\Http\\Request), Object(Illuminate\\View\\View))
#31 /Users/aldyhelix/Projects/www/backend_rmi/vendor/laravel/framework/src/Illuminate/Pipeline/Pipeline.php(128): Illuminate\\Routing\\Router->Illuminate\\Routing\\{closure}(Object(Illuminate\\Http\\Request))
#32 /Users/aldyhelix/Projects/www/backend_rmi/app/Http/Middleware/DashboardSetup.php(22): Illuminate\\Pipeline\\Pipeline->Illuminate\\Pipeline\\{closure}(Object(Illuminate\\Http\\Request))
#33 /Users/aldyhelix/Projects/www/backend_rmi/vendor/laravel/framework/src/Illuminate/Pipeline/Pipeline.php(167): App\\Http\\Middleware\\DashboardSetup->handle(Object(Illuminate\\Http\\Request), Object(Closure))
#34 /Users/aldyhelix/Projects/www/backend_rmi/app/Http/Middleware/CheckIfBillingInfoRequired.php(24): Illuminate\\Pipeline\\Pipeline->Illuminate\\Pipeline\\{closure}(Object(Illuminate\\Http\\Request))
#35 /Users/aldyhelix/Projects/www/backend_rmi/vendor/laravel/framework/src/Illuminate/Pipeline/Pipeline.php(167): App\\Http\\Middleware\\CheckIfBillingInfoRequired->handle(Object(Illuminate\\Http\\Request), Object(Closure))
#36 /Users/aldyhelix/Projects/www/backend_rmi/app/Http/Middleware/VerifyUserIsSubscribed.php(25): Illuminate\\Pipeline\\Pipeline->Illuminate\\Pipeline\\{closure}(Object(Illuminate\\Http\\Request))
#37 /Users/aldyhelix/Projects/www/backend_rmi/vendor/laravel/framework/src/Illuminate/Pipeline/Pipeline.php(167): App\\Http\\Middleware\\VerifyUserIsSubscribed->handle(Object(Illuminate\\Http\\Request), Object(Closure))
#38 /Users/aldyhelix/Projects/www/backend_rmi/app/Http/Middleware/CookieConsentMiddleware.php(21): Illuminate\\Pipeline\\Pipeline->Illuminate\\Pipeline\\{closure}(Object(Illuminate\\Http\\Request))
#39 /Users/aldyhelix/Projects/www/backend_rmi/vendor/laravel/framework/src/Illuminate/Pipeline/Pipeline.php(167): App\\Http\\Middleware\\CookieConsentMiddleware->handle(Object(Illuminate\\Http\\Request), Object(Closure))
#40 /Users/aldyhelix/Projects/www/backend_rmi/app/Http/Middleware/Language.php(64): Illuminate\\Pipeline\\Pipeline->Illuminate\\Pipeline\\{closure}(Object(Illuminate\\Http\\Request))
#41 /Users/aldyhelix/Projects/www/backend_rmi/vendor/laravel/framework/src/Illuminate/Pipeline/Pipeline.php(167): App\\Http\\Middleware\\Language->handle(Object(Illuminate\\Http\\Request), Object(Closure))
#42 /Users/aldyhelix/Projects/www/backend_rmi/app/Http/Middleware/InitSettings.php(8): Illuminate\\Pipeline\\Pipeline->Illuminate\\Pipeline\\{closure}(Object(Illuminate\\Http\\Request))
#43 /Users/aldyhelix/Projects/www/backend_rmi/vendor/laravel/framework/src/Illuminate/Pipeline/Pipeline.php(167): App\\Http\\Middleware\\InitSettings->handle(Object(Illuminate\\Http\\Request), Object(Closure))
#44 /Users/aldyhelix/Projects/www/backend_rmi/vendor/laravel/framework/src/Illuminate/Routing/Middleware/SubstituteBindings.php(50): Illuminate\\Pipeline\\Pipeline->Illuminate\\Pipeline\\{closure}(Object(Illuminate\\Http\\Request))
#45 /Users/aldyhelix/Projects/www/backend_rmi/vendor/laravel/framework/src/Illuminate/Pipeline/Pipeline.php(167): Illuminate\\Routing\\Middleware\\SubstituteBindings->handle(Object(Illuminate\\Http\\Request), Object(Closure))
#46 /Users/aldyhelix/Projects/www/backend_rmi/vendor/laravel/framework/src/Illuminate/Auth/Middleware/Authenticate.php(44): Illuminate\\Pipeline\\Pipeline->Illuminate\\Pipeline\\{closure}(Object(Illuminate\\Http\\Request))
#47 /Users/aldyhelix/Projects/www/backend_rmi/vendor/laravel/framework/src/Illuminate/Pipeline/Pipeline.php(167): Illuminate\\Auth\\Middleware\\Authenticate->handle(Object(Illuminate\\Http\\Request), Object(Closure))
#48 /Users/aldyhelix/Projects/www/backend_rmi/vendor/laravel/framework/src/Illuminate/Foundation/Http/Middleware/VerifyCsrfToken.php(78): Illuminate\\Pipeline\\Pipeline->Illuminate\\Pipeline\\{closure}(Object(Illuminate\\Http\\Request))
#49 /Users/aldyhelix/Projects/www/backend_rmi/vendor/laravel/framework/src/Illuminate/Pipeline/Pipeline.php(167): Illuminate\\Foundation\\Http\\Middleware\\VerifyCsrfToken->handle(Object(Illuminate\\Http\\Request), Object(Closure))
#50 /Users/aldyhelix/Projects/www/backend_rmi/vendor/laravel/framework/src/Illuminate/View/Middleware/ShareErrorsFromSession.php(49): Illuminate\\Pipeline\\Pipeline->Illuminate\\Pipeline\\{closure}(Object(Illuminate\\Http\\Request))
#51 /Users/aldyhelix/Projects/www/backend_rmi/vendor/laravel/framework/src/Illuminate/Pipeline/Pipeline.php(167): Illuminate\\View\\Middleware\\ShareErrorsFromSession->handle(Object(Illuminate\\Http\\Request), Object(Closure))
#52 /Users/aldyhelix/Projects/www/backend_rmi/vendor/laravel/framework/src/Illuminate/Session/Middleware/StartSession.php(121): Illuminate\\Pipeline\\Pipeline->Illuminate\\Pipeline\\{closure}(Object(Illuminate\\Http\\Request))
#53 /Users/aldyhelix/Projects/www/backend_rmi/vendor/laravel/framework/src/Illuminate/Session/Middleware/StartSession.php(64): Illuminate\\Session\\Middleware\\StartSession->handleStatefulRequest(Object(Illuminate\\Http\\Request), Object(Illuminate\\Session\\EncryptedStore), Object(Closure))
#54 /Users/aldyhelix/Projects/www/backend_rmi/vendor/laravel/framework/src/Illuminate/Pipeline/Pipeline.php(167): Illuminate\\Session\\Middleware\\StartSession->handle(Object(Illuminate\\Http\\Request), Object(Closure))
#55 /Users/aldyhelix/Projects/www/backend_rmi/vendor/laravel/framework/src/Illuminate/Cookie/Middleware/AddQueuedCookiesToResponse.php(37): Illuminate\\Pipeline\\Pipeline->Illuminate\\Pipeline\\{closure}(Object(Illuminate\\Http\\Request))
#56 /Users/aldyhelix/Projects/www/backend_rmi/vendor/laravel/framework/src/Illuminate/Pipeline/Pipeline.php(167): Illuminate\\Cookie\\Middleware\\AddQueuedCookiesToResponse->handle(Object(Illuminate\\Http\\Request), Object(Closure))
#57 /Users/aldyhelix/Projects/www/backend_rmi/vendor/laravel/framework/src/Illuminate/Cookie/Middleware/EncryptCookies.php(67): Illuminate\\Pipeline\\Pipeline->Illuminate\\Pipeline\\{closure}(Object(Illuminate\\Http\\Request))
#58 /Users/aldyhelix/Projects/www/backend_rmi/vendor/laravel/framework/src/Illuminate/Pipeline/Pipeline.php(167): Illuminate\\Cookie\\Middleware\\EncryptCookies->handle(Object(Illuminate\\Http\\Request), Object(Closure))
#59 /Users/aldyhelix/Projects/www/backend_rmi/vendor/laravel/framework/src/Illuminate/Pipeline/Pipeline.php(103): Illuminate\\Pipeline\\Pipeline->Illuminate\\Pipeline\\{closure}(Object(Illuminate\\Http\\Request))
#60 /Users/aldyhelix/Projects/www/backend_rmi/vendor/laravel/framework/src/Illuminate/Routing/Router.php(719): Illuminate\\Pipeline\\Pipeline->then(Object(Closure))
#61 /Users/aldyhelix/Projects/www/backend_rmi/vendor/laravel/framework/src/Illuminate/Routing/Router.php(698): Illuminate\\Routing\\Router->runRouteWithinStack(Object(Illuminate\\Routing\\Route), Object(Illuminate\\Http\\Request))
#62 /Users/aldyhelix/Projects/www/backend_rmi/vendor/laravel/framework/src/Illuminate/Routing/Router.php(662): Illuminate\\Routing\\Router->runRoute(Object(Illuminate\\Http\\Request), Object(Illuminate\\Routing\\Route))
#63 /Users/aldyhelix/Projects/www/backend_rmi/vendor/laravel/framework/src/Illuminate/Routing/Router.php(651): Illuminate\\Routing\\Router->dispatchToRoute(Object(Illuminate\\Http\\Request))
#64 /Users/aldyhelix/Projects/www/backend_rmi/vendor/laravel/framework/src/Illuminate/Foundation/Http/Kernel.php(167): Illuminate\\Routing\\Router->dispatch(Object(Illuminate\\Http\\Request))
#65 /Users/aldyhelix/Projects/www/backend_rmi/vendor/laravel/framework/src/Illuminate/Pipeline/Pipeline.php(128): Illuminate\\Foundation\\Http\\Kernel->Illuminate\\Foundation\\Http\\{closure}(Object(Illuminate\\Http\\Request))
#66 /Users/aldyhelix/Projects/www/backend_rmi/vendor/livewire/livewire/src/DisableBrowserCache.php(19): Illuminate\\Pipeline\\Pipeline->Illuminate\\Pipeline\\{closure}(Object(Illuminate\\Http\\Request))
#67 /Users/aldyhelix/Projects/www/backend_rmi/vendor/laravel/framework/src/Illuminate/Pipeline/Pipeline.php(167): Livewire\\DisableBrowserCache->handle(Object(Illuminate\\Http\\Request), Object(Closure))
#68 /Users/aldyhelix/Projects/www/backend_rmi/vendor/barryvdh/laravel-debugbar/src/Middleware/InjectDebugbar.php(66): Illuminate\\Pipeline\\Pipeline->Illuminate\\Pipeline\\{closure}(Object(Illuminate\\Http\\Request))
#69 /Users/aldyhelix/Projects/www/backend_rmi/vendor/laravel/framework/src/Illuminate/Pipeline/Pipeline.php(167): Barryvdh\\Debugbar\\Middleware\\InjectDebugbar->handle(Object(Illuminate\\Http\\Request), Object(Closure))
#70 /Users/aldyhelix/Projects/www/backend_rmi/app/Http/Middleware/CheckForInstallation.php(19): Illuminate\\Pipeline\\Pipeline->Illuminate\\Pipeline\\{closure}(Object(Illuminate\\Http\\Request))
#71 /Users/aldyhelix/Projects/www/backend_rmi/vendor/laravel/framework/src/Illuminate/Pipeline/Pipeline.php(167): App\\Http\\Middleware\\CheckForInstallation->handle(Object(Illuminate\\Http\\Request), Object(Closure))
#72 /Users/aldyhelix/Projects/www/backend_rmi/vendor/laravel/framework/src/Illuminate/Foundation/Http/Middleware/TransformsRequest.php(21): Illuminate\\Pipeline\\Pipeline->Illuminate\\Pipeline\\{closure}(Object(Illuminate\\Http\\Request))
#73 /Users/aldyhelix/Projects/www/backend_rmi/vendor/laravel/framework/src/Illuminate/Foundation/Http/Middleware/ConvertEmptyStringsToNull.php(31): Illuminate\\Foundation\\Http\\Middleware\\TransformsRequest->handle(Object(Illuminate\\Http\\Request), Object(Closure))
#74 /Users/aldyhelix/Projects/www/backend_rmi/vendor/laravel/framework/src/Illuminate/Pipeline/Pipeline.php(167): Illuminate\\Foundation\\Http\\Middleware\\ConvertEmptyStringsToNull->handle(Object(Illuminate\\Http\\Request), Object(Closure))
#75 /Users/aldyhelix/Projects/www/backend_rmi/vendor/laravel/framework/src/Illuminate/Foundation/Http/Middleware/TransformsRequest.php(21): Illuminate\\Pipeline\\Pipeline->Illuminate\\Pipeline\\{closure}(Object(Illuminate\\Http\\Request))
#76 /Users/aldyhelix/Projects/www/backend_rmi/vendor/laravel/framework/src/Illuminate/Foundation/Http/Middleware/TrimStrings.php(40): Illuminate\\Foundation\\Http\\Middleware\\TransformsRequest->handle(Object(Illuminate\\Http\\Request), Object(Closure))
#77 /Users/aldyhelix/Projects/www/backend_rmi/vendor/laravel/framework/src/Illuminate/Pipeline/Pipeline.php(167): Illuminate\\Foundation\\Http\\Middleware\\TrimStrings->handle(Object(Illuminate\\Http\\Request), Object(Closure))
#78 /Users/aldyhelix/Projects/www/backend_rmi/vendor/laravel/framework/src/Illuminate/Foundation/Http/Middleware/ValidatePostSize.php(27): Illuminate\\Pipeline\\Pipeline->Illuminate\\Pipeline\\{closure}(Object(Illuminate\\Http\\Request))
#79 /Users/aldyhelix/Projects/www/backend_rmi/vendor/laravel/framework/src/Illuminate/Pipeline/Pipeline.php(167): Illuminate\\Foundation\\Http\\Middleware\\ValidatePostSize->handle(Object(Illuminate\\Http\\Request), Object(Closure))
#80 /Users/aldyhelix/Projects/www/backend_rmi/vendor/laravel/framework/src/Illuminate/Foundation/Http/Middleware/PreventRequestsDuringMaintenance.php(86): Illuminate\\Pipeline\\Pipeline->Illuminate\\Pipeline\\{closure}(Object(Illuminate\\Http\\Request))
#81 /Users/aldyhelix/Projects/www/backend_rmi/vendor/laravel/framework/src/Illuminate/Pipeline/Pipeline.php(167): Illuminate\\Foundation\\Http\\Middleware\\PreventRequestsDuringMaintenance->handle(Object(Illuminate\\Http\\Request), Object(Closure))
#82 /Users/aldyhelix/Projects/www/backend_rmi/vendor/fruitcake/laravel-cors/src/HandleCors.php(38): Illuminate\\Pipeline\\Pipeline->Illuminate\\Pipeline\\{closure}(Object(Illuminate\\Http\\Request))
#83 /Users/aldyhelix/Projects/www/backend_rmi/vendor/laravel/framework/src/Illuminate/Pipeline/Pipeline.php(167): Fruitcake\\Cors\\HandleCors->handle(Object(Illuminate\\Http\\Request), Object(Closure))
#84 /Users/aldyhelix/Projects/www/backend_rmi/vendor/laravel/framework/src/Illuminate/Http/Middleware/TrustProxies.php(39): Illuminate\\Pipeline\\Pipeline->Illuminate\\Pipeline\\{closure}(Object(Illuminate\\Http\\Request))
#85 /Users/aldyhelix/Projects/www/backend_rmi/vendor/laravel/framework/src/Illuminate/Pipeline/Pipeline.php(167): Illuminate\\Http\\Middleware\\TrustProxies->handle(Object(Illuminate\\Http\\Request), Object(Closure))
#86 /Users/aldyhelix/Projects/www/backend_rmi/vendor/laravel/framework/src/Illuminate/Pipeline/Pipeline.php(103): Illuminate\\Pipeline\\Pipeline->Illuminate\\Pipeline\\{closure}(Object(Illuminate\\Http\\Request))
#87 /Users/aldyhelix/Projects/www/backend_rmi/vendor/laravel/framework/src/Illuminate/Foundation/Http/Kernel.php(142): Illuminate\\Pipeline\\Pipeline->then(Object(Closure))
#88 /Users/aldyhelix/Projects/www/backend_rmi/vendor/laravel/framework/src/Illuminate/Foundation/Http/Kernel.php(111): Illuminate\\Foundation\\Http\\Kernel->sendRequestThroughRouter(Object(Illuminate\\Http\\Request))
#89 /Users/aldyhelix/Projects/www/backend_rmi/public/index.php(58): Illuminate\\Foundation\\Http\\Kernel->handle(Object(Illuminate\\Http\\Request))
#90 /Applications/Herd.app/Contents/Resources/valet/server.php(153): require('/Users/aldyheli...')
#91 {main}

[previous exception] [object] (Illuminate\\Database\\QueryException(code: 42S22): SQLSTATE[42S22]: Column not found: 1054 Unknown column 'warehouse_name' in 'field list' (SQL: select `warehouse_name`, `shop_id` from `users` where `warehouse_name` LIKE Warehouse% and `users`.`deleted_at` is null group by `warehouse_name`) at /Users/aldyhelix/Projects/www/backend_rmi/vendor/laravel/framework/src/Illuminate/Database/Connection.php:712)
[stacktrace]
#0 /Users/aldyhelix/Projects/www/backend_rmi/vendor/laravel/framework/src/Illuminate/Database/Connection.php(672): Illuminate\\Database\\Connection->runQueryCallback('select `warehou...', Array, Object(Closure))
#1 /Users/aldyhelix/Projects/www/backend_rmi/vendor/laravel/framework/src/Illuminate/Database/Connection.php(359): Illuminate\\Database\\Connection->run('select `warehou...', Array, Object(Closure))
#2 /Users/aldyhelix/Projects/www/backend_rmi/vendor/laravel/framework/src/Illuminate/Database/Query/Builder.php(2413): Illuminate\\Database\\Connection->select('select `warehou...', Array, true)
#3 /Users/aldyhelix/Projects/www/backend_rmi/vendor/laravel/framework/src/Illuminate/Database/Query/Builder.php(2626): Illuminate\\Database\\Query\\Builder->runSelect()
#4 /Users/aldyhelix/Projects/www/backend_rmi/vendor/laravel/framework/src/Illuminate/Database/Query/Builder.php(2936): Illuminate\\Database\\Query\\Builder->Illuminate\\Database\\Query\\{closure}()
#5 /Users/aldyhelix/Projects/www/backend_rmi/vendor/laravel/framework/src/Illuminate/Database/Query/Builder.php(2622): Illuminate\\Database\\Query\\Builder->onceWithColumns(Array, Object(Closure))
#6 /Users/aldyhelix/Projects/www/backend_rmi/vendor/laravel/framework/src/Illuminate/Database/Eloquent/Builder.php(775): Illuminate\\Database\\Query\\Builder->pluck('warehouse_name', 'shop_id')
#7 /Users/aldyhelix/Projects/www/backend_rmi/app/Http/Livewire/Dashboard.php(89): Illuminate\\Database\\Eloquent\\Builder->pluck('warehouse_name', 'shop_id')
#8 /Users/aldyhelix/Projects/www/backend_rmi/vendor/laravel/framework/src/Illuminate/Container/BoundMethod.php(36): App\\Http\\Livewire\\Dashboard->mount(0, 0, 0, 0, 0, 0, 0, 0, 0, 0, 0, 0, 0, 0)
#9 /Users/aldyhelix/Projects/www/backend_rmi/vendor/laravel/framework/src/Illuminate/Container/Util.php(40): Illuminate\\Container\\BoundMethod::Illuminate\\Container\\{closure}()
#10 /Users/aldyhelix/Projects/www/backend_rmi/vendor/laravel/framework/src/Illuminate/Container/BoundMethod.php(93): Illuminate\\Container\\Util::unwrapIfClosure(Object(Closure))
#11 /Users/aldyhelix/Projects/www/backend_rmi/vendor/laravel/framework/src/Illuminate/Container/BoundMethod.php(35): Illuminate\\Container\\BoundMethod::callBoundMethod(Object(Illuminate\\Foundation\\Application), Array, Object(Closure))
#12 /Users/aldyhelix/Projects/www/backend_rmi/vendor/livewire/livewire/src/LifecycleManager.php(114): Illuminate\\Container\\BoundMethod::call(Object(Illuminate\\Foundation\\Application), Array, Array)
#13 /Users/aldyhelix/Projects/www/backend_rmi/vendor/livewire/livewire/src/LivewireManager.php(130): Livewire\\LifecycleManager->mount(Array)
#14 /Users/aldyhelix/Projects/www/backend_rmi/vendor/laravel/framework/src/Illuminate/Support/Facades/Facade.php(261): Livewire\\LivewireManager->mount('dashboard', Array)
#15 /Users/aldyhelix/Projects/www/backend_rmi/storage/framework/views/7614a377bf597da1c7ed67416eae576b7feee755.php(13): Illuminate\\Support\\Facades\\Facade::__callStatic('mount', Array)
#16 /Users/aldyhelix/Projects/www/backend_rmi/vendor/laravel/framework/src/Illuminate/Filesystem/Filesystem.php(107): require('/Users/aldyheli...')
#17 /Users/aldyhelix/Projects/www/backend_rmi/vendor/laravel/framework/src/Illuminate/Filesystem/Filesystem.php(108): Illuminate\\Filesystem\\Filesystem::Illuminate\\Filesystem\\{closure}()
#18 /Users/aldyhelix/Projects/www/backend_rmi/vendor/laravel/framework/src/Illuminate/View/Engines/PhpEngine.php(58): Illuminate\\Filesystem\\Filesystem->getRequire('/Users/aldyheli...', Array)
#19 /Users/aldyhelix/Projects/www/backend_rmi/vendor/livewire/livewire/src/ComponentConcerns/RendersLivewireComponents.php(69): Illuminate\\View\\Engines\\PhpEngine->evaluatePath('/Users/aldyheli...', Array)
#20 /Users/aldyhelix/Projects/www/backend_rmi/vendor/laravel/framework/src/Illuminate/View/Engines/CompilerEngine.php(61): Livewire\\CompilerEngineForIgnition->evaluatePath('/Users/aldyheli...', Array)
#21 /Users/aldyhelix/Projects/www/backend_rmi/vendor/facade/ignition/src/Views/Engines/CompilerEngine.php(37): Illuminate\\View\\Engines\\CompilerEngine->get('/Users/aldyheli...', Array)
#22 /Users/aldyhelix/Projects/www/backend_rmi/vendor/livewire/livewire/src/ComponentConcerns/RendersLivewireComponents.php(35): Facade\\Ignition\\Views\\Engines\\CompilerEngine->get('/Users/aldyheli...', Array)
#23 /Users/aldyhelix/Projects/www/backend_rmi/vendor/laravel/framework/src/Illuminate/View/View.php(139): Livewire\\CompilerEngineForIgnition->get('/Users/aldyheli...', Array)
#24 /Users/aldyhelix/Projects/www/backend_rmi/vendor/laravel/framework/src/Illuminate/View/View.php(122): Illuminate\\View\\View->getContents()
#25 /Users/aldyhelix/Projects/www/backend_rmi/vendor/laravel/framework/src/Illuminate/View/View.php(91): Illuminate\\View\\View->renderContents()
#26 /Users/aldyhelix/Projects/www/backend_rmi/vendor/laravel/framework/src/Illuminate/Http/Response.php(69): Illuminate\\View\\View->render()
#27 /Users/aldyhelix/Projects/www/backend_rmi/vendor/laravel/framework/src/Illuminate/Http/Response.php(35): Illuminate\\Http\\Response->setContent(Object(Illuminate\\View\\View))
#28 /Users/aldyhelix/Projects/www/backend_rmi/vendor/laravel/framework/src/Illuminate/Routing/Router.php(820): Illuminate\\Http\\Response->__construct(Object(Illuminate\\View\\View), 200, Array)
#29 /Users/aldyhelix/Projects/www/backend_rmi/vendor/laravel/framework/src/Illuminate/Routing/Router.php(789): Illuminate\\Routing\\Router::toResponse(Object(Illuminate\\Http\\Request), Object(Illuminate\\View\\View))
#30 /Users/aldyhelix/Projects/www/backend_rmi/vendor/laravel/framework/src/Illuminate/Routing/Router.php(720): Illuminate\\Routing\\Router->prepareResponse(Object(Illuminate\\Http\\Request), Object(Illuminate\\View\\View))
#31 /Users/aldyhelix/Projects/www/backend_rmi/vendor/laravel/framework/src/Illuminate/Pipeline/Pipeline.php(128): Illuminate\\Routing\\Router->Illuminate\\Routing\\{closure}(Object(Illuminate\\Http\\Request))
#32 /Users/aldyhelix/Projects/www/backend_rmi/app/Http/Middleware/DashboardSetup.php(22): Illuminate\\Pipeline\\Pipeline->Illuminate\\Pipeline\\{closure}(Object(Illuminate\\Http\\Request))
#33 /Users/aldyhelix/Projects/www/backend_rmi/vendor/laravel/framework/src/Illuminate/Pipeline/Pipeline.php(167): App\\Http\\Middleware\\DashboardSetup->handle(Object(Illuminate\\Http\\Request), Object(Closure))
#34 /Users/aldyhelix/Projects/www/backend_rmi/app/Http/Middleware/CheckIfBillingInfoRequired.php(24): Illuminate\\Pipeline\\Pipeline->Illuminate\\Pipeline\\{closure}(Object(Illuminate\\Http\\Request))
#35 /Users/aldyhelix/Projects/www/backend_rmi/vendor/laravel/framework/src/Illuminate/Pipeline/Pipeline.php(167): App\\Http\\Middleware\\CheckIfBillingInfoRequired->handle(Object(Illuminate\\Http\\Request), Object(Closure))
#36 /Users/aldyhelix/Projects/www/backend_rmi/app/Http/Middleware/VerifyUserIsSubscribed.php(25): Illuminate\\Pipeline\\Pipeline->Illuminate\\Pipeline\\{closure}(Object(Illuminate\\Http\\Request))
#37 /Users/aldyhelix/Projects/www/backend_rmi/vendor/laravel/framework/src/Illuminate/Pipeline/Pipeline.php(167): App\\Http\\Middleware\\VerifyUserIsSubscribed->handle(Object(Illuminate\\Http\\Request), Object(Closure))
#38 /Users/aldyhelix/Projects/www/backend_rmi/app/Http/Middleware/CookieConsentMiddleware.php(21): Illuminate\\Pipeline\\Pipeline->Illuminate\\Pipeline\\{closure}(Object(Illuminate\\Http\\Request))
#39 /Users/aldyhelix/Projects/www/backend_rmi/vendor/laravel/framework/src/Illuminate/Pipeline/Pipeline.php(167): App\\Http\\Middleware\\CookieConsentMiddleware->handle(Object(Illuminate\\Http\\Request), Object(Closure))
#40 /Users/aldyhelix/Projects/www/backend_rmi/app/Http/Middleware/Language.php(64): Illuminate\\Pipeline\\Pipeline->Illuminate\\Pipeline\\{closure}(Object(Illuminate\\Http\\Request))
#41 /Users/aldyhelix/Projects/www/backend_rmi/vendor/laravel/framework/src/Illuminate/Pipeline/Pipeline.php(167): App\\Http\\Middleware\\Language->handle(Object(Illuminate\\Http\\Request), Object(Closure))
#42 /Users/aldyhelix/Projects/www/backend_rmi/app/Http/Middleware/InitSettings.php(8): Illuminate\\Pipeline\\Pipeline->Illuminate\\Pipeline\\{closure}(Object(Illuminate\\Http\\Request))
#43 /Users/aldyhelix/Projects/www/backend_rmi/vendor/laravel/framework/src/Illuminate/Pipeline/Pipeline.php(167): App\\Http\\Middleware\\InitSettings->handle(Object(Illuminate\\Http\\Request), Object(Closure))
#44 /Users/aldyhelix/Projects/www/backend_rmi/vendor/laravel/framework/src/Illuminate/Routing/Middleware/SubstituteBindings.php(50): Illuminate\\Pipeline\\Pipeline->Illuminate\\Pipeline\\{closure}(Object(Illuminate\\Http\\Request))
#45 /Users/aldyhelix/Projects/www/backend_rmi/vendor/laravel/framework/src/Illuminate/Pipeline/Pipeline.php(167): Illuminate\\Routing\\Middleware\\SubstituteBindings->handle(Object(Illuminate\\Http\\Request), Object(Closure))
#46 /Users/aldyhelix/Projects/www/backend_rmi/vendor/laravel/framework/src/Illuminate/Auth/Middleware/Authenticate.php(44): Illuminate\\Pipeline\\Pipeline->Illuminate\\Pipeline\\{closure}(Object(Illuminate\\Http\\Request))
#47 /Users/aldyhelix/Projects/www/backend_rmi/vendor/laravel/framework/src/Illuminate/Pipeline/Pipeline.php(167): Illuminate\\Auth\\Middleware\\Authenticate->handle(Object(Illuminate\\Http\\Request), Object(Closure))
#48 /Users/aldyhelix/Projects/www/backend_rmi/vendor/laravel/framework/src/Illuminate/Foundation/Http/Middleware/VerifyCsrfToken.php(78): Illuminate\\Pipeline\\Pipeline->Illuminate\\Pipeline\\{closure}(Object(Illuminate\\Http\\Request))
#49 /Users/aldyhelix/Projects/www/backend_rmi/vendor/laravel/framework/src/Illuminate/Pipeline/Pipeline.php(167): Illuminate\\Foundation\\Http\\Middleware\\VerifyCsrfToken->handle(Object(Illuminate\\Http\\Request), Object(Closure))
#50 /Users/aldyhelix/Projects/www/backend_rmi/vendor/laravel/framework/src/Illuminate/View/Middleware/ShareErrorsFromSession.php(49): Illuminate\\Pipeline\\Pipeline->Illuminate\\Pipeline\\{closure}(Object(Illuminate\\Http\\Request))
#51 /Users/aldyhelix/Projects/www/backend_rmi/vendor/laravel/framework/src/Illuminate/Pipeline/Pipeline.php(167): Illuminate\\View\\Middleware\\ShareErrorsFromSession->handle(Object(Illuminate\\Http\\Request), Object(Closure))
#52 /Users/aldyhelix/Projects/www/backend_rmi/vendor/laravel/framework/src/Illuminate/Session/Middleware/StartSession.php(121): Illuminate\\Pipeline\\Pipeline->Illuminate\\Pipeline\\{closure}(Object(Illuminate\\Http\\Request))
#53 /Users/aldyhelix/Projects/www/backend_rmi/vendor/laravel/framework/src/Illuminate/Session/Middleware/StartSession.php(64): Illuminate\\Session\\Middleware\\StartSession->handleStatefulRequest(Object(Illuminate\\Http\\Request), Object(Illuminate\\Session\\EncryptedStore), Object(Closure))
#54 /Users/aldyhelix/Projects/www/backend_rmi/vendor/laravel/framework/src/Illuminate/Pipeline/Pipeline.php(167): Illuminate\\Session\\Middleware\\StartSession->handle(Object(Illuminate\\Http\\Request), Object(Closure))
#55 /Users/aldyhelix/Projects/www/backend_rmi/vendor/laravel/framework/src/Illuminate/Cookie/Middleware/AddQueuedCookiesToResponse.php(37): Illuminate\\Pipeline\\Pipeline->Illuminate\\Pipeline\\{closure}(Object(Illuminate\\Http\\Request))
#56 /Users/aldyhelix/Projects/www/backend_rmi/vendor/laravel/framework/src/Illuminate/Pipeline/Pipeline.php(167): Illuminate\\Cookie\\Middleware\\AddQueuedCookiesToResponse->handle(Object(Illuminate\\Http\\Request), Object(Closure))
#57 /Users/aldyhelix/Projects/www/backend_rmi/vendor/laravel/framework/src/Illuminate/Cookie/Middleware/EncryptCookies.php(67): Illuminate\\Pipeline\\Pipeline->Illuminate\\Pipeline\\{closure}(Object(Illuminate\\Http\\Request))
#58 /Users/aldyhelix/Projects/www/backend_rmi/vendor/laravel/framework/src/Illuminate/Pipeline/Pipeline.php(167): Illuminate\\Cookie\\Middleware\\EncryptCookies->handle(Object(Illuminate\\Http\\Request), Object(Closure))
#59 /Users/aldyhelix/Projects/www/backend_rmi/vendor/laravel/framework/src/Illuminate/Pipeline/Pipeline.php(103): Illuminate\\Pipeline\\Pipeline->Illuminate\\Pipeline\\{closure}(Object(Illuminate\\Http\\Request))
#60 /Users/aldyhelix/Projects/www/backend_rmi/vendor/laravel/framework/src/Illuminate/Routing/Router.php(719): Illuminate\\Pipeline\\Pipeline->then(Object(Closure))
#61 /Users/aldyhelix/Projects/www/backend_rmi/vendor/laravel/framework/src/Illuminate/Routing/Router.php(698): Illuminate\\Routing\\Router->runRouteWithinStack(Object(Illuminate\\Routing\\Route), Object(Illuminate\\Http\\Request))
#62 /Users/aldyhelix/Projects/www/backend_rmi/vendor/laravel/framework/src/Illuminate/Routing/Router.php(662): Illuminate\\Routing\\Router->runRoute(Object(Illuminate\\Http\\Request), Object(Illuminate\\Routing\\Route))
#63 /Users/aldyhelix/Projects/www/backend_rmi/vendor/laravel/framework/src/Illuminate/Routing/Router.php(651): Illuminate\\Routing\\Router->dispatchToRoute(Object(Illuminate\\Http\\Request))
#64 /Users/aldyhelix/Projects/www/backend_rmi/vendor/laravel/framework/src/Illuminate/Foundation/Http/Kernel.php(167): Illuminate\\Routing\\Router->dispatch(Object(Illuminate\\Http\\Request))
#65 /Users/aldyhelix/Projects/www/backend_rmi/vendor/laravel/framework/src/Illuminate/Pipeline/Pipeline.php(128): Illuminate\\Foundation\\Http\\Kernel->Illuminate\\Foundation\\Http\\{closure}(Object(Illuminate\\Http\\Request))
#66 /Users/aldyhelix/Projects/www/backend_rmi/vendor/livewire/livewire/src/DisableBrowserCache.php(19): Illuminate\\Pipeline\\Pipeline->Illuminate\\Pipeline\\{closure}(Object(Illuminate\\Http\\Request))
#67 /Users/aldyhelix/Projects/www/backend_rmi/vendor/laravel/framework/src/Illuminate/Pipeline/Pipeline.php(167): Livewire\\DisableBrowserCache->handle(Object(Illuminate\\Http\\Request), Object(Closure))
#68 /Users/aldyhelix/Projects/www/backend_rmi/vendor/barryvdh/laravel-debugbar/src/Middleware/InjectDebugbar.php(66): Illuminate\\Pipeline\\Pipeline->Illuminate\\Pipeline\\{closure}(Object(Illuminate\\Http\\Request))
#69 /Users/aldyhelix/Projects/www/backend_rmi/vendor/laravel/framework/src/Illuminate/Pipeline/Pipeline.php(167): Barryvdh\\Debugbar\\Middleware\\InjectDebugbar->handle(Object(Illuminate\\Http\\Request), Object(Closure))
#70 /Users/aldyhelix/Projects/www/backend_rmi/app/Http/Middleware/CheckForInstallation.php(19): Illuminate\\Pipeline\\Pipeline->Illuminate\\Pipeline\\{closure}(Object(Illuminate\\Http\\Request))
#71 /Users/aldyhelix/Projects/www/backend_rmi/vendor/laravel/framework/src/Illuminate/Pipeline/Pipeline.php(167): App\\Http\\Middleware\\CheckForInstallation->handle(Object(Illuminate\\Http\\Request), Object(Closure))
#72 /Users/aldyhelix/Projects/www/backend_rmi/vendor/laravel/framework/src/Illuminate/Foundation/Http/Middleware/TransformsRequest.php(21): Illuminate\\Pipeline\\Pipeline->Illuminate\\Pipeline\\{closure}(Object(Illuminate\\Http\\Request))
#73 /Users/aldyhelix/Projects/www/backend_rmi/vendor/laravel/framework/src/Illuminate/Foundation/Http/Middleware/ConvertEmptyStringsToNull.php(31): Illuminate\\Foundation\\Http\\Middleware\\TransformsRequest->handle(Object(Illuminate\\Http\\Request), Object(Closure))
#74 /Users/aldyhelix/Projects/www/backend_rmi/vendor/laravel/framework/src/Illuminate/Pipeline/Pipeline.php(167): Illuminate\\Foundation\\Http\\Middleware\\ConvertEmptyStringsToNull->handle(Object(Illuminate\\Http\\Request), Object(Closure))
#75 /Users/aldyhelix/Projects/www/backend_rmi/vendor/laravel/framework/src/Illuminate/Foundation/Http/Middleware/TransformsRequest.php(21): Illuminate\\Pipeline\\Pipeline->Illuminate\\Pipeline\\{closure}(Object(Illuminate\\Http\\Request))
#76 /Users/aldyhelix/Projects/www/backend_rmi/vendor/laravel/framework/src/Illuminate/Foundation/Http/Middleware/TrimStrings.php(40): Illuminate\\Foundation\\Http\\Middleware\\TransformsRequest->handle(Object(Illuminate\\Http\\Request), Object(Closure))
#77 /Users/aldyhelix/Projects/www/backend_rmi/vendor/laravel/framework/src/Illuminate/Pipeline/Pipeline.php(167): Illuminate\\Foundation\\Http\\Middleware\\TrimStrings->handle(Object(Illuminate\\Http\\Request), Object(Closure))
#78 /Users/aldyhelix/Projects/www/backend_rmi/vendor/laravel/framework/src/Illuminate/Foundation/Http/Middleware/ValidatePostSize.php(27): Illuminate\\Pipeline\\Pipeline->Illuminate\\Pipeline\\{closure}(Object(Illuminate\\Http\\Request))
#79 /Users/aldyhelix/Projects/www/backend_rmi/vendor/laravel/framework/src/Illuminate/Pipeline/Pipeline.php(167): Illuminate\\Foundation\\Http\\Middleware\\ValidatePostSize->handle(Object(Illuminate\\Http\\Request), Object(Closure))
#80 /Users/aldyhelix/Projects/www/backend_rmi/vendor/laravel/framework/src/Illuminate/Foundation/Http/Middleware/PreventRequestsDuringMaintenance.php(86): Illuminate\\Pipeline\\Pipeline->Illuminate\\Pipeline\\{closure}(Object(Illuminate\\Http\\Request))
#81 /Users/aldyhelix/Projects/www/backend_rmi/vendor/laravel/framework/src/Illuminate/Pipeline/Pipeline.php(167): Illuminate\\Foundation\\Http\\Middleware\\PreventRequestsDuringMaintenance->handle(Object(Illuminate\\Http\\Request), Object(Closure))
#82 /Users/aldyhelix/Projects/www/backend_rmi/vendor/fruitcake/laravel-cors/src/HandleCors.php(38): Illuminate\\Pipeline\\Pipeline->Illuminate\\Pipeline\\{closure}(Object(Illuminate\\Http\\Request))
#83 /Users/aldyhelix/Projects/www/backend_rmi/vendor/laravel/framework/src/Illuminate/Pipeline/Pipeline.php(167): Fruitcake\\Cors\\HandleCors->handle(Object(Illuminate\\Http\\Request), Object(Closure))
#84 /Users/aldyhelix/Projects/www/backend_rmi/vendor/laravel/framework/src/Illuminate/Http/Middleware/TrustProxies.php(39): Illuminate\\Pipeline\\Pipeline->Illuminate\\Pipeline\\{closure}(Object(Illuminate\\Http\\Request))
#85 /Users/aldyhelix/Projects/www/backend_rmi/vendor/laravel/framework/src/Illuminate/Pipeline/Pipeline.php(167): Illuminate\\Http\\Middleware\\TrustProxies->handle(Object(Illuminate\\Http\\Request), Object(Closure))
#86 /Users/aldyhelix/Projects/www/backend_rmi/vendor/laravel/framework/src/Illuminate/Pipeline/Pipeline.php(103): Illuminate\\Pipeline\\Pipeline->Illuminate\\Pipeline\\{closure}(Object(Illuminate\\Http\\Request))
#87 /Users/aldyhelix/Projects/www/backend_rmi/vendor/laravel/framework/src/Illuminate/Foundation/Http/Kernel.php(142): Illuminate\\Pipeline\\Pipeline->then(Object(Closure))
#88 /Users/aldyhelix/Projects/www/backend_rmi/vendor/laravel/framework/src/Illuminate/Foundation/Http/Kernel.php(111): Illuminate\\Foundation\\Http\\Kernel->sendRequestThroughRouter(Object(Illuminate\\Http\\Request))
#89 /Users/aldyhelix/Projects/www/backend_rmi/public/index.php(58): Illuminate\\Foundation\\Http\\Kernel->handle(Object(Illuminate\\Http\\Request))
#90 /Applications/Herd.app/Contents/Resources/valet/server.php(153): require('/Users/aldyheli...')
#91 {main}

[previous exception] [object] (PDOException(code: 42S22): SQLSTATE[42S22]: Column not found: 1054 Unknown column 'warehouse_name' in 'field list' at /Users/aldyhelix/Projects/www/backend_rmi/vendor/laravel/framework/src/Illuminate/Database/Connection.php:368)
[stacktrace]
#0 /Users/aldyhelix/Projects/www/backend_rmi/vendor/laravel/framework/src/Illuminate/Database/Connection.php(368): PDO->prepare('select `warehou...')
#1 /Users/aldyhelix/Projects/www/backend_rmi/vendor/laravel/framework/src/Illuminate/Database/Connection.php(705): Illuminate\\Database\\Connection->Illuminate\\Database\\{closure}('select `warehou...', Array)
#2 /Users/aldyhelix/Projects/www/backend_rmi/vendor/laravel/framework/src/Illuminate/Database/Connection.php(672): Illuminate\\Database\\Connection->runQueryCallback('select `warehou...', Array, Object(Closure))
#3 /Users/aldyhelix/Projects/www/backend_rmi/vendor/laravel/framework/src/Illuminate/Database/Connection.php(359): Illuminate\\Database\\Connection->run('select `warehou...', Array, Object(Closure))
#4 /Users/aldyhelix/Projects/www/backend_rmi/vendor/laravel/framework/src/Illuminate/Database/Query/Builder.php(2413): Illuminate\\Database\\Connection->select('select `warehou...', Array, true)
#5 /Users/aldyhelix/Projects/www/backend_rmi/vendor/laravel/framework/src/Illuminate/Database/Query/Builder.php(2626): Illuminate\\Database\\Query\\Builder->runSelect()
#6 /Users/aldyhelix/Projects/www/backend_rmi/vendor/laravel/framework/src/Illuminate/Database/Query/Builder.php(2936): Illuminate\\Database\\Query\\Builder->Illuminate\\Database\\Query\\{closure}()
#7 /Users/aldyhelix/Projects/www/backend_rmi/vendor/laravel/framework/src/Illuminate/Database/Query/Builder.php(2622): Illuminate\\Database\\Query\\Builder->onceWithColumns(Array, Object(Closure))
#8 /Users/aldyhelix/Projects/www/backend_rmi/vendor/laravel/framework/src/Illuminate/Database/Eloquent/Builder.php(775): Illuminate\\Database\\Query\\Builder->pluck('warehouse_name', 'shop_id')
#9 /Users/aldyhelix/Projects/www/backend_rmi/app/Http/Livewire/Dashboard.php(89): Illuminate\\Database\\Eloquent\\Builder->pluck('warehouse_name', 'shop_id')
#10 /Users/aldyhelix/Projects/www/backend_rmi/vendor/laravel/framework/src/Illuminate/Container/BoundMethod.php(36): App\\Http\\Livewire\\Dashboard->mount(0, 0, 0, 0, 0, 0, 0, 0, 0, 0, 0, 0, 0, 0)
#11 /Users/aldyhelix/Projects/www/backend_rmi/vendor/laravel/framework/src/Illuminate/Container/Util.php(40): Illuminate\\Container\\BoundMethod::Illuminate\\Container\\{closure}()
#12 /Users/aldyhelix/Projects/www/backend_rmi/vendor/laravel/framework/src/Illuminate/Container/BoundMethod.php(93): Illuminate\\Container\\Util::unwrapIfClosure(Object(Closure))
#13 /Users/aldyhelix/Projects/www/backend_rmi/vendor/laravel/framework/src/Illuminate/Container/BoundMethod.php(35): Illuminate\\Container\\BoundMethod::callBoundMethod(Object(Illuminate\\Foundation\\Application), Array, Object(Closure))
#14 /Users/aldyhelix/Projects/www/backend_rmi/vendor/livewire/livewire/src/LifecycleManager.php(114): Illuminate\\Container\\BoundMethod::call(Object(Illuminate\\Foundation\\Application), Array, Array)
#15 /Users/aldyhelix/Projects/www/backend_rmi/vendor/livewire/livewire/src/LivewireManager.php(130): Livewire\\LifecycleManager->mount(Array)
#16 /Users/aldyhelix/Projects/www/backend_rmi/vendor/laravel/framework/src/Illuminate/Support/Facades/Facade.php(261): Livewire\\LivewireManager->mount('dashboard', Array)
#17 /Users/aldyhelix/Projects/www/backend_rmi/storage/framework/views/7614a377bf597da1c7ed67416eae576b7feee755.php(13): Illuminate\\Support\\Facades\\Facade::__callStatic('mount', Array)
#18 /Users/aldyhelix/Projects/www/backend_rmi/vendor/laravel/framework/src/Illuminate/Filesystem/Filesystem.php(107): require('/Users/aldyheli...')
#19 /Users/aldyhelix/Projects/www/backend_rmi/vendor/laravel/framework/src/Illuminate/Filesystem/Filesystem.php(108): Illuminate\\Filesystem\\Filesystem::Illuminate\\Filesystem\\{closure}()
#20 /Users/aldyhelix/Projects/www/backend_rmi/vendor/laravel/framework/src/Illuminate/View/Engines/PhpEngine.php(58): Illuminate\\Filesystem\\Filesystem->getRequire('/Users/aldyheli...', Array)
#21 /Users/aldyhelix/Projects/www/backend_rmi/vendor/livewire/livewire/src/ComponentConcerns/RendersLivewireComponents.php(69): Illuminate\\View\\Engines\\PhpEngine->evaluatePath('/Users/aldyheli...', Array)
#22 /Users/aldyhelix/Projects/www/backend_rmi/vendor/laravel/framework/src/Illuminate/View/Engines/CompilerEngine.php(61): Livewire\\CompilerEngineForIgnition->evaluatePath('/Users/aldyheli...', Array)
#23 /Users/aldyhelix/Projects/www/backend_rmi/vendor/facade/ignition/src/Views/Engines/CompilerEngine.php(37): Illuminate\\View\\Engines\\CompilerEngine->get('/Users/aldyheli...', Array)
#24 /Users/aldyhelix/Projects/www/backend_rmi/vendor/livewire/livewire/src/ComponentConcerns/RendersLivewireComponents.php(35): Facade\\Ignition\\Views\\Engines\\CompilerEngine->get('/Users/aldyheli...', Array)
#25 /Users/aldyhelix/Projects/www/backend_rmi/vendor/laravel/framework/src/Illuminate/View/View.php(139): Livewire\\CompilerEngineForIgnition->get('/Users/aldyheli...', Array)
#26 /Users/aldyhelix/Projects/www/backend_rmi/vendor/laravel/framework/src/Illuminate/View/View.php(122): Illuminate\\View\\View->getContents()
#27 /Users/aldyhelix/Projects/www/backend_rmi/vendor/laravel/framework/src/Illuminate/View/View.php(91): Illuminate\\View\\View->renderContents()
#28 /Users/aldyhelix/Projects/www/backend_rmi/vendor/laravel/framework/src/Illuminate/Http/Response.php(69): Illuminate\\View\\View->render()
#29 /Users/aldyhelix/Projects/www/backend_rmi/vendor/laravel/framework/src/Illuminate/Http/Response.php(35): Illuminate\\Http\\Response->setContent(Object(Illuminate\\View\\View))
#30 /Users/aldyhelix/Projects/www/backend_rmi/vendor/laravel/framework/src/Illuminate/Routing/Router.php(820): Illuminate\\Http\\Response->__construct(Object(Illuminate\\View\\View), 200, Array)
#31 /Users/aldyhelix/Projects/www/backend_rmi/vendor/laravel/framework/src/Illuminate/Routing/Router.php(789): Illuminate\\Routing\\Router::toResponse(Object(Illuminate\\Http\\Request), Object(Illuminate\\View\\View))
#32 /Users/aldyhelix/Projects/www/backend_rmi/vendor/laravel/framework/src/Illuminate/Routing/Router.php(720): Illuminate\\Routing\\Router->prepareResponse(Object(Illuminate\\Http\\Request), Object(Illuminate\\View\\View))
#33 /Users/aldyhelix/Projects/www/backend_rmi/vendor/laravel/framework/src/Illuminate/Pipeline/Pipeline.php(128): Illuminate\\Routing\\Router->Illuminate\\Routing\\{closure}(Object(Illuminate\\Http\\Request))
#34 /Users/aldyhelix/Projects/www/backend_rmi/app/Http/Middleware/DashboardSetup.php(22): Illuminate\\Pipeline\\Pipeline->Illuminate\\Pipeline\\{closure}(Object(Illuminate\\Http\\Request))
#35 /Users/aldyhelix/Projects/www/backend_rmi/vendor/laravel/framework/src/Illuminate/Pipeline/Pipeline.php(167): App\\Http\\Middleware\\DashboardSetup->handle(Object(Illuminate\\Http\\Request), Object(Closure))
#36 /Users/aldyhelix/Projects/www/backend_rmi/app/Http/Middleware/CheckIfBillingInfoRequired.php(24): Illuminate\\Pipeline\\Pipeline->Illuminate\\Pipeline\\{closure}(Object(Illuminate\\Http\\Request))
#37 /Users/aldyhelix/Projects/www/backend_rmi/vendor/laravel/framework/src/Illuminate/Pipeline/Pipeline.php(167): App\\Http\\Middleware\\CheckIfBillingInfoRequired->handle(Object(Illuminate\\Http\\Request), Object(Closure))
#38 /Users/aldyhelix/Projects/www/backend_rmi/app/Http/Middleware/VerifyUserIsSubscribed.php(25): Illuminate\\Pipeline\\Pipeline->Illuminate\\Pipeline\\{closure}(Object(Illuminate\\Http\\Request))
#39 /Users/aldyhelix/Projects/www/backend_rmi/vendor/laravel/framework/src/Illuminate/Pipeline/Pipeline.php(167): App\\Http\\Middleware\\VerifyUserIsSubscribed->handle(Object(Illuminate\\Http\\Request), Object(Closure))
#40 /Users/aldyhelix/Projects/www/backend_rmi/app/Http/Middleware/CookieConsentMiddleware.php(21): Illuminate\\Pipeline\\Pipeline->Illuminate\\Pipeline\\{closure}(Object(Illuminate\\Http\\Request))
#41 /Users/aldyhelix/Projects/www/backend_rmi/vendor/laravel/framework/src/Illuminate/Pipeline/Pipeline.php(167): App\\Http\\Middleware\\CookieConsentMiddleware->handle(Object(Illuminate\\Http\\Request), Object(Closure))
#42 /Users/aldyhelix/Projects/www/backend_rmi/app/Http/Middleware/Language.php(64): Illuminate\\Pipeline\\Pipeline->Illuminate\\Pipeline\\{closure}(Object(Illuminate\\Http\\Request))
#43 /Users/aldyhelix/Projects/www/backend_rmi/vendor/laravel/framework/src/Illuminate/Pipeline/Pipeline.php(167): App\\Http\\Middleware\\Language->handle(Object(Illuminate\\Http\\Request), Object(Closure))
#44 /Users/aldyhelix/Projects/www/backend_rmi/app/Http/Middleware/InitSettings.php(8): Illuminate\\Pipeline\\Pipeline->Illuminate\\Pipeline\\{closure}(Object(Illuminate\\Http\\Request))
#45 /Users/aldyhelix/Projects/www/backend_rmi/vendor/laravel/framework/src/Illuminate/Pipeline/Pipeline.php(167): App\\Http\\Middleware\\InitSettings->handle(Object(Illuminate\\Http\\Request), Object(Closure))
#46 /Users/aldyhelix/Projects/www/backend_rmi/vendor/laravel/framework/src/Illuminate/Routing/Middleware/SubstituteBindings.php(50): Illuminate\\Pipeline\\Pipeline->Illuminate\\Pipeline\\{closure}(Object(Illuminate\\Http\\Request))
#47 /Users/aldyhelix/Projects/www/backend_rmi/vendor/laravel/framework/src/Illuminate/Pipeline/Pipeline.php(167): Illuminate\\Routing\\Middleware\\SubstituteBindings->handle(Object(Illuminate\\Http\\Request), Object(Closure))
#48 /Users/aldyhelix/Projects/www/backend_rmi/vendor/laravel/framework/src/Illuminate/Auth/Middleware/Authenticate.php(44): Illuminate\\Pipeline\\Pipeline->Illuminate\\Pipeline\\{closure}(Object(Illuminate\\Http\\Request))
#49 /Users/aldyhelix/Projects/www/backend_rmi/vendor/laravel/framework/src/Illuminate/Pipeline/Pipeline.php(167): Illuminate\\Auth\\Middleware\\Authenticate->handle(Object(Illuminate\\Http\\Request), Object(Closure))
#50 /Users/aldyhelix/Projects/www/backend_rmi/vendor/laravel/framework/src/Illuminate/Foundation/Http/Middleware/VerifyCsrfToken.php(78): Illuminate\\Pipeline\\Pipeline->Illuminate\\Pipeline\\{closure}(Object(Illuminate\\Http\\Request))
#51 /Users/aldyhelix/Projects/www/backend_rmi/vendor/laravel/framework/src/Illuminate/Pipeline/Pipeline.php(167): Illuminate\\Foundation\\Http\\Middleware\\VerifyCsrfToken->handle(Object(Illuminate\\Http\\Request), Object(Closure))
#52 /Users/aldyhelix/Projects/www/backend_rmi/vendor/laravel/framework/src/Illuminate/View/Middleware/ShareErrorsFromSession.php(49): Illuminate\\Pipeline\\Pipeline->Illuminate\\Pipeline\\{closure}(Object(Illuminate\\Http\\Request))
#53 /Users/aldyhelix/Projects/www/backend_rmi/vendor/laravel/framework/src/Illuminate/Pipeline/Pipeline.php(167): Illuminate\\View\\Middleware\\ShareErrorsFromSession->handle(Object(Illuminate\\Http\\Request), Object(Closure))
#54 /Users/aldyhelix/Projects/www/backend_rmi/vendor/laravel/framework/src/Illuminate/Session/Middleware/StartSession.php(121): Illuminate\\Pipeline\\Pipeline->Illuminate\\Pipeline\\{closure}(Object(Illuminate\\Http\\Request))
#55 /Users/aldyhelix/Projects/www/backend_rmi/vendor/laravel/framework/src/Illuminate/Session/Middleware/StartSession.php(64): Illuminate\\Session\\Middleware\\StartSession->handleStatefulRequest(Object(Illuminate\\Http\\Request), Object(Illuminate\\Session\\EncryptedStore), Object(Closure))
#56 /Users/aldyhelix/Projects/www/backend_rmi/vendor/laravel/framework/src/Illuminate/Pipeline/Pipeline.php(167): Illuminate\\Session\\Middleware\\StartSession->handle(Object(Illuminate\\Http\\Request), Object(Closure))
#57 /Users/aldyhelix/Projects/www/backend_rmi/vendor/laravel/framework/src/Illuminate/Cookie/Middleware/AddQueuedCookiesToResponse.php(37): Illuminate\\Pipeline\\Pipeline->Illuminate\\Pipeline\\{closure}(Object(Illuminate\\Http\\Request))
#58 /Users/aldyhelix/Projects/www/backend_rmi/vendor/laravel/framework/src/Illuminate/Pipeline/Pipeline.php(167): Illuminate\\Cookie\\Middleware\\AddQueuedCookiesToResponse->handle(Object(Illuminate\\Http\\Request), Object(Closure))
#59 /Users/aldyhelix/Projects/www/backend_rmi/vendor/laravel/framework/src/Illuminate/Cookie/Middleware/EncryptCookies.php(67): Illuminate\\Pipeline\\Pipeline->Illuminate\\Pipeline\\{closure}(Object(Illuminate\\Http\\Request))
#60 /Users/aldyhelix/Projects/www/backend_rmi/vendor/laravel/framework/src/Illuminate/Pipeline/Pipeline.php(167): Illuminate\\Cookie\\Middleware\\EncryptCookies->handle(Object(Illuminate\\Http\\Request), Object(Closure))
#61 /Users/aldyhelix/Projects/www/backend_rmi/vendor/laravel/framework/src/Illuminate/Pipeline/Pipeline.php(103): Illuminate\\Pipeline\\Pipeline->Illuminate\\Pipeline\\{closure}(Object(Illuminate\\Http\\Request))
#62 /Users/aldyhelix/Projects/www/backend_rmi/vendor/laravel/framework/src/Illuminate/Routing/Router.php(719): Illuminate\\Pipeline\\Pipeline->then(Object(Closure))
#63 /Users/aldyhelix/Projects/www/backend_rmi/vendor/laravel/framework/src/Illuminate/Routing/Router.php(698): Illuminate\\Routing\\Router->runRouteWithinStack(Object(Illuminate\\Routing\\Route), Object(Illuminate\\Http\\Request))
#64 /Users/aldyhelix/Projects/www/backend_rmi/vendor/laravel/framework/src/Illuminate/Routing/Router.php(662): Illuminate\\Routing\\Router->runRoute(Object(Illuminate\\Http\\Request), Object(Illuminate\\Routing\\Route))
#65 /Users/aldyhelix/Projects/www/backend_rmi/vendor/laravel/framework/src/Illuminate/Routing/Router.php(651): Illuminate\\Routing\\Router->dispatchToRoute(Object(Illuminate\\Http\\Request))
#66 /Users/aldyhelix/Projects/www/backend_rmi/vendor/laravel/framework/src/Illuminate/Foundation/Http/Kernel.php(167): Illuminate\\Routing\\Router->dispatch(Object(Illuminate\\Http\\Request))
#67 /Users/aldyhelix/Projects/www/backend_rmi/vendor/laravel/framework/src/Illuminate/Pipeline/Pipeline.php(128): Illuminate\\Foundation\\Http\\Kernel->Illuminate\\Foundation\\Http\\{closure}(Object(Illuminate\\Http\\Request))
#68 /Users/aldyhelix/Projects/www/backend_rmi/vendor/livewire/livewire/src/DisableBrowserCache.php(19): Illuminate\\Pipeline\\Pipeline->Illuminate\\Pipeline\\{closure}(Object(Illuminate\\Http\\Request))
#69 /Users/aldyhelix/Projects/www/backend_rmi/vendor/laravel/framework/src/Illuminate/Pipeline/Pipeline.php(167): Livewire\\DisableBrowserCache->handle(Object(Illuminate\\Http\\Request), Object(Closure))
#70 /Users/aldyhelix/Projects/www/backend_rmi/vendor/barryvdh/laravel-debugbar/src/Middleware/InjectDebugbar.php(66): Illuminate\\Pipeline\\Pipeline->Illuminate\\Pipeline\\{closure}(Object(Illuminate\\Http\\Request))
#71 /Users/aldyhelix/Projects/www/backend_rmi/vendor/laravel/framework/src/Illuminate/Pipeline/Pipeline.php(167): Barryvdh\\Debugbar\\Middleware\\InjectDebugbar->handle(Object(Illuminate\\Http\\Request), Object(Closure))
#72 /Users/aldyhelix/Projects/www/backend_rmi/app/Http/Middleware/CheckForInstallation.php(19): Illuminate\\Pipeline\\Pipeline->Illuminate\\Pipeline\\{closure}(Object(Illuminate\\Http\\Request))
#73 /Users/aldyhelix/Projects/www/backend_rmi/vendor/laravel/framework/src/Illuminate/Pipeline/Pipeline.php(167): App\\Http\\Middleware\\CheckForInstallation->handle(Object(Illuminate\\Http\\Request), Object(Closure))
#74 /Users/aldyhelix/Projects/www/backend_rmi/vendor/laravel/framework/src/Illuminate/Foundation/Http/Middleware/TransformsRequest.php(21): Illuminate\\Pipeline\\Pipeline->Illuminate\\Pipeline\\{closure}(Object(Illuminate\\Http\\Request))
#75 /Users/aldyhelix/Projects/www/backend_rmi/vendor/laravel/framework/src/Illuminate/Foundation/Http/Middleware/ConvertEmptyStringsToNull.php(31): Illuminate\\Foundation\\Http\\Middleware\\TransformsRequest->handle(Object(Illuminate\\Http\\Request), Object(Closure))
#76 /Users/aldyhelix/Projects/www/backend_rmi/vendor/laravel/framework/src/Illuminate/Pipeline/Pipeline.php(167): Illuminate\\Foundation\\Http\\Middleware\\ConvertEmptyStringsToNull->handle(Object(Illuminate\\Http\\Request), Object(Closure))
#77 /Users/aldyhelix/Projects/www/backend_rmi/vendor/laravel/framework/src/Illuminate/Foundation/Http/Middleware/TransformsRequest.php(21): Illuminate\\Pipeline\\Pipeline->Illuminate\\Pipeline\\{closure}(Object(Illuminate\\Http\\Request))
#78 /Users/aldyhelix/Projects/www/backend_rmi/vendor/laravel/framework/src/Illuminate/Foundation/Http/Middleware/TrimStrings.php(40): Illuminate\\Foundation\\Http\\Middleware\\TransformsRequest->handle(Object(Illuminate\\Http\\Request), Object(Closure))
#79 /Users/aldyhelix/Projects/www/backend_rmi/vendor/laravel/framework/src/Illuminate/Pipeline/Pipeline.php(167): Illuminate\\Foundation\\Http\\Middleware\\TrimStrings->handle(Object(Illuminate\\Http\\Request), Object(Closure))
#80 /Users/aldyhelix/Projects/www/backend_rmi/vendor/laravel/framework/src/Illuminate/Foundation/Http/Middleware/ValidatePostSize.php(27): Illuminate\\Pipeline\\Pipeline->Illuminate\\Pipeline\\{closure}(Object(Illuminate\\Http\\Request))
#81 /Users/aldyhelix/Projects/www/backend_rmi/vendor/laravel/framework/src/Illuminate/Pipeline/Pipeline.php(167): Illuminate\\Foundation\\Http\\Middleware\\ValidatePostSize->handle(Object(Illuminate\\Http\\Request), Object(Closure))
#82 /Users/aldyhelix/Projects/www/backend_rmi/vendor/laravel/framework/src/Illuminate/Foundation/Http/Middleware/PreventRequestsDuringMaintenance.php(86): Illuminate\\Pipeline\\Pipeline->Illuminate\\Pipeline\\{closure}(Object(Illuminate\\Http\\Request))
#83 /Users/aldyhelix/Projects/www/backend_rmi/vendor/laravel/framework/src/Illuminate/Pipeline/Pipeline.php(167): Illuminate\\Foundation\\Http\\Middleware\\PreventRequestsDuringMaintenance->handle(Object(Illuminate\\Http\\Request), Object(Closure))
#84 /Users/aldyhelix/Projects/www/backend_rmi/vendor/fruitcake/laravel-cors/src/HandleCors.php(38): Illuminate\\Pipeline\\Pipeline->Illuminate\\Pipeline\\{closure}(Object(Illuminate\\Http\\Request))
#85 /Users/aldyhelix/Projects/www/backend_rmi/vendor/laravel/framework/src/Illuminate/Pipeline/Pipeline.php(167): Fruitcake\\Cors\\HandleCors->handle(Object(Illuminate\\Http\\Request), Object(Closure))
#86 /Users/aldyhelix/Projects/www/backend_rmi/vendor/laravel/framework/src/Illuminate/Http/Middleware/TrustProxies.php(39): Illuminate\\Pipeline\\Pipeline->Illuminate\\Pipeline\\{closure}(Object(Illuminate\\Http\\Request))
#87 /Users/aldyhelix/Projects/www/backend_rmi/vendor/laravel/framework/src/Illuminate/Pipeline/Pipeline.php(167): Illuminate\\Http\\Middleware\\TrustProxies->handle(Object(Illuminate\\Http\\Request), Object(Closure))
#88 /Users/aldyhelix/Projects/www/backend_rmi/vendor/laravel/framework/src/Illuminate/Pipeline/Pipeline.php(103): Illuminate\\Pipeline\\Pipeline->Illuminate\\Pipeline\\{closure}(Object(Illuminate\\Http\\Request))
#89 /Users/aldyhelix/Projects/www/backend_rmi/vendor/laravel/framework/src/Illuminate/Foundation/Http/Kernel.php(142): Illuminate\\Pipeline\\Pipeline->then(Object(Closure))
#90 /Users/aldyhelix/Projects/www/backend_rmi/vendor/laravel/framework/src/Illuminate/Foundation/Http/Kernel.php(111): Illuminate\\Foundation\\Http\\Kernel->sendRequestThroughRouter(Object(Illuminate\\Http\\Request))
#91 /Users/aldyhelix/Projects/www/backend_rmi/public/index.php(58): Illuminate\\Foundation\\Http\\Kernel->handle(Object(Illuminate\\Http\\Request))
#92 /Applications/Herd.app/Contents/Resources/valet/server.php(153): require('/Users/aldyheli...')
#93 {main}
"} 
