[2024-06-22 05:10:39] production.ERROR: SQLSTATE[42000]: Syntax error or access violation: 1066 Not unique table/alias: 'o' (SQL: select count(*) as aggregate from `orders` as `o` inner join `orders` as `o` on `oi`.`order_id` = `o`.`id` inner join `inventories` as `i` on `oi`.`inventory_id` = `i`.`id` inner join `products` as `p` on `i`.`product_id` = `p`.`id` where `o`.`customer_id` is not null and `o`.`customer_id` is not null) (View: /Users/aldyhelix/Projects/www/backend_rmi/resources/views/admin/dashboard/platform.blade.php) {"view":{"view":"/Users/aldyhelix/Projects/www/backend_rmi/vendor/laravel/framework/src/Illuminate/Database/Connection.php","data":[]},"userId":1,"exception":"[object] (Facade\\Ignition\\Exceptions\\ViewException(code: 0): SQLSTATE[42000]: Syntax error or access violation: 1066 Not unique table/alias: 'o' (SQL: select count(*) as aggregate from `orders` as `o` inner join `orders` as `o` on `oi`.`order_id` = `o`.`id` inner join `inventories` as `i` on `oi`.`inventory_id` = `i`.`id` inner join `products` as `p` on `i`.`product_id` = `p`.`id` where `o`.`customer_id` is not null and `o`.`customer_id` is not null) (View: /Users/aldyhelix/Projects/www/backend_rmi/resources/views/admin/dashboard/platform.blade.php) at /Users/aldyhelix/Projects/www/backend_rmi/vendor/laravel/framework/src/Illuminate/Database/Connection.php:712)
[stacktrace]
#0 /Users/aldyhelix/Projects/www/backend_rmi/vendor/laravel/framework/src/Illuminate/Database/Connection.php(672): Illuminate\\Database\\Connection->runQueryCallback('select count(*)...', Array, Object(Closure))
#1 /Users/aldyhelix/Projects/www/backend_rmi/vendor/laravel/framework/src/Illuminate/Database/Connection.php(359): Illuminate\\Database\\Connection->run('select count(*)...', Array, Object(Closure))
#2 /Users/aldyhelix/Projects/www/backend_rmi/vendor/laravel/framework/src/Illuminate/Database/Query/Builder.php(2413): Illuminate\\Database\\Connection->select('select count(*)...', Array, true)
#3 /Users/aldyhelix/Projects/www/backend_rmi/vendor/laravel/framework/src/Illuminate/Database/Query/Builder.php(2402): Illuminate\\Database\\Query\\Builder->runSelect()
#4 /Users/aldyhelix/Projects/www/backend_rmi/vendor/laravel/framework/src/Illuminate/Database/Query/Builder.php(2936): Illuminate\\Database\\Query\\Builder->Illuminate\\Database\\Query\\{closure}()
#5 /Users/aldyhelix/Projects/www/backend_rmi/vendor/laravel/framework/src/Illuminate/Database/Query/Builder.php(2401): Illuminate\\Database\\Query\\Builder->onceWithColumns(Array, Object(Closure))
#6 /Users/aldyhelix/Projects/www/backend_rmi/vendor/laravel/framework/src/Illuminate/Database/Query/Builder.php(2863): Illuminate\\Database\\Query\\Builder->get(Array)
#7 /Users/aldyhelix/Projects/www/backend_rmi/vendor/laravel/framework/src/Illuminate/Database/Query/Builder.php(2791): Illuminate\\Database\\Query\\Builder->aggregate('count', Array)
#8 /Users/aldyhelix/Projects/www/backend_rmi/app/Http/Livewire/Dashboard.php(759): Illuminate\\Database\\Query\\Builder->count()
#9 /Users/aldyhelix/Projects/www/backend_rmi/app/Http/Livewire/Dashboard.php(244): App\\Http\\Livewire\\Dashboard->updatedTotalOrders()
#10 /Users/aldyhelix/Projects/www/backend_rmi/app/Http/Livewire/Dashboard.php(124): App\\Http\\Livewire\\Dashboard->updateCardSection()
#11 /Users/aldyhelix/Projects/www/backend_rmi/vendor/laravel/framework/src/Illuminate/Container/BoundMethod.php(36): App\\Http\\Livewire\\Dashboard->mount(9, 0, 7, 0, 16, 0, 0, 0, 0, 0, 0, 0, 0, 0)
#12 /Users/aldyhelix/Projects/www/backend_rmi/vendor/laravel/framework/src/Illuminate/Container/Util.php(40): Illuminate\\Container\\BoundMethod::Illuminate\\Container\\{closure}()
#13 /Users/aldyhelix/Projects/www/backend_rmi/vendor/laravel/framework/src/Illuminate/Container/BoundMethod.php(93): Illuminate\\Container\\Util::unwrapIfClosure(Object(Closure))
#14 /Users/aldyhelix/Projects/www/backend_rmi/vendor/laravel/framework/src/Illuminate/Container/BoundMethod.php(35): Illuminate\\Container\\BoundMethod::callBoundMethod(Object(Illuminate\\Foundation\\Application), Array, Object(Closure))
#15 /Users/aldyhelix/Projects/www/backend_rmi/vendor/livewire/livewire/src/LifecycleManager.php(114): Illuminate\\Container\\BoundMethod::call(Object(Illuminate\\Foundation\\Application), Array, Array)
#16 /Users/aldyhelix/Projects/www/backend_rmi/vendor/livewire/livewire/src/LivewireManager.php(130): Livewire\\LifecycleManager->mount(Array)
#17 /Users/aldyhelix/Projects/www/backend_rmi/vendor/laravel/framework/src/Illuminate/Support/Facades/Facade.php(261): Livewire\\LivewireManager->mount('dashboard', Array)
#18 /Users/aldyhelix/Projects/www/backend_rmi/resources/views/admin/dashboard/platform.blade.php(13): Illuminate\\Support\\Facades\\Facade::__callStatic('mount', Array)
#19 /Users/aldyhelix/Projects/www/backend_rmi/vendor/laravel/framework/src/Illuminate/Filesystem/Filesystem.php(107): require('/Users/aldyheli...')
#20 /Users/aldyhelix/Projects/www/backend_rmi/vendor/laravel/framework/src/Illuminate/Filesystem/Filesystem.php(108): Illuminate\\Filesystem\\Filesystem::Illuminate\\Filesystem\\{closure}()
#21 /Users/aldyhelix/Projects/www/backend_rmi/vendor/laravel/framework/src/Illuminate/View/Engines/PhpEngine.php(58): Illuminate\\Filesystem\\Filesystem->getRequire('/Users/aldyheli...', Array)
#22 /Users/aldyhelix/Projects/www/backend_rmi/vendor/livewire/livewire/src/ComponentConcerns/RendersLivewireComponents.php(69): Illuminate\\View\\Engines\\PhpEngine->evaluatePath('/Users/aldyheli...', Array)
#23 /Users/aldyhelix/Projects/www/backend_rmi/vendor/laravel/framework/src/Illuminate/View/Engines/CompilerEngine.php(61): Livewire\\CompilerEngineForIgnition->evaluatePath('/Users/aldyheli...', Array)
#24 /Users/aldyhelix/Projects/www/backend_rmi/vendor/facade/ignition/src/Views/Engines/CompilerEngine.php(37): Illuminate\\View\\Engines\\CompilerEngine->get('/Users/aldyheli...', Array)
#25 /Users/aldyhelix/Projects/www/backend_rmi/vendor/livewire/livewire/src/ComponentConcerns/RendersLivewireComponents.php(35): Facade\\Ignition\\Views\\Engines\\CompilerEngine->get('/Users/aldyheli...', Array)
#26 /Users/aldyhelix/Projects/www/backend_rmi/vendor/laravel/framework/src/Illuminate/View/View.php(139): Livewire\\CompilerEngineForIgnition->get('/Users/aldyheli...', Array)
#27 /Users/aldyhelix/Projects/www/backend_rmi/vendor/laravel/framework/src/Illuminate/View/View.php(122): Illuminate\\View\\View->getContents()
#28 /Users/aldyhelix/Projects/www/backend_rmi/vendor/laravel/framework/src/Illuminate/View/View.php(91): Illuminate\\View\\View->renderContents()
#29 /Users/aldyhelix/Projects/www/backend_rmi/vendor/laravel/framework/src/Illuminate/Http/Response.php(69): Illuminate\\View\\View->render()
#30 /Users/aldyhelix/Projects/www/backend_rmi/vendor/laravel/framework/src/Illuminate/Http/Response.php(35): Illuminate\\Http\\Response->setContent(Object(Illuminate\\View\\View))
#31 /Users/aldyhelix/Projects/www/backend_rmi/vendor/laravel/framework/src/Illuminate/Routing/Router.php(820): Illuminate\\Http\\Response->__construct(Object(Illuminate\\View\\View), 200, Array)
#32 /Users/aldyhelix/Projects/www/backend_rmi/vendor/laravel/framework/src/Illuminate/Routing/Router.php(789): Illuminate\\Routing\\Router::toResponse(Object(Illuminate\\Http\\Request), Object(Illuminate\\View\\View))
#33 /Users/aldyhelix/Projects/www/backend_rmi/vendor/laravel/framework/src/Illuminate/Routing/Router.php(720): Illuminate\\Routing\\Router->prepareResponse(Object(Illuminate\\Http\\Request), Object(Illuminate\\View\\View))
#34 /Users/aldyhelix/Projects/www/backend_rmi/vendor/laravel/framework/src/Illuminate/Pipeline/Pipeline.php(128): Illuminate\\Routing\\Router->Illuminate\\Routing\\{closure}(Object(Illuminate\\Http\\Request))
#35 /Users/aldyhelix/Projects/www/backend_rmi/app/Http/Middleware/DashboardSetup.php(22): Illuminate\\Pipeline\\Pipeline->Illuminate\\Pipeline\\{closure}(Object(Illuminate\\Http\\Request))
#36 /Users/aldyhelix/Projects/www/backend_rmi/vendor/laravel/framework/src/Illuminate/Pipeline/Pipeline.php(167): App\\Http\\Middleware\\DashboardSetup->handle(Object(Illuminate\\Http\\Request), Object(Closure))
#37 /Users/aldyhelix/Projects/www/backend_rmi/app/Http/Middleware/CheckIfBillingInfoRequired.php(24): Illuminate\\Pipeline\\Pipeline->Illuminate\\Pipeline\\{closure}(Object(Illuminate\\Http\\Request))
#38 /Users/aldyhelix/Projects/www/backend_rmi/vendor/laravel/framework/src/Illuminate/Pipeline/Pipeline.php(167): App\\Http\\Middleware\\CheckIfBillingInfoRequired->handle(Object(Illuminate\\Http\\Request), Object(Closure))
#39 /Users/aldyhelix/Projects/www/backend_rmi/app/Http/Middleware/VerifyUserIsSubscribed.php(25): Illuminate\\Pipeline\\Pipeline->Illuminate\\Pipeline\\{closure}(Object(Illuminate\\Http\\Request))
#40 /Users/aldyhelix/Projects/www/backend_rmi/vendor/laravel/framework/src/Illuminate/Pipeline/Pipeline.php(167): App\\Http\\Middleware\\VerifyUserIsSubscribed->handle(Object(Illuminate\\Http\\Request), Object(Closure))
#41 /Users/aldyhelix/Projects/www/backend_rmi/app/Http/Middleware/CookieConsentMiddleware.php(21): Illuminate\\Pipeline\\Pipeline->Illuminate\\Pipeline\\{closure}(Object(Illuminate\\Http\\Request))
#42 /Users/aldyhelix/Projects/www/backend_rmi/vendor/laravel/framework/src/Illuminate/Pipeline/Pipeline.php(167): App\\Http\\Middleware\\CookieConsentMiddleware->handle(Object(Illuminate\\Http\\Request), Object(Closure))
#43 /Users/aldyhelix/Projects/www/backend_rmi/app/Http/Middleware/Language.php(64): Illuminate\\Pipeline\\Pipeline->Illuminate\\Pipeline\\{closure}(Object(Illuminate\\Http\\Request))
#44 /Users/aldyhelix/Projects/www/backend_rmi/vendor/laravel/framework/src/Illuminate/Pipeline/Pipeline.php(167): App\\Http\\Middleware\\Language->handle(Object(Illuminate\\Http\\Request), Object(Closure))
#45 /Users/aldyhelix/Projects/www/backend_rmi/app/Http/Middleware/InitSettings.php(8): Illuminate\\Pipeline\\Pipeline->Illuminate\\Pipeline\\{closure}(Object(Illuminate\\Http\\Request))
#46 /Users/aldyhelix/Projects/www/backend_rmi/vendor/laravel/framework/src/Illuminate/Pipeline/Pipeline.php(167): App\\Http\\Middleware\\InitSettings->handle(Object(Illuminate\\Http\\Request), Object(Closure))
#47 /Users/aldyhelix/Projects/www/backend_rmi/vendor/laravel/framework/src/Illuminate/Routing/Middleware/SubstituteBindings.php(50): Illuminate\\Pipeline\\Pipeline->Illuminate\\Pipeline\\{closure}(Object(Illuminate\\Http\\Request))
#48 /Users/aldyhelix/Projects/www/backend_rmi/vendor/laravel/framework/src/Illuminate/Pipeline/Pipeline.php(167): Illuminate\\Routing\\Middleware\\SubstituteBindings->handle(Object(Illuminate\\Http\\Request), Object(Closure))
#49 /Users/aldyhelix/Projects/www/backend_rmi/vendor/laravel/framework/src/Illuminate/Auth/Middleware/Authenticate.php(44): Illuminate\\Pipeline\\Pipeline->Illuminate\\Pipeline\\{closure}(Object(Illuminate\\Http\\Request))
#50 /Users/aldyhelix/Projects/www/backend_rmi/vendor/laravel/framework/src/Illuminate/Pipeline/Pipeline.php(167): Illuminate\\Auth\\Middleware\\Authenticate->handle(Object(Illuminate\\Http\\Request), Object(Closure))
#51 /Users/aldyhelix/Projects/www/backend_rmi/vendor/laravel/framework/src/Illuminate/Foundation/Http/Middleware/VerifyCsrfToken.php(78): Illuminate\\Pipeline\\Pipeline->Illuminate\\Pipeline\\{closure}(Object(Illuminate\\Http\\Request))
#52 /Users/aldyhelix/Projects/www/backend_rmi/vendor/laravel/framework/src/Illuminate/Pipeline/Pipeline.php(167): Illuminate\\Foundation\\Http\\Middleware\\VerifyCsrfToken->handle(Object(Illuminate\\Http\\Request), Object(Closure))
#53 /Users/aldyhelix/Projects/www/backend_rmi/vendor/laravel/framework/src/Illuminate/View/Middleware/ShareErrorsFromSession.php(49): Illuminate\\Pipeline\\Pipeline->Illuminate\\Pipeline\\{closure}(Object(Illuminate\\Http\\Request))
#54 /Users/aldyhelix/Projects/www/backend_rmi/vendor/laravel/framework/src/Illuminate/Pipeline/Pipeline.php(167): Illuminate\\View\\Middleware\\ShareErrorsFromSession->handle(Object(Illuminate\\Http\\Request), Object(Closure))
#55 /Users/aldyhelix/Projects/www/backend_rmi/vendor/laravel/framework/src/Illuminate/Session/Middleware/StartSession.php(121): Illuminate\\Pipeline\\Pipeline->Illuminate\\Pipeline\\{closure}(Object(Illuminate\\Http\\Request))
#56 /Users/aldyhelix/Projects/www/backend_rmi/vendor/laravel/framework/src/Illuminate/Session/Middleware/StartSession.php(64): Illuminate\\Session\\Middleware\\StartSession->handleStatefulRequest(Object(Illuminate\\Http\\Request), Object(Illuminate\\Session\\EncryptedStore), Object(Closure))
#57 /Users/aldyhelix/Projects/www/backend_rmi/vendor/laravel/framework/src/Illuminate/Pipeline/Pipeline.php(167): Illuminate\\Session\\Middleware\\StartSession->handle(Object(Illuminate\\Http\\Request), Object(Closure))
#58 /Users/aldyhelix/Projects/www/backend_rmi/vendor/laravel/framework/src/Illuminate/Cookie/Middleware/AddQueuedCookiesToResponse.php(37): Illuminate\\Pipeline\\Pipeline->Illuminate\\Pipeline\\{closure}(Object(Illuminate\\Http\\Request))
#59 /Users/aldyhelix/Projects/www/backend_rmi/vendor/laravel/framework/src/Illuminate/Pipeline/Pipeline.php(167): Illuminate\\Cookie\\Middleware\\AddQueuedCookiesToResponse->handle(Object(Illuminate\\Http\\Request), Object(Closure))
#60 /Users/aldyhelix/Projects/www/backend_rmi/vendor/laravel/framework/src/Illuminate/Cookie/Middleware/EncryptCookies.php(67): Illuminate\\Pipeline\\Pipeline->Illuminate\\Pipeline\\{closure}(Object(Illuminate\\Http\\Request))
#61 /Users/aldyhelix/Projects/www/backend_rmi/vendor/laravel/framework/src/Illuminate/Pipeline/Pipeline.php(167): Illuminate\\Cookie\\Middleware\\EncryptCookies->handle(Object(Illuminate\\Http\\Request), Object(Closure))
#62 /Users/aldyhelix/Projects/www/backend_rmi/vendor/laravel/framework/src/Illuminate/Pipeline/Pipeline.php(103): Illuminate\\Pipeline\\Pipeline->Illuminate\\Pipeline\\{closure}(Object(Illuminate\\Http\\Request))
#63 /Users/aldyhelix/Projects/www/backend_rmi/vendor/laravel/framework/src/Illuminate/Routing/Router.php(719): Illuminate\\Pipeline\\Pipeline->then(Object(Closure))
#64 /Users/aldyhelix/Projects/www/backend_rmi/vendor/laravel/framework/src/Illuminate/Routing/Router.php(698): Illuminate\\Routing\\Router->runRouteWithinStack(Object(Illuminate\\Routing\\Route), Object(Illuminate\\Http\\Request))
#65 /Users/aldyhelix/Projects/www/backend_rmi/vendor/laravel/framework/src/Illuminate/Routing/Router.php(662): Illuminate\\Routing\\Router->runRoute(Object(Illuminate\\Http\\Request), Object(Illuminate\\Routing\\Route))
#66 /Users/aldyhelix/Projects/www/backend_rmi/vendor/laravel/framework/src/Illuminate/Routing/Router.php(651): Illuminate\\Routing\\Router->dispatchToRoute(Object(Illuminate\\Http\\Request))
#67 /Users/aldyhelix/Projects/www/backend_rmi/vendor/laravel/framework/src/Illuminate/Foundation/Http/Kernel.php(167): Illuminate\\Routing\\Router->dispatch(Object(Illuminate\\Http\\Request))
#68 /Users/aldyhelix/Projects/www/backend_rmi/vendor/laravel/framework/src/Illuminate/Pipeline/Pipeline.php(128): Illuminate\\Foundation\\Http\\Kernel->Illuminate\\Foundation\\Http\\{closure}(Object(Illuminate\\Http\\Request))
#69 /Users/aldyhelix/Projects/www/backend_rmi/vendor/livewire/livewire/src/DisableBrowserCache.php(19): Illuminate\\Pipeline\\Pipeline->Illuminate\\Pipeline\\{closure}(Object(Illuminate\\Http\\Request))
#70 /Users/aldyhelix/Projects/www/backend_rmi/vendor/laravel/framework/src/Illuminate/Pipeline/Pipeline.php(167): Livewire\\DisableBrowserCache->handle(Object(Illuminate\\Http\\Request), Object(Closure))
#71 /Users/aldyhelix/Projects/www/backend_rmi/vendor/barryvdh/laravel-debugbar/src/Middleware/InjectDebugbar.php(66): Illuminate\\Pipeline\\Pipeline->Illuminate\\Pipeline\\{closure}(Object(Illuminate\\Http\\Request))
#72 /Users/aldyhelix/Projects/www/backend_rmi/vendor/laravel/framework/src/Illuminate/Pipeline/Pipeline.php(167): Barryvdh\\Debugbar\\Middleware\\InjectDebugbar->handle(Object(Illuminate\\Http\\Request), Object(Closure))
#73 /Users/aldyhelix/Projects/www/backend_rmi/app/Http/Middleware/CheckForInstallation.php(19): Illuminate\\Pipeline\\Pipeline->Illuminate\\Pipeline\\{closure}(Object(Illuminate\\Http\\Request))
#74 /Users/aldyhelix/Projects/www/backend_rmi/vendor/laravel/framework/src/Illuminate/Pipeline/Pipeline.php(167): App\\Http\\Middleware\\CheckForInstallation->handle(Object(Illuminate\\Http\\Request), Object(Closure))
#75 /Users/aldyhelix/Projects/www/backend_rmi/vendor/laravel/framework/src/Illuminate/Foundation/Http/Middleware/TransformsRequest.php(21): Illuminate\\Pipeline\\Pipeline->Illuminate\\Pipeline\\{closure}(Object(Illuminate\\Http\\Request))
#76 /Users/aldyhelix/Projects/www/backend_rmi/vendor/laravel/framework/src/Illuminate/Foundation/Http/Middleware/ConvertEmptyStringsToNull.php(31): Illuminate\\Foundation\\Http\\Middleware\\TransformsRequest->handle(Object(Illuminate\\Http\\Request), Object(Closure))
#77 /Users/aldyhelix/Projects/www/backend_rmi/vendor/laravel/framework/src/Illuminate/Pipeline/Pipeline.php(167): Illuminate\\Foundation\\Http\\Middleware\\ConvertEmptyStringsToNull->handle(Object(Illuminate\\Http\\Request), Object(Closure))
#78 /Users/aldyhelix/Projects/www/backend_rmi/vendor/laravel/framework/src/Illuminate/Foundation/Http/Middleware/TransformsRequest.php(21): Illuminate\\Pipeline\\Pipeline->Illuminate\\Pipeline\\{closure}(Object(Illuminate\\Http\\Request))
#79 /Users/aldyhelix/Projects/www/backend_rmi/vendor/laravel/framework/src/Illuminate/Foundation/Http/Middleware/TrimStrings.php(40): Illuminate\\Foundation\\Http\\Middleware\\TransformsRequest->handle(Object(Illuminate\\Http\\Request), Object(Closure))
#80 /Users/aldyhelix/Projects/www/backend_rmi/vendor/laravel/framework/src/Illuminate/Pipeline/Pipeline.php(167): Illuminate\\Foundation\\Http\\Middleware\\TrimStrings->handle(Object(Illuminate\\Http\\Request), Object(Closure))
#81 /Users/aldyhelix/Projects/www/backend_rmi/vendor/laravel/framework/src/Illuminate/Foundation/Http/Middleware/ValidatePostSize.php(27): Illuminate\\Pipeline\\Pipeline->Illuminate\\Pipeline\\{closure}(Object(Illuminate\\Http\\Request))
#82 /Users/aldyhelix/Projects/www/backend_rmi/vendor/laravel/framework/src/Illuminate/Pipeline/Pipeline.php(167): Illuminate\\Foundation\\Http\\Middleware\\ValidatePostSize->handle(Object(Illuminate\\Http\\Request), Object(Closure))
#83 /Users/aldyhelix/Projects/www/backend_rmi/vendor/laravel/framework/src/Illuminate/Foundation/Http/Middleware/PreventRequestsDuringMaintenance.php(86): Illuminate\\Pipeline\\Pipeline->Illuminate\\Pipeline\\{closure}(Object(Illuminate\\Http\\Request))
#84 /Users/aldyhelix/Projects/www/backend_rmi/vendor/laravel/framework/src/Illuminate/Pipeline/Pipeline.php(167): Illuminate\\Foundation\\Http\\Middleware\\PreventRequestsDuringMaintenance->handle(Object(Illuminate\\Http\\Request), Object(Closure))
#85 /Users/aldyhelix/Projects/www/backend_rmi/vendor/fruitcake/laravel-cors/src/HandleCors.php(38): Illuminate\\Pipeline\\Pipeline->Illuminate\\Pipeline\\{closure}(Object(Illuminate\\Http\\Request))
#86 /Users/aldyhelix/Projects/www/backend_rmi/vendor/laravel/framework/src/Illuminate/Pipeline/Pipeline.php(167): Fruitcake\\Cors\\HandleCors->handle(Object(Illuminate\\Http\\Request), Object(Closure))
#87 /Users/aldyhelix/Projects/www/backend_rmi/vendor/laravel/framework/src/Illuminate/Http/Middleware/TrustProxies.php(39): Illuminate\\Pipeline\\Pipeline->Illuminate\\Pipeline\\{closure}(Object(Illuminate\\Http\\Request))
#88 /Users/aldyhelix/Projects/www/backend_rmi/vendor/laravel/framework/src/Illuminate/Pipeline/Pipeline.php(167): Illuminate\\Http\\Middleware\\TrustProxies->handle(Object(Illuminate\\Http\\Request), Object(Closure))
#89 /Users/aldyhelix/Projects/www/backend_rmi/vendor/laravel/framework/src/Illuminate/Pipeline/Pipeline.php(103): Illuminate\\Pipeline\\Pipeline->Illuminate\\Pipeline\\{closure}(Object(Illuminate\\Http\\Request))
#90 /Users/aldyhelix/Projects/www/backend_rmi/vendor/laravel/framework/src/Illuminate/Foundation/Http/Kernel.php(142): Illuminate\\Pipeline\\Pipeline->then(Object(Closure))
#91 /Users/aldyhelix/Projects/www/backend_rmi/vendor/laravel/framework/src/Illuminate/Foundation/Http/Kernel.php(111): Illuminate\\Foundation\\Http\\Kernel->sendRequestThroughRouter(Object(Illuminate\\Http\\Request))
#92 /Users/aldyhelix/Projects/www/backend_rmi/public/index.php(58): Illuminate\\Foundation\\Http\\Kernel->handle(Object(Illuminate\\Http\\Request))
#93 /Applications/Herd.app/Contents/Resources/valet/server.php(153): require('/Users/aldyheli...')
#94 {main}

[previous exception] [object] (Illuminate\\Database\\QueryException(code: 42000): SQLSTATE[42000]: Syntax error or access violation: 1066 Not unique table/alias: 'o' (SQL: select count(*) as aggregate from `orders` as `o` inner join `orders` as `o` on `oi`.`order_id` = `o`.`id` inner join `inventories` as `i` on `oi`.`inventory_id` = `i`.`id` inner join `products` as `p` on `i`.`product_id` = `p`.`id` where `o`.`customer_id` is not null and `o`.`customer_id` is not null) at /Users/aldyhelix/Projects/www/backend_rmi/vendor/laravel/framework/src/Illuminate/Database/Connection.php:712)
[stacktrace]
#0 /Users/aldyhelix/Projects/www/backend_rmi/vendor/laravel/framework/src/Illuminate/Database/Connection.php(672): Illuminate\\Database\\Connection->runQueryCallback('select count(*)...', Array, Object(Closure))
#1 /Users/aldyhelix/Projects/www/backend_rmi/vendor/laravel/framework/src/Illuminate/Database/Connection.php(359): Illuminate\\Database\\Connection->run('select count(*)...', Array, Object(Closure))
#2 /Users/aldyhelix/Projects/www/backend_rmi/vendor/laravel/framework/src/Illuminate/Database/Query/Builder.php(2413): Illuminate\\Database\\Connection->select('select count(*)...', Array, true)
#3 /Users/aldyhelix/Projects/www/backend_rmi/vendor/laravel/framework/src/Illuminate/Database/Query/Builder.php(2402): Illuminate\\Database\\Query\\Builder->runSelect()
#4 /Users/aldyhelix/Projects/www/backend_rmi/vendor/laravel/framework/src/Illuminate/Database/Query/Builder.php(2936): Illuminate\\Database\\Query\\Builder->Illuminate\\Database\\Query\\{closure}()
#5 /Users/aldyhelix/Projects/www/backend_rmi/vendor/laravel/framework/src/Illuminate/Database/Query/Builder.php(2401): Illuminate\\Database\\Query\\Builder->onceWithColumns(Array, Object(Closure))
#6 /Users/aldyhelix/Projects/www/backend_rmi/vendor/laravel/framework/src/Illuminate/Database/Query/Builder.php(2863): Illuminate\\Database\\Query\\Builder->get(Array)
#7 /Users/aldyhelix/Projects/www/backend_rmi/vendor/laravel/framework/src/Illuminate/Database/Query/Builder.php(2791): Illuminate\\Database\\Query\\Builder->aggregate('count', Array)
#8 /Users/aldyhelix/Projects/www/backend_rmi/app/Http/Livewire/Dashboard.php(759): Illuminate\\Database\\Query\\Builder->count()
#9 /Users/aldyhelix/Projects/www/backend_rmi/app/Http/Livewire/Dashboard.php(244): App\\Http\\Livewire\\Dashboard->updatedTotalOrders()
#10 /Users/aldyhelix/Projects/www/backend_rmi/app/Http/Livewire/Dashboard.php(124): App\\Http\\Livewire\\Dashboard->updateCardSection()
#11 /Users/aldyhelix/Projects/www/backend_rmi/vendor/laravel/framework/src/Illuminate/Container/BoundMethod.php(36): App\\Http\\Livewire\\Dashboard->mount(9, 0, 7, 0, 16, 0, 0, 0, 0, 0, 0, 0, 0, 0)
#12 /Users/aldyhelix/Projects/www/backend_rmi/vendor/laravel/framework/src/Illuminate/Container/Util.php(40): Illuminate\\Container\\BoundMethod::Illuminate\\Container\\{closure}()
#13 /Users/aldyhelix/Projects/www/backend_rmi/vendor/laravel/framework/src/Illuminate/Container/BoundMethod.php(93): Illuminate\\Container\\Util::unwrapIfClosure(Object(Closure))
#14 /Users/aldyhelix/Projects/www/backend_rmi/vendor/laravel/framework/src/Illuminate/Container/BoundMethod.php(35): Illuminate\\Container\\BoundMethod::callBoundMethod(Object(Illuminate\\Foundation\\Application), Array, Object(Closure))
#15 /Users/aldyhelix/Projects/www/backend_rmi/vendor/livewire/livewire/src/LifecycleManager.php(114): Illuminate\\Container\\BoundMethod::call(Object(Illuminate\\Foundation\\Application), Array, Array)
#16 /Users/aldyhelix/Projects/www/backend_rmi/vendor/livewire/livewire/src/LivewireManager.php(130): Livewire\\LifecycleManager->mount(Array)
#17 /Users/aldyhelix/Projects/www/backend_rmi/vendor/laravel/framework/src/Illuminate/Support/Facades/Facade.php(261): Livewire\\LivewireManager->mount('dashboard', Array)
#18 /Users/aldyhelix/Projects/www/backend_rmi/storage/framework/views/7614a377bf597da1c7ed67416eae576b7feee755.php(13): Illuminate\\Support\\Facades\\Facade::__callStatic('mount', Array)
#19 /Users/aldyhelix/Projects/www/backend_rmi/vendor/laravel/framework/src/Illuminate/Filesystem/Filesystem.php(107): require('/Users/aldyheli...')
#20 /Users/aldyhelix/Projects/www/backend_rmi/vendor/laravel/framework/src/Illuminate/Filesystem/Filesystem.php(108): Illuminate\\Filesystem\\Filesystem::Illuminate\\Filesystem\\{closure}()
#21 /Users/aldyhelix/Projects/www/backend_rmi/vendor/laravel/framework/src/Illuminate/View/Engines/PhpEngine.php(58): Illuminate\\Filesystem\\Filesystem->getRequire('/Users/aldyheli...', Array)
#22 /Users/aldyhelix/Projects/www/backend_rmi/vendor/livewire/livewire/src/ComponentConcerns/RendersLivewireComponents.php(69): Illuminate\\View\\Engines\\PhpEngine->evaluatePath('/Users/aldyheli...', Array)
#23 /Users/aldyhelix/Projects/www/backend_rmi/vendor/laravel/framework/src/Illuminate/View/Engines/CompilerEngine.php(61): Livewire\\CompilerEngineForIgnition->evaluatePath('/Users/aldyheli...', Array)
#24 /Users/aldyhelix/Projects/www/backend_rmi/vendor/facade/ignition/src/Views/Engines/CompilerEngine.php(37): Illuminate\\View\\Engines\\CompilerEngine->get('/Users/aldyheli...', Array)
#25 /Users/aldyhelix/Projects/www/backend_rmi/vendor/livewire/livewire/src/ComponentConcerns/RendersLivewireComponents.php(35): Facade\\Ignition\\Views\\Engines\\CompilerEngine->get('/Users/aldyheli...', Array)
#26 /Users/aldyhelix/Projects/www/backend_rmi/vendor/laravel/framework/src/Illuminate/View/View.php(139): Livewire\\CompilerEngineForIgnition->get('/Users/aldyheli...', Array)
#27 /Users/aldyhelix/Projects/www/backend_rmi/vendor/laravel/framework/src/Illuminate/View/View.php(122): Illuminate\\View\\View->getContents()
#28 /Users/aldyhelix/Projects/www/backend_rmi/vendor/laravel/framework/src/Illuminate/View/View.php(91): Illuminate\\View\\View->renderContents()
#29 /Users/aldyhelix/Projects/www/backend_rmi/vendor/laravel/framework/src/Illuminate/Http/Response.php(69): Illuminate\\View\\View->render()
#30 /Users/aldyhelix/Projects/www/backend_rmi/vendor/laravel/framework/src/Illuminate/Http/Response.php(35): Illuminate\\Http\\Response->setContent(Object(Illuminate\\View\\View))
#31 /Users/aldyhelix/Projects/www/backend_rmi/vendor/laravel/framework/src/Illuminate/Routing/Router.php(820): Illuminate\\Http\\Response->__construct(Object(Illuminate\\View\\View), 200, Array)
#32 /Users/aldyhelix/Projects/www/backend_rmi/vendor/laravel/framework/src/Illuminate/Routing/Router.php(789): Illuminate\\Routing\\Router::toResponse(Object(Illuminate\\Http\\Request), Object(Illuminate\\View\\View))
#33 /Users/aldyhelix/Projects/www/backend_rmi/vendor/laravel/framework/src/Illuminate/Routing/Router.php(720): Illuminate\\Routing\\Router->prepareResponse(Object(Illuminate\\Http\\Request), Object(Illuminate\\View\\View))
#34 /Users/aldyhelix/Projects/www/backend_rmi/vendor/laravel/framework/src/Illuminate/Pipeline/Pipeline.php(128): Illuminate\\Routing\\Router->Illuminate\\Routing\\{closure}(Object(Illuminate\\Http\\Request))
#35 /Users/aldyhelix/Projects/www/backend_rmi/app/Http/Middleware/DashboardSetup.php(22): Illuminate\\Pipeline\\Pipeline->Illuminate\\Pipeline\\{closure}(Object(Illuminate\\Http\\Request))
#36 /Users/aldyhelix/Projects/www/backend_rmi/vendor/laravel/framework/src/Illuminate/Pipeline/Pipeline.php(167): App\\Http\\Middleware\\DashboardSetup->handle(Object(Illuminate\\Http\\Request), Object(Closure))
#37 /Users/aldyhelix/Projects/www/backend_rmi/app/Http/Middleware/CheckIfBillingInfoRequired.php(24): Illuminate\\Pipeline\\Pipeline->Illuminate\\Pipeline\\{closure}(Object(Illuminate\\Http\\Request))
#38 /Users/aldyhelix/Projects/www/backend_rmi/vendor/laravel/framework/src/Illuminate/Pipeline/Pipeline.php(167): App\\Http\\Middleware\\CheckIfBillingInfoRequired->handle(Object(Illuminate\\Http\\Request), Object(Closure))
#39 /Users/aldyhelix/Projects/www/backend_rmi/app/Http/Middleware/VerifyUserIsSubscribed.php(25): Illuminate\\Pipeline\\Pipeline->Illuminate\\Pipeline\\{closure}(Object(Illuminate\\Http\\Request))
#40 /Users/aldyhelix/Projects/www/backend_rmi/vendor/laravel/framework/src/Illuminate/Pipeline/Pipeline.php(167): App\\Http\\Middleware\\VerifyUserIsSubscribed->handle(Object(Illuminate\\Http\\Request), Object(Closure))
#41 /Users/aldyhelix/Projects/www/backend_rmi/app/Http/Middleware/CookieConsentMiddleware.php(21): Illuminate\\Pipeline\\Pipeline->Illuminate\\Pipeline\\{closure}(Object(Illuminate\\Http\\Request))
#42 /Users/aldyhelix/Projects/www/backend_rmi/vendor/laravel/framework/src/Illuminate/Pipeline/Pipeline.php(167): App\\Http\\Middleware\\CookieConsentMiddleware->handle(Object(Illuminate\\Http\\Request), Object(Closure))
#43 /Users/aldyhelix/Projects/www/backend_rmi/app/Http/Middleware/Language.php(64): Illuminate\\Pipeline\\Pipeline->Illuminate\\Pipeline\\{closure}(Object(Illuminate\\Http\\Request))
#44 /Users/aldyhelix/Projects/www/backend_rmi/vendor/laravel/framework/src/Illuminate/Pipeline/Pipeline.php(167): App\\Http\\Middleware\\Language->handle(Object(Illuminate\\Http\\Request), Object(Closure))
#45 /Users/aldyhelix/Projects/www/backend_rmi/app/Http/Middleware/InitSettings.php(8): Illuminate\\Pipeline\\Pipeline->Illuminate\\Pipeline\\{closure}(Object(Illuminate\\Http\\Request))
#46 /Users/aldyhelix/Projects/www/backend_rmi/vendor/laravel/framework/src/Illuminate/Pipeline/Pipeline.php(167): App\\Http\\Middleware\\InitSettings->handle(Object(Illuminate\\Http\\Request), Object(Closure))
#47 /Users/aldyhelix/Projects/www/backend_rmi/vendor/laravel/framework/src/Illuminate/Routing/Middleware/SubstituteBindings.php(50): Illuminate\\Pipeline\\Pipeline->Illuminate\\Pipeline\\{closure}(Object(Illuminate\\Http\\Request))
#48 /Users/aldyhelix/Projects/www/backend_rmi/vendor/laravel/framework/src/Illuminate/Pipeline/Pipeline.php(167): Illuminate\\Routing\\Middleware\\SubstituteBindings->handle(Object(Illuminate\\Http\\Request), Object(Closure))
#49 /Users/aldyhelix/Projects/www/backend_rmi/vendor/laravel/framework/src/Illuminate/Auth/Middleware/Authenticate.php(44): Illuminate\\Pipeline\\Pipeline->Illuminate\\Pipeline\\{closure}(Object(Illuminate\\Http\\Request))
#50 /Users/aldyhelix/Projects/www/backend_rmi/vendor/laravel/framework/src/Illuminate/Pipeline/Pipeline.php(167): Illuminate\\Auth\\Middleware\\Authenticate->handle(Object(Illuminate\\Http\\Request), Object(Closure))
#51 /Users/aldyhelix/Projects/www/backend_rmi/vendor/laravel/framework/src/Illuminate/Foundation/Http/Middleware/VerifyCsrfToken.php(78): Illuminate\\Pipeline\\Pipeline->Illuminate\\Pipeline\\{closure}(Object(Illuminate\\Http\\Request))
#52 /Users/aldyhelix/Projects/www/backend_rmi/vendor/laravel/framework/src/Illuminate/Pipeline/Pipeline.php(167): Illuminate\\Foundation\\Http\\Middleware\\VerifyCsrfToken->handle(Object(Illuminate\\Http\\Request), Object(Closure))
#53 /Users/aldyhelix/Projects/www/backend_rmi/vendor/laravel/framework/src/Illuminate/View/Middleware/ShareErrorsFromSession.php(49): Illuminate\\Pipeline\\Pipeline->Illuminate\\Pipeline\\{closure}(Object(Illuminate\\Http\\Request))
#54 /Users/aldyhelix/Projects/www/backend_rmi/vendor/laravel/framework/src/Illuminate/Pipeline/Pipeline.php(167): Illuminate\\View\\Middleware\\ShareErrorsFromSession->handle(Object(Illuminate\\Http\\Request), Object(Closure))
#55 /Users/aldyhelix/Projects/www/backend_rmi/vendor/laravel/framework/src/Illuminate/Session/Middleware/StartSession.php(121): Illuminate\\Pipeline\\Pipeline->Illuminate\\Pipeline\\{closure}(Object(Illuminate\\Http\\Request))
#56 /Users/aldyhelix/Projects/www/backend_rmi/vendor/laravel/framework/src/Illuminate/Session/Middleware/StartSession.php(64): Illuminate\\Session\\Middleware\\StartSession->handleStatefulRequest(Object(Illuminate\\Http\\Request), Object(Illuminate\\Session\\EncryptedStore), Object(Closure))
#57 /Users/aldyhelix/Projects/www/backend_rmi/vendor/laravel/framework/src/Illuminate/Pipeline/Pipeline.php(167): Illuminate\\Session\\Middleware\\StartSession->handle(Object(Illuminate\\Http\\Request), Object(Closure))
#58 /Users/aldyhelix/Projects/www/backend_rmi/vendor/laravel/framework/src/Illuminate/Cookie/Middleware/AddQueuedCookiesToResponse.php(37): Illuminate\\Pipeline\\Pipeline->Illuminate\\Pipeline\\{closure}(Object(Illuminate\\Http\\Request))
#59 /Users/aldyhelix/Projects/www/backend_rmi/vendor/laravel/framework/src/Illuminate/Pipeline/Pipeline.php(167): Illuminate\\Cookie\\Middleware\\AddQueuedCookiesToResponse->handle(Object(Illuminate\\Http\\Request), Object(Closure))
#60 /Users/aldyhelix/Projects/www/backend_rmi/vendor/laravel/framework/src/Illuminate/Cookie/Middleware/EncryptCookies.php(67): Illuminate\\Pipeline\\Pipeline->Illuminate\\Pipeline\\{closure}(Object(Illuminate\\Http\\Request))
#61 /Users/aldyhelix/Projects/www/backend_rmi/vendor/laravel/framework/src/Illuminate/Pipeline/Pipeline.php(167): Illuminate\\Cookie\\Middleware\\EncryptCookies->handle(Object(Illuminate\\Http\\Request), Object(Closure))
#62 /Users/aldyhelix/Projects/www/backend_rmi/vendor/laravel/framework/src/Illuminate/Pipeline/Pipeline.php(103): Illuminate\\Pipeline\\Pipeline->Illuminate\\Pipeline\\{closure}(Object(Illuminate\\Http\\Request))
#63 /Users/aldyhelix/Projects/www/backend_rmi/vendor/laravel/framework/src/Illuminate/Routing/Router.php(719): Illuminate\\Pipeline\\Pipeline->then(Object(Closure))
#64 /Users/aldyhelix/Projects/www/backend_rmi/vendor/laravel/framework/src/Illuminate/Routing/Router.php(698): Illuminate\\Routing\\Router->runRouteWithinStack(Object(Illuminate\\Routing\\Route), Object(Illuminate\\Http\\Request))
#65 /Users/aldyhelix/Projects/www/backend_rmi/vendor/laravel/framework/src/Illuminate/Routing/Router.php(662): Illuminate\\Routing\\Router->runRoute(Object(Illuminate\\Http\\Request), Object(Illuminate\\Routing\\Route))
#66 /Users/aldyhelix/Projects/www/backend_rmi/vendor/laravel/framework/src/Illuminate/Routing/Router.php(651): Illuminate\\Routing\\Router->dispatchToRoute(Object(Illuminate\\Http\\Request))
#67 /Users/aldyhelix/Projects/www/backend_rmi/vendor/laravel/framework/src/Illuminate/Foundation/Http/Kernel.php(167): Illuminate\\Routing\\Router->dispatch(Object(Illuminate\\Http\\Request))
#68 /Users/aldyhelix/Projects/www/backend_rmi/vendor/laravel/framework/src/Illuminate/Pipeline/Pipeline.php(128): Illuminate\\Foundation\\Http\\Kernel->Illuminate\\Foundation\\Http\\{closure}(Object(Illuminate\\Http\\Request))
#69 /Users/aldyhelix/Projects/www/backend_rmi/vendor/livewire/livewire/src/DisableBrowserCache.php(19): Illuminate\\Pipeline\\Pipeline->Illuminate\\Pipeline\\{closure}(Object(Illuminate\\Http\\Request))
#70 /Users/aldyhelix/Projects/www/backend_rmi/vendor/laravel/framework/src/Illuminate/Pipeline/Pipeline.php(167): Livewire\\DisableBrowserCache->handle(Object(Illuminate\\Http\\Request), Object(Closure))
#71 /Users/aldyhelix/Projects/www/backend_rmi/vendor/barryvdh/laravel-debugbar/src/Middleware/InjectDebugbar.php(66): Illuminate\\Pipeline\\Pipeline->Illuminate\\Pipeline\\{closure}(Object(Illuminate\\Http\\Request))
#72 /Users/aldyhelix/Projects/www/backend_rmi/vendor/laravel/framework/src/Illuminate/Pipeline/Pipeline.php(167): Barryvdh\\Debugbar\\Middleware\\InjectDebugbar->handle(Object(Illuminate\\Http\\Request), Object(Closure))
#73 /Users/aldyhelix/Projects/www/backend_rmi/app/Http/Middleware/CheckForInstallation.php(19): Illuminate\\Pipeline\\Pipeline->Illuminate\\Pipeline\\{closure}(Object(Illuminate\\Http\\Request))
#74 /Users/aldyhelix/Projects/www/backend_rmi/vendor/laravel/framework/src/Illuminate/Pipeline/Pipeline.php(167): App\\Http\\Middleware\\CheckForInstallation->handle(Object(Illuminate\\Http\\Request), Object(Closure))
#75 /Users/aldyhelix/Projects/www/backend_rmi/vendor/laravel/framework/src/Illuminate/Foundation/Http/Middleware/TransformsRequest.php(21): Illuminate\\Pipeline\\Pipeline->Illuminate\\Pipeline\\{closure}(Object(Illuminate\\Http\\Request))
#76 /Users/aldyhelix/Projects/www/backend_rmi/vendor/laravel/framework/src/Illuminate/Foundation/Http/Middleware/ConvertEmptyStringsToNull.php(31): Illuminate\\Foundation\\Http\\Middleware\\TransformsRequest->handle(Object(Illuminate\\Http\\Request), Object(Closure))
#77 /Users/aldyhelix/Projects/www/backend_rmi/vendor/laravel/framework/src/Illuminate/Pipeline/Pipeline.php(167): Illuminate\\Foundation\\Http\\Middleware\\ConvertEmptyStringsToNull->handle(Object(Illuminate\\Http\\Request), Object(Closure))
#78 /Users/aldyhelix/Projects/www/backend_rmi/vendor/laravel/framework/src/Illuminate/Foundation/Http/Middleware/TransformsRequest.php(21): Illuminate\\Pipeline\\Pipeline->Illuminate\\Pipeline\\{closure}(Object(Illuminate\\Http\\Request))
#79 /Users/aldyhelix/Projects/www/backend_rmi/vendor/laravel/framework/src/Illuminate/Foundation/Http/Middleware/TrimStrings.php(40): Illuminate\\Foundation\\Http\\Middleware\\TransformsRequest->handle(Object(Illuminate\\Http\\Request), Object(Closure))
#80 /Users/aldyhelix/Projects/www/backend_rmi/vendor/laravel/framework/src/Illuminate/Pipeline/Pipeline.php(167): Illuminate\\Foundation\\Http\\Middleware\\TrimStrings->handle(Object(Illuminate\\Http\\Request), Object(Closure))
#81 /Users/aldyhelix/Projects/www/backend_rmi/vendor/laravel/framework/src/Illuminate/Foundation/Http/Middleware/ValidatePostSize.php(27): Illuminate\\Pipeline\\Pipeline->Illuminate\\Pipeline\\{closure}(Object(Illuminate\\Http\\Request))
#82 /Users/aldyhelix/Projects/www/backend_rmi/vendor/laravel/framework/src/Illuminate/Pipeline/Pipeline.php(167): Illuminate\\Foundation\\Http\\Middleware\\ValidatePostSize->handle(Object(Illuminate\\Http\\Request), Object(Closure))
#83 /Users/aldyhelix/Projects/www/backend_rmi/vendor/laravel/framework/src/Illuminate/Foundation/Http/Middleware/PreventRequestsDuringMaintenance.php(86): Illuminate\\Pipeline\\Pipeline->Illuminate\\Pipeline\\{closure}(Object(Illuminate\\Http\\Request))
#84 /Users/aldyhelix/Projects/www/backend_rmi/vendor/laravel/framework/src/Illuminate/Pipeline/Pipeline.php(167): Illuminate\\Foundation\\Http\\Middleware\\PreventRequestsDuringMaintenance->handle(Object(Illuminate\\Http\\Request), Object(Closure))
#85 /Users/aldyhelix/Projects/www/backend_rmi/vendor/fruitcake/laravel-cors/src/HandleCors.php(38): Illuminate\\Pipeline\\Pipeline->Illuminate\\Pipeline\\{closure}(Object(Illuminate\\Http\\Request))
#86 /Users/aldyhelix/Projects/www/backend_rmi/vendor/laravel/framework/src/Illuminate/Pipeline/Pipeline.php(167): Fruitcake\\Cors\\HandleCors->handle(Object(Illuminate\\Http\\Request), Object(Closure))
#87 /Users/aldyhelix/Projects/www/backend_rmi/vendor/laravel/framework/src/Illuminate/Http/Middleware/TrustProxies.php(39): Illuminate\\Pipeline\\Pipeline->Illuminate\\Pipeline\\{closure}(Object(Illuminate\\Http\\Request))
#88 /Users/aldyhelix/Projects/www/backend_rmi/vendor/laravel/framework/src/Illuminate/Pipeline/Pipeline.php(167): Illuminate\\Http\\Middleware\\TrustProxies->handle(Object(Illuminate\\Http\\Request), Object(Closure))
#89 /Users/aldyhelix/Projects/www/backend_rmi/vendor/laravel/framework/src/Illuminate/Pipeline/Pipeline.php(103): Illuminate\\Pipeline\\Pipeline->Illuminate\\Pipeline\\{closure}(Object(Illuminate\\Http\\Request))
#90 /Users/aldyhelix/Projects/www/backend_rmi/vendor/laravel/framework/src/Illuminate/Foundation/Http/Kernel.php(142): Illuminate\\Pipeline\\Pipeline->then(Object(Closure))
#91 /Users/aldyhelix/Projects/www/backend_rmi/vendor/laravel/framework/src/Illuminate/Foundation/Http/Kernel.php(111): Illuminate\\Foundation\\Http\\Kernel->sendRequestThroughRouter(Object(Illuminate\\Http\\Request))
#92 /Users/aldyhelix/Projects/www/backend_rmi/public/index.php(58): Illuminate\\Foundation\\Http\\Kernel->handle(Object(Illuminate\\Http\\Request))
#93 /Applications/Herd.app/Contents/Resources/valet/server.php(153): require('/Users/aldyheli...')
#94 {main}

[previous exception] [object] (PDOException(code: 42000): SQLSTATE[42000]: Syntax error or access violation: 1066 Not unique table/alias: 'o' at /Users/aldyhelix/Projects/www/backend_rmi/vendor/laravel/framework/src/Illuminate/Database/Connection.php:368)
[stacktrace]
#0 /Users/aldyhelix/Projects/www/backend_rmi/vendor/laravel/framework/src/Illuminate/Database/Connection.php(368): PDO->prepare('select count(*)...')
#1 /Users/aldyhelix/Projects/www/backend_rmi/vendor/laravel/framework/src/Illuminate/Database/Connection.php(705): Illuminate\\Database\\Connection->Illuminate\\Database\\{closure}('select count(*)...', Array)
#2 /Users/aldyhelix/Projects/www/backend_rmi/vendor/laravel/framework/src/Illuminate/Database/Connection.php(672): Illuminate\\Database\\Connection->runQueryCallback('select count(*)...', Array, Object(Closure))
#3 /Users/aldyhelix/Projects/www/backend_rmi/vendor/laravel/framework/src/Illuminate/Database/Connection.php(359): Illuminate\\Database\\Connection->run('select count(*)...', Array, Object(Closure))
#4 /Users/aldyhelix/Projects/www/backend_rmi/vendor/laravel/framework/src/Illuminate/Database/Query/Builder.php(2413): Illuminate\\Database\\Connection->select('select count(*)...', Array, true)
#5 /Users/aldyhelix/Projects/www/backend_rmi/vendor/laravel/framework/src/Illuminate/Database/Query/Builder.php(2402): Illuminate\\Database\\Query\\Builder->runSelect()
#6 /Users/aldyhelix/Projects/www/backend_rmi/vendor/laravel/framework/src/Illuminate/Database/Query/Builder.php(2936): Illuminate\\Database\\Query\\Builder->Illuminate\\Database\\Query\\{closure}()
#7 /Users/aldyhelix/Projects/www/backend_rmi/vendor/laravel/framework/src/Illuminate/Database/Query/Builder.php(2401): Illuminate\\Database\\Query\\Builder->onceWithColumns(Array, Object(Closure))
#8 /Users/aldyhelix/Projects/www/backend_rmi/vendor/laravel/framework/src/Illuminate/Database/Query/Builder.php(2863): Illuminate\\Database\\Query\\Builder->get(Array)
#9 /Users/aldyhelix/Projects/www/backend_rmi/vendor/laravel/framework/src/Illuminate/Database/Query/Builder.php(2791): Illuminate\\Database\\Query\\Builder->aggregate('count', Array)
#10 /Users/aldyhelix/Projects/www/backend_rmi/app/Http/Livewire/Dashboard.php(759): Illuminate\\Database\\Query\\Builder->count()
#11 /Users/aldyhelix/Projects/www/backend_rmi/app/Http/Livewire/Dashboard.php(244): App\\Http\\Livewire\\Dashboard->updatedTotalOrders()
#12 /Users/aldyhelix/Projects/www/backend_rmi/app/Http/Livewire/Dashboard.php(124): App\\Http\\Livewire\\Dashboard->updateCardSection()
#13 /Users/aldyhelix/Projects/www/backend_rmi/vendor/laravel/framework/src/Illuminate/Container/BoundMethod.php(36): App\\Http\\Livewire\\Dashboard->mount(9, 0, 7, 0, 16, 0, 0, 0, 0, 0, 0, 0, 0, 0)
#14 /Users/aldyhelix/Projects/www/backend_rmi/vendor/laravel/framework/src/Illuminate/Container/Util.php(40): Illuminate\\Container\\BoundMethod::Illuminate\\Container\\{closure}()
#15 /Users/aldyhelix/Projects/www/backend_rmi/vendor/laravel/framework/src/Illuminate/Container/BoundMethod.php(93): Illuminate\\Container\\Util::unwrapIfClosure(Object(Closure))
#16 /Users/aldyhelix/Projects/www/backend_rmi/vendor/laravel/framework/src/Illuminate/Container/BoundMethod.php(35): Illuminate\\Container\\BoundMethod::callBoundMethod(Object(Illuminate\\Foundation\\Application), Array, Object(Closure))
#17 /Users/aldyhelix/Projects/www/backend_rmi/vendor/livewire/livewire/src/LifecycleManager.php(114): Illuminate\\Container\\BoundMethod::call(Object(Illuminate\\Foundation\\Application), Array, Array)
#18 /Users/aldyhelix/Projects/www/backend_rmi/vendor/livewire/livewire/src/LivewireManager.php(130): Livewire\\LifecycleManager->mount(Array)
#19 /Users/aldyhelix/Projects/www/backend_rmi/vendor/laravel/framework/src/Illuminate/Support/Facades/Facade.php(261): Livewire\\LivewireManager->mount('dashboard', Array)
#20 /Users/aldyhelix/Projects/www/backend_rmi/storage/framework/views/7614a377bf597da1c7ed67416eae576b7feee755.php(13): Illuminate\\Support\\Facades\\Facade::__callStatic('mount', Array)
#21 /Users/aldyhelix/Projects/www/backend_rmi/vendor/laravel/framework/src/Illuminate/Filesystem/Filesystem.php(107): require('/Users/aldyheli...')
#22 /Users/aldyhelix/Projects/www/backend_rmi/vendor/laravel/framework/src/Illuminate/Filesystem/Filesystem.php(108): Illuminate\\Filesystem\\Filesystem::Illuminate\\Filesystem\\{closure}()
#23 /Users/aldyhelix/Projects/www/backend_rmi/vendor/laravel/framework/src/Illuminate/View/Engines/PhpEngine.php(58): Illuminate\\Filesystem\\Filesystem->getRequire('/Users/aldyheli...', Array)
#24 /Users/aldyhelix/Projects/www/backend_rmi/vendor/livewire/livewire/src/ComponentConcerns/RendersLivewireComponents.php(69): Illuminate\\View\\Engines\\PhpEngine->evaluatePath('/Users/aldyheli...', Array)
#25 /Users/aldyhelix/Projects/www/backend_rmi/vendor/laravel/framework/src/Illuminate/View/Engines/CompilerEngine.php(61): Livewire\\CompilerEngineForIgnition->evaluatePath('/Users/aldyheli...', Array)
#26 /Users/aldyhelix/Projects/www/backend_rmi/vendor/facade/ignition/src/Views/Engines/CompilerEngine.php(37): Illuminate\\View\\Engines\\CompilerEngine->get('/Users/aldyheli...', Array)
#27 /Users/aldyhelix/Projects/www/backend_rmi/vendor/livewire/livewire/src/ComponentConcerns/RendersLivewireComponents.php(35): Facade\\Ignition\\Views\\Engines\\CompilerEngine->get('/Users/aldyheli...', Array)
#28 /Users/aldyhelix/Projects/www/backend_rmi/vendor/laravel/framework/src/Illuminate/View/View.php(139): Livewire\\CompilerEngineForIgnition->get('/Users/aldyheli...', Array)
#29 /Users/aldyhelix/Projects/www/backend_rmi/vendor/laravel/framework/src/Illuminate/View/View.php(122): Illuminate\\View\\View->getContents()
#30 /Users/aldyhelix/Projects/www/backend_rmi/vendor/laravel/framework/src/Illuminate/View/View.php(91): Illuminate\\View\\View->renderContents()
#31 /Users/aldyhelix/Projects/www/backend_rmi/vendor/laravel/framework/src/Illuminate/Http/Response.php(69): Illuminate\\View\\View->render()
#32 /Users/aldyhelix/Projects/www/backend_rmi/vendor/laravel/framework/src/Illuminate/Http/Response.php(35): Illuminate\\Http\\Response->setContent(Object(Illuminate\\View\\View))
#33 /Users/aldyhelix/Projects/www/backend_rmi/vendor/laravel/framework/src/Illuminate/Routing/Router.php(820): Illuminate\\Http\\Response->__construct(Object(Illuminate\\View\\View), 200, Array)
#34 /Users/aldyhelix/Projects/www/backend_rmi/vendor/laravel/framework/src/Illuminate/Routing/Router.php(789): Illuminate\\Routing\\Router::toResponse(Object(Illuminate\\Http\\Request), Object(Illuminate\\View\\View))
#35 /Users/aldyhelix/Projects/www/backend_rmi/vendor/laravel/framework/src/Illuminate/Routing/Router.php(720): Illuminate\\Routing\\Router->prepareResponse(Object(Illuminate\\Http\\Request), Object(Illuminate\\View\\View))
#36 /Users/aldyhelix/Projects/www/backend_rmi/vendor/laravel/framework/src/Illuminate/Pipeline/Pipeline.php(128): Illuminate\\Routing\\Router->Illuminate\\Routing\\{closure}(Object(Illuminate\\Http\\Request))
#37 /Users/aldyhelix/Projects/www/backend_rmi/app/Http/Middleware/DashboardSetup.php(22): Illuminate\\Pipeline\\Pipeline->Illuminate\\Pipeline\\{closure}(Object(Illuminate\\Http\\Request))
#38 /Users/aldyhelix/Projects/www/backend_rmi/vendor/laravel/framework/src/Illuminate/Pipeline/Pipeline.php(167): App\\Http\\Middleware\\DashboardSetup->handle(Object(Illuminate\\Http\\Request), Object(Closure))
#39 /Users/aldyhelix/Projects/www/backend_rmi/app/Http/Middleware/CheckIfBillingInfoRequired.php(24): Illuminate\\Pipeline\\Pipeline->Illuminate\\Pipeline\\{closure}(Object(Illuminate\\Http\\Request))
#40 /Users/aldyhelix/Projects/www/backend_rmi/vendor/laravel/framework/src/Illuminate/Pipeline/Pipeline.php(167): App\\Http\\Middleware\\CheckIfBillingInfoRequired->handle(Object(Illuminate\\Http\\Request), Object(Closure))
#41 /Users/aldyhelix/Projects/www/backend_rmi/app/Http/Middleware/VerifyUserIsSubscribed.php(25): Illuminate\\Pipeline\\Pipeline->Illuminate\\Pipeline\\{closure}(Object(Illuminate\\Http\\Request))
#42 /Users/aldyhelix/Projects/www/backend_rmi/vendor/laravel/framework/src/Illuminate/Pipeline/Pipeline.php(167): App\\Http\\Middleware\\VerifyUserIsSubscribed->handle(Object(Illuminate\\Http\\Request), Object(Closure))
#43 /Users/aldyhelix/Projects/www/backend_rmi/app/Http/Middleware/CookieConsentMiddleware.php(21): Illuminate\\Pipeline\\Pipeline->Illuminate\\Pipeline\\{closure}(Object(Illuminate\\Http\\Request))
#44 /Users/aldyhelix/Projects/www/backend_rmi/vendor/laravel/framework/src/Illuminate/Pipeline/Pipeline.php(167): App\\Http\\Middleware\\CookieConsentMiddleware->handle(Object(Illuminate\\Http\\Request), Object(Closure))
#45 /Users/aldyhelix/Projects/www/backend_rmi/app/Http/Middleware/Language.php(64): Illuminate\\Pipeline\\Pipeline->Illuminate\\Pipeline\\{closure}(Object(Illuminate\\Http\\Request))
#46 /Users/aldyhelix/Projects/www/backend_rmi/vendor/laravel/framework/src/Illuminate/Pipeline/Pipeline.php(167): App\\Http\\Middleware\\Language->handle(Object(Illuminate\\Http\\Request), Object(Closure))
#47 /Users/aldyhelix/Projects/www/backend_rmi/app/Http/Middleware/InitSettings.php(8): Illuminate\\Pipeline\\Pipeline->Illuminate\\Pipeline\\{closure}(Object(Illuminate\\Http\\Request))
#48 /Users/aldyhelix/Projects/www/backend_rmi/vendor/laravel/framework/src/Illuminate/Pipeline/Pipeline.php(167): App\\Http\\Middleware\\InitSettings->handle(Object(Illuminate\\Http\\Request), Object(Closure))
#49 /Users/aldyhelix/Projects/www/backend_rmi/vendor/laravel/framework/src/Illuminate/Routing/Middleware/SubstituteBindings.php(50): Illuminate\\Pipeline\\Pipeline->Illuminate\\Pipeline\\{closure}(Object(Illuminate\\Http\\Request))
#50 /Users/aldyhelix/Projects/www/backend_rmi/vendor/laravel/framework/src/Illuminate/Pipeline/Pipeline.php(167): Illuminate\\Routing\\Middleware\\SubstituteBindings->handle(Object(Illuminate\\Http\\Request), Object(Closure))
#51 /Users/aldyhelix/Projects/www/backend_rmi/vendor/laravel/framework/src/Illuminate/Auth/Middleware/Authenticate.php(44): Illuminate\\Pipeline\\Pipeline->Illuminate\\Pipeline\\{closure}(Object(Illuminate\\Http\\Request))
#52 /Users/aldyhelix/Projects/www/backend_rmi/vendor/laravel/framework/src/Illuminate/Pipeline/Pipeline.php(167): Illuminate\\Auth\\Middleware\\Authenticate->handle(Object(Illuminate\\Http\\Request), Object(Closure))
#53 /Users/aldyhelix/Projects/www/backend_rmi/vendor/laravel/framework/src/Illuminate/Foundation/Http/Middleware/VerifyCsrfToken.php(78): Illuminate\\Pipeline\\Pipeline->Illuminate\\Pipeline\\{closure}(Object(Illuminate\\Http\\Request))
#54 /Users/aldyhelix/Projects/www/backend_rmi/vendor/laravel/framework/src/Illuminate/Pipeline/Pipeline.php(167): Illuminate\\Foundation\\Http\\Middleware\\VerifyCsrfToken->handle(Object(Illuminate\\Http\\Request), Object(Closure))
#55 /Users/aldyhelix/Projects/www/backend_rmi/vendor/laravel/framework/src/Illuminate/View/Middleware/ShareErrorsFromSession.php(49): Illuminate\\Pipeline\\Pipeline->Illuminate\\Pipeline\\{closure}(Object(Illuminate\\Http\\Request))
#56 /Users/aldyhelix/Projects/www/backend_rmi/vendor/laravel/framework/src/Illuminate/Pipeline/Pipeline.php(167): Illuminate\\View\\Middleware\\ShareErrorsFromSession->handle(Object(Illuminate\\Http\\Request), Object(Closure))
#57 /Users/aldyhelix/Projects/www/backend_rmi/vendor/laravel/framework/src/Illuminate/Session/Middleware/StartSession.php(121): Illuminate\\Pipeline\\Pipeline->Illuminate\\Pipeline\\{closure}(Object(Illuminate\\Http\\Request))
#58 /Users/aldyhelix/Projects/www/backend_rmi/vendor/laravel/framework/src/Illuminate/Session/Middleware/StartSession.php(64): Illuminate\\Session\\Middleware\\StartSession->handleStatefulRequest(Object(Illuminate\\Http\\Request), Object(Illuminate\\Session\\EncryptedStore), Object(Closure))
#59 /Users/aldyhelix/Projects/www/backend_rmi/vendor/laravel/framework/src/Illuminate/Pipeline/Pipeline.php(167): Illuminate\\Session\\Middleware\\StartSession->handle(Object(Illuminate\\Http\\Request), Object(Closure))
#60 /Users/aldyhelix/Projects/www/backend_rmi/vendor/laravel/framework/src/Illuminate/Cookie/Middleware/AddQueuedCookiesToResponse.php(37): Illuminate\\Pipeline\\Pipeline->Illuminate\\Pipeline\\{closure}(Object(Illuminate\\Http\\Request))
#61 /Users/aldyhelix/Projects/www/backend_rmi/vendor/laravel/framework/src/Illuminate/Pipeline/Pipeline.php(167): Illuminate\\Cookie\\Middleware\\AddQueuedCookiesToResponse->handle(Object(Illuminate\\Http\\Request), Object(Closure))
#62 /Users/aldyhelix/Projects/www/backend_rmi/vendor/laravel/framework/src/Illuminate/Cookie/Middleware/EncryptCookies.php(67): Illuminate\\Pipeline\\Pipeline->Illuminate\\Pipeline\\{closure}(Object(Illuminate\\Http\\Request))
#63 /Users/aldyhelix/Projects/www/backend_rmi/vendor/laravel/framework/src/Illuminate/Pipeline/Pipeline.php(167): Illuminate\\Cookie\\Middleware\\EncryptCookies->handle(Object(Illuminate\\Http\\Request), Object(Closure))
#64 /Users/aldyhelix/Projects/www/backend_rmi/vendor/laravel/framework/src/Illuminate/Pipeline/Pipeline.php(103): Illuminate\\Pipeline\\Pipeline->Illuminate\\Pipeline\\{closure}(Object(Illuminate\\Http\\Request))
#65 /Users/aldyhelix/Projects/www/backend_rmi/vendor/laravel/framework/src/Illuminate/Routing/Router.php(719): Illuminate\\Pipeline\\Pipeline->then(Object(Closure))
#66 /Users/aldyhelix/Projects/www/backend_rmi/vendor/laravel/framework/src/Illuminate/Routing/Router.php(698): Illuminate\\Routing\\Router->runRouteWithinStack(Object(Illuminate\\Routing\\Route), Object(Illuminate\\Http\\Request))
#67 /Users/aldyhelix/Projects/www/backend_rmi/vendor/laravel/framework/src/Illuminate/Routing/Router.php(662): Illuminate\\Routing\\Router->runRoute(Object(Illuminate\\Http\\Request), Object(Illuminate\\Routing\\Route))
#68 /Users/aldyhelix/Projects/www/backend_rmi/vendor/laravel/framework/src/Illuminate/Routing/Router.php(651): Illuminate\\Routing\\Router->dispatchToRoute(Object(Illuminate\\Http\\Request))
#69 /Users/aldyhelix/Projects/www/backend_rmi/vendor/laravel/framework/src/Illuminate/Foundation/Http/Kernel.php(167): Illuminate\\Routing\\Router->dispatch(Object(Illuminate\\Http\\Request))
#70 /Users/aldyhelix/Projects/www/backend_rmi/vendor/laravel/framework/src/Illuminate/Pipeline/Pipeline.php(128): Illuminate\\Foundation\\Http\\Kernel->Illuminate\\Foundation\\Http\\{closure}(Object(Illuminate\\Http\\Request))
#71 /Users/aldyhelix/Projects/www/backend_rmi/vendor/livewire/livewire/src/DisableBrowserCache.php(19): Illuminate\\Pipeline\\Pipeline->Illuminate\\Pipeline\\{closure}(Object(Illuminate\\Http\\Request))
#72 /Users/aldyhelix/Projects/www/backend_rmi/vendor/laravel/framework/src/Illuminate/Pipeline/Pipeline.php(167): Livewire\\DisableBrowserCache->handle(Object(Illuminate\\Http\\Request), Object(Closure))
#73 /Users/aldyhelix/Projects/www/backend_rmi/vendor/barryvdh/laravel-debugbar/src/Middleware/InjectDebugbar.php(66): Illuminate\\Pipeline\\Pipeline->Illuminate\\Pipeline\\{closure}(Object(Illuminate\\Http\\Request))
#74 /Users/aldyhelix/Projects/www/backend_rmi/vendor/laravel/framework/src/Illuminate/Pipeline/Pipeline.php(167): Barryvdh\\Debugbar\\Middleware\\InjectDebugbar->handle(Object(Illuminate\\Http\\Request), Object(Closure))
#75 /Users/aldyhelix/Projects/www/backend_rmi/app/Http/Middleware/CheckForInstallation.php(19): Illuminate\\Pipeline\\Pipeline->Illuminate\\Pipeline\\{closure}(Object(Illuminate\\Http\\Request))
#76 /Users/aldyhelix/Projects/www/backend_rmi/vendor/laravel/framework/src/Illuminate/Pipeline/Pipeline.php(167): App\\Http\\Middleware\\CheckForInstallation->handle(Object(Illuminate\\Http\\Request), Object(Closure))
#77 /Users/aldyhelix/Projects/www/backend_rmi/vendor/laravel/framework/src/Illuminate/Foundation/Http/Middleware/TransformsRequest.php(21): Illuminate\\Pipeline\\Pipeline->Illuminate\\Pipeline\\{closure}(Object(Illuminate\\Http\\Request))
#78 /Users/aldyhelix/Projects/www/backend_rmi/vendor/laravel/framework/src/Illuminate/Foundation/Http/Middleware/ConvertEmptyStringsToNull.php(31): Illuminate\\Foundation\\Http\\Middleware\\TransformsRequest->handle(Object(Illuminate\\Http\\Request), Object(Closure))
#79 /Users/aldyhelix/Projects/www/backend_rmi/vendor/laravel/framework/src/Illuminate/Pipeline/Pipeline.php(167): Illuminate\\Foundation\\Http\\Middleware\\ConvertEmptyStringsToNull->handle(Object(Illuminate\\Http\\Request), Object(Closure))
#80 /Users/aldyhelix/Projects/www/backend_rmi/vendor/laravel/framework/src/Illuminate/Foundation/Http/Middleware/TransformsRequest.php(21): Illuminate\\Pipeline\\Pipeline->Illuminate\\Pipeline\\{closure}(Object(Illuminate\\Http\\Request))
#81 /Users/aldyhelix/Projects/www/backend_rmi/vendor/laravel/framework/src/Illuminate/Foundation/Http/Middleware/TrimStrings.php(40): Illuminate\\Foundation\\Http\\Middleware\\TransformsRequest->handle(Object(Illuminate\\Http\\Request), Object(Closure))
#82 /Users/aldyhelix/Projects/www/backend_rmi/vendor/laravel/framework/src/Illuminate/Pipeline/Pipeline.php(167): Illuminate\\Foundation\\Http\\Middleware\\TrimStrings->handle(Object(Illuminate\\Http\\Request), Object(Closure))
#83 /Users/aldyhelix/Projects/www/backend_rmi/vendor/laravel/framework/src/Illuminate/Foundation/Http/Middleware/ValidatePostSize.php(27): Illuminate\\Pipeline\\Pipeline->Illuminate\\Pipeline\\{closure}(Object(Illuminate\\Http\\Request))
#84 /Users/aldyhelix/Projects/www/backend_rmi/vendor/laravel/framework/src/Illuminate/Pipeline/Pipeline.php(167): Illuminate\\Foundation\\Http\\Middleware\\ValidatePostSize->handle(Object(Illuminate\\Http\\Request), Object(Closure))
#85 /Users/aldyhelix/Projects/www/backend_rmi/vendor/laravel/framework/src/Illuminate/Foundation/Http/Middleware/PreventRequestsDuringMaintenance.php(86): Illuminate\\Pipeline\\Pipeline->Illuminate\\Pipeline\\{closure}(Object(Illuminate\\Http\\Request))
#86 /Users/aldyhelix/Projects/www/backend_rmi/vendor/laravel/framework/src/Illuminate/Pipeline/Pipeline.php(167): Illuminate\\Foundation\\Http\\Middleware\\PreventRequestsDuringMaintenance->handle(Object(Illuminate\\Http\\Request), Object(Closure))
#87 /Users/aldyhelix/Projects/www/backend_rmi/vendor/fruitcake/laravel-cors/src/HandleCors.php(38): Illuminate\\Pipeline\\Pipeline->Illuminate\\Pipeline\\{closure}(Object(Illuminate\\Http\\Request))
#88 /Users/aldyhelix/Projects/www/backend_rmi/vendor/laravel/framework/src/Illuminate/Pipeline/Pipeline.php(167): Fruitcake\\Cors\\HandleCors->handle(Object(Illuminate\\Http\\Request), Object(Closure))
#89 /Users/aldyhelix/Projects/www/backend_rmi/vendor/laravel/framework/src/Illuminate/Http/Middleware/TrustProxies.php(39): Illuminate\\Pipeline\\Pipeline->Illuminate\\Pipeline\\{closure}(Object(Illuminate\\Http\\Request))
#90 /Users/aldyhelix/Projects/www/backend_rmi/vendor/laravel/framework/src/Illuminate/Pipeline/Pipeline.php(167): Illuminate\\Http\\Middleware\\TrustProxies->handle(Object(Illuminate\\Http\\Request), Object(Closure))
#91 /Users/aldyhelix/Projects/www/backend_rmi/vendor/laravel/framework/src/Illuminate/Pipeline/Pipeline.php(103): Illuminate\\Pipeline\\Pipeline->Illuminate\\Pipeline\\{closure}(Object(Illuminate\\Http\\Request))
#92 /Users/aldyhelix/Projects/www/backend_rmi/vendor/laravel/framework/src/Illuminate/Foundation/Http/Kernel.php(142): Illuminate\\Pipeline\\Pipeline->then(Object(Closure))
#93 /Users/aldyhelix/Projects/www/backend_rmi/vendor/laravel/framework/src/Illuminate/Foundation/Http/Kernel.php(111): Illuminate\\Foundation\\Http\\Kernel->sendRequestThroughRouter(Object(Illuminate\\Http\\Request))
#94 /Users/aldyhelix/Projects/www/backend_rmi/public/index.php(58): Illuminate\\Foundation\\Http\\Kernel->handle(Object(Illuminate\\Http\\Request))
#95 /Applications/Herd.app/Contents/Resources/valet/server.php(153): require('/Users/aldyheli...')
#96 {main}
"} 
[2024-06-22 09:39:13] production.ERROR: syntax error, unexpected token "}", expecting ";" (View: /Users/aldyhelix/Projects/www/backend_rmi/resources/views/admin/dashboard/platform.blade.php) {"view":{"view":"/Users/aldyhelix/Projects/www/backend_rmi/app/Http/Livewire/Dashboard.php","data":[]},"userId":1,"exception":"[object] (Facade\\Ignition\\Exceptions\\ViewException(code: 0): syntax error, unexpected token \"}\", expecting \";\" (View: /Users/aldyhelix/Projects/www/backend_rmi/resources/views/admin/dashboard/platform.blade.php) at /Users/aldyhelix/Projects/www/backend_rmi/app/Http/Livewire/Dashboard.php:398)
[stacktrace]
#0 /Users/aldyhelix/Projects/www/backend_rmi/vendor/composer/ClassLoader.php(427): Composer\\Autoload\\{closure}('/Users/aldyheli...')
#1 [internal function]: Composer\\Autoload\\ClassLoader->loadClass('App\\\\Http\\\\Livewi...')
#2 /Users/aldyhelix/Projects/www/backend_rmi/vendor/livewire/livewire/src/LivewireManager.php(109): class_exists('App\\\\Http\\\\Livewi...')
#3 /Users/aldyhelix/Projects/www/backend_rmi/vendor/livewire/livewire/src/LifecycleManager.php(29): Livewire\\LivewireManager->getInstance('dashboard', 'Xl1oT8S4b72iw90...')
#4 /Users/aldyhelix/Projects/www/backend_rmi/vendor/laravel/framework/src/Illuminate/Support/helpers.php(263): Livewire\\LifecycleManager::Livewire\\{closure}(Object(Livewire\\LifecycleManager))
#5 /Users/aldyhelix/Projects/www/backend_rmi/vendor/livewire/livewire/src/LifecycleManager.php(28): tap(Object(Livewire\\LifecycleManager), Object(Closure))
#6 /Users/aldyhelix/Projects/www/backend_rmi/vendor/livewire/livewire/src/LivewireManager.php(127): Livewire\\LifecycleManager::fromInitialRequest('dashboard', 'Xl1oT8S4b72iw90...')
#7 /Users/aldyhelix/Projects/www/backend_rmi/vendor/laravel/framework/src/Illuminate/Support/Facades/Facade.php(261): Livewire\\LivewireManager->mount('dashboard', Array)
#8 /Users/aldyhelix/Projects/www/backend_rmi/resources/views/admin/dashboard/platform.blade.php(13): Illuminate\\Support\\Facades\\Facade::__callStatic('mount', Array)
#9 /Users/aldyhelix/Projects/www/backend_rmi/vendor/laravel/framework/src/Illuminate/Filesystem/Filesystem.php(107): require('/Users/aldyheli...')
#10 /Users/aldyhelix/Projects/www/backend_rmi/vendor/laravel/framework/src/Illuminate/Filesystem/Filesystem.php(108): Illuminate\\Filesystem\\Filesystem::Illuminate\\Filesystem\\{closure}()
#11 /Users/aldyhelix/Projects/www/backend_rmi/vendor/laravel/framework/src/Illuminate/View/Engines/PhpEngine.php(58): Illuminate\\Filesystem\\Filesystem->getRequire('/Users/aldyheli...', Array)
#12 /Users/aldyhelix/Projects/www/backend_rmi/vendor/livewire/livewire/src/ComponentConcerns/RendersLivewireComponents.php(69): Illuminate\\View\\Engines\\PhpEngine->evaluatePath('/Users/aldyheli...', Array)
#13 /Users/aldyhelix/Projects/www/backend_rmi/vendor/laravel/framework/src/Illuminate/View/Engines/CompilerEngine.php(61): Livewire\\CompilerEngineForIgnition->evaluatePath('/Users/aldyheli...', Array)
#14 /Users/aldyhelix/Projects/www/backend_rmi/vendor/facade/ignition/src/Views/Engines/CompilerEngine.php(37): Illuminate\\View\\Engines\\CompilerEngine->get('/Users/aldyheli...', Array)
#15 /Users/aldyhelix/Projects/www/backend_rmi/vendor/livewire/livewire/src/ComponentConcerns/RendersLivewireComponents.php(35): Facade\\Ignition\\Views\\Engines\\CompilerEngine->get('/Users/aldyheli...', Array)
#16 /Users/aldyhelix/Projects/www/backend_rmi/vendor/laravel/framework/src/Illuminate/View/View.php(139): Livewire\\CompilerEngineForIgnition->get('/Users/aldyheli...', Array)
#17 /Users/aldyhelix/Projects/www/backend_rmi/vendor/laravel/framework/src/Illuminate/View/View.php(122): Illuminate\\View\\View->getContents()
#18 /Users/aldyhelix/Projects/www/backend_rmi/vendor/laravel/framework/src/Illuminate/View/View.php(91): Illuminate\\View\\View->renderContents()
#19 /Users/aldyhelix/Projects/www/backend_rmi/vendor/laravel/framework/src/Illuminate/Http/Response.php(69): Illuminate\\View\\View->render()
#20 /Users/aldyhelix/Projects/www/backend_rmi/vendor/laravel/framework/src/Illuminate/Http/Response.php(35): Illuminate\\Http\\Response->setContent(Object(Illuminate\\View\\View))
#21 /Users/aldyhelix/Projects/www/backend_rmi/vendor/laravel/framework/src/Illuminate/Routing/Router.php(820): Illuminate\\Http\\Response->__construct(Object(Illuminate\\View\\View), 200, Array)
#22 /Users/aldyhelix/Projects/www/backend_rmi/vendor/laravel/framework/src/Illuminate/Routing/Router.php(789): Illuminate\\Routing\\Router::toResponse(Object(Illuminate\\Http\\Request), Object(Illuminate\\View\\View))
#23 /Users/aldyhelix/Projects/www/backend_rmi/vendor/laravel/framework/src/Illuminate/Routing/Router.php(720): Illuminate\\Routing\\Router->prepareResponse(Object(Illuminate\\Http\\Request), Object(Illuminate\\View\\View))
#24 /Users/aldyhelix/Projects/www/backend_rmi/vendor/laravel/framework/src/Illuminate/Pipeline/Pipeline.php(128): Illuminate\\Routing\\Router->Illuminate\\Routing\\{closure}(Object(Illuminate\\Http\\Request))
#25 /Users/aldyhelix/Projects/www/backend_rmi/app/Http/Middleware/DashboardSetup.php(22): Illuminate\\Pipeline\\Pipeline->Illuminate\\Pipeline\\{closure}(Object(Illuminate\\Http\\Request))
#26 /Users/aldyhelix/Projects/www/backend_rmi/vendor/laravel/framework/src/Illuminate/Pipeline/Pipeline.php(167): App\\Http\\Middleware\\DashboardSetup->handle(Object(Illuminate\\Http\\Request), Object(Closure))
#27 /Users/aldyhelix/Projects/www/backend_rmi/app/Http/Middleware/CheckIfBillingInfoRequired.php(24): Illuminate\\Pipeline\\Pipeline->Illuminate\\Pipeline\\{closure}(Object(Illuminate\\Http\\Request))
#28 /Users/aldyhelix/Projects/www/backend_rmi/vendor/laravel/framework/src/Illuminate/Pipeline/Pipeline.php(167): App\\Http\\Middleware\\CheckIfBillingInfoRequired->handle(Object(Illuminate\\Http\\Request), Object(Closure))
#29 /Users/aldyhelix/Projects/www/backend_rmi/app/Http/Middleware/VerifyUserIsSubscribed.php(25): Illuminate\\Pipeline\\Pipeline->Illuminate\\Pipeline\\{closure}(Object(Illuminate\\Http\\Request))
#30 /Users/aldyhelix/Projects/www/backend_rmi/vendor/laravel/framework/src/Illuminate/Pipeline/Pipeline.php(167): App\\Http\\Middleware\\VerifyUserIsSubscribed->handle(Object(Illuminate\\Http\\Request), Object(Closure))
#31 /Users/aldyhelix/Projects/www/backend_rmi/app/Http/Middleware/CookieConsentMiddleware.php(21): Illuminate\\Pipeline\\Pipeline->Illuminate\\Pipeline\\{closure}(Object(Illuminate\\Http\\Request))
#32 /Users/aldyhelix/Projects/www/backend_rmi/vendor/laravel/framework/src/Illuminate/Pipeline/Pipeline.php(167): App\\Http\\Middleware\\CookieConsentMiddleware->handle(Object(Illuminate\\Http\\Request), Object(Closure))
#33 /Users/aldyhelix/Projects/www/backend_rmi/app/Http/Middleware/Language.php(64): Illuminate\\Pipeline\\Pipeline->Illuminate\\Pipeline\\{closure}(Object(Illuminate\\Http\\Request))
#34 /Users/aldyhelix/Projects/www/backend_rmi/vendor/laravel/framework/src/Illuminate/Pipeline/Pipeline.php(167): App\\Http\\Middleware\\Language->handle(Object(Illuminate\\Http\\Request), Object(Closure))
#35 /Users/aldyhelix/Projects/www/backend_rmi/app/Http/Middleware/InitSettings.php(8): Illuminate\\Pipeline\\Pipeline->Illuminate\\Pipeline\\{closure}(Object(Illuminate\\Http\\Request))
#36 /Users/aldyhelix/Projects/www/backend_rmi/vendor/laravel/framework/src/Illuminate/Pipeline/Pipeline.php(167): App\\Http\\Middleware\\InitSettings->handle(Object(Illuminate\\Http\\Request), Object(Closure))
#37 /Users/aldyhelix/Projects/www/backend_rmi/vendor/laravel/framework/src/Illuminate/Routing/Middleware/SubstituteBindings.php(50): Illuminate\\Pipeline\\Pipeline->Illuminate\\Pipeline\\{closure}(Object(Illuminate\\Http\\Request))
#38 /Users/aldyhelix/Projects/www/backend_rmi/vendor/laravel/framework/src/Illuminate/Pipeline/Pipeline.php(167): Illuminate\\Routing\\Middleware\\SubstituteBindings->handle(Object(Illuminate\\Http\\Request), Object(Closure))
#39 /Users/aldyhelix/Projects/www/backend_rmi/vendor/laravel/framework/src/Illuminate/Auth/Middleware/Authenticate.php(44): Illuminate\\Pipeline\\Pipeline->Illuminate\\Pipeline\\{closure}(Object(Illuminate\\Http\\Request))
#40 /Users/aldyhelix/Projects/www/backend_rmi/vendor/laravel/framework/src/Illuminate/Pipeline/Pipeline.php(167): Illuminate\\Auth\\Middleware\\Authenticate->handle(Object(Illuminate\\Http\\Request), Object(Closure))
#41 /Users/aldyhelix/Projects/www/backend_rmi/vendor/laravel/framework/src/Illuminate/Foundation/Http/Middleware/VerifyCsrfToken.php(78): Illuminate\\Pipeline\\Pipeline->Illuminate\\Pipeline\\{closure}(Object(Illuminate\\Http\\Request))
#42 /Users/aldyhelix/Projects/www/backend_rmi/vendor/laravel/framework/src/Illuminate/Pipeline/Pipeline.php(167): Illuminate\\Foundation\\Http\\Middleware\\VerifyCsrfToken->handle(Object(Illuminate\\Http\\Request), Object(Closure))
#43 /Users/aldyhelix/Projects/www/backend_rmi/vendor/laravel/framework/src/Illuminate/View/Middleware/ShareErrorsFromSession.php(49): Illuminate\\Pipeline\\Pipeline->Illuminate\\Pipeline\\{closure}(Object(Illuminate\\Http\\Request))
#44 /Users/aldyhelix/Projects/www/backend_rmi/vendor/laravel/framework/src/Illuminate/Pipeline/Pipeline.php(167): Illuminate\\View\\Middleware\\ShareErrorsFromSession->handle(Object(Illuminate\\Http\\Request), Object(Closure))
#45 /Users/aldyhelix/Projects/www/backend_rmi/vendor/laravel/framework/src/Illuminate/Session/Middleware/StartSession.php(121): Illuminate\\Pipeline\\Pipeline->Illuminate\\Pipeline\\{closure}(Object(Illuminate\\Http\\Request))
#46 /Users/aldyhelix/Projects/www/backend_rmi/vendor/laravel/framework/src/Illuminate/Session/Middleware/StartSession.php(64): Illuminate\\Session\\Middleware\\StartSession->handleStatefulRequest(Object(Illuminate\\Http\\Request), Object(Illuminate\\Session\\EncryptedStore), Object(Closure))
#47 /Users/aldyhelix/Projects/www/backend_rmi/vendor/laravel/framework/src/Illuminate/Pipeline/Pipeline.php(167): Illuminate\\Session\\Middleware\\StartSession->handle(Object(Illuminate\\Http\\Request), Object(Closure))
#48 /Users/aldyhelix/Projects/www/backend_rmi/vendor/laravel/framework/src/Illuminate/Cookie/Middleware/AddQueuedCookiesToResponse.php(37): Illuminate\\Pipeline\\Pipeline->Illuminate\\Pipeline\\{closure}(Object(Illuminate\\Http\\Request))
#49 /Users/aldyhelix/Projects/www/backend_rmi/vendor/laravel/framework/src/Illuminate/Pipeline/Pipeline.php(167): Illuminate\\Cookie\\Middleware\\AddQueuedCookiesToResponse->handle(Object(Illuminate\\Http\\Request), Object(Closure))
#50 /Users/aldyhelix/Projects/www/backend_rmi/vendor/laravel/framework/src/Illuminate/Cookie/Middleware/EncryptCookies.php(67): Illuminate\\Pipeline\\Pipeline->Illuminate\\Pipeline\\{closure}(Object(Illuminate\\Http\\Request))
#51 /Users/aldyhelix/Projects/www/backend_rmi/vendor/laravel/framework/src/Illuminate/Pipeline/Pipeline.php(167): Illuminate\\Cookie\\Middleware\\EncryptCookies->handle(Object(Illuminate\\Http\\Request), Object(Closure))
#52 /Users/aldyhelix/Projects/www/backend_rmi/vendor/laravel/framework/src/Illuminate/Pipeline/Pipeline.php(103): Illuminate\\Pipeline\\Pipeline->Illuminate\\Pipeline\\{closure}(Object(Illuminate\\Http\\Request))
#53 /Users/aldyhelix/Projects/www/backend_rmi/vendor/laravel/framework/src/Illuminate/Routing/Router.php(719): Illuminate\\Pipeline\\Pipeline->then(Object(Closure))
#54 /Users/aldyhelix/Projects/www/backend_rmi/vendor/laravel/framework/src/Illuminate/Routing/Router.php(698): Illuminate\\Routing\\Router->runRouteWithinStack(Object(Illuminate\\Routing\\Route), Object(Illuminate\\Http\\Request))
#55 /Users/aldyhelix/Projects/www/backend_rmi/vendor/laravel/framework/src/Illuminate/Routing/Router.php(662): Illuminate\\Routing\\Router->runRoute(Object(Illuminate\\Http\\Request), Object(Illuminate\\Routing\\Route))
#56 /Users/aldyhelix/Projects/www/backend_rmi/vendor/laravel/framework/src/Illuminate/Routing/Router.php(651): Illuminate\\Routing\\Router->dispatchToRoute(Object(Illuminate\\Http\\Request))
#57 /Users/aldyhelix/Projects/www/backend_rmi/vendor/laravel/framework/src/Illuminate/Foundation/Http/Kernel.php(167): Illuminate\\Routing\\Router->dispatch(Object(Illuminate\\Http\\Request))
#58 /Users/aldyhelix/Projects/www/backend_rmi/vendor/laravel/framework/src/Illuminate/Pipeline/Pipeline.php(128): Illuminate\\Foundation\\Http\\Kernel->Illuminate\\Foundation\\Http\\{closure}(Object(Illuminate\\Http\\Request))
#59 /Users/aldyhelix/Projects/www/backend_rmi/vendor/livewire/livewire/src/DisableBrowserCache.php(19): Illuminate\\Pipeline\\Pipeline->Illuminate\\Pipeline\\{closure}(Object(Illuminate\\Http\\Request))
#60 /Users/aldyhelix/Projects/www/backend_rmi/vendor/laravel/framework/src/Illuminate/Pipeline/Pipeline.php(167): Livewire\\DisableBrowserCache->handle(Object(Illuminate\\Http\\Request), Object(Closure))
#61 /Users/aldyhelix/Projects/www/backend_rmi/vendor/barryvdh/laravel-debugbar/src/Middleware/InjectDebugbar.php(66): Illuminate\\Pipeline\\Pipeline->Illuminate\\Pipeline\\{closure}(Object(Illuminate\\Http\\Request))
#62 /Users/aldyhelix/Projects/www/backend_rmi/vendor/laravel/framework/src/Illuminate/Pipeline/Pipeline.php(167): Barryvdh\\Debugbar\\Middleware\\InjectDebugbar->handle(Object(Illuminate\\Http\\Request), Object(Closure))
#63 /Users/aldyhelix/Projects/www/backend_rmi/app/Http/Middleware/CheckForInstallation.php(19): Illuminate\\Pipeline\\Pipeline->Illuminate\\Pipeline\\{closure}(Object(Illuminate\\Http\\Request))
#64 /Users/aldyhelix/Projects/www/backend_rmi/vendor/laravel/framework/src/Illuminate/Pipeline/Pipeline.php(167): App\\Http\\Middleware\\CheckForInstallation->handle(Object(Illuminate\\Http\\Request), Object(Closure))
#65 /Users/aldyhelix/Projects/www/backend_rmi/vendor/laravel/framework/src/Illuminate/Foundation/Http/Middleware/TransformsRequest.php(21): Illuminate\\Pipeline\\Pipeline->Illuminate\\Pipeline\\{closure}(Object(Illuminate\\Http\\Request))
#66 /Users/aldyhelix/Projects/www/backend_rmi/vendor/laravel/framework/src/Illuminate/Foundation/Http/Middleware/ConvertEmptyStringsToNull.php(31): Illuminate\\Foundation\\Http\\Middleware\\TransformsRequest->handle(Object(Illuminate\\Http\\Request), Object(Closure))
#67 /Users/aldyhelix/Projects/www/backend_rmi/vendor/laravel/framework/src/Illuminate/Pipeline/Pipeline.php(167): Illuminate\\Foundation\\Http\\Middleware\\ConvertEmptyStringsToNull->handle(Object(Illuminate\\Http\\Request), Object(Closure))
#68 /Users/aldyhelix/Projects/www/backend_rmi/vendor/laravel/framework/src/Illuminate/Foundation/Http/Middleware/TransformsRequest.php(21): Illuminate\\Pipeline\\Pipeline->Illuminate\\Pipeline\\{closure}(Object(Illuminate\\Http\\Request))
#69 /Users/aldyhelix/Projects/www/backend_rmi/vendor/laravel/framework/src/Illuminate/Foundation/Http/Middleware/TrimStrings.php(40): Illuminate\\Foundation\\Http\\Middleware\\TransformsRequest->handle(Object(Illuminate\\Http\\Request), Object(Closure))
#70 /Users/aldyhelix/Projects/www/backend_rmi/vendor/laravel/framework/src/Illuminate/Pipeline/Pipeline.php(167): Illuminate\\Foundation\\Http\\Middleware\\TrimStrings->handle(Object(Illuminate\\Http\\Request), Object(Closure))
#71 /Users/aldyhelix/Projects/www/backend_rmi/vendor/laravel/framework/src/Illuminate/Foundation/Http/Middleware/ValidatePostSize.php(27): Illuminate\\Pipeline\\Pipeline->Illuminate\\Pipeline\\{closure}(Object(Illuminate\\Http\\Request))
#72 /Users/aldyhelix/Projects/www/backend_rmi/vendor/laravel/framework/src/Illuminate/Pipeline/Pipeline.php(167): Illuminate\\Foundation\\Http\\Middleware\\ValidatePostSize->handle(Object(Illuminate\\Http\\Request), Object(Closure))
#73 /Users/aldyhelix/Projects/www/backend_rmi/vendor/laravel/framework/src/Illuminate/Foundation/Http/Middleware/PreventRequestsDuringMaintenance.php(86): Illuminate\\Pipeline\\Pipeline->Illuminate\\Pipeline\\{closure}(Object(Illuminate\\Http\\Request))
#74 /Users/aldyhelix/Projects/www/backend_rmi/vendor/laravel/framework/src/Illuminate/Pipeline/Pipeline.php(167): Illuminate\\Foundation\\Http\\Middleware\\PreventRequestsDuringMaintenance->handle(Object(Illuminate\\Http\\Request), Object(Closure))
#75 /Users/aldyhelix/Projects/www/backend_rmi/vendor/fruitcake/laravel-cors/src/HandleCors.php(38): Illuminate\\Pipeline\\Pipeline->Illuminate\\Pipeline\\{closure}(Object(Illuminate\\Http\\Request))
#76 /Users/aldyhelix/Projects/www/backend_rmi/vendor/laravel/framework/src/Illuminate/Pipeline/Pipeline.php(167): Fruitcake\\Cors\\HandleCors->handle(Object(Illuminate\\Http\\Request), Object(Closure))
#77 /Users/aldyhelix/Projects/www/backend_rmi/vendor/laravel/framework/src/Illuminate/Http/Middleware/TrustProxies.php(39): Illuminate\\Pipeline\\Pipeline->Illuminate\\Pipeline\\{closure}(Object(Illuminate\\Http\\Request))
#78 /Users/aldyhelix/Projects/www/backend_rmi/vendor/laravel/framework/src/Illuminate/Pipeline/Pipeline.php(167): Illuminate\\Http\\Middleware\\TrustProxies->handle(Object(Illuminate\\Http\\Request), Object(Closure))
#79 /Users/aldyhelix/Projects/www/backend_rmi/vendor/laravel/framework/src/Illuminate/Pipeline/Pipeline.php(103): Illuminate\\Pipeline\\Pipeline->Illuminate\\Pipeline\\{closure}(Object(Illuminate\\Http\\Request))
#80 /Users/aldyhelix/Projects/www/backend_rmi/vendor/laravel/framework/src/Illuminate/Foundation/Http/Kernel.php(142): Illuminate\\Pipeline\\Pipeline->then(Object(Closure))
#81 /Users/aldyhelix/Projects/www/backend_rmi/vendor/laravel/framework/src/Illuminate/Foundation/Http/Kernel.php(111): Illuminate\\Foundation\\Http\\Kernel->sendRequestThroughRouter(Object(Illuminate\\Http\\Request))
#82 /Users/aldyhelix/Projects/www/backend_rmi/public/index.php(58): Illuminate\\Foundation\\Http\\Kernel->handle(Object(Illuminate\\Http\\Request))
#83 /Applications/Herd.app/Contents/Resources/valet/server.php(153): require('/Users/aldyheli...')
#84 {main}

[previous exception] [object] (ParseError(code: 0): syntax error, unexpected token \"}\", expecting \";\" at /Users/aldyhelix/Projects/www/backend_rmi/app/Http/Livewire/Dashboard.php:398)
[stacktrace]
#0 /Users/aldyhelix/Projects/www/backend_rmi/vendor/composer/ClassLoader.php(427): Composer\\Autoload\\{closure}('/Users/aldyheli...')
#1 [internal function]: Composer\\Autoload\\ClassLoader->loadClass('App\\\\Http\\\\Livewi...')
#2 /Users/aldyhelix/Projects/www/backend_rmi/vendor/livewire/livewire/src/LivewireManager.php(109): class_exists('App\\\\Http\\\\Livewi...')
#3 /Users/aldyhelix/Projects/www/backend_rmi/vendor/livewire/livewire/src/LifecycleManager.php(29): Livewire\\LivewireManager->getInstance('dashboard', 'Xl1oT8S4b72iw90...')
#4 /Users/aldyhelix/Projects/www/backend_rmi/vendor/laravel/framework/src/Illuminate/Support/helpers.php(263): Livewire\\LifecycleManager::Livewire\\{closure}(Object(Livewire\\LifecycleManager))
#5 /Users/aldyhelix/Projects/www/backend_rmi/vendor/livewire/livewire/src/LifecycleManager.php(28): tap(Object(Livewire\\LifecycleManager), Object(Closure))
#6 /Users/aldyhelix/Projects/www/backend_rmi/vendor/livewire/livewire/src/LivewireManager.php(127): Livewire\\LifecycleManager::fromInitialRequest('dashboard', 'Xl1oT8S4b72iw90...')
#7 /Users/aldyhelix/Projects/www/backend_rmi/vendor/laravel/framework/src/Illuminate/Support/Facades/Facade.php(261): Livewire\\LivewireManager->mount('dashboard', Array)
#8 /Users/aldyhelix/Projects/www/backend_rmi/storage/framework/views/7614a377bf597da1c7ed67416eae576b7feee755.php(13): Illuminate\\Support\\Facades\\Facade::__callStatic('mount', Array)
#9 /Users/aldyhelix/Projects/www/backend_rmi/vendor/laravel/framework/src/Illuminate/Filesystem/Filesystem.php(107): require('/Users/aldyheli...')
#10 /Users/aldyhelix/Projects/www/backend_rmi/vendor/laravel/framework/src/Illuminate/Filesystem/Filesystem.php(108): Illuminate\\Filesystem\\Filesystem::Illuminate\\Filesystem\\{closure}()
#11 /Users/aldyhelix/Projects/www/backend_rmi/vendor/laravel/framework/src/Illuminate/View/Engines/PhpEngine.php(58): Illuminate\\Filesystem\\Filesystem->getRequire('/Users/aldyheli...', Array)
#12 /Users/aldyhelix/Projects/www/backend_rmi/vendor/livewire/livewire/src/ComponentConcerns/RendersLivewireComponents.php(69): Illuminate\\View\\Engines\\PhpEngine->evaluatePath('/Users/aldyheli...', Array)
#13 /Users/aldyhelix/Projects/www/backend_rmi/vendor/laravel/framework/src/Illuminate/View/Engines/CompilerEngine.php(61): Livewire\\CompilerEngineForIgnition->evaluatePath('/Users/aldyheli...', Array)
#14 /Users/aldyhelix/Projects/www/backend_rmi/vendor/facade/ignition/src/Views/Engines/CompilerEngine.php(37): Illuminate\\View\\Engines\\CompilerEngine->get('/Users/aldyheli...', Array)
#15 /Users/aldyhelix/Projects/www/backend_rmi/vendor/livewire/livewire/src/ComponentConcerns/RendersLivewireComponents.php(35): Facade\\Ignition\\Views\\Engines\\CompilerEngine->get('/Users/aldyheli...', Array)
#16 /Users/aldyhelix/Projects/www/backend_rmi/vendor/laravel/framework/src/Illuminate/View/View.php(139): Livewire\\CompilerEngineForIgnition->get('/Users/aldyheli...', Array)
#17 /Users/aldyhelix/Projects/www/backend_rmi/vendor/laravel/framework/src/Illuminate/View/View.php(122): Illuminate\\View\\View->getContents()
#18 /Users/aldyhelix/Projects/www/backend_rmi/vendor/laravel/framework/src/Illuminate/View/View.php(91): Illuminate\\View\\View->renderContents()
#19 /Users/aldyhelix/Projects/www/backend_rmi/vendor/laravel/framework/src/Illuminate/Http/Response.php(69): Illuminate\\View\\View->render()
#20 /Users/aldyhelix/Projects/www/backend_rmi/vendor/laravel/framework/src/Illuminate/Http/Response.php(35): Illuminate\\Http\\Response->setContent(Object(Illuminate\\View\\View))
#21 /Users/aldyhelix/Projects/www/backend_rmi/vendor/laravel/framework/src/Illuminate/Routing/Router.php(820): Illuminate\\Http\\Response->__construct(Object(Illuminate\\View\\View), 200, Array)
#22 /Users/aldyhelix/Projects/www/backend_rmi/vendor/laravel/framework/src/Illuminate/Routing/Router.php(789): Illuminate\\Routing\\Router::toResponse(Object(Illuminate\\Http\\Request), Object(Illuminate\\View\\View))
#23 /Users/aldyhelix/Projects/www/backend_rmi/vendor/laravel/framework/src/Illuminate/Routing/Router.php(720): Illuminate\\Routing\\Router->prepareResponse(Object(Illuminate\\Http\\Request), Object(Illuminate\\View\\View))
#24 /Users/aldyhelix/Projects/www/backend_rmi/vendor/laravel/framework/src/Illuminate/Pipeline/Pipeline.php(128): Illuminate\\Routing\\Router->Illuminate\\Routing\\{closure}(Object(Illuminate\\Http\\Request))
#25 /Users/aldyhelix/Projects/www/backend_rmi/app/Http/Middleware/DashboardSetup.php(22): Illuminate\\Pipeline\\Pipeline->Illuminate\\Pipeline\\{closure}(Object(Illuminate\\Http\\Request))
#26 /Users/aldyhelix/Projects/www/backend_rmi/vendor/laravel/framework/src/Illuminate/Pipeline/Pipeline.php(167): App\\Http\\Middleware\\DashboardSetup->handle(Object(Illuminate\\Http\\Request), Object(Closure))
#27 /Users/aldyhelix/Projects/www/backend_rmi/app/Http/Middleware/CheckIfBillingInfoRequired.php(24): Illuminate\\Pipeline\\Pipeline->Illuminate\\Pipeline\\{closure}(Object(Illuminate\\Http\\Request))
#28 /Users/aldyhelix/Projects/www/backend_rmi/vendor/laravel/framework/src/Illuminate/Pipeline/Pipeline.php(167): App\\Http\\Middleware\\CheckIfBillingInfoRequired->handle(Object(Illuminate\\Http\\Request), Object(Closure))
#29 /Users/aldyhelix/Projects/www/backend_rmi/app/Http/Middleware/VerifyUserIsSubscribed.php(25): Illuminate\\Pipeline\\Pipeline->Illuminate\\Pipeline\\{closure}(Object(Illuminate\\Http\\Request))
#30 /Users/aldyhelix/Projects/www/backend_rmi/vendor/laravel/framework/src/Illuminate/Pipeline/Pipeline.php(167): App\\Http\\Middleware\\VerifyUserIsSubscribed->handle(Object(Illuminate\\Http\\Request), Object(Closure))
#31 /Users/aldyhelix/Projects/www/backend_rmi/app/Http/Middleware/CookieConsentMiddleware.php(21): Illuminate\\Pipeline\\Pipeline->Illuminate\\Pipeline\\{closure}(Object(Illuminate\\Http\\Request))
#32 /Users/aldyhelix/Projects/www/backend_rmi/vendor/laravel/framework/src/Illuminate/Pipeline/Pipeline.php(167): App\\Http\\Middleware\\CookieConsentMiddleware->handle(Object(Illuminate\\Http\\Request), Object(Closure))
#33 /Users/aldyhelix/Projects/www/backend_rmi/app/Http/Middleware/Language.php(64): Illuminate\\Pipeline\\Pipeline->Illuminate\\Pipeline\\{closure}(Object(Illuminate\\Http\\Request))
#34 /Users/aldyhelix/Projects/www/backend_rmi/vendor/laravel/framework/src/Illuminate/Pipeline/Pipeline.php(167): App\\Http\\Middleware\\Language->handle(Object(Illuminate\\Http\\Request), Object(Closure))
#35 /Users/aldyhelix/Projects/www/backend_rmi/app/Http/Middleware/InitSettings.php(8): Illuminate\\Pipeline\\Pipeline->Illuminate\\Pipeline\\{closure}(Object(Illuminate\\Http\\Request))
#36 /Users/aldyhelix/Projects/www/backend_rmi/vendor/laravel/framework/src/Illuminate/Pipeline/Pipeline.php(167): App\\Http\\Middleware\\InitSettings->handle(Object(Illuminate\\Http\\Request), Object(Closure))
#37 /Users/aldyhelix/Projects/www/backend_rmi/vendor/laravel/framework/src/Illuminate/Routing/Middleware/SubstituteBindings.php(50): Illuminate\\Pipeline\\Pipeline->Illuminate\\Pipeline\\{closure}(Object(Illuminate\\Http\\Request))
#38 /Users/aldyhelix/Projects/www/backend_rmi/vendor/laravel/framework/src/Illuminate/Pipeline/Pipeline.php(167): Illuminate\\Routing\\Middleware\\SubstituteBindings->handle(Object(Illuminate\\Http\\Request), Object(Closure))
#39 /Users/aldyhelix/Projects/www/backend_rmi/vendor/laravel/framework/src/Illuminate/Auth/Middleware/Authenticate.php(44): Illuminate\\Pipeline\\Pipeline->Illuminate\\Pipeline\\{closure}(Object(Illuminate\\Http\\Request))
#40 /Users/aldyhelix/Projects/www/backend_rmi/vendor/laravel/framework/src/Illuminate/Pipeline/Pipeline.php(167): Illuminate\\Auth\\Middleware\\Authenticate->handle(Object(Illuminate\\Http\\Request), Object(Closure))
#41 /Users/aldyhelix/Projects/www/backend_rmi/vendor/laravel/framework/src/Illuminate/Foundation/Http/Middleware/VerifyCsrfToken.php(78): Illuminate\\Pipeline\\Pipeline->Illuminate\\Pipeline\\{closure}(Object(Illuminate\\Http\\Request))
#42 /Users/aldyhelix/Projects/www/backend_rmi/vendor/laravel/framework/src/Illuminate/Pipeline/Pipeline.php(167): Illuminate\\Foundation\\Http\\Middleware\\VerifyCsrfToken->handle(Object(Illuminate\\Http\\Request), Object(Closure))
#43 /Users/aldyhelix/Projects/www/backend_rmi/vendor/laravel/framework/src/Illuminate/View/Middleware/ShareErrorsFromSession.php(49): Illuminate\\Pipeline\\Pipeline->Illuminate\\Pipeline\\{closure}(Object(Illuminate\\Http\\Request))
#44 /Users/aldyhelix/Projects/www/backend_rmi/vendor/laravel/framework/src/Illuminate/Pipeline/Pipeline.php(167): Illuminate\\View\\Middleware\\ShareErrorsFromSession->handle(Object(Illuminate\\Http\\Request), Object(Closure))
#45 /Users/aldyhelix/Projects/www/backend_rmi/vendor/laravel/framework/src/Illuminate/Session/Middleware/StartSession.php(121): Illuminate\\Pipeline\\Pipeline->Illuminate\\Pipeline\\{closure}(Object(Illuminate\\Http\\Request))
#46 /Users/aldyhelix/Projects/www/backend_rmi/vendor/laravel/framework/src/Illuminate/Session/Middleware/StartSession.php(64): Illuminate\\Session\\Middleware\\StartSession->handleStatefulRequest(Object(Illuminate\\Http\\Request), Object(Illuminate\\Session\\EncryptedStore), Object(Closure))
#47 /Users/aldyhelix/Projects/www/backend_rmi/vendor/laravel/framework/src/Illuminate/Pipeline/Pipeline.php(167): Illuminate\\Session\\Middleware\\StartSession->handle(Object(Illuminate\\Http\\Request), Object(Closure))
#48 /Users/aldyhelix/Projects/www/backend_rmi/vendor/laravel/framework/src/Illuminate/Cookie/Middleware/AddQueuedCookiesToResponse.php(37): Illuminate\\Pipeline\\Pipeline->Illuminate\\Pipeline\\{closure}(Object(Illuminate\\Http\\Request))
#49 /Users/aldyhelix/Projects/www/backend_rmi/vendor/laravel/framework/src/Illuminate/Pipeline/Pipeline.php(167): Illuminate\\Cookie\\Middleware\\AddQueuedCookiesToResponse->handle(Object(Illuminate\\Http\\Request), Object(Closure))
#50 /Users/aldyhelix/Projects/www/backend_rmi/vendor/laravel/framework/src/Illuminate/Cookie/Middleware/EncryptCookies.php(67): Illuminate\\Pipeline\\Pipeline->Illuminate\\Pipeline\\{closure}(Object(Illuminate\\Http\\Request))
#51 /Users/aldyhelix/Projects/www/backend_rmi/vendor/laravel/framework/src/Illuminate/Pipeline/Pipeline.php(167): Illuminate\\Cookie\\Middleware\\EncryptCookies->handle(Object(Illuminate\\Http\\Request), Object(Closure))
#52 /Users/aldyhelix/Projects/www/backend_rmi/vendor/laravel/framework/src/Illuminate/Pipeline/Pipeline.php(103): Illuminate\\Pipeline\\Pipeline->Illuminate\\Pipeline\\{closure}(Object(Illuminate\\Http\\Request))
#53 /Users/aldyhelix/Projects/www/backend_rmi/vendor/laravel/framework/src/Illuminate/Routing/Router.php(719): Illuminate\\Pipeline\\Pipeline->then(Object(Closure))
#54 /Users/aldyhelix/Projects/www/backend_rmi/vendor/laravel/framework/src/Illuminate/Routing/Router.php(698): Illuminate\\Routing\\Router->runRouteWithinStack(Object(Illuminate\\Routing\\Route), Object(Illuminate\\Http\\Request))
#55 /Users/aldyhelix/Projects/www/backend_rmi/vendor/laravel/framework/src/Illuminate/Routing/Router.php(662): Illuminate\\Routing\\Router->runRoute(Object(Illuminate\\Http\\Request), Object(Illuminate\\Routing\\Route))
#56 /Users/aldyhelix/Projects/www/backend_rmi/vendor/laravel/framework/src/Illuminate/Routing/Router.php(651): Illuminate\\Routing\\Router->dispatchToRoute(Object(Illuminate\\Http\\Request))
#57 /Users/aldyhelix/Projects/www/backend_rmi/vendor/laravel/framework/src/Illuminate/Foundation/Http/Kernel.php(167): Illuminate\\Routing\\Router->dispatch(Object(Illuminate\\Http\\Request))
#58 /Users/aldyhelix/Projects/www/backend_rmi/vendor/laravel/framework/src/Illuminate/Pipeline/Pipeline.php(128): Illuminate\\Foundation\\Http\\Kernel->Illuminate\\Foundation\\Http\\{closure}(Object(Illuminate\\Http\\Request))
#59 /Users/aldyhelix/Projects/www/backend_rmi/vendor/livewire/livewire/src/DisableBrowserCache.php(19): Illuminate\\Pipeline\\Pipeline->Illuminate\\Pipeline\\{closure}(Object(Illuminate\\Http\\Request))
#60 /Users/aldyhelix/Projects/www/backend_rmi/vendor/laravel/framework/src/Illuminate/Pipeline/Pipeline.php(167): Livewire\\DisableBrowserCache->handle(Object(Illuminate\\Http\\Request), Object(Closure))
#61 /Users/aldyhelix/Projects/www/backend_rmi/vendor/barryvdh/laravel-debugbar/src/Middleware/InjectDebugbar.php(66): Illuminate\\Pipeline\\Pipeline->Illuminate\\Pipeline\\{closure}(Object(Illuminate\\Http\\Request))
#62 /Users/aldyhelix/Projects/www/backend_rmi/vendor/laravel/framework/src/Illuminate/Pipeline/Pipeline.php(167): Barryvdh\\Debugbar\\Middleware\\InjectDebugbar->handle(Object(Illuminate\\Http\\Request), Object(Closure))
#63 /Users/aldyhelix/Projects/www/backend_rmi/app/Http/Middleware/CheckForInstallation.php(19): Illuminate\\Pipeline\\Pipeline->Illuminate\\Pipeline\\{closure}(Object(Illuminate\\Http\\Request))
#64 /Users/aldyhelix/Projects/www/backend_rmi/vendor/laravel/framework/src/Illuminate/Pipeline/Pipeline.php(167): App\\Http\\Middleware\\CheckForInstallation->handle(Object(Illuminate\\Http\\Request), Object(Closure))
#65 /Users/aldyhelix/Projects/www/backend_rmi/vendor/laravel/framework/src/Illuminate/Foundation/Http/Middleware/TransformsRequest.php(21): Illuminate\\Pipeline\\Pipeline->Illuminate\\Pipeline\\{closure}(Object(Illuminate\\Http\\Request))
#66 /Users/aldyhelix/Projects/www/backend_rmi/vendor/laravel/framework/src/Illuminate/Foundation/Http/Middleware/ConvertEmptyStringsToNull.php(31): Illuminate\\Foundation\\Http\\Middleware\\TransformsRequest->handle(Object(Illuminate\\Http\\Request), Object(Closure))
#67 /Users/aldyhelix/Projects/www/backend_rmi/vendor/laravel/framework/src/Illuminate/Pipeline/Pipeline.php(167): Illuminate\\Foundation\\Http\\Middleware\\ConvertEmptyStringsToNull->handle(Object(Illuminate\\Http\\Request), Object(Closure))
#68 /Users/aldyhelix/Projects/www/backend_rmi/vendor/laravel/framework/src/Illuminate/Foundation/Http/Middleware/TransformsRequest.php(21): Illuminate\\Pipeline\\Pipeline->Illuminate\\Pipeline\\{closure}(Object(Illuminate\\Http\\Request))
#69 /Users/aldyhelix/Projects/www/backend_rmi/vendor/laravel/framework/src/Illuminate/Foundation/Http/Middleware/TrimStrings.php(40): Illuminate\\Foundation\\Http\\Middleware\\TransformsRequest->handle(Object(Illuminate\\Http\\Request), Object(Closure))
#70 /Users/aldyhelix/Projects/www/backend_rmi/vendor/laravel/framework/src/Illuminate/Pipeline/Pipeline.php(167): Illuminate\\Foundation\\Http\\Middleware\\TrimStrings->handle(Object(Illuminate\\Http\\Request), Object(Closure))
#71 /Users/aldyhelix/Projects/www/backend_rmi/vendor/laravel/framework/src/Illuminate/Foundation/Http/Middleware/ValidatePostSize.php(27): Illuminate\\Pipeline\\Pipeline->Illuminate\\Pipeline\\{closure}(Object(Illuminate\\Http\\Request))
#72 /Users/aldyhelix/Projects/www/backend_rmi/vendor/laravel/framework/src/Illuminate/Pipeline/Pipeline.php(167): Illuminate\\Foundation\\Http\\Middleware\\ValidatePostSize->handle(Object(Illuminate\\Http\\Request), Object(Closure))
#73 /Users/aldyhelix/Projects/www/backend_rmi/vendor/laravel/framework/src/Illuminate/Foundation/Http/Middleware/PreventRequestsDuringMaintenance.php(86): Illuminate\\Pipeline\\Pipeline->Illuminate\\Pipeline\\{closure}(Object(Illuminate\\Http\\Request))
#74 /Users/aldyhelix/Projects/www/backend_rmi/vendor/laravel/framework/src/Illuminate/Pipeline/Pipeline.php(167): Illuminate\\Foundation\\Http\\Middleware\\PreventRequestsDuringMaintenance->handle(Object(Illuminate\\Http\\Request), Object(Closure))
#75 /Users/aldyhelix/Projects/www/backend_rmi/vendor/fruitcake/laravel-cors/src/HandleCors.php(38): Illuminate\\Pipeline\\Pipeline->Illuminate\\Pipeline\\{closure}(Object(Illuminate\\Http\\Request))
#76 /Users/aldyhelix/Projects/www/backend_rmi/vendor/laravel/framework/src/Illuminate/Pipeline/Pipeline.php(167): Fruitcake\\Cors\\HandleCors->handle(Object(Illuminate\\Http\\Request), Object(Closure))
#77 /Users/aldyhelix/Projects/www/backend_rmi/vendor/laravel/framework/src/Illuminate/Http/Middleware/TrustProxies.php(39): Illuminate\\Pipeline\\Pipeline->Illuminate\\Pipeline\\{closure}(Object(Illuminate\\Http\\Request))
#78 /Users/aldyhelix/Projects/www/backend_rmi/vendor/laravel/framework/src/Illuminate/Pipeline/Pipeline.php(167): Illuminate\\Http\\Middleware\\TrustProxies->handle(Object(Illuminate\\Http\\Request), Object(Closure))
#79 /Users/aldyhelix/Projects/www/backend_rmi/vendor/laravel/framework/src/Illuminate/Pipeline/Pipeline.php(103): Illuminate\\Pipeline\\Pipeline->Illuminate\\Pipeline\\{closure}(Object(Illuminate\\Http\\Request))
#80 /Users/aldyhelix/Projects/www/backend_rmi/vendor/laravel/framework/src/Illuminate/Foundation/Http/Kernel.php(142): Illuminate\\Pipeline\\Pipeline->then(Object(Closure))
#81 /Users/aldyhelix/Projects/www/backend_rmi/vendor/laravel/framework/src/Illuminate/Foundation/Http/Kernel.php(111): Illuminate\\Foundation\\Http\\Kernel->sendRequestThroughRouter(Object(Illuminate\\Http\\Request))
#82 /Users/aldyhelix/Projects/www/backend_rmi/public/index.php(58): Illuminate\\Foundation\\Http\\Kernel->handle(Object(Illuminate\\Http\\Request))
#83 /Applications/Herd.app/Contents/Resources/valet/server.php(153): require('/Users/aldyheli...')
#84 {main}
"} 
[2024-06-22 09:39:32] production.ERROR: SQLSTATE[42000]: Syntax error or access violation: 1066 Not unique table/alias: 'o' (SQL: select count(*) as aggregate from `orders` as `o` inner join `orders` as `o` on `oi`.`order_id` = `o`.`id` inner join `inventories` as `i` on `oi`.`inventory_id` = `i`.`id` inner join `products` as `p` on `i`.`product_id` = `p`.`id` where `o`.`customer_id` is not null and `o`.`customer_id` is not null) (View: /Users/aldyhelix/Projects/www/backend_rmi/resources/views/admin/dashboard/platform.blade.php) {"view":{"view":"/Users/aldyhelix/Projects/www/backend_rmi/vendor/laravel/framework/src/Illuminate/Database/Connection.php","data":[]},"userId":1,"exception":"[object] (Facade\\Ignition\\Exceptions\\ViewException(code: 0): SQLSTATE[42000]: Syntax error or access violation: 1066 Not unique table/alias: 'o' (SQL: select count(*) as aggregate from `orders` as `o` inner join `orders` as `o` on `oi`.`order_id` = `o`.`id` inner join `inventories` as `i` on `oi`.`inventory_id` = `i`.`id` inner join `products` as `p` on `i`.`product_id` = `p`.`id` where `o`.`customer_id` is not null and `o`.`customer_id` is not null) (View: /Users/aldyhelix/Projects/www/backend_rmi/resources/views/admin/dashboard/platform.blade.php) at /Users/aldyhelix/Projects/www/backend_rmi/vendor/laravel/framework/src/Illuminate/Database/Connection.php:712)
[stacktrace]
#0 /Users/aldyhelix/Projects/www/backend_rmi/vendor/laravel/framework/src/Illuminate/Database/Connection.php(672): Illuminate\\Database\\Connection->runQueryCallback('select count(*)...', Array, Object(Closure))
#1 /Users/aldyhelix/Projects/www/backend_rmi/vendor/laravel/framework/src/Illuminate/Database/Connection.php(359): Illuminate\\Database\\Connection->run('select count(*)...', Array, Object(Closure))
#2 /Users/aldyhelix/Projects/www/backend_rmi/vendor/laravel/framework/src/Illuminate/Database/Query/Builder.php(2413): Illuminate\\Database\\Connection->select('select count(*)...', Array, true)
#3 /Users/aldyhelix/Projects/www/backend_rmi/vendor/laravel/framework/src/Illuminate/Database/Query/Builder.php(2402): Illuminate\\Database\\Query\\Builder->runSelect()
#4 /Users/aldyhelix/Projects/www/backend_rmi/vendor/laravel/framework/src/Illuminate/Database/Query/Builder.php(2936): Illuminate\\Database\\Query\\Builder->Illuminate\\Database\\Query\\{closure}()
#5 /Users/aldyhelix/Projects/www/backend_rmi/vendor/laravel/framework/src/Illuminate/Database/Query/Builder.php(2401): Illuminate\\Database\\Query\\Builder->onceWithColumns(Array, Object(Closure))
#6 /Users/aldyhelix/Projects/www/backend_rmi/vendor/laravel/framework/src/Illuminate/Database/Query/Builder.php(2863): Illuminate\\Database\\Query\\Builder->get(Array)
#7 /Users/aldyhelix/Projects/www/backend_rmi/vendor/laravel/framework/src/Illuminate/Database/Query/Builder.php(2791): Illuminate\\Database\\Query\\Builder->aggregate('count', Array)
#8 /Users/aldyhelix/Projects/www/backend_rmi/app/Http/Livewire/Dashboard.php(765): Illuminate\\Database\\Query\\Builder->count()
#9 /Users/aldyhelix/Projects/www/backend_rmi/app/Http/Livewire/Dashboard.php(244): App\\Http\\Livewire\\Dashboard->updatedTotalOrders()
#10 /Users/aldyhelix/Projects/www/backend_rmi/app/Http/Livewire/Dashboard.php(124): App\\Http\\Livewire\\Dashboard->updateCardSection()
#11 /Users/aldyhelix/Projects/www/backend_rmi/vendor/laravel/framework/src/Illuminate/Container/BoundMethod.php(36): App\\Http\\Livewire\\Dashboard->mount(9, 0, 7, 0, 16, 0, 0, 0, 0, 0, 0, 0, 0, 0)
#12 /Users/aldyhelix/Projects/www/backend_rmi/vendor/laravel/framework/src/Illuminate/Container/Util.php(40): Illuminate\\Container\\BoundMethod::Illuminate\\Container\\{closure}()
#13 /Users/aldyhelix/Projects/www/backend_rmi/vendor/laravel/framework/src/Illuminate/Container/BoundMethod.php(93): Illuminate\\Container\\Util::unwrapIfClosure(Object(Closure))
#14 /Users/aldyhelix/Projects/www/backend_rmi/vendor/laravel/framework/src/Illuminate/Container/BoundMethod.php(35): Illuminate\\Container\\BoundMethod::callBoundMethod(Object(Illuminate\\Foundation\\Application), Array, Object(Closure))
#15 /Users/aldyhelix/Projects/www/backend_rmi/vendor/livewire/livewire/src/LifecycleManager.php(114): Illuminate\\Container\\BoundMethod::call(Object(Illuminate\\Foundation\\Application), Array, Array)
#16 /Users/aldyhelix/Projects/www/backend_rmi/vendor/livewire/livewire/src/LivewireManager.php(130): Livewire\\LifecycleManager->mount(Array)
#17 /Users/aldyhelix/Projects/www/backend_rmi/vendor/laravel/framework/src/Illuminate/Support/Facades/Facade.php(261): Livewire\\LivewireManager->mount('dashboard', Array)
#18 /Users/aldyhelix/Projects/www/backend_rmi/resources/views/admin/dashboard/platform.blade.php(13): Illuminate\\Support\\Facades\\Facade::__callStatic('mount', Array)
#19 /Users/aldyhelix/Projects/www/backend_rmi/vendor/laravel/framework/src/Illuminate/Filesystem/Filesystem.php(107): require('/Users/aldyheli...')
#20 /Users/aldyhelix/Projects/www/backend_rmi/vendor/laravel/framework/src/Illuminate/Filesystem/Filesystem.php(108): Illuminate\\Filesystem\\Filesystem::Illuminate\\Filesystem\\{closure}()
#21 /Users/aldyhelix/Projects/www/backend_rmi/vendor/laravel/framework/src/Illuminate/View/Engines/PhpEngine.php(58): Illuminate\\Filesystem\\Filesystem->getRequire('/Users/aldyheli...', Array)
#22 /Users/aldyhelix/Projects/www/backend_rmi/vendor/livewire/livewire/src/ComponentConcerns/RendersLivewireComponents.php(69): Illuminate\\View\\Engines\\PhpEngine->evaluatePath('/Users/aldyheli...', Array)
#23 /Users/aldyhelix/Projects/www/backend_rmi/vendor/laravel/framework/src/Illuminate/View/Engines/CompilerEngine.php(61): Livewire\\CompilerEngineForIgnition->evaluatePath('/Users/aldyheli...', Array)
#24 /Users/aldyhelix/Projects/www/backend_rmi/vendor/facade/ignition/src/Views/Engines/CompilerEngine.php(37): Illuminate\\View\\Engines\\CompilerEngine->get('/Users/aldyheli...', Array)
#25 /Users/aldyhelix/Projects/www/backend_rmi/vendor/livewire/livewire/src/ComponentConcerns/RendersLivewireComponents.php(35): Facade\\Ignition\\Views\\Engines\\CompilerEngine->get('/Users/aldyheli...', Array)
#26 /Users/aldyhelix/Projects/www/backend_rmi/vendor/laravel/framework/src/Illuminate/View/View.php(139): Livewire\\CompilerEngineForIgnition->get('/Users/aldyheli...', Array)
#27 /Users/aldyhelix/Projects/www/backend_rmi/vendor/laravel/framework/src/Illuminate/View/View.php(122): Illuminate\\View\\View->getContents()
#28 /Users/aldyhelix/Projects/www/backend_rmi/vendor/laravel/framework/src/Illuminate/View/View.php(91): Illuminate\\View\\View->renderContents()
#29 /Users/aldyhelix/Projects/www/backend_rmi/vendor/laravel/framework/src/Illuminate/Http/Response.php(69): Illuminate\\View\\View->render()
#30 /Users/aldyhelix/Projects/www/backend_rmi/vendor/laravel/framework/src/Illuminate/Http/Response.php(35): Illuminate\\Http\\Response->setContent(Object(Illuminate\\View\\View))
#31 /Users/aldyhelix/Projects/www/backend_rmi/vendor/laravel/framework/src/Illuminate/Routing/Router.php(820): Illuminate\\Http\\Response->__construct(Object(Illuminate\\View\\View), 200, Array)
#32 /Users/aldyhelix/Projects/www/backend_rmi/vendor/laravel/framework/src/Illuminate/Routing/Router.php(789): Illuminate\\Routing\\Router::toResponse(Object(Illuminate\\Http\\Request), Object(Illuminate\\View\\View))
#33 /Users/aldyhelix/Projects/www/backend_rmi/vendor/laravel/framework/src/Illuminate/Routing/Router.php(720): Illuminate\\Routing\\Router->prepareResponse(Object(Illuminate\\Http\\Request), Object(Illuminate\\View\\View))
#34 /Users/aldyhelix/Projects/www/backend_rmi/vendor/laravel/framework/src/Illuminate/Pipeline/Pipeline.php(128): Illuminate\\Routing\\Router->Illuminate\\Routing\\{closure}(Object(Illuminate\\Http\\Request))
#35 /Users/aldyhelix/Projects/www/backend_rmi/app/Http/Middleware/DashboardSetup.php(22): Illuminate\\Pipeline\\Pipeline->Illuminate\\Pipeline\\{closure}(Object(Illuminate\\Http\\Request))
#36 /Users/aldyhelix/Projects/www/backend_rmi/vendor/laravel/framework/src/Illuminate/Pipeline/Pipeline.php(167): App\\Http\\Middleware\\DashboardSetup->handle(Object(Illuminate\\Http\\Request), Object(Closure))
#37 /Users/aldyhelix/Projects/www/backend_rmi/app/Http/Middleware/CheckIfBillingInfoRequired.php(24): Illuminate\\Pipeline\\Pipeline->Illuminate\\Pipeline\\{closure}(Object(Illuminate\\Http\\Request))
#38 /Users/aldyhelix/Projects/www/backend_rmi/vendor/laravel/framework/src/Illuminate/Pipeline/Pipeline.php(167): App\\Http\\Middleware\\CheckIfBillingInfoRequired->handle(Object(Illuminate\\Http\\Request), Object(Closure))
#39 /Users/aldyhelix/Projects/www/backend_rmi/app/Http/Middleware/VerifyUserIsSubscribed.php(25): Illuminate\\Pipeline\\Pipeline->Illuminate\\Pipeline\\{closure}(Object(Illuminate\\Http\\Request))
#40 /Users/aldyhelix/Projects/www/backend_rmi/vendor/laravel/framework/src/Illuminate/Pipeline/Pipeline.php(167): App\\Http\\Middleware\\VerifyUserIsSubscribed->handle(Object(Illuminate\\Http\\Request), Object(Closure))
#41 /Users/aldyhelix/Projects/www/backend_rmi/app/Http/Middleware/CookieConsentMiddleware.php(21): Illuminate\\Pipeline\\Pipeline->Illuminate\\Pipeline\\{closure}(Object(Illuminate\\Http\\Request))
#42 /Users/aldyhelix/Projects/www/backend_rmi/vendor/laravel/framework/src/Illuminate/Pipeline/Pipeline.php(167): App\\Http\\Middleware\\CookieConsentMiddleware->handle(Object(Illuminate\\Http\\Request), Object(Closure))
#43 /Users/aldyhelix/Projects/www/backend_rmi/app/Http/Middleware/Language.php(64): Illuminate\\Pipeline\\Pipeline->Illuminate\\Pipeline\\{closure}(Object(Illuminate\\Http\\Request))
#44 /Users/aldyhelix/Projects/www/backend_rmi/vendor/laravel/framework/src/Illuminate/Pipeline/Pipeline.php(167): App\\Http\\Middleware\\Language->handle(Object(Illuminate\\Http\\Request), Object(Closure))
#45 /Users/aldyhelix/Projects/www/backend_rmi/app/Http/Middleware/InitSettings.php(8): Illuminate\\Pipeline\\Pipeline->Illuminate\\Pipeline\\{closure}(Object(Illuminate\\Http\\Request))
#46 /Users/aldyhelix/Projects/www/backend_rmi/vendor/laravel/framework/src/Illuminate/Pipeline/Pipeline.php(167): App\\Http\\Middleware\\InitSettings->handle(Object(Illuminate\\Http\\Request), Object(Closure))
#47 /Users/aldyhelix/Projects/www/backend_rmi/vendor/laravel/framework/src/Illuminate/Routing/Middleware/SubstituteBindings.php(50): Illuminate\\Pipeline\\Pipeline->Illuminate\\Pipeline\\{closure}(Object(Illuminate\\Http\\Request))
#48 /Users/aldyhelix/Projects/www/backend_rmi/vendor/laravel/framework/src/Illuminate/Pipeline/Pipeline.php(167): Illuminate\\Routing\\Middleware\\SubstituteBindings->handle(Object(Illuminate\\Http\\Request), Object(Closure))
#49 /Users/aldyhelix/Projects/www/backend_rmi/vendor/laravel/framework/src/Illuminate/Auth/Middleware/Authenticate.php(44): Illuminate\\Pipeline\\Pipeline->Illuminate\\Pipeline\\{closure}(Object(Illuminate\\Http\\Request))
#50 /Users/aldyhelix/Projects/www/backend_rmi/vendor/laravel/framework/src/Illuminate/Pipeline/Pipeline.php(167): Illuminate\\Auth\\Middleware\\Authenticate->handle(Object(Illuminate\\Http\\Request), Object(Closure))
#51 /Users/aldyhelix/Projects/www/backend_rmi/vendor/laravel/framework/src/Illuminate/Foundation/Http/Middleware/VerifyCsrfToken.php(78): Illuminate\\Pipeline\\Pipeline->Illuminate\\Pipeline\\{closure}(Object(Illuminate\\Http\\Request))
#52 /Users/aldyhelix/Projects/www/backend_rmi/vendor/laravel/framework/src/Illuminate/Pipeline/Pipeline.php(167): Illuminate\\Foundation\\Http\\Middleware\\VerifyCsrfToken->handle(Object(Illuminate\\Http\\Request), Object(Closure))
#53 /Users/aldyhelix/Projects/www/backend_rmi/vendor/laravel/framework/src/Illuminate/View/Middleware/ShareErrorsFromSession.php(49): Illuminate\\Pipeline\\Pipeline->Illuminate\\Pipeline\\{closure}(Object(Illuminate\\Http\\Request))
#54 /Users/aldyhelix/Projects/www/backend_rmi/vendor/laravel/framework/src/Illuminate/Pipeline/Pipeline.php(167): Illuminate\\View\\Middleware\\ShareErrorsFromSession->handle(Object(Illuminate\\Http\\Request), Object(Closure))
#55 /Users/aldyhelix/Projects/www/backend_rmi/vendor/laravel/framework/src/Illuminate/Session/Middleware/StartSession.php(121): Illuminate\\Pipeline\\Pipeline->Illuminate\\Pipeline\\{closure}(Object(Illuminate\\Http\\Request))
#56 /Users/aldyhelix/Projects/www/backend_rmi/vendor/laravel/framework/src/Illuminate/Session/Middleware/StartSession.php(64): Illuminate\\Session\\Middleware\\StartSession->handleStatefulRequest(Object(Illuminate\\Http\\Request), Object(Illuminate\\Session\\EncryptedStore), Object(Closure))
#57 /Users/aldyhelix/Projects/www/backend_rmi/vendor/laravel/framework/src/Illuminate/Pipeline/Pipeline.php(167): Illuminate\\Session\\Middleware\\StartSession->handle(Object(Illuminate\\Http\\Request), Object(Closure))
#58 /Users/aldyhelix/Projects/www/backend_rmi/vendor/laravel/framework/src/Illuminate/Cookie/Middleware/AddQueuedCookiesToResponse.php(37): Illuminate\\Pipeline\\Pipeline->Illuminate\\Pipeline\\{closure}(Object(Illuminate\\Http\\Request))
#59 /Users/aldyhelix/Projects/www/backend_rmi/vendor/laravel/framework/src/Illuminate/Pipeline/Pipeline.php(167): Illuminate\\Cookie\\Middleware\\AddQueuedCookiesToResponse->handle(Object(Illuminate\\Http\\Request), Object(Closure))
#60 /Users/aldyhelix/Projects/www/backend_rmi/vendor/laravel/framework/src/Illuminate/Cookie/Middleware/EncryptCookies.php(67): Illuminate\\Pipeline\\Pipeline->Illuminate\\Pipeline\\{closure}(Object(Illuminate\\Http\\Request))
#61 /Users/aldyhelix/Projects/www/backend_rmi/vendor/laravel/framework/src/Illuminate/Pipeline/Pipeline.php(167): Illuminate\\Cookie\\Middleware\\EncryptCookies->handle(Object(Illuminate\\Http\\Request), Object(Closure))
#62 /Users/aldyhelix/Projects/www/backend_rmi/vendor/laravel/framework/src/Illuminate/Pipeline/Pipeline.php(103): Illuminate\\Pipeline\\Pipeline->Illuminate\\Pipeline\\{closure}(Object(Illuminate\\Http\\Request))
#63 /Users/aldyhelix/Projects/www/backend_rmi/vendor/laravel/framework/src/Illuminate/Routing/Router.php(719): Illuminate\\Pipeline\\Pipeline->then(Object(Closure))
#64 /Users/aldyhelix/Projects/www/backend_rmi/vendor/laravel/framework/src/Illuminate/Routing/Router.php(698): Illuminate\\Routing\\Router->runRouteWithinStack(Object(Illuminate\\Routing\\Route), Object(Illuminate\\Http\\Request))
#65 /Users/aldyhelix/Projects/www/backend_rmi/vendor/laravel/framework/src/Illuminate/Routing/Router.php(662): Illuminate\\Routing\\Router->runRoute(Object(Illuminate\\Http\\Request), Object(Illuminate\\Routing\\Route))
#66 /Users/aldyhelix/Projects/www/backend_rmi/vendor/laravel/framework/src/Illuminate/Routing/Router.php(651): Illuminate\\Routing\\Router->dispatchToRoute(Object(Illuminate\\Http\\Request))
#67 /Users/aldyhelix/Projects/www/backend_rmi/vendor/laravel/framework/src/Illuminate/Foundation/Http/Kernel.php(167): Illuminate\\Routing\\Router->dispatch(Object(Illuminate\\Http\\Request))
#68 /Users/aldyhelix/Projects/www/backend_rmi/vendor/laravel/framework/src/Illuminate/Pipeline/Pipeline.php(128): Illuminate\\Foundation\\Http\\Kernel->Illuminate\\Foundation\\Http\\{closure}(Object(Illuminate\\Http\\Request))
#69 /Users/aldyhelix/Projects/www/backend_rmi/vendor/livewire/livewire/src/DisableBrowserCache.php(19): Illuminate\\Pipeline\\Pipeline->Illuminate\\Pipeline\\{closure}(Object(Illuminate\\Http\\Request))
#70 /Users/aldyhelix/Projects/www/backend_rmi/vendor/laravel/framework/src/Illuminate/Pipeline/Pipeline.php(167): Livewire\\DisableBrowserCache->handle(Object(Illuminate\\Http\\Request), Object(Closure))
#71 /Users/aldyhelix/Projects/www/backend_rmi/vendor/barryvdh/laravel-debugbar/src/Middleware/InjectDebugbar.php(66): Illuminate\\Pipeline\\Pipeline->Illuminate\\Pipeline\\{closure}(Object(Illuminate\\Http\\Request))
#72 /Users/aldyhelix/Projects/www/backend_rmi/vendor/laravel/framework/src/Illuminate/Pipeline/Pipeline.php(167): Barryvdh\\Debugbar\\Middleware\\InjectDebugbar->handle(Object(Illuminate\\Http\\Request), Object(Closure))
#73 /Users/aldyhelix/Projects/www/backend_rmi/app/Http/Middleware/CheckForInstallation.php(19): Illuminate\\Pipeline\\Pipeline->Illuminate\\Pipeline\\{closure}(Object(Illuminate\\Http\\Request))
#74 /Users/aldyhelix/Projects/www/backend_rmi/vendor/laravel/framework/src/Illuminate/Pipeline/Pipeline.php(167): App\\Http\\Middleware\\CheckForInstallation->handle(Object(Illuminate\\Http\\Request), Object(Closure))
#75 /Users/aldyhelix/Projects/www/backend_rmi/vendor/laravel/framework/src/Illuminate/Foundation/Http/Middleware/TransformsRequest.php(21): Illuminate\\Pipeline\\Pipeline->Illuminate\\Pipeline\\{closure}(Object(Illuminate\\Http\\Request))
#76 /Users/aldyhelix/Projects/www/backend_rmi/vendor/laravel/framework/src/Illuminate/Foundation/Http/Middleware/ConvertEmptyStringsToNull.php(31): Illuminate\\Foundation\\Http\\Middleware\\TransformsRequest->handle(Object(Illuminate\\Http\\Request), Object(Closure))
#77 /Users/aldyhelix/Projects/www/backend_rmi/vendor/laravel/framework/src/Illuminate/Pipeline/Pipeline.php(167): Illuminate\\Foundation\\Http\\Middleware\\ConvertEmptyStringsToNull->handle(Object(Illuminate\\Http\\Request), Object(Closure))
#78 /Users/aldyhelix/Projects/www/backend_rmi/vendor/laravel/framework/src/Illuminate/Foundation/Http/Middleware/TransformsRequest.php(21): Illuminate\\Pipeline\\Pipeline->Illuminate\\Pipeline\\{closure}(Object(Illuminate\\Http\\Request))
#79 /Users/aldyhelix/Projects/www/backend_rmi/vendor/laravel/framework/src/Illuminate/Foundation/Http/Middleware/TrimStrings.php(40): Illuminate\\Foundation\\Http\\Middleware\\TransformsRequest->handle(Object(Illuminate\\Http\\Request), Object(Closure))
#80 /Users/aldyhelix/Projects/www/backend_rmi/vendor/laravel/framework/src/Illuminate/Pipeline/Pipeline.php(167): Illuminate\\Foundation\\Http\\Middleware\\TrimStrings->handle(Object(Illuminate\\Http\\Request), Object(Closure))
#81 /Users/aldyhelix/Projects/www/backend_rmi/vendor/laravel/framework/src/Illuminate/Foundation/Http/Middleware/ValidatePostSize.php(27): Illuminate\\Pipeline\\Pipeline->Illuminate\\Pipeline\\{closure}(Object(Illuminate\\Http\\Request))
#82 /Users/aldyhelix/Projects/www/backend_rmi/vendor/laravel/framework/src/Illuminate/Pipeline/Pipeline.php(167): Illuminate\\Foundation\\Http\\Middleware\\ValidatePostSize->handle(Object(Illuminate\\Http\\Request), Object(Closure))
#83 /Users/aldyhelix/Projects/www/backend_rmi/vendor/laravel/framework/src/Illuminate/Foundation/Http/Middleware/PreventRequestsDuringMaintenance.php(86): Illuminate\\Pipeline\\Pipeline->Illuminate\\Pipeline\\{closure}(Object(Illuminate\\Http\\Request))
#84 /Users/aldyhelix/Projects/www/backend_rmi/vendor/laravel/framework/src/Illuminate/Pipeline/Pipeline.php(167): Illuminate\\Foundation\\Http\\Middleware\\PreventRequestsDuringMaintenance->handle(Object(Illuminate\\Http\\Request), Object(Closure))
#85 /Users/aldyhelix/Projects/www/backend_rmi/vendor/fruitcake/laravel-cors/src/HandleCors.php(38): Illuminate\\Pipeline\\Pipeline->Illuminate\\Pipeline\\{closure}(Object(Illuminate\\Http\\Request))
#86 /Users/aldyhelix/Projects/www/backend_rmi/vendor/laravel/framework/src/Illuminate/Pipeline/Pipeline.php(167): Fruitcake\\Cors\\HandleCors->handle(Object(Illuminate\\Http\\Request), Object(Closure))
#87 /Users/aldyhelix/Projects/www/backend_rmi/vendor/laravel/framework/src/Illuminate/Http/Middleware/TrustProxies.php(39): Illuminate\\Pipeline\\Pipeline->Illuminate\\Pipeline\\{closure}(Object(Illuminate\\Http\\Request))
#88 /Users/aldyhelix/Projects/www/backend_rmi/vendor/laravel/framework/src/Illuminate/Pipeline/Pipeline.php(167): Illuminate\\Http\\Middleware\\TrustProxies->handle(Object(Illuminate\\Http\\Request), Object(Closure))
#89 /Users/aldyhelix/Projects/www/backend_rmi/vendor/laravel/framework/src/Illuminate/Pipeline/Pipeline.php(103): Illuminate\\Pipeline\\Pipeline->Illuminate\\Pipeline\\{closure}(Object(Illuminate\\Http\\Request))
#90 /Users/aldyhelix/Projects/www/backend_rmi/vendor/laravel/framework/src/Illuminate/Foundation/Http/Kernel.php(142): Illuminate\\Pipeline\\Pipeline->then(Object(Closure))
#91 /Users/aldyhelix/Projects/www/backend_rmi/vendor/laravel/framework/src/Illuminate/Foundation/Http/Kernel.php(111): Illuminate\\Foundation\\Http\\Kernel->sendRequestThroughRouter(Object(Illuminate\\Http\\Request))
#92 /Users/aldyhelix/Projects/www/backend_rmi/public/index.php(58): Illuminate\\Foundation\\Http\\Kernel->handle(Object(Illuminate\\Http\\Request))
#93 /Applications/Herd.app/Contents/Resources/valet/server.php(153): require('/Users/aldyheli...')
#94 {main}

[previous exception] [object] (Illuminate\\Database\\QueryException(code: 42000): SQLSTATE[42000]: Syntax error or access violation: 1066 Not unique table/alias: 'o' (SQL: select count(*) as aggregate from `orders` as `o` inner join `orders` as `o` on `oi`.`order_id` = `o`.`id` inner join `inventories` as `i` on `oi`.`inventory_id` = `i`.`id` inner join `products` as `p` on `i`.`product_id` = `p`.`id` where `o`.`customer_id` is not null and `o`.`customer_id` is not null) at /Users/aldyhelix/Projects/www/backend_rmi/vendor/laravel/framework/src/Illuminate/Database/Connection.php:712)
[stacktrace]
#0 /Users/aldyhelix/Projects/www/backend_rmi/vendor/laravel/framework/src/Illuminate/Database/Connection.php(672): Illuminate\\Database\\Connection->runQueryCallback('select count(*)...', Array, Object(Closure))
#1 /Users/aldyhelix/Projects/www/backend_rmi/vendor/laravel/framework/src/Illuminate/Database/Connection.php(359): Illuminate\\Database\\Connection->run('select count(*)...', Array, Object(Closure))
#2 /Users/aldyhelix/Projects/www/backend_rmi/vendor/laravel/framework/src/Illuminate/Database/Query/Builder.php(2413): Illuminate\\Database\\Connection->select('select count(*)...', Array, true)
#3 /Users/aldyhelix/Projects/www/backend_rmi/vendor/laravel/framework/src/Illuminate/Database/Query/Builder.php(2402): Illuminate\\Database\\Query\\Builder->runSelect()
#4 /Users/aldyhelix/Projects/www/backend_rmi/vendor/laravel/framework/src/Illuminate/Database/Query/Builder.php(2936): Illuminate\\Database\\Query\\Builder->Illuminate\\Database\\Query\\{closure}()
#5 /Users/aldyhelix/Projects/www/backend_rmi/vendor/laravel/framework/src/Illuminate/Database/Query/Builder.php(2401): Illuminate\\Database\\Query\\Builder->onceWithColumns(Array, Object(Closure))
#6 /Users/aldyhelix/Projects/www/backend_rmi/vendor/laravel/framework/src/Illuminate/Database/Query/Builder.php(2863): Illuminate\\Database\\Query\\Builder->get(Array)
#7 /Users/aldyhelix/Projects/www/backend_rmi/vendor/laravel/framework/src/Illuminate/Database/Query/Builder.php(2791): Illuminate\\Database\\Query\\Builder->aggregate('count', Array)
#8 /Users/aldyhelix/Projects/www/backend_rmi/app/Http/Livewire/Dashboard.php(765): Illuminate\\Database\\Query\\Builder->count()
#9 /Users/aldyhelix/Projects/www/backend_rmi/app/Http/Livewire/Dashboard.php(244): App\\Http\\Livewire\\Dashboard->updatedTotalOrders()
#10 /Users/aldyhelix/Projects/www/backend_rmi/app/Http/Livewire/Dashboard.php(124): App\\Http\\Livewire\\Dashboard->updateCardSection()
#11 /Users/aldyhelix/Projects/www/backend_rmi/vendor/laravel/framework/src/Illuminate/Container/BoundMethod.php(36): App\\Http\\Livewire\\Dashboard->mount(9, 0, 7, 0, 16, 0, 0, 0, 0, 0, 0, 0, 0, 0)
#12 /Users/aldyhelix/Projects/www/backend_rmi/vendor/laravel/framework/src/Illuminate/Container/Util.php(40): Illuminate\\Container\\BoundMethod::Illuminate\\Container\\{closure}()
#13 /Users/aldyhelix/Projects/www/backend_rmi/vendor/laravel/framework/src/Illuminate/Container/BoundMethod.php(93): Illuminate\\Container\\Util::unwrapIfClosure(Object(Closure))
#14 /Users/aldyhelix/Projects/www/backend_rmi/vendor/laravel/framework/src/Illuminate/Container/BoundMethod.php(35): Illuminate\\Container\\BoundMethod::callBoundMethod(Object(Illuminate\\Foundation\\Application), Array, Object(Closure))
#15 /Users/aldyhelix/Projects/www/backend_rmi/vendor/livewire/livewire/src/LifecycleManager.php(114): Illuminate\\Container\\BoundMethod::call(Object(Illuminate\\Foundation\\Application), Array, Array)
#16 /Users/aldyhelix/Projects/www/backend_rmi/vendor/livewire/livewire/src/LivewireManager.php(130): Livewire\\LifecycleManager->mount(Array)
#17 /Users/aldyhelix/Projects/www/backend_rmi/vendor/laravel/framework/src/Illuminate/Support/Facades/Facade.php(261): Livewire\\LivewireManager->mount('dashboard', Array)
#18 /Users/aldyhelix/Projects/www/backend_rmi/storage/framework/views/7614a377bf597da1c7ed67416eae576b7feee755.php(13): Illuminate\\Support\\Facades\\Facade::__callStatic('mount', Array)
#19 /Users/aldyhelix/Projects/www/backend_rmi/vendor/laravel/framework/src/Illuminate/Filesystem/Filesystem.php(107): require('/Users/aldyheli...')
#20 /Users/aldyhelix/Projects/www/backend_rmi/vendor/laravel/framework/src/Illuminate/Filesystem/Filesystem.php(108): Illuminate\\Filesystem\\Filesystem::Illuminate\\Filesystem\\{closure}()
#21 /Users/aldyhelix/Projects/www/backend_rmi/vendor/laravel/framework/src/Illuminate/View/Engines/PhpEngine.php(58): Illuminate\\Filesystem\\Filesystem->getRequire('/Users/aldyheli...', Array)
#22 /Users/aldyhelix/Projects/www/backend_rmi/vendor/livewire/livewire/src/ComponentConcerns/RendersLivewireComponents.php(69): Illuminate\\View\\Engines\\PhpEngine->evaluatePath('/Users/aldyheli...', Array)
#23 /Users/aldyhelix/Projects/www/backend_rmi/vendor/laravel/framework/src/Illuminate/View/Engines/CompilerEngine.php(61): Livewire\\CompilerEngineForIgnition->evaluatePath('/Users/aldyheli...', Array)
#24 /Users/aldyhelix/Projects/www/backend_rmi/vendor/facade/ignition/src/Views/Engines/CompilerEngine.php(37): Illuminate\\View\\Engines\\CompilerEngine->get('/Users/aldyheli...', Array)
#25 /Users/aldyhelix/Projects/www/backend_rmi/vendor/livewire/livewire/src/ComponentConcerns/RendersLivewireComponents.php(35): Facade\\Ignition\\Views\\Engines\\CompilerEngine->get('/Users/aldyheli...', Array)
#26 /Users/aldyhelix/Projects/www/backend_rmi/vendor/laravel/framework/src/Illuminate/View/View.php(139): Livewire\\CompilerEngineForIgnition->get('/Users/aldyheli...', Array)
#27 /Users/aldyhelix/Projects/www/backend_rmi/vendor/laravel/framework/src/Illuminate/View/View.php(122): Illuminate\\View\\View->getContents()
#28 /Users/aldyhelix/Projects/www/backend_rmi/vendor/laravel/framework/src/Illuminate/View/View.php(91): Illuminate\\View\\View->renderContents()
#29 /Users/aldyhelix/Projects/www/backend_rmi/vendor/laravel/framework/src/Illuminate/Http/Response.php(69): Illuminate\\View\\View->render()
#30 /Users/aldyhelix/Projects/www/backend_rmi/vendor/laravel/framework/src/Illuminate/Http/Response.php(35): Illuminate\\Http\\Response->setContent(Object(Illuminate\\View\\View))
#31 /Users/aldyhelix/Projects/www/backend_rmi/vendor/laravel/framework/src/Illuminate/Routing/Router.php(820): Illuminate\\Http\\Response->__construct(Object(Illuminate\\View\\View), 200, Array)
#32 /Users/aldyhelix/Projects/www/backend_rmi/vendor/laravel/framework/src/Illuminate/Routing/Router.php(789): Illuminate\\Routing\\Router::toResponse(Object(Illuminate\\Http\\Request), Object(Illuminate\\View\\View))
#33 /Users/aldyhelix/Projects/www/backend_rmi/vendor/laravel/framework/src/Illuminate/Routing/Router.php(720): Illuminate\\Routing\\Router->prepareResponse(Object(Illuminate\\Http\\Request), Object(Illuminate\\View\\View))
#34 /Users/aldyhelix/Projects/www/backend_rmi/vendor/laravel/framework/src/Illuminate/Pipeline/Pipeline.php(128): Illuminate\\Routing\\Router->Illuminate\\Routing\\{closure}(Object(Illuminate\\Http\\Request))
#35 /Users/aldyhelix/Projects/www/backend_rmi/app/Http/Middleware/DashboardSetup.php(22): Illuminate\\Pipeline\\Pipeline->Illuminate\\Pipeline\\{closure}(Object(Illuminate\\Http\\Request))
#36 /Users/aldyhelix/Projects/www/backend_rmi/vendor/laravel/framework/src/Illuminate/Pipeline/Pipeline.php(167): App\\Http\\Middleware\\DashboardSetup->handle(Object(Illuminate\\Http\\Request), Object(Closure))
#37 /Users/aldyhelix/Projects/www/backend_rmi/app/Http/Middleware/CheckIfBillingInfoRequired.php(24): Illuminate\\Pipeline\\Pipeline->Illuminate\\Pipeline\\{closure}(Object(Illuminate\\Http\\Request))
#38 /Users/aldyhelix/Projects/www/backend_rmi/vendor/laravel/framework/src/Illuminate/Pipeline/Pipeline.php(167): App\\Http\\Middleware\\CheckIfBillingInfoRequired->handle(Object(Illuminate\\Http\\Request), Object(Closure))
#39 /Users/aldyhelix/Projects/www/backend_rmi/app/Http/Middleware/VerifyUserIsSubscribed.php(25): Illuminate\\Pipeline\\Pipeline->Illuminate\\Pipeline\\{closure}(Object(Illuminate\\Http\\Request))
#40 /Users/aldyhelix/Projects/www/backend_rmi/vendor/laravel/framework/src/Illuminate/Pipeline/Pipeline.php(167): App\\Http\\Middleware\\VerifyUserIsSubscribed->handle(Object(Illuminate\\Http\\Request), Object(Closure))
#41 /Users/aldyhelix/Projects/www/backend_rmi/app/Http/Middleware/CookieConsentMiddleware.php(21): Illuminate\\Pipeline\\Pipeline->Illuminate\\Pipeline\\{closure}(Object(Illuminate\\Http\\Request))
#42 /Users/aldyhelix/Projects/www/backend_rmi/vendor/laravel/framework/src/Illuminate/Pipeline/Pipeline.php(167): App\\Http\\Middleware\\CookieConsentMiddleware->handle(Object(Illuminate\\Http\\Request), Object(Closure))
#43 /Users/aldyhelix/Projects/www/backend_rmi/app/Http/Middleware/Language.php(64): Illuminate\\Pipeline\\Pipeline->Illuminate\\Pipeline\\{closure}(Object(Illuminate\\Http\\Request))
#44 /Users/aldyhelix/Projects/www/backend_rmi/vendor/laravel/framework/src/Illuminate/Pipeline/Pipeline.php(167): App\\Http\\Middleware\\Language->handle(Object(Illuminate\\Http\\Request), Object(Closure))
#45 /Users/aldyhelix/Projects/www/backend_rmi/app/Http/Middleware/InitSettings.php(8): Illuminate\\Pipeline\\Pipeline->Illuminate\\Pipeline\\{closure}(Object(Illuminate\\Http\\Request))
#46 /Users/aldyhelix/Projects/www/backend_rmi/vendor/laravel/framework/src/Illuminate/Pipeline/Pipeline.php(167): App\\Http\\Middleware\\InitSettings->handle(Object(Illuminate\\Http\\Request), Object(Closure))
#47 /Users/aldyhelix/Projects/www/backend_rmi/vendor/laravel/framework/src/Illuminate/Routing/Middleware/SubstituteBindings.php(50): Illuminate\\Pipeline\\Pipeline->Illuminate\\Pipeline\\{closure}(Object(Illuminate\\Http\\Request))
#48 /Users/aldyhelix/Projects/www/backend_rmi/vendor/laravel/framework/src/Illuminate/Pipeline/Pipeline.php(167): Illuminate\\Routing\\Middleware\\SubstituteBindings->handle(Object(Illuminate\\Http\\Request), Object(Closure))
#49 /Users/aldyhelix/Projects/www/backend_rmi/vendor/laravel/framework/src/Illuminate/Auth/Middleware/Authenticate.php(44): Illuminate\\Pipeline\\Pipeline->Illuminate\\Pipeline\\{closure}(Object(Illuminate\\Http\\Request))
#50 /Users/aldyhelix/Projects/www/backend_rmi/vendor/laravel/framework/src/Illuminate/Pipeline/Pipeline.php(167): Illuminate\\Auth\\Middleware\\Authenticate->handle(Object(Illuminate\\Http\\Request), Object(Closure))
#51 /Users/aldyhelix/Projects/www/backend_rmi/vendor/laravel/framework/src/Illuminate/Foundation/Http/Middleware/VerifyCsrfToken.php(78): Illuminate\\Pipeline\\Pipeline->Illuminate\\Pipeline\\{closure}(Object(Illuminate\\Http\\Request))
#52 /Users/aldyhelix/Projects/www/backend_rmi/vendor/laravel/framework/src/Illuminate/Pipeline/Pipeline.php(167): Illuminate\\Foundation\\Http\\Middleware\\VerifyCsrfToken->handle(Object(Illuminate\\Http\\Request), Object(Closure))
#53 /Users/aldyhelix/Projects/www/backend_rmi/vendor/laravel/framework/src/Illuminate/View/Middleware/ShareErrorsFromSession.php(49): Illuminate\\Pipeline\\Pipeline->Illuminate\\Pipeline\\{closure}(Object(Illuminate\\Http\\Request))
#54 /Users/aldyhelix/Projects/www/backend_rmi/vendor/laravel/framework/src/Illuminate/Pipeline/Pipeline.php(167): Illuminate\\View\\Middleware\\ShareErrorsFromSession->handle(Object(Illuminate\\Http\\Request), Object(Closure))
#55 /Users/aldyhelix/Projects/www/backend_rmi/vendor/laravel/framework/src/Illuminate/Session/Middleware/StartSession.php(121): Illuminate\\Pipeline\\Pipeline->Illuminate\\Pipeline\\{closure}(Object(Illuminate\\Http\\Request))
#56 /Users/aldyhelix/Projects/www/backend_rmi/vendor/laravel/framework/src/Illuminate/Session/Middleware/StartSession.php(64): Illuminate\\Session\\Middleware\\StartSession->handleStatefulRequest(Object(Illuminate\\Http\\Request), Object(Illuminate\\Session\\EncryptedStore), Object(Closure))
#57 /Users/aldyhelix/Projects/www/backend_rmi/vendor/laravel/framework/src/Illuminate/Pipeline/Pipeline.php(167): Illuminate\\Session\\Middleware\\StartSession->handle(Object(Illuminate\\Http\\Request), Object(Closure))
#58 /Users/aldyhelix/Projects/www/backend_rmi/vendor/laravel/framework/src/Illuminate/Cookie/Middleware/AddQueuedCookiesToResponse.php(37): Illuminate\\Pipeline\\Pipeline->Illuminate\\Pipeline\\{closure}(Object(Illuminate\\Http\\Request))
#59 /Users/aldyhelix/Projects/www/backend_rmi/vendor/laravel/framework/src/Illuminate/Pipeline/Pipeline.php(167): Illuminate\\Cookie\\Middleware\\AddQueuedCookiesToResponse->handle(Object(Illuminate\\Http\\Request), Object(Closure))
#60 /Users/aldyhelix/Projects/www/backend_rmi/vendor/laravel/framework/src/Illuminate/Cookie/Middleware/EncryptCookies.php(67): Illuminate\\Pipeline\\Pipeline->Illuminate\\Pipeline\\{closure}(Object(Illuminate\\Http\\Request))
#61 /Users/aldyhelix/Projects/www/backend_rmi/vendor/laravel/framework/src/Illuminate/Pipeline/Pipeline.php(167): Illuminate\\Cookie\\Middleware\\EncryptCookies->handle(Object(Illuminate\\Http\\Request), Object(Closure))
#62 /Users/aldyhelix/Projects/www/backend_rmi/vendor/laravel/framework/src/Illuminate/Pipeline/Pipeline.php(103): Illuminate\\Pipeline\\Pipeline->Illuminate\\Pipeline\\{closure}(Object(Illuminate\\Http\\Request))
#63 /Users/aldyhelix/Projects/www/backend_rmi/vendor/laravel/framework/src/Illuminate/Routing/Router.php(719): Illuminate\\Pipeline\\Pipeline->then(Object(Closure))
#64 /Users/aldyhelix/Projects/www/backend_rmi/vendor/laravel/framework/src/Illuminate/Routing/Router.php(698): Illuminate\\Routing\\Router->runRouteWithinStack(Object(Illuminate\\Routing\\Route), Object(Illuminate\\Http\\Request))
#65 /Users/aldyhelix/Projects/www/backend_rmi/vendor/laravel/framework/src/Illuminate/Routing/Router.php(662): Illuminate\\Routing\\Router->runRoute(Object(Illuminate\\Http\\Request), Object(Illuminate\\Routing\\Route))
#66 /Users/aldyhelix/Projects/www/backend_rmi/vendor/laravel/framework/src/Illuminate/Routing/Router.php(651): Illuminate\\Routing\\Router->dispatchToRoute(Object(Illuminate\\Http\\Request))
#67 /Users/aldyhelix/Projects/www/backend_rmi/vendor/laravel/framework/src/Illuminate/Foundation/Http/Kernel.php(167): Illuminate\\Routing\\Router->dispatch(Object(Illuminate\\Http\\Request))
#68 /Users/aldyhelix/Projects/www/backend_rmi/vendor/laravel/framework/src/Illuminate/Pipeline/Pipeline.php(128): Illuminate\\Foundation\\Http\\Kernel->Illuminate\\Foundation\\Http\\{closure}(Object(Illuminate\\Http\\Request))
#69 /Users/aldyhelix/Projects/www/backend_rmi/vendor/livewire/livewire/src/DisableBrowserCache.php(19): Illuminate\\Pipeline\\Pipeline->Illuminate\\Pipeline\\{closure}(Object(Illuminate\\Http\\Request))
#70 /Users/aldyhelix/Projects/www/backend_rmi/vendor/laravel/framework/src/Illuminate/Pipeline/Pipeline.php(167): Livewire\\DisableBrowserCache->handle(Object(Illuminate\\Http\\Request), Object(Closure))
#71 /Users/aldyhelix/Projects/www/backend_rmi/vendor/barryvdh/laravel-debugbar/src/Middleware/InjectDebugbar.php(66): Illuminate\\Pipeline\\Pipeline->Illuminate\\Pipeline\\{closure}(Object(Illuminate\\Http\\Request))
#72 /Users/aldyhelix/Projects/www/backend_rmi/vendor/laravel/framework/src/Illuminate/Pipeline/Pipeline.php(167): Barryvdh\\Debugbar\\Middleware\\InjectDebugbar->handle(Object(Illuminate\\Http\\Request), Object(Closure))
#73 /Users/aldyhelix/Projects/www/backend_rmi/app/Http/Middleware/CheckForInstallation.php(19): Illuminate\\Pipeline\\Pipeline->Illuminate\\Pipeline\\{closure}(Object(Illuminate\\Http\\Request))
#74 /Users/aldyhelix/Projects/www/backend_rmi/vendor/laravel/framework/src/Illuminate/Pipeline/Pipeline.php(167): App\\Http\\Middleware\\CheckForInstallation->handle(Object(Illuminate\\Http\\Request), Object(Closure))
#75 /Users/aldyhelix/Projects/www/backend_rmi/vendor/laravel/framework/src/Illuminate/Foundation/Http/Middleware/TransformsRequest.php(21): Illuminate\\Pipeline\\Pipeline->Illuminate\\Pipeline\\{closure}(Object(Illuminate\\Http\\Request))
#76 /Users/aldyhelix/Projects/www/backend_rmi/vendor/laravel/framework/src/Illuminate/Foundation/Http/Middleware/ConvertEmptyStringsToNull.php(31): Illuminate\\Foundation\\Http\\Middleware\\TransformsRequest->handle(Object(Illuminate\\Http\\Request), Object(Closure))
#77 /Users/aldyhelix/Projects/www/backend_rmi/vendor/laravel/framework/src/Illuminate/Pipeline/Pipeline.php(167): Illuminate\\Foundation\\Http\\Middleware\\ConvertEmptyStringsToNull->handle(Object(Illuminate\\Http\\Request), Object(Closure))
#78 /Users/aldyhelix/Projects/www/backend_rmi/vendor/laravel/framework/src/Illuminate/Foundation/Http/Middleware/TransformsRequest.php(21): Illuminate\\Pipeline\\Pipeline->Illuminate\\Pipeline\\{closure}(Object(Illuminate\\Http\\Request))
#79 /Users/aldyhelix/Projects/www/backend_rmi/vendor/laravel/framework/src/Illuminate/Foundation/Http/Middleware/TrimStrings.php(40): Illuminate\\Foundation\\Http\\Middleware\\TransformsRequest->handle(Object(Illuminate\\Http\\Request), Object(Closure))
#80 /Users/aldyhelix/Projects/www/backend_rmi/vendor/laravel/framework/src/Illuminate/Pipeline/Pipeline.php(167): Illuminate\\Foundation\\Http\\Middleware\\TrimStrings->handle(Object(Illuminate\\Http\\Request), Object(Closure))
#81 /Users/aldyhelix/Projects/www/backend_rmi/vendor/laravel/framework/src/Illuminate/Foundation/Http/Middleware/ValidatePostSize.php(27): Illuminate\\Pipeline\\Pipeline->Illuminate\\Pipeline\\{closure}(Object(Illuminate\\Http\\Request))
#82 /Users/aldyhelix/Projects/www/backend_rmi/vendor/laravel/framework/src/Illuminate/Pipeline/Pipeline.php(167): Illuminate\\Foundation\\Http\\Middleware\\ValidatePostSize->handle(Object(Illuminate\\Http\\Request), Object(Closure))
#83 /Users/aldyhelix/Projects/www/backend_rmi/vendor/laravel/framework/src/Illuminate/Foundation/Http/Middleware/PreventRequestsDuringMaintenance.php(86): Illuminate\\Pipeline\\Pipeline->Illuminate\\Pipeline\\{closure}(Object(Illuminate\\Http\\Request))
#84 /Users/aldyhelix/Projects/www/backend_rmi/vendor/laravel/framework/src/Illuminate/Pipeline/Pipeline.php(167): Illuminate\\Foundation\\Http\\Middleware\\PreventRequestsDuringMaintenance->handle(Object(Illuminate\\Http\\Request), Object(Closure))
#85 /Users/aldyhelix/Projects/www/backend_rmi/vendor/fruitcake/laravel-cors/src/HandleCors.php(38): Illuminate\\Pipeline\\Pipeline->Illuminate\\Pipeline\\{closure}(Object(Illuminate\\Http\\Request))
#86 /Users/aldyhelix/Projects/www/backend_rmi/vendor/laravel/framework/src/Illuminate/Pipeline/Pipeline.php(167): Fruitcake\\Cors\\HandleCors->handle(Object(Illuminate\\Http\\Request), Object(Closure))
#87 /Users/aldyhelix/Projects/www/backend_rmi/vendor/laravel/framework/src/Illuminate/Http/Middleware/TrustProxies.php(39): Illuminate\\Pipeline\\Pipeline->Illuminate\\Pipeline\\{closure}(Object(Illuminate\\Http\\Request))
#88 /Users/aldyhelix/Projects/www/backend_rmi/vendor/laravel/framework/src/Illuminate/Pipeline/Pipeline.php(167): Illuminate\\Http\\Middleware\\TrustProxies->handle(Object(Illuminate\\Http\\Request), Object(Closure))
#89 /Users/aldyhelix/Projects/www/backend_rmi/vendor/laravel/framework/src/Illuminate/Pipeline/Pipeline.php(103): Illuminate\\Pipeline\\Pipeline->Illuminate\\Pipeline\\{closure}(Object(Illuminate\\Http\\Request))
#90 /Users/aldyhelix/Projects/www/backend_rmi/vendor/laravel/framework/src/Illuminate/Foundation/Http/Kernel.php(142): Illuminate\\Pipeline\\Pipeline->then(Object(Closure))
#91 /Users/aldyhelix/Projects/www/backend_rmi/vendor/laravel/framework/src/Illuminate/Foundation/Http/Kernel.php(111): Illuminate\\Foundation\\Http\\Kernel->sendRequestThroughRouter(Object(Illuminate\\Http\\Request))
#92 /Users/aldyhelix/Projects/www/backend_rmi/public/index.php(58): Illuminate\\Foundation\\Http\\Kernel->handle(Object(Illuminate\\Http\\Request))
#93 /Applications/Herd.app/Contents/Resources/valet/server.php(153): require('/Users/aldyheli...')
#94 {main}

[previous exception] [object] (PDOException(code: 42000): SQLSTATE[42000]: Syntax error or access violation: 1066 Not unique table/alias: 'o' at /Users/aldyhelix/Projects/www/backend_rmi/vendor/laravel/framework/src/Illuminate/Database/Connection.php:368)
[stacktrace]
#0 /Users/aldyhelix/Projects/www/backend_rmi/vendor/laravel/framework/src/Illuminate/Database/Connection.php(368): PDO->prepare('select count(*)...')
#1 /Users/aldyhelix/Projects/www/backend_rmi/vendor/laravel/framework/src/Illuminate/Database/Connection.php(705): Illuminate\\Database\\Connection->Illuminate\\Database\\{closure}('select count(*)...', Array)
#2 /Users/aldyhelix/Projects/www/backend_rmi/vendor/laravel/framework/src/Illuminate/Database/Connection.php(672): Illuminate\\Database\\Connection->runQueryCallback('select count(*)...', Array, Object(Closure))
#3 /Users/aldyhelix/Projects/www/backend_rmi/vendor/laravel/framework/src/Illuminate/Database/Connection.php(359): Illuminate\\Database\\Connection->run('select count(*)...', Array, Object(Closure))
#4 /Users/aldyhelix/Projects/www/backend_rmi/vendor/laravel/framework/src/Illuminate/Database/Query/Builder.php(2413): Illuminate\\Database\\Connection->select('select count(*)...', Array, true)
#5 /Users/aldyhelix/Projects/www/backend_rmi/vendor/laravel/framework/src/Illuminate/Database/Query/Builder.php(2402): Illuminate\\Database\\Query\\Builder->runSelect()
#6 /Users/aldyhelix/Projects/www/backend_rmi/vendor/laravel/framework/src/Illuminate/Database/Query/Builder.php(2936): Illuminate\\Database\\Query\\Builder->Illuminate\\Database\\Query\\{closure}()
#7 /Users/aldyhelix/Projects/www/backend_rmi/vendor/laravel/framework/src/Illuminate/Database/Query/Builder.php(2401): Illuminate\\Database\\Query\\Builder->onceWithColumns(Array, Object(Closure))
#8 /Users/aldyhelix/Projects/www/backend_rmi/vendor/laravel/framework/src/Illuminate/Database/Query/Builder.php(2863): Illuminate\\Database\\Query\\Builder->get(Array)
#9 /Users/aldyhelix/Projects/www/backend_rmi/vendor/laravel/framework/src/Illuminate/Database/Query/Builder.php(2791): Illuminate\\Database\\Query\\Builder->aggregate('count', Array)
#10 /Users/aldyhelix/Projects/www/backend_rmi/app/Http/Livewire/Dashboard.php(765): Illuminate\\Database\\Query\\Builder->count()
#11 /Users/aldyhelix/Projects/www/backend_rmi/app/Http/Livewire/Dashboard.php(244): App\\Http\\Livewire\\Dashboard->updatedTotalOrders()
#12 /Users/aldyhelix/Projects/www/backend_rmi/app/Http/Livewire/Dashboard.php(124): App\\Http\\Livewire\\Dashboard->updateCardSection()
#13 /Users/aldyhelix/Projects/www/backend_rmi/vendor/laravel/framework/src/Illuminate/Container/BoundMethod.php(36): App\\Http\\Livewire\\Dashboard->mount(9, 0, 7, 0, 16, 0, 0, 0, 0, 0, 0, 0, 0, 0)
#14 /Users/aldyhelix/Projects/www/backend_rmi/vendor/laravel/framework/src/Illuminate/Container/Util.php(40): Illuminate\\Container\\BoundMethod::Illuminate\\Container\\{closure}()
#15 /Users/aldyhelix/Projects/www/backend_rmi/vendor/laravel/framework/src/Illuminate/Container/BoundMethod.php(93): Illuminate\\Container\\Util::unwrapIfClosure(Object(Closure))
#16 /Users/aldyhelix/Projects/www/backend_rmi/vendor/laravel/framework/src/Illuminate/Container/BoundMethod.php(35): Illuminate\\Container\\BoundMethod::callBoundMethod(Object(Illuminate\\Foundation\\Application), Array, Object(Closure))
#17 /Users/aldyhelix/Projects/www/backend_rmi/vendor/livewire/livewire/src/LifecycleManager.php(114): Illuminate\\Container\\BoundMethod::call(Object(Illuminate\\Foundation\\Application), Array, Array)
#18 /Users/aldyhelix/Projects/www/backend_rmi/vendor/livewire/livewire/src/LivewireManager.php(130): Livewire\\LifecycleManager->mount(Array)
#19 /Users/aldyhelix/Projects/www/backend_rmi/vendor/laravel/framework/src/Illuminate/Support/Facades/Facade.php(261): Livewire\\LivewireManager->mount('dashboard', Array)
#20 /Users/aldyhelix/Projects/www/backend_rmi/storage/framework/views/7614a377bf597da1c7ed67416eae576b7feee755.php(13): Illuminate\\Support\\Facades\\Facade::__callStatic('mount', Array)
#21 /Users/aldyhelix/Projects/www/backend_rmi/vendor/laravel/framework/src/Illuminate/Filesystem/Filesystem.php(107): require('/Users/aldyheli...')
#22 /Users/aldyhelix/Projects/www/backend_rmi/vendor/laravel/framework/src/Illuminate/Filesystem/Filesystem.php(108): Illuminate\\Filesystem\\Filesystem::Illuminate\\Filesystem\\{closure}()
#23 /Users/aldyhelix/Projects/www/backend_rmi/vendor/laravel/framework/src/Illuminate/View/Engines/PhpEngine.php(58): Illuminate\\Filesystem\\Filesystem->getRequire('/Users/aldyheli...', Array)
#24 /Users/aldyhelix/Projects/www/backend_rmi/vendor/livewire/livewire/src/ComponentConcerns/RendersLivewireComponents.php(69): Illuminate\\View\\Engines\\PhpEngine->evaluatePath('/Users/aldyheli...', Array)
#25 /Users/aldyhelix/Projects/www/backend_rmi/vendor/laravel/framework/src/Illuminate/View/Engines/CompilerEngine.php(61): Livewire\\CompilerEngineForIgnition->evaluatePath('/Users/aldyheli...', Array)
#26 /Users/aldyhelix/Projects/www/backend_rmi/vendor/facade/ignition/src/Views/Engines/CompilerEngine.php(37): Illuminate\\View\\Engines\\CompilerEngine->get('/Users/aldyheli...', Array)
#27 /Users/aldyhelix/Projects/www/backend_rmi/vendor/livewire/livewire/src/ComponentConcerns/RendersLivewireComponents.php(35): Facade\\Ignition\\Views\\Engines\\CompilerEngine->get('/Users/aldyheli...', Array)
#28 /Users/aldyhelix/Projects/www/backend_rmi/vendor/laravel/framework/src/Illuminate/View/View.php(139): Livewire\\CompilerEngineForIgnition->get('/Users/aldyheli...', Array)
#29 /Users/aldyhelix/Projects/www/backend_rmi/vendor/laravel/framework/src/Illuminate/View/View.php(122): Illuminate\\View\\View->getContents()
#30 /Users/aldyhelix/Projects/www/backend_rmi/vendor/laravel/framework/src/Illuminate/View/View.php(91): Illuminate\\View\\View->renderContents()
#31 /Users/aldyhelix/Projects/www/backend_rmi/vendor/laravel/framework/src/Illuminate/Http/Response.php(69): Illuminate\\View\\View->render()
#32 /Users/aldyhelix/Projects/www/backend_rmi/vendor/laravel/framework/src/Illuminate/Http/Response.php(35): Illuminate\\Http\\Response->setContent(Object(Illuminate\\View\\View))
#33 /Users/aldyhelix/Projects/www/backend_rmi/vendor/laravel/framework/src/Illuminate/Routing/Router.php(820): Illuminate\\Http\\Response->__construct(Object(Illuminate\\View\\View), 200, Array)
#34 /Users/aldyhelix/Projects/www/backend_rmi/vendor/laravel/framework/src/Illuminate/Routing/Router.php(789): Illuminate\\Routing\\Router::toResponse(Object(Illuminate\\Http\\Request), Object(Illuminate\\View\\View))
#35 /Users/aldyhelix/Projects/www/backend_rmi/vendor/laravel/framework/src/Illuminate/Routing/Router.php(720): Illuminate\\Routing\\Router->prepareResponse(Object(Illuminate\\Http\\Request), Object(Illuminate\\View\\View))
#36 /Users/aldyhelix/Projects/www/backend_rmi/vendor/laravel/framework/src/Illuminate/Pipeline/Pipeline.php(128): Illuminate\\Routing\\Router->Illuminate\\Routing\\{closure}(Object(Illuminate\\Http\\Request))
#37 /Users/aldyhelix/Projects/www/backend_rmi/app/Http/Middleware/DashboardSetup.php(22): Illuminate\\Pipeline\\Pipeline->Illuminate\\Pipeline\\{closure}(Object(Illuminate\\Http\\Request))
#38 /Users/aldyhelix/Projects/www/backend_rmi/vendor/laravel/framework/src/Illuminate/Pipeline/Pipeline.php(167): App\\Http\\Middleware\\DashboardSetup->handle(Object(Illuminate\\Http\\Request), Object(Closure))
#39 /Users/aldyhelix/Projects/www/backend_rmi/app/Http/Middleware/CheckIfBillingInfoRequired.php(24): Illuminate\\Pipeline\\Pipeline->Illuminate\\Pipeline\\{closure}(Object(Illuminate\\Http\\Request))
#40 /Users/aldyhelix/Projects/www/backend_rmi/vendor/laravel/framework/src/Illuminate/Pipeline/Pipeline.php(167): App\\Http\\Middleware\\CheckIfBillingInfoRequired->handle(Object(Illuminate\\Http\\Request), Object(Closure))
#41 /Users/aldyhelix/Projects/www/backend_rmi/app/Http/Middleware/VerifyUserIsSubscribed.php(25): Illuminate\\Pipeline\\Pipeline->Illuminate\\Pipeline\\{closure}(Object(Illuminate\\Http\\Request))
#42 /Users/aldyhelix/Projects/www/backend_rmi/vendor/laravel/framework/src/Illuminate/Pipeline/Pipeline.php(167): App\\Http\\Middleware\\VerifyUserIsSubscribed->handle(Object(Illuminate\\Http\\Request), Object(Closure))
#43 /Users/aldyhelix/Projects/www/backend_rmi/app/Http/Middleware/CookieConsentMiddleware.php(21): Illuminate\\Pipeline\\Pipeline->Illuminate\\Pipeline\\{closure}(Object(Illuminate\\Http\\Request))
#44 /Users/aldyhelix/Projects/www/backend_rmi/vendor/laravel/framework/src/Illuminate/Pipeline/Pipeline.php(167): App\\Http\\Middleware\\CookieConsentMiddleware->handle(Object(Illuminate\\Http\\Request), Object(Closure))
#45 /Users/aldyhelix/Projects/www/backend_rmi/app/Http/Middleware/Language.php(64): Illuminate\\Pipeline\\Pipeline->Illuminate\\Pipeline\\{closure}(Object(Illuminate\\Http\\Request))
#46 /Users/aldyhelix/Projects/www/backend_rmi/vendor/laravel/framework/src/Illuminate/Pipeline/Pipeline.php(167): App\\Http\\Middleware\\Language->handle(Object(Illuminate\\Http\\Request), Object(Closure))
#47 /Users/aldyhelix/Projects/www/backend_rmi/app/Http/Middleware/InitSettings.php(8): Illuminate\\Pipeline\\Pipeline->Illuminate\\Pipeline\\{closure}(Object(Illuminate\\Http\\Request))
#48 /Users/aldyhelix/Projects/www/backend_rmi/vendor/laravel/framework/src/Illuminate/Pipeline/Pipeline.php(167): App\\Http\\Middleware\\InitSettings->handle(Object(Illuminate\\Http\\Request), Object(Closure))
#49 /Users/aldyhelix/Projects/www/backend_rmi/vendor/laravel/framework/src/Illuminate/Routing/Middleware/SubstituteBindings.php(50): Illuminate\\Pipeline\\Pipeline->Illuminate\\Pipeline\\{closure}(Object(Illuminate\\Http\\Request))
#50 /Users/aldyhelix/Projects/www/backend_rmi/vendor/laravel/framework/src/Illuminate/Pipeline/Pipeline.php(167): Illuminate\\Routing\\Middleware\\SubstituteBindings->handle(Object(Illuminate\\Http\\Request), Object(Closure))
#51 /Users/aldyhelix/Projects/www/backend_rmi/vendor/laravel/framework/src/Illuminate/Auth/Middleware/Authenticate.php(44): Illuminate\\Pipeline\\Pipeline->Illuminate\\Pipeline\\{closure}(Object(Illuminate\\Http\\Request))
#52 /Users/aldyhelix/Projects/www/backend_rmi/vendor/laravel/framework/src/Illuminate/Pipeline/Pipeline.php(167): Illuminate\\Auth\\Middleware\\Authenticate->handle(Object(Illuminate\\Http\\Request), Object(Closure))
#53 /Users/aldyhelix/Projects/www/backend_rmi/vendor/laravel/framework/src/Illuminate/Foundation/Http/Middleware/VerifyCsrfToken.php(78): Illuminate\\Pipeline\\Pipeline->Illuminate\\Pipeline\\{closure}(Object(Illuminate\\Http\\Request))
#54 /Users/aldyhelix/Projects/www/backend_rmi/vendor/laravel/framework/src/Illuminate/Pipeline/Pipeline.php(167): Illuminate\\Foundation\\Http\\Middleware\\VerifyCsrfToken->handle(Object(Illuminate\\Http\\Request), Object(Closure))
#55 /Users/aldyhelix/Projects/www/backend_rmi/vendor/laravel/framework/src/Illuminate/View/Middleware/ShareErrorsFromSession.php(49): Illuminate\\Pipeline\\Pipeline->Illuminate\\Pipeline\\{closure}(Object(Illuminate\\Http\\Request))
#56 /Users/aldyhelix/Projects/www/backend_rmi/vendor/laravel/framework/src/Illuminate/Pipeline/Pipeline.php(167): Illuminate\\View\\Middleware\\ShareErrorsFromSession->handle(Object(Illuminate\\Http\\Request), Object(Closure))
#57 /Users/aldyhelix/Projects/www/backend_rmi/vendor/laravel/framework/src/Illuminate/Session/Middleware/StartSession.php(121): Illuminate\\Pipeline\\Pipeline->Illuminate\\Pipeline\\{closure}(Object(Illuminate\\Http\\Request))
#58 /Users/aldyhelix/Projects/www/backend_rmi/vendor/laravel/framework/src/Illuminate/Session/Middleware/StartSession.php(64): Illuminate\\Session\\Middleware\\StartSession->handleStatefulRequest(Object(Illuminate\\Http\\Request), Object(Illuminate\\Session\\EncryptedStore), Object(Closure))
#59 /Users/aldyhelix/Projects/www/backend_rmi/vendor/laravel/framework/src/Illuminate/Pipeline/Pipeline.php(167): Illuminate\\Session\\Middleware\\StartSession->handle(Object(Illuminate\\Http\\Request), Object(Closure))
#60 /Users/aldyhelix/Projects/www/backend_rmi/vendor/laravel/framework/src/Illuminate/Cookie/Middleware/AddQueuedCookiesToResponse.php(37): Illuminate\\Pipeline\\Pipeline->Illuminate\\Pipeline\\{closure}(Object(Illuminate\\Http\\Request))
#61 /Users/aldyhelix/Projects/www/backend_rmi/vendor/laravel/framework/src/Illuminate/Pipeline/Pipeline.php(167): Illuminate\\Cookie\\Middleware\\AddQueuedCookiesToResponse->handle(Object(Illuminate\\Http\\Request), Object(Closure))
#62 /Users/aldyhelix/Projects/www/backend_rmi/vendor/laravel/framework/src/Illuminate/Cookie/Middleware/EncryptCookies.php(67): Illuminate\\Pipeline\\Pipeline->Illuminate\\Pipeline\\{closure}(Object(Illuminate\\Http\\Request))
#63 /Users/aldyhelix/Projects/www/backend_rmi/vendor/laravel/framework/src/Illuminate/Pipeline/Pipeline.php(167): Illuminate\\Cookie\\Middleware\\EncryptCookies->handle(Object(Illuminate\\Http\\Request), Object(Closure))
#64 /Users/aldyhelix/Projects/www/backend_rmi/vendor/laravel/framework/src/Illuminate/Pipeline/Pipeline.php(103): Illuminate\\Pipeline\\Pipeline->Illuminate\\Pipeline\\{closure}(Object(Illuminate\\Http\\Request))
#65 /Users/aldyhelix/Projects/www/backend_rmi/vendor/laravel/framework/src/Illuminate/Routing/Router.php(719): Illuminate\\Pipeline\\Pipeline->then(Object(Closure))
#66 /Users/aldyhelix/Projects/www/backend_rmi/vendor/laravel/framework/src/Illuminate/Routing/Router.php(698): Illuminate\\Routing\\Router->runRouteWithinStack(Object(Illuminate\\Routing\\Route), Object(Illuminate\\Http\\Request))
#67 /Users/aldyhelix/Projects/www/backend_rmi/vendor/laravel/framework/src/Illuminate/Routing/Router.php(662): Illuminate\\Routing\\Router->runRoute(Object(Illuminate\\Http\\Request), Object(Illuminate\\Routing\\Route))
#68 /Users/aldyhelix/Projects/www/backend_rmi/vendor/laravel/framework/src/Illuminate/Routing/Router.php(651): Illuminate\\Routing\\Router->dispatchToRoute(Object(Illuminate\\Http\\Request))
#69 /Users/aldyhelix/Projects/www/backend_rmi/vendor/laravel/framework/src/Illuminate/Foundation/Http/Kernel.php(167): Illuminate\\Routing\\Router->dispatch(Object(Illuminate\\Http\\Request))
#70 /Users/aldyhelix/Projects/www/backend_rmi/vendor/laravel/framework/src/Illuminate/Pipeline/Pipeline.php(128): Illuminate\\Foundation\\Http\\Kernel->Illuminate\\Foundation\\Http\\{closure}(Object(Illuminate\\Http\\Request))
#71 /Users/aldyhelix/Projects/www/backend_rmi/vendor/livewire/livewire/src/DisableBrowserCache.php(19): Illuminate\\Pipeline\\Pipeline->Illuminate\\Pipeline\\{closure}(Object(Illuminate\\Http\\Request))
#72 /Users/aldyhelix/Projects/www/backend_rmi/vendor/laravel/framework/src/Illuminate/Pipeline/Pipeline.php(167): Livewire\\DisableBrowserCache->handle(Object(Illuminate\\Http\\Request), Object(Closure))
#73 /Users/aldyhelix/Projects/www/backend_rmi/vendor/barryvdh/laravel-debugbar/src/Middleware/InjectDebugbar.php(66): Illuminate\\Pipeline\\Pipeline->Illuminate\\Pipeline\\{closure}(Object(Illuminate\\Http\\Request))
#74 /Users/aldyhelix/Projects/www/backend_rmi/vendor/laravel/framework/src/Illuminate/Pipeline/Pipeline.php(167): Barryvdh\\Debugbar\\Middleware\\InjectDebugbar->handle(Object(Illuminate\\Http\\Request), Object(Closure))
#75 /Users/aldyhelix/Projects/www/backend_rmi/app/Http/Middleware/CheckForInstallation.php(19): Illuminate\\Pipeline\\Pipeline->Illuminate\\Pipeline\\{closure}(Object(Illuminate\\Http\\Request))
#76 /Users/aldyhelix/Projects/www/backend_rmi/vendor/laravel/framework/src/Illuminate/Pipeline/Pipeline.php(167): App\\Http\\Middleware\\CheckForInstallation->handle(Object(Illuminate\\Http\\Request), Object(Closure))
#77 /Users/aldyhelix/Projects/www/backend_rmi/vendor/laravel/framework/src/Illuminate/Foundation/Http/Middleware/TransformsRequest.php(21): Illuminate\\Pipeline\\Pipeline->Illuminate\\Pipeline\\{closure}(Object(Illuminate\\Http\\Request))
#78 /Users/aldyhelix/Projects/www/backend_rmi/vendor/laravel/framework/src/Illuminate/Foundation/Http/Middleware/ConvertEmptyStringsToNull.php(31): Illuminate\\Foundation\\Http\\Middleware\\TransformsRequest->handle(Object(Illuminate\\Http\\Request), Object(Closure))
#79 /Users/aldyhelix/Projects/www/backend_rmi/vendor/laravel/framework/src/Illuminate/Pipeline/Pipeline.php(167): Illuminate\\Foundation\\Http\\Middleware\\ConvertEmptyStringsToNull->handle(Object(Illuminate\\Http\\Request), Object(Closure))
#80 /Users/aldyhelix/Projects/www/backend_rmi/vendor/laravel/framework/src/Illuminate/Foundation/Http/Middleware/TransformsRequest.php(21): Illuminate\\Pipeline\\Pipeline->Illuminate\\Pipeline\\{closure}(Object(Illuminate\\Http\\Request))
#81 /Users/aldyhelix/Projects/www/backend_rmi/vendor/laravel/framework/src/Illuminate/Foundation/Http/Middleware/TrimStrings.php(40): Illuminate\\Foundation\\Http\\Middleware\\TransformsRequest->handle(Object(Illuminate\\Http\\Request), Object(Closure))
#82 /Users/aldyhelix/Projects/www/backend_rmi/vendor/laravel/framework/src/Illuminate/Pipeline/Pipeline.php(167): Illuminate\\Foundation\\Http\\Middleware\\TrimStrings->handle(Object(Illuminate\\Http\\Request), Object(Closure))
#83 /Users/aldyhelix/Projects/www/backend_rmi/vendor/laravel/framework/src/Illuminate/Foundation/Http/Middleware/ValidatePostSize.php(27): Illuminate\\Pipeline\\Pipeline->Illuminate\\Pipeline\\{closure}(Object(Illuminate\\Http\\Request))
#84 /Users/aldyhelix/Projects/www/backend_rmi/vendor/laravel/framework/src/Illuminate/Pipeline/Pipeline.php(167): Illuminate\\Foundation\\Http\\Middleware\\ValidatePostSize->handle(Object(Illuminate\\Http\\Request), Object(Closure))
#85 /Users/aldyhelix/Projects/www/backend_rmi/vendor/laravel/framework/src/Illuminate/Foundation/Http/Middleware/PreventRequestsDuringMaintenance.php(86): Illuminate\\Pipeline\\Pipeline->Illuminate\\Pipeline\\{closure}(Object(Illuminate\\Http\\Request))
#86 /Users/aldyhelix/Projects/www/backend_rmi/vendor/laravel/framework/src/Illuminate/Pipeline/Pipeline.php(167): Illuminate\\Foundation\\Http\\Middleware\\PreventRequestsDuringMaintenance->handle(Object(Illuminate\\Http\\Request), Object(Closure))
#87 /Users/aldyhelix/Projects/www/backend_rmi/vendor/fruitcake/laravel-cors/src/HandleCors.php(38): Illuminate\\Pipeline\\Pipeline->Illuminate\\Pipeline\\{closure}(Object(Illuminate\\Http\\Request))
#88 /Users/aldyhelix/Projects/www/backend_rmi/vendor/laravel/framework/src/Illuminate/Pipeline/Pipeline.php(167): Fruitcake\\Cors\\HandleCors->handle(Object(Illuminate\\Http\\Request), Object(Closure))
#89 /Users/aldyhelix/Projects/www/backend_rmi/vendor/laravel/framework/src/Illuminate/Http/Middleware/TrustProxies.php(39): Illuminate\\Pipeline\\Pipeline->Illuminate\\Pipeline\\{closure}(Object(Illuminate\\Http\\Request))
#90 /Users/aldyhelix/Projects/www/backend_rmi/vendor/laravel/framework/src/Illuminate/Pipeline/Pipeline.php(167): Illuminate\\Http\\Middleware\\TrustProxies->handle(Object(Illuminate\\Http\\Request), Object(Closure))
#91 /Users/aldyhelix/Projects/www/backend_rmi/vendor/laravel/framework/src/Illuminate/Pipeline/Pipeline.php(103): Illuminate\\Pipeline\\Pipeline->Illuminate\\Pipeline\\{closure}(Object(Illuminate\\Http\\Request))
#92 /Users/aldyhelix/Projects/www/backend_rmi/vendor/laravel/framework/src/Illuminate/Foundation/Http/Kernel.php(142): Illuminate\\Pipeline\\Pipeline->then(Object(Closure))
#93 /Users/aldyhelix/Projects/www/backend_rmi/vendor/laravel/framework/src/Illuminate/Foundation/Http/Kernel.php(111): Illuminate\\Foundation\\Http\\Kernel->sendRequestThroughRouter(Object(Illuminate\\Http\\Request))
#94 /Users/aldyhelix/Projects/www/backend_rmi/public/index.php(58): Illuminate\\Foundation\\Http\\Kernel->handle(Object(Illuminate\\Http\\Request))
#95 /Applications/Herd.app/Contents/Resources/valet/server.php(153): require('/Users/aldyheli...')
#96 {main}
"} 
[2024-06-22 09:47:27] production.ERROR: SQLSTATE[23000]: Integrity constraint violation: 1052 Column 'quantity' in field list is ambiguous (SQL: select sum(`quantity`) as aggregate from `orders` as `o` inner join `order_items` as `oi` on `o`.`id` = `oi`.`order_id` inner join `inventories` as `i` on `oi`.`inventory_id` = `i`.`id` inner join `products` as `p` on `i`.`product_id` = `p`.`id` where `customer_id` is not null and `customer_id` is not null) (View: /Users/aldyhelix/Projects/www/backend_rmi/resources/views/admin/dashboard/platform.blade.php) {"view":{"view":"/Users/aldyhelix/Projects/www/backend_rmi/vendor/laravel/framework/src/Illuminate/Database/Connection.php","data":[]},"userId":1,"exception":"[object] (Facade\\Ignition\\Exceptions\\ViewException(code: 0): SQLSTATE[23000]: Integrity constraint violation: 1052 Column 'quantity' in field list is ambiguous (SQL: select sum(`quantity`) as aggregate from `orders` as `o` inner join `order_items` as `oi` on `o`.`id` = `oi`.`order_id` inner join `inventories` as `i` on `oi`.`inventory_id` = `i`.`id` inner join `products` as `p` on `i`.`product_id` = `p`.`id` where `customer_id` is not null and `customer_id` is not null) (View: /Users/aldyhelix/Projects/www/backend_rmi/resources/views/admin/dashboard/platform.blade.php) at /Users/aldyhelix/Projects/www/backend_rmi/vendor/laravel/framework/src/Illuminate/Database/Connection.php:712)
[stacktrace]
#0 /Users/aldyhelix/Projects/www/backend_rmi/vendor/laravel/framework/src/Illuminate/Database/Connection.php(672): Illuminate\\Database\\Connection->runQueryCallback('select sum(`qua...', Array, Object(Closure))
#1 /Users/aldyhelix/Projects/www/backend_rmi/vendor/laravel/framework/src/Illuminate/Database/Connection.php(359): Illuminate\\Database\\Connection->run('select sum(`qua...', Array, Object(Closure))
#2 /Users/aldyhelix/Projects/www/backend_rmi/vendor/laravel/framework/src/Illuminate/Database/Query/Builder.php(2413): Illuminate\\Database\\Connection->select('select sum(`qua...', Array, true)
#3 /Users/aldyhelix/Projects/www/backend_rmi/vendor/laravel/framework/src/Illuminate/Database/Query/Builder.php(2402): Illuminate\\Database\\Query\\Builder->runSelect()
#4 /Users/aldyhelix/Projects/www/backend_rmi/vendor/laravel/framework/src/Illuminate/Database/Query/Builder.php(2936): Illuminate\\Database\\Query\\Builder->Illuminate\\Database\\Query\\{closure}()
#5 /Users/aldyhelix/Projects/www/backend_rmi/vendor/laravel/framework/src/Illuminate/Database/Query/Builder.php(2401): Illuminate\\Database\\Query\\Builder->onceWithColumns(Array, Object(Closure))
#6 /Users/aldyhelix/Projects/www/backend_rmi/vendor/laravel/framework/src/Illuminate/Database/Query/Builder.php(2863): Illuminate\\Database\\Query\\Builder->get(Array)
#7 /Users/aldyhelix/Projects/www/backend_rmi/vendor/laravel/framework/src/Illuminate/Database/Query/Builder.php(2824): Illuminate\\Database\\Query\\Builder->aggregate('sum', Array)
#8 /Users/aldyhelix/Projects/www/backend_rmi/app/Http/Livewire/Dashboard.php(582): Illuminate\\Database\\Query\\Builder->sum('quantity')
#9 /Users/aldyhelix/Projects/www/backend_rmi/app/Http/Livewire/Dashboard.php(245): App\\Http\\Livewire\\Dashboard->updatedQtyOrdered()
#10 /Users/aldyhelix/Projects/www/backend_rmi/app/Http/Livewire/Dashboard.php(124): App\\Http\\Livewire\\Dashboard->updateCardSection()
#11 /Users/aldyhelix/Projects/www/backend_rmi/vendor/laravel/framework/src/Illuminate/Container/BoundMethod.php(36): App\\Http\\Livewire\\Dashboard->mount(9, 0, 7, 0, 16, 0, 0, 0, 0, 0, 0, 0, 0, 0)
#12 /Users/aldyhelix/Projects/www/backend_rmi/vendor/laravel/framework/src/Illuminate/Container/Util.php(40): Illuminate\\Container\\BoundMethod::Illuminate\\Container\\{closure}()
#13 /Users/aldyhelix/Projects/www/backend_rmi/vendor/laravel/framework/src/Illuminate/Container/BoundMethod.php(93): Illuminate\\Container\\Util::unwrapIfClosure(Object(Closure))
#14 /Users/aldyhelix/Projects/www/backend_rmi/vendor/laravel/framework/src/Illuminate/Container/BoundMethod.php(35): Illuminate\\Container\\BoundMethod::callBoundMethod(Object(Illuminate\\Foundation\\Application), Array, Object(Closure))
#15 /Users/aldyhelix/Projects/www/backend_rmi/vendor/livewire/livewire/src/LifecycleManager.php(114): Illuminate\\Container\\BoundMethod::call(Object(Illuminate\\Foundation\\Application), Array, Array)
#16 /Users/aldyhelix/Projects/www/backend_rmi/vendor/livewire/livewire/src/LivewireManager.php(130): Livewire\\LifecycleManager->mount(Array)
#17 /Users/aldyhelix/Projects/www/backend_rmi/vendor/laravel/framework/src/Illuminate/Support/Facades/Facade.php(261): Livewire\\LivewireManager->mount('dashboard', Array)
#18 /Users/aldyhelix/Projects/www/backend_rmi/resources/views/admin/dashboard/platform.blade.php(13): Illuminate\\Support\\Facades\\Facade::__callStatic('mount', Array)
#19 /Users/aldyhelix/Projects/www/backend_rmi/vendor/laravel/framework/src/Illuminate/Filesystem/Filesystem.php(107): require('/Users/aldyheli...')
#20 /Users/aldyhelix/Projects/www/backend_rmi/vendor/laravel/framework/src/Illuminate/Filesystem/Filesystem.php(108): Illuminate\\Filesystem\\Filesystem::Illuminate\\Filesystem\\{closure}()
#21 /Users/aldyhelix/Projects/www/backend_rmi/vendor/laravel/framework/src/Illuminate/View/Engines/PhpEngine.php(58): Illuminate\\Filesystem\\Filesystem->getRequire('/Users/aldyheli...', Array)
#22 /Users/aldyhelix/Projects/www/backend_rmi/vendor/livewire/livewire/src/ComponentConcerns/RendersLivewireComponents.php(69): Illuminate\\View\\Engines\\PhpEngine->evaluatePath('/Users/aldyheli...', Array)
#23 /Users/aldyhelix/Projects/www/backend_rmi/vendor/laravel/framework/src/Illuminate/View/Engines/CompilerEngine.php(61): Livewire\\CompilerEngineForIgnition->evaluatePath('/Users/aldyheli...', Array)
#24 /Users/aldyhelix/Projects/www/backend_rmi/vendor/facade/ignition/src/Views/Engines/CompilerEngine.php(37): Illuminate\\View\\Engines\\CompilerEngine->get('/Users/aldyheli...', Array)
#25 /Users/aldyhelix/Projects/www/backend_rmi/vendor/livewire/livewire/src/ComponentConcerns/RendersLivewireComponents.php(35): Facade\\Ignition\\Views\\Engines\\CompilerEngine->get('/Users/aldyheli...', Array)
#26 /Users/aldyhelix/Projects/www/backend_rmi/vendor/laravel/framework/src/Illuminate/View/View.php(139): Livewire\\CompilerEngineForIgnition->get('/Users/aldyheli...', Array)
#27 /Users/aldyhelix/Projects/www/backend_rmi/vendor/laravel/framework/src/Illuminate/View/View.php(122): Illuminate\\View\\View->getContents()
#28 /Users/aldyhelix/Projects/www/backend_rmi/vendor/laravel/framework/src/Illuminate/View/View.php(91): Illuminate\\View\\View->renderContents()
#29 /Users/aldyhelix/Projects/www/backend_rmi/vendor/laravel/framework/src/Illuminate/Http/Response.php(69): Illuminate\\View\\View->render()
#30 /Users/aldyhelix/Projects/www/backend_rmi/vendor/laravel/framework/src/Illuminate/Http/Response.php(35): Illuminate\\Http\\Response->setContent(Object(Illuminate\\View\\View))
#31 /Users/aldyhelix/Projects/www/backend_rmi/vendor/laravel/framework/src/Illuminate/Routing/Router.php(820): Illuminate\\Http\\Response->__construct(Object(Illuminate\\View\\View), 200, Array)
#32 /Users/aldyhelix/Projects/www/backend_rmi/vendor/laravel/framework/src/Illuminate/Routing/Router.php(789): Illuminate\\Routing\\Router::toResponse(Object(Illuminate\\Http\\Request), Object(Illuminate\\View\\View))
#33 /Users/aldyhelix/Projects/www/backend_rmi/vendor/laravel/framework/src/Illuminate/Routing/Router.php(720): Illuminate\\Routing\\Router->prepareResponse(Object(Illuminate\\Http\\Request), Object(Illuminate\\View\\View))
#34 /Users/aldyhelix/Projects/www/backend_rmi/vendor/laravel/framework/src/Illuminate/Pipeline/Pipeline.php(128): Illuminate\\Routing\\Router->Illuminate\\Routing\\{closure}(Object(Illuminate\\Http\\Request))
#35 /Users/aldyhelix/Projects/www/backend_rmi/app/Http/Middleware/DashboardSetup.php(22): Illuminate\\Pipeline\\Pipeline->Illuminate\\Pipeline\\{closure}(Object(Illuminate\\Http\\Request))
#36 /Users/aldyhelix/Projects/www/backend_rmi/vendor/laravel/framework/src/Illuminate/Pipeline/Pipeline.php(167): App\\Http\\Middleware\\DashboardSetup->handle(Object(Illuminate\\Http\\Request), Object(Closure))
#37 /Users/aldyhelix/Projects/www/backend_rmi/app/Http/Middleware/CheckIfBillingInfoRequired.php(24): Illuminate\\Pipeline\\Pipeline->Illuminate\\Pipeline\\{closure}(Object(Illuminate\\Http\\Request))
#38 /Users/aldyhelix/Projects/www/backend_rmi/vendor/laravel/framework/src/Illuminate/Pipeline/Pipeline.php(167): App\\Http\\Middleware\\CheckIfBillingInfoRequired->handle(Object(Illuminate\\Http\\Request), Object(Closure))
#39 /Users/aldyhelix/Projects/www/backend_rmi/app/Http/Middleware/VerifyUserIsSubscribed.php(25): Illuminate\\Pipeline\\Pipeline->Illuminate\\Pipeline\\{closure}(Object(Illuminate\\Http\\Request))
#40 /Users/aldyhelix/Projects/www/backend_rmi/vendor/laravel/framework/src/Illuminate/Pipeline/Pipeline.php(167): App\\Http\\Middleware\\VerifyUserIsSubscribed->handle(Object(Illuminate\\Http\\Request), Object(Closure))
#41 /Users/aldyhelix/Projects/www/backend_rmi/app/Http/Middleware/CookieConsentMiddleware.php(21): Illuminate\\Pipeline\\Pipeline->Illuminate\\Pipeline\\{closure}(Object(Illuminate\\Http\\Request))
#42 /Users/aldyhelix/Projects/www/backend_rmi/vendor/laravel/framework/src/Illuminate/Pipeline/Pipeline.php(167): App\\Http\\Middleware\\CookieConsentMiddleware->handle(Object(Illuminate\\Http\\Request), Object(Closure))
#43 /Users/aldyhelix/Projects/www/backend_rmi/app/Http/Middleware/Language.php(64): Illuminate\\Pipeline\\Pipeline->Illuminate\\Pipeline\\{closure}(Object(Illuminate\\Http\\Request))
#44 /Users/aldyhelix/Projects/www/backend_rmi/vendor/laravel/framework/src/Illuminate/Pipeline/Pipeline.php(167): App\\Http\\Middleware\\Language->handle(Object(Illuminate\\Http\\Request), Object(Closure))
#45 /Users/aldyhelix/Projects/www/backend_rmi/app/Http/Middleware/InitSettings.php(8): Illuminate\\Pipeline\\Pipeline->Illuminate\\Pipeline\\{closure}(Object(Illuminate\\Http\\Request))
#46 /Users/aldyhelix/Projects/www/backend_rmi/vendor/laravel/framework/src/Illuminate/Pipeline/Pipeline.php(167): App\\Http\\Middleware\\InitSettings->handle(Object(Illuminate\\Http\\Request), Object(Closure))
#47 /Users/aldyhelix/Projects/www/backend_rmi/vendor/laravel/framework/src/Illuminate/Routing/Middleware/SubstituteBindings.php(50): Illuminate\\Pipeline\\Pipeline->Illuminate\\Pipeline\\{closure}(Object(Illuminate\\Http\\Request))
#48 /Users/aldyhelix/Projects/www/backend_rmi/vendor/laravel/framework/src/Illuminate/Pipeline/Pipeline.php(167): Illuminate\\Routing\\Middleware\\SubstituteBindings->handle(Object(Illuminate\\Http\\Request), Object(Closure))
#49 /Users/aldyhelix/Projects/www/backend_rmi/vendor/laravel/framework/src/Illuminate/Auth/Middleware/Authenticate.php(44): Illuminate\\Pipeline\\Pipeline->Illuminate\\Pipeline\\{closure}(Object(Illuminate\\Http\\Request))
#50 /Users/aldyhelix/Projects/www/backend_rmi/vendor/laravel/framework/src/Illuminate/Pipeline/Pipeline.php(167): Illuminate\\Auth\\Middleware\\Authenticate->handle(Object(Illuminate\\Http\\Request), Object(Closure))
#51 /Users/aldyhelix/Projects/www/backend_rmi/vendor/laravel/framework/src/Illuminate/Foundation/Http/Middleware/VerifyCsrfToken.php(78): Illuminate\\Pipeline\\Pipeline->Illuminate\\Pipeline\\{closure}(Object(Illuminate\\Http\\Request))
#52 /Users/aldyhelix/Projects/www/backend_rmi/vendor/laravel/framework/src/Illuminate/Pipeline/Pipeline.php(167): Illuminate\\Foundation\\Http\\Middleware\\VerifyCsrfToken->handle(Object(Illuminate\\Http\\Request), Object(Closure))
#53 /Users/aldyhelix/Projects/www/backend_rmi/vendor/laravel/framework/src/Illuminate/View/Middleware/ShareErrorsFromSession.php(49): Illuminate\\Pipeline\\Pipeline->Illuminate\\Pipeline\\{closure}(Object(Illuminate\\Http\\Request))
#54 /Users/aldyhelix/Projects/www/backend_rmi/vendor/laravel/framework/src/Illuminate/Pipeline/Pipeline.php(167): Illuminate\\View\\Middleware\\ShareErrorsFromSession->handle(Object(Illuminate\\Http\\Request), Object(Closure))
#55 /Users/aldyhelix/Projects/www/backend_rmi/vendor/laravel/framework/src/Illuminate/Session/Middleware/StartSession.php(121): Illuminate\\Pipeline\\Pipeline->Illuminate\\Pipeline\\{closure}(Object(Illuminate\\Http\\Request))
#56 /Users/aldyhelix/Projects/www/backend_rmi/vendor/laravel/framework/src/Illuminate/Session/Middleware/StartSession.php(64): Illuminate\\Session\\Middleware\\StartSession->handleStatefulRequest(Object(Illuminate\\Http\\Request), Object(Illuminate\\Session\\EncryptedStore), Object(Closure))
#57 /Users/aldyhelix/Projects/www/backend_rmi/vendor/laravel/framework/src/Illuminate/Pipeline/Pipeline.php(167): Illuminate\\Session\\Middleware\\StartSession->handle(Object(Illuminate\\Http\\Request), Object(Closure))
#58 /Users/aldyhelix/Projects/www/backend_rmi/vendor/laravel/framework/src/Illuminate/Cookie/Middleware/AddQueuedCookiesToResponse.php(37): Illuminate\\Pipeline\\Pipeline->Illuminate\\Pipeline\\{closure}(Object(Illuminate\\Http\\Request))
#59 /Users/aldyhelix/Projects/www/backend_rmi/vendor/laravel/framework/src/Illuminate/Pipeline/Pipeline.php(167): Illuminate\\Cookie\\Middleware\\AddQueuedCookiesToResponse->handle(Object(Illuminate\\Http\\Request), Object(Closure))
#60 /Users/aldyhelix/Projects/www/backend_rmi/vendor/laravel/framework/src/Illuminate/Cookie/Middleware/EncryptCookies.php(67): Illuminate\\Pipeline\\Pipeline->Illuminate\\Pipeline\\{closure}(Object(Illuminate\\Http\\Request))
#61 /Users/aldyhelix/Projects/www/backend_rmi/vendor/laravel/framework/src/Illuminate/Pipeline/Pipeline.php(167): Illuminate\\Cookie\\Middleware\\EncryptCookies->handle(Object(Illuminate\\Http\\Request), Object(Closure))
#62 /Users/aldyhelix/Projects/www/backend_rmi/vendor/laravel/framework/src/Illuminate/Pipeline/Pipeline.php(103): Illuminate\\Pipeline\\Pipeline->Illuminate\\Pipeline\\{closure}(Object(Illuminate\\Http\\Request))
#63 /Users/aldyhelix/Projects/www/backend_rmi/vendor/laravel/framework/src/Illuminate/Routing/Router.php(719): Illuminate\\Pipeline\\Pipeline->then(Object(Closure))
#64 /Users/aldyhelix/Projects/www/backend_rmi/vendor/laravel/framework/src/Illuminate/Routing/Router.php(698): Illuminate\\Routing\\Router->runRouteWithinStack(Object(Illuminate\\Routing\\Route), Object(Illuminate\\Http\\Request))
#65 /Users/aldyhelix/Projects/www/backend_rmi/vendor/laravel/framework/src/Illuminate/Routing/Router.php(662): Illuminate\\Routing\\Router->runRoute(Object(Illuminate\\Http\\Request), Object(Illuminate\\Routing\\Route))
#66 /Users/aldyhelix/Projects/www/backend_rmi/vendor/laravel/framework/src/Illuminate/Routing/Router.php(651): Illuminate\\Routing\\Router->dispatchToRoute(Object(Illuminate\\Http\\Request))
#67 /Users/aldyhelix/Projects/www/backend_rmi/vendor/laravel/framework/src/Illuminate/Foundation/Http/Kernel.php(167): Illuminate\\Routing\\Router->dispatch(Object(Illuminate\\Http\\Request))
#68 /Users/aldyhelix/Projects/www/backend_rmi/vendor/laravel/framework/src/Illuminate/Pipeline/Pipeline.php(128): Illuminate\\Foundation\\Http\\Kernel->Illuminate\\Foundation\\Http\\{closure}(Object(Illuminate\\Http\\Request))
#69 /Users/aldyhelix/Projects/www/backend_rmi/vendor/livewire/livewire/src/DisableBrowserCache.php(19): Illuminate\\Pipeline\\Pipeline->Illuminate\\Pipeline\\{closure}(Object(Illuminate\\Http\\Request))
#70 /Users/aldyhelix/Projects/www/backend_rmi/vendor/laravel/framework/src/Illuminate/Pipeline/Pipeline.php(167): Livewire\\DisableBrowserCache->handle(Object(Illuminate\\Http\\Request), Object(Closure))
#71 /Users/aldyhelix/Projects/www/backend_rmi/vendor/barryvdh/laravel-debugbar/src/Middleware/InjectDebugbar.php(66): Illuminate\\Pipeline\\Pipeline->Illuminate\\Pipeline\\{closure}(Object(Illuminate\\Http\\Request))
#72 /Users/aldyhelix/Projects/www/backend_rmi/vendor/laravel/framework/src/Illuminate/Pipeline/Pipeline.php(167): Barryvdh\\Debugbar\\Middleware\\InjectDebugbar->handle(Object(Illuminate\\Http\\Request), Object(Closure))
#73 /Users/aldyhelix/Projects/www/backend_rmi/app/Http/Middleware/CheckForInstallation.php(19): Illuminate\\Pipeline\\Pipeline->Illuminate\\Pipeline\\{closure}(Object(Illuminate\\Http\\Request))
#74 /Users/aldyhelix/Projects/www/backend_rmi/vendor/laravel/framework/src/Illuminate/Pipeline/Pipeline.php(167): App\\Http\\Middleware\\CheckForInstallation->handle(Object(Illuminate\\Http\\Request), Object(Closure))
#75 /Users/aldyhelix/Projects/www/backend_rmi/vendor/laravel/framework/src/Illuminate/Foundation/Http/Middleware/TransformsRequest.php(21): Illuminate\\Pipeline\\Pipeline->Illuminate\\Pipeline\\{closure}(Object(Illuminate\\Http\\Request))
#76 /Users/aldyhelix/Projects/www/backend_rmi/vendor/laravel/framework/src/Illuminate/Foundation/Http/Middleware/ConvertEmptyStringsToNull.php(31): Illuminate\\Foundation\\Http\\Middleware\\TransformsRequest->handle(Object(Illuminate\\Http\\Request), Object(Closure))
#77 /Users/aldyhelix/Projects/www/backend_rmi/vendor/laravel/framework/src/Illuminate/Pipeline/Pipeline.php(167): Illuminate\\Foundation\\Http\\Middleware\\ConvertEmptyStringsToNull->handle(Object(Illuminate\\Http\\Request), Object(Closure))
#78 /Users/aldyhelix/Projects/www/backend_rmi/vendor/laravel/framework/src/Illuminate/Foundation/Http/Middleware/TransformsRequest.php(21): Illuminate\\Pipeline\\Pipeline->Illuminate\\Pipeline\\{closure}(Object(Illuminate\\Http\\Request))
#79 /Users/aldyhelix/Projects/www/backend_rmi/vendor/laravel/framework/src/Illuminate/Foundation/Http/Middleware/TrimStrings.php(40): Illuminate\\Foundation\\Http\\Middleware\\TransformsRequest->handle(Object(Illuminate\\Http\\Request), Object(Closure))
#80 /Users/aldyhelix/Projects/www/backend_rmi/vendor/laravel/framework/src/Illuminate/Pipeline/Pipeline.php(167): Illuminate\\Foundation\\Http\\Middleware\\TrimStrings->handle(Object(Illuminate\\Http\\Request), Object(Closure))
#81 /Users/aldyhelix/Projects/www/backend_rmi/vendor/laravel/framework/src/Illuminate/Foundation/Http/Middleware/ValidatePostSize.php(27): Illuminate\\Pipeline\\Pipeline->Illuminate\\Pipeline\\{closure}(Object(Illuminate\\Http\\Request))
#82 /Users/aldyhelix/Projects/www/backend_rmi/vendor/laravel/framework/src/Illuminate/Pipeline/Pipeline.php(167): Illuminate\\Foundation\\Http\\Middleware\\ValidatePostSize->handle(Object(Illuminate\\Http\\Request), Object(Closure))
#83 /Users/aldyhelix/Projects/www/backend_rmi/vendor/laravel/framework/src/Illuminate/Foundation/Http/Middleware/PreventRequestsDuringMaintenance.php(86): Illuminate\\Pipeline\\Pipeline->Illuminate\\Pipeline\\{closure}(Object(Illuminate\\Http\\Request))
#84 /Users/aldyhelix/Projects/www/backend_rmi/vendor/laravel/framework/src/Illuminate/Pipeline/Pipeline.php(167): Illuminate\\Foundation\\Http\\Middleware\\PreventRequestsDuringMaintenance->handle(Object(Illuminate\\Http\\Request), Object(Closure))
#85 /Users/aldyhelix/Projects/www/backend_rmi/vendor/fruitcake/laravel-cors/src/HandleCors.php(38): Illuminate\\Pipeline\\Pipeline->Illuminate\\Pipeline\\{closure}(Object(Illuminate\\Http\\Request))
#86 /Users/aldyhelix/Projects/www/backend_rmi/vendor/laravel/framework/src/Illuminate/Pipeline/Pipeline.php(167): Fruitcake\\Cors\\HandleCors->handle(Object(Illuminate\\Http\\Request), Object(Closure))
#87 /Users/aldyhelix/Projects/www/backend_rmi/vendor/laravel/framework/src/Illuminate/Http/Middleware/TrustProxies.php(39): Illuminate\\Pipeline\\Pipeline->Illuminate\\Pipeline\\{closure}(Object(Illuminate\\Http\\Request))
#88 /Users/aldyhelix/Projects/www/backend_rmi/vendor/laravel/framework/src/Illuminate/Pipeline/Pipeline.php(167): Illuminate\\Http\\Middleware\\TrustProxies->handle(Object(Illuminate\\Http\\Request), Object(Closure))
#89 /Users/aldyhelix/Projects/www/backend_rmi/vendor/laravel/framework/src/Illuminate/Pipeline/Pipeline.php(103): Illuminate\\Pipeline\\Pipeline->Illuminate\\Pipeline\\{closure}(Object(Illuminate\\Http\\Request))
#90 /Users/aldyhelix/Projects/www/backend_rmi/vendor/laravel/framework/src/Illuminate/Foundation/Http/Kernel.php(142): Illuminate\\Pipeline\\Pipeline->then(Object(Closure))
#91 /Users/aldyhelix/Projects/www/backend_rmi/vendor/laravel/framework/src/Illuminate/Foundation/Http/Kernel.php(111): Illuminate\\Foundation\\Http\\Kernel->sendRequestThroughRouter(Object(Illuminate\\Http\\Request))
#92 /Users/aldyhelix/Projects/www/backend_rmi/public/index.php(58): Illuminate\\Foundation\\Http\\Kernel->handle(Object(Illuminate\\Http\\Request))
#93 /Applications/Herd.app/Contents/Resources/valet/server.php(153): require('/Users/aldyheli...')
#94 {main}

[previous exception] [object] (Illuminate\\Database\\QueryException(code: 23000): SQLSTATE[23000]: Integrity constraint violation: 1052 Column 'quantity' in field list is ambiguous (SQL: select sum(`quantity`) as aggregate from `orders` as `o` inner join `order_items` as `oi` on `o`.`id` = `oi`.`order_id` inner join `inventories` as `i` on `oi`.`inventory_id` = `i`.`id` inner join `products` as `p` on `i`.`product_id` = `p`.`id` where `customer_id` is not null and `customer_id` is not null) at /Users/aldyhelix/Projects/www/backend_rmi/vendor/laravel/framework/src/Illuminate/Database/Connection.php:712)
[stacktrace]
#0 /Users/aldyhelix/Projects/www/backend_rmi/vendor/laravel/framework/src/Illuminate/Database/Connection.php(672): Illuminate\\Database\\Connection->runQueryCallback('select sum(`qua...', Array, Object(Closure))
#1 /Users/aldyhelix/Projects/www/backend_rmi/vendor/laravel/framework/src/Illuminate/Database/Connection.php(359): Illuminate\\Database\\Connection->run('select sum(`qua...', Array, Object(Closure))
#2 /Users/aldyhelix/Projects/www/backend_rmi/vendor/laravel/framework/src/Illuminate/Database/Query/Builder.php(2413): Illuminate\\Database\\Connection->select('select sum(`qua...', Array, true)
#3 /Users/aldyhelix/Projects/www/backend_rmi/vendor/laravel/framework/src/Illuminate/Database/Query/Builder.php(2402): Illuminate\\Database\\Query\\Builder->runSelect()
#4 /Users/aldyhelix/Projects/www/backend_rmi/vendor/laravel/framework/src/Illuminate/Database/Query/Builder.php(2936): Illuminate\\Database\\Query\\Builder->Illuminate\\Database\\Query\\{closure}()
#5 /Users/aldyhelix/Projects/www/backend_rmi/vendor/laravel/framework/src/Illuminate/Database/Query/Builder.php(2401): Illuminate\\Database\\Query\\Builder->onceWithColumns(Array, Object(Closure))
#6 /Users/aldyhelix/Projects/www/backend_rmi/vendor/laravel/framework/src/Illuminate/Database/Query/Builder.php(2863): Illuminate\\Database\\Query\\Builder->get(Array)
#7 /Users/aldyhelix/Projects/www/backend_rmi/vendor/laravel/framework/src/Illuminate/Database/Query/Builder.php(2824): Illuminate\\Database\\Query\\Builder->aggregate('sum', Array)
#8 /Users/aldyhelix/Projects/www/backend_rmi/app/Http/Livewire/Dashboard.php(582): Illuminate\\Database\\Query\\Builder->sum('quantity')
#9 /Users/aldyhelix/Projects/www/backend_rmi/app/Http/Livewire/Dashboard.php(245): App\\Http\\Livewire\\Dashboard->updatedQtyOrdered()
#10 /Users/aldyhelix/Projects/www/backend_rmi/app/Http/Livewire/Dashboard.php(124): App\\Http\\Livewire\\Dashboard->updateCardSection()
#11 /Users/aldyhelix/Projects/www/backend_rmi/vendor/laravel/framework/src/Illuminate/Container/BoundMethod.php(36): App\\Http\\Livewire\\Dashboard->mount(9, 0, 7, 0, 16, 0, 0, 0, 0, 0, 0, 0, 0, 0)
#12 /Users/aldyhelix/Projects/www/backend_rmi/vendor/laravel/framework/src/Illuminate/Container/Util.php(40): Illuminate\\Container\\BoundMethod::Illuminate\\Container\\{closure}()
#13 /Users/aldyhelix/Projects/www/backend_rmi/vendor/laravel/framework/src/Illuminate/Container/BoundMethod.php(93): Illuminate\\Container\\Util::unwrapIfClosure(Object(Closure))
#14 /Users/aldyhelix/Projects/www/backend_rmi/vendor/laravel/framework/src/Illuminate/Container/BoundMethod.php(35): Illuminate\\Container\\BoundMethod::callBoundMethod(Object(Illuminate\\Foundation\\Application), Array, Object(Closure))
#15 /Users/aldyhelix/Projects/www/backend_rmi/vendor/livewire/livewire/src/LifecycleManager.php(114): Illuminate\\Container\\BoundMethod::call(Object(Illuminate\\Foundation\\Application), Array, Array)
#16 /Users/aldyhelix/Projects/www/backend_rmi/vendor/livewire/livewire/src/LivewireManager.php(130): Livewire\\LifecycleManager->mount(Array)
#17 /Users/aldyhelix/Projects/www/backend_rmi/vendor/laravel/framework/src/Illuminate/Support/Facades/Facade.php(261): Livewire\\LivewireManager->mount('dashboard', Array)
#18 /Users/aldyhelix/Projects/www/backend_rmi/storage/framework/views/7614a377bf597da1c7ed67416eae576b7feee755.php(13): Illuminate\\Support\\Facades\\Facade::__callStatic('mount', Array)
#19 /Users/aldyhelix/Projects/www/backend_rmi/vendor/laravel/framework/src/Illuminate/Filesystem/Filesystem.php(107): require('/Users/aldyheli...')
#20 /Users/aldyhelix/Projects/www/backend_rmi/vendor/laravel/framework/src/Illuminate/Filesystem/Filesystem.php(108): Illuminate\\Filesystem\\Filesystem::Illuminate\\Filesystem\\{closure}()
#21 /Users/aldyhelix/Projects/www/backend_rmi/vendor/laravel/framework/src/Illuminate/View/Engines/PhpEngine.php(58): Illuminate\\Filesystem\\Filesystem->getRequire('/Users/aldyheli...', Array)
#22 /Users/aldyhelix/Projects/www/backend_rmi/vendor/livewire/livewire/src/ComponentConcerns/RendersLivewireComponents.php(69): Illuminate\\View\\Engines\\PhpEngine->evaluatePath('/Users/aldyheli...', Array)
#23 /Users/aldyhelix/Projects/www/backend_rmi/vendor/laravel/framework/src/Illuminate/View/Engines/CompilerEngine.php(61): Livewire\\CompilerEngineForIgnition->evaluatePath('/Users/aldyheli...', Array)
#24 /Users/aldyhelix/Projects/www/backend_rmi/vendor/facade/ignition/src/Views/Engines/CompilerEngine.php(37): Illuminate\\View\\Engines\\CompilerEngine->get('/Users/aldyheli...', Array)
#25 /Users/aldyhelix/Projects/www/backend_rmi/vendor/livewire/livewire/src/ComponentConcerns/RendersLivewireComponents.php(35): Facade\\Ignition\\Views\\Engines\\CompilerEngine->get('/Users/aldyheli...', Array)
#26 /Users/aldyhelix/Projects/www/backend_rmi/vendor/laravel/framework/src/Illuminate/View/View.php(139): Livewire\\CompilerEngineForIgnition->get('/Users/aldyheli...', Array)
#27 /Users/aldyhelix/Projects/www/backend_rmi/vendor/laravel/framework/src/Illuminate/View/View.php(122): Illuminate\\View\\View->getContents()
#28 /Users/aldyhelix/Projects/www/backend_rmi/vendor/laravel/framework/src/Illuminate/View/View.php(91): Illuminate\\View\\View->renderContents()
#29 /Users/aldyhelix/Projects/www/backend_rmi/vendor/laravel/framework/src/Illuminate/Http/Response.php(69): Illuminate\\View\\View->render()
#30 /Users/aldyhelix/Projects/www/backend_rmi/vendor/laravel/framework/src/Illuminate/Http/Response.php(35): Illuminate\\Http\\Response->setContent(Object(Illuminate\\View\\View))
#31 /Users/aldyhelix/Projects/www/backend_rmi/vendor/laravel/framework/src/Illuminate/Routing/Router.php(820): Illuminate\\Http\\Response->__construct(Object(Illuminate\\View\\View), 200, Array)
#32 /Users/aldyhelix/Projects/www/backend_rmi/vendor/laravel/framework/src/Illuminate/Routing/Router.php(789): Illuminate\\Routing\\Router::toResponse(Object(Illuminate\\Http\\Request), Object(Illuminate\\View\\View))
#33 /Users/aldyhelix/Projects/www/backend_rmi/vendor/laravel/framework/src/Illuminate/Routing/Router.php(720): Illuminate\\Routing\\Router->prepareResponse(Object(Illuminate\\Http\\Request), Object(Illuminate\\View\\View))
#34 /Users/aldyhelix/Projects/www/backend_rmi/vendor/laravel/framework/src/Illuminate/Pipeline/Pipeline.php(128): Illuminate\\Routing\\Router->Illuminate\\Routing\\{closure}(Object(Illuminate\\Http\\Request))
#35 /Users/aldyhelix/Projects/www/backend_rmi/app/Http/Middleware/DashboardSetup.php(22): Illuminate\\Pipeline\\Pipeline->Illuminate\\Pipeline\\{closure}(Object(Illuminate\\Http\\Request))
#36 /Users/aldyhelix/Projects/www/backend_rmi/vendor/laravel/framework/src/Illuminate/Pipeline/Pipeline.php(167): App\\Http\\Middleware\\DashboardSetup->handle(Object(Illuminate\\Http\\Request), Object(Closure))
#37 /Users/aldyhelix/Projects/www/backend_rmi/app/Http/Middleware/CheckIfBillingInfoRequired.php(24): Illuminate\\Pipeline\\Pipeline->Illuminate\\Pipeline\\{closure}(Object(Illuminate\\Http\\Request))
#38 /Users/aldyhelix/Projects/www/backend_rmi/vendor/laravel/framework/src/Illuminate/Pipeline/Pipeline.php(167): App\\Http\\Middleware\\CheckIfBillingInfoRequired->handle(Object(Illuminate\\Http\\Request), Object(Closure))
#39 /Users/aldyhelix/Projects/www/backend_rmi/app/Http/Middleware/VerifyUserIsSubscribed.php(25): Illuminate\\Pipeline\\Pipeline->Illuminate\\Pipeline\\{closure}(Object(Illuminate\\Http\\Request))
#40 /Users/aldyhelix/Projects/www/backend_rmi/vendor/laravel/framework/src/Illuminate/Pipeline/Pipeline.php(167): App\\Http\\Middleware\\VerifyUserIsSubscribed->handle(Object(Illuminate\\Http\\Request), Object(Closure))
#41 /Users/aldyhelix/Projects/www/backend_rmi/app/Http/Middleware/CookieConsentMiddleware.php(21): Illuminate\\Pipeline\\Pipeline->Illuminate\\Pipeline\\{closure}(Object(Illuminate\\Http\\Request))
#42 /Users/aldyhelix/Projects/www/backend_rmi/vendor/laravel/framework/src/Illuminate/Pipeline/Pipeline.php(167): App\\Http\\Middleware\\CookieConsentMiddleware->handle(Object(Illuminate\\Http\\Request), Object(Closure))
#43 /Users/aldyhelix/Projects/www/backend_rmi/app/Http/Middleware/Language.php(64): Illuminate\\Pipeline\\Pipeline->Illuminate\\Pipeline\\{closure}(Object(Illuminate\\Http\\Request))
#44 /Users/aldyhelix/Projects/www/backend_rmi/vendor/laravel/framework/src/Illuminate/Pipeline/Pipeline.php(167): App\\Http\\Middleware\\Language->handle(Object(Illuminate\\Http\\Request), Object(Closure))
#45 /Users/aldyhelix/Projects/www/backend_rmi/app/Http/Middleware/InitSettings.php(8): Illuminate\\Pipeline\\Pipeline->Illuminate\\Pipeline\\{closure}(Object(Illuminate\\Http\\Request))
#46 /Users/aldyhelix/Projects/www/backend_rmi/vendor/laravel/framework/src/Illuminate/Pipeline/Pipeline.php(167): App\\Http\\Middleware\\InitSettings->handle(Object(Illuminate\\Http\\Request), Object(Closure))
#47 /Users/aldyhelix/Projects/www/backend_rmi/vendor/laravel/framework/src/Illuminate/Routing/Middleware/SubstituteBindings.php(50): Illuminate\\Pipeline\\Pipeline->Illuminate\\Pipeline\\{closure}(Object(Illuminate\\Http\\Request))
#48 /Users/aldyhelix/Projects/www/backend_rmi/vendor/laravel/framework/src/Illuminate/Pipeline/Pipeline.php(167): Illuminate\\Routing\\Middleware\\SubstituteBindings->handle(Object(Illuminate\\Http\\Request), Object(Closure))
#49 /Users/aldyhelix/Projects/www/backend_rmi/vendor/laravel/framework/src/Illuminate/Auth/Middleware/Authenticate.php(44): Illuminate\\Pipeline\\Pipeline->Illuminate\\Pipeline\\{closure}(Object(Illuminate\\Http\\Request))
#50 /Users/aldyhelix/Projects/www/backend_rmi/vendor/laravel/framework/src/Illuminate/Pipeline/Pipeline.php(167): Illuminate\\Auth\\Middleware\\Authenticate->handle(Object(Illuminate\\Http\\Request), Object(Closure))
#51 /Users/aldyhelix/Projects/www/backend_rmi/vendor/laravel/framework/src/Illuminate/Foundation/Http/Middleware/VerifyCsrfToken.php(78): Illuminate\\Pipeline\\Pipeline->Illuminate\\Pipeline\\{closure}(Object(Illuminate\\Http\\Request))
#52 /Users/aldyhelix/Projects/www/backend_rmi/vendor/laravel/framework/src/Illuminate/Pipeline/Pipeline.php(167): Illuminate\\Foundation\\Http\\Middleware\\VerifyCsrfToken->handle(Object(Illuminate\\Http\\Request), Object(Closure))
#53 /Users/aldyhelix/Projects/www/backend_rmi/vendor/laravel/framework/src/Illuminate/View/Middleware/ShareErrorsFromSession.php(49): Illuminate\\Pipeline\\Pipeline->Illuminate\\Pipeline\\{closure}(Object(Illuminate\\Http\\Request))
#54 /Users/aldyhelix/Projects/www/backend_rmi/vendor/laravel/framework/src/Illuminate/Pipeline/Pipeline.php(167): Illuminate\\View\\Middleware\\ShareErrorsFromSession->handle(Object(Illuminate\\Http\\Request), Object(Closure))
#55 /Users/aldyhelix/Projects/www/backend_rmi/vendor/laravel/framework/src/Illuminate/Session/Middleware/StartSession.php(121): Illuminate\\Pipeline\\Pipeline->Illuminate\\Pipeline\\{closure}(Object(Illuminate\\Http\\Request))
#56 /Users/aldyhelix/Projects/www/backend_rmi/vendor/laravel/framework/src/Illuminate/Session/Middleware/StartSession.php(64): Illuminate\\Session\\Middleware\\StartSession->handleStatefulRequest(Object(Illuminate\\Http\\Request), Object(Illuminate\\Session\\EncryptedStore), Object(Closure))
#57 /Users/aldyhelix/Projects/www/backend_rmi/vendor/laravel/framework/src/Illuminate/Pipeline/Pipeline.php(167): Illuminate\\Session\\Middleware\\StartSession->handle(Object(Illuminate\\Http\\Request), Object(Closure))
#58 /Users/aldyhelix/Projects/www/backend_rmi/vendor/laravel/framework/src/Illuminate/Cookie/Middleware/AddQueuedCookiesToResponse.php(37): Illuminate\\Pipeline\\Pipeline->Illuminate\\Pipeline\\{closure}(Object(Illuminate\\Http\\Request))
#59 /Users/aldyhelix/Projects/www/backend_rmi/vendor/laravel/framework/src/Illuminate/Pipeline/Pipeline.php(167): Illuminate\\Cookie\\Middleware\\AddQueuedCookiesToResponse->handle(Object(Illuminate\\Http\\Request), Object(Closure))
#60 /Users/aldyhelix/Projects/www/backend_rmi/vendor/laravel/framework/src/Illuminate/Cookie/Middleware/EncryptCookies.php(67): Illuminate\\Pipeline\\Pipeline->Illuminate\\Pipeline\\{closure}(Object(Illuminate\\Http\\Request))
#61 /Users/aldyhelix/Projects/www/backend_rmi/vendor/laravel/framework/src/Illuminate/Pipeline/Pipeline.php(167): Illuminate\\Cookie\\Middleware\\EncryptCookies->handle(Object(Illuminate\\Http\\Request), Object(Closure))
#62 /Users/aldyhelix/Projects/www/backend_rmi/vendor/laravel/framework/src/Illuminate/Pipeline/Pipeline.php(103): Illuminate\\Pipeline\\Pipeline->Illuminate\\Pipeline\\{closure}(Object(Illuminate\\Http\\Request))
#63 /Users/aldyhelix/Projects/www/backend_rmi/vendor/laravel/framework/src/Illuminate/Routing/Router.php(719): Illuminate\\Pipeline\\Pipeline->then(Object(Closure))
#64 /Users/aldyhelix/Projects/www/backend_rmi/vendor/laravel/framework/src/Illuminate/Routing/Router.php(698): Illuminate\\Routing\\Router->runRouteWithinStack(Object(Illuminate\\Routing\\Route), Object(Illuminate\\Http\\Request))
#65 /Users/aldyhelix/Projects/www/backend_rmi/vendor/laravel/framework/src/Illuminate/Routing/Router.php(662): Illuminate\\Routing\\Router->runRoute(Object(Illuminate\\Http\\Request), Object(Illuminate\\Routing\\Route))
#66 /Users/aldyhelix/Projects/www/backend_rmi/vendor/laravel/framework/src/Illuminate/Routing/Router.php(651): Illuminate\\Routing\\Router->dispatchToRoute(Object(Illuminate\\Http\\Request))
#67 /Users/aldyhelix/Projects/www/backend_rmi/vendor/laravel/framework/src/Illuminate/Foundation/Http/Kernel.php(167): Illuminate\\Routing\\Router->dispatch(Object(Illuminate\\Http\\Request))
#68 /Users/aldyhelix/Projects/www/backend_rmi/vendor/laravel/framework/src/Illuminate/Pipeline/Pipeline.php(128): Illuminate\\Foundation\\Http\\Kernel->Illuminate\\Foundation\\Http\\{closure}(Object(Illuminate\\Http\\Request))
#69 /Users/aldyhelix/Projects/www/backend_rmi/vendor/livewire/livewire/src/DisableBrowserCache.php(19): Illuminate\\Pipeline\\Pipeline->Illuminate\\Pipeline\\{closure}(Object(Illuminate\\Http\\Request))
#70 /Users/aldyhelix/Projects/www/backend_rmi/vendor/laravel/framework/src/Illuminate/Pipeline/Pipeline.php(167): Livewire\\DisableBrowserCache->handle(Object(Illuminate\\Http\\Request), Object(Closure))
#71 /Users/aldyhelix/Projects/www/backend_rmi/vendor/barryvdh/laravel-debugbar/src/Middleware/InjectDebugbar.php(66): Illuminate\\Pipeline\\Pipeline->Illuminate\\Pipeline\\{closure}(Object(Illuminate\\Http\\Request))
#72 /Users/aldyhelix/Projects/www/backend_rmi/vendor/laravel/framework/src/Illuminate/Pipeline/Pipeline.php(167): Barryvdh\\Debugbar\\Middleware\\InjectDebugbar->handle(Object(Illuminate\\Http\\Request), Object(Closure))
#73 /Users/aldyhelix/Projects/www/backend_rmi/app/Http/Middleware/CheckForInstallation.php(19): Illuminate\\Pipeline\\Pipeline->Illuminate\\Pipeline\\{closure}(Object(Illuminate\\Http\\Request))
#74 /Users/aldyhelix/Projects/www/backend_rmi/vendor/laravel/framework/src/Illuminate/Pipeline/Pipeline.php(167): App\\Http\\Middleware\\CheckForInstallation->handle(Object(Illuminate\\Http\\Request), Object(Closure))
#75 /Users/aldyhelix/Projects/www/backend_rmi/vendor/laravel/framework/src/Illuminate/Foundation/Http/Middleware/TransformsRequest.php(21): Illuminate\\Pipeline\\Pipeline->Illuminate\\Pipeline\\{closure}(Object(Illuminate\\Http\\Request))
#76 /Users/aldyhelix/Projects/www/backend_rmi/vendor/laravel/framework/src/Illuminate/Foundation/Http/Middleware/ConvertEmptyStringsToNull.php(31): Illuminate\\Foundation\\Http\\Middleware\\TransformsRequest->handle(Object(Illuminate\\Http\\Request), Object(Closure))
#77 /Users/aldyhelix/Projects/www/backend_rmi/vendor/laravel/framework/src/Illuminate/Pipeline/Pipeline.php(167): Illuminate\\Foundation\\Http\\Middleware\\ConvertEmptyStringsToNull->handle(Object(Illuminate\\Http\\Request), Object(Closure))
#78 /Users/aldyhelix/Projects/www/backend_rmi/vendor/laravel/framework/src/Illuminate/Foundation/Http/Middleware/TransformsRequest.php(21): Illuminate\\Pipeline\\Pipeline->Illuminate\\Pipeline\\{closure}(Object(Illuminate\\Http\\Request))
#79 /Users/aldyhelix/Projects/www/backend_rmi/vendor/laravel/framework/src/Illuminate/Foundation/Http/Middleware/TrimStrings.php(40): Illuminate\\Foundation\\Http\\Middleware\\TransformsRequest->handle(Object(Illuminate\\Http\\Request), Object(Closure))
#80 /Users/aldyhelix/Projects/www/backend_rmi/vendor/laravel/framework/src/Illuminate/Pipeline/Pipeline.php(167): Illuminate\\Foundation\\Http\\Middleware\\TrimStrings->handle(Object(Illuminate\\Http\\Request), Object(Closure))
#81 /Users/aldyhelix/Projects/www/backend_rmi/vendor/laravel/framework/src/Illuminate/Foundation/Http/Middleware/ValidatePostSize.php(27): Illuminate\\Pipeline\\Pipeline->Illuminate\\Pipeline\\{closure}(Object(Illuminate\\Http\\Request))
#82 /Users/aldyhelix/Projects/www/backend_rmi/vendor/laravel/framework/src/Illuminate/Pipeline/Pipeline.php(167): Illuminate\\Foundation\\Http\\Middleware\\ValidatePostSize->handle(Object(Illuminate\\Http\\Request), Object(Closure))
#83 /Users/aldyhelix/Projects/www/backend_rmi/vendor/laravel/framework/src/Illuminate/Foundation/Http/Middleware/PreventRequestsDuringMaintenance.php(86): Illuminate\\Pipeline\\Pipeline->Illuminate\\Pipeline\\{closure}(Object(Illuminate\\Http\\Request))
#84 /Users/aldyhelix/Projects/www/backend_rmi/vendor/laravel/framework/src/Illuminate/Pipeline/Pipeline.php(167): Illuminate\\Foundation\\Http\\Middleware\\PreventRequestsDuringMaintenance->handle(Object(Illuminate\\Http\\Request), Object(Closure))
#85 /Users/aldyhelix/Projects/www/backend_rmi/vendor/fruitcake/laravel-cors/src/HandleCors.php(38): Illuminate\\Pipeline\\Pipeline->Illuminate\\Pipeline\\{closure}(Object(Illuminate\\Http\\Request))
#86 /Users/aldyhelix/Projects/www/backend_rmi/vendor/laravel/framework/src/Illuminate/Pipeline/Pipeline.php(167): Fruitcake\\Cors\\HandleCors->handle(Object(Illuminate\\Http\\Request), Object(Closure))
#87 /Users/aldyhelix/Projects/www/backend_rmi/vendor/laravel/framework/src/Illuminate/Http/Middleware/TrustProxies.php(39): Illuminate\\Pipeline\\Pipeline->Illuminate\\Pipeline\\{closure}(Object(Illuminate\\Http\\Request))
#88 /Users/aldyhelix/Projects/www/backend_rmi/vendor/laravel/framework/src/Illuminate/Pipeline/Pipeline.php(167): Illuminate\\Http\\Middleware\\TrustProxies->handle(Object(Illuminate\\Http\\Request), Object(Closure))
#89 /Users/aldyhelix/Projects/www/backend_rmi/vendor/laravel/framework/src/Illuminate/Pipeline/Pipeline.php(103): Illuminate\\Pipeline\\Pipeline->Illuminate\\Pipeline\\{closure}(Object(Illuminate\\Http\\Request))
#90 /Users/aldyhelix/Projects/www/backend_rmi/vendor/laravel/framework/src/Illuminate/Foundation/Http/Kernel.php(142): Illuminate\\Pipeline\\Pipeline->then(Object(Closure))
#91 /Users/aldyhelix/Projects/www/backend_rmi/vendor/laravel/framework/src/Illuminate/Foundation/Http/Kernel.php(111): Illuminate\\Foundation\\Http\\Kernel->sendRequestThroughRouter(Object(Illuminate\\Http\\Request))
#92 /Users/aldyhelix/Projects/www/backend_rmi/public/index.php(58): Illuminate\\Foundation\\Http\\Kernel->handle(Object(Illuminate\\Http\\Request))
#93 /Applications/Herd.app/Contents/Resources/valet/server.php(153): require('/Users/aldyheli...')
#94 {main}

[previous exception] [object] (PDOException(code: 23000): SQLSTATE[23000]: Integrity constraint violation: 1052 Column 'quantity' in field list is ambiguous at /Users/aldyhelix/Projects/www/backend_rmi/vendor/laravel/framework/src/Illuminate/Database/Connection.php:368)
[stacktrace]
#0 /Users/aldyhelix/Projects/www/backend_rmi/vendor/laravel/framework/src/Illuminate/Database/Connection.php(368): PDO->prepare('select sum(`qua...')
#1 /Users/aldyhelix/Projects/www/backend_rmi/vendor/laravel/framework/src/Illuminate/Database/Connection.php(705): Illuminate\\Database\\Connection->Illuminate\\Database\\{closure}('select sum(`qua...', Array)
#2 /Users/aldyhelix/Projects/www/backend_rmi/vendor/laravel/framework/src/Illuminate/Database/Connection.php(672): Illuminate\\Database\\Connection->runQueryCallback('select sum(`qua...', Array, Object(Closure))
#3 /Users/aldyhelix/Projects/www/backend_rmi/vendor/laravel/framework/src/Illuminate/Database/Connection.php(359): Illuminate\\Database\\Connection->run('select sum(`qua...', Array, Object(Closure))
#4 /Users/aldyhelix/Projects/www/backend_rmi/vendor/laravel/framework/src/Illuminate/Database/Query/Builder.php(2413): Illuminate\\Database\\Connection->select('select sum(`qua...', Array, true)
#5 /Users/aldyhelix/Projects/www/backend_rmi/vendor/laravel/framework/src/Illuminate/Database/Query/Builder.php(2402): Illuminate\\Database\\Query\\Builder->runSelect()
#6 /Users/aldyhelix/Projects/www/backend_rmi/vendor/laravel/framework/src/Illuminate/Database/Query/Builder.php(2936): Illuminate\\Database\\Query\\Builder->Illuminate\\Database\\Query\\{closure}()
#7 /Users/aldyhelix/Projects/www/backend_rmi/vendor/laravel/framework/src/Illuminate/Database/Query/Builder.php(2401): Illuminate\\Database\\Query\\Builder->onceWithColumns(Array, Object(Closure))
#8 /Users/aldyhelix/Projects/www/backend_rmi/vendor/laravel/framework/src/Illuminate/Database/Query/Builder.php(2863): Illuminate\\Database\\Query\\Builder->get(Array)
#9 /Users/aldyhelix/Projects/www/backend_rmi/vendor/laravel/framework/src/Illuminate/Database/Query/Builder.php(2824): Illuminate\\Database\\Query\\Builder->aggregate('sum', Array)
#10 /Users/aldyhelix/Projects/www/backend_rmi/app/Http/Livewire/Dashboard.php(582): Illuminate\\Database\\Query\\Builder->sum('quantity')
#11 /Users/aldyhelix/Projects/www/backend_rmi/app/Http/Livewire/Dashboard.php(245): App\\Http\\Livewire\\Dashboard->updatedQtyOrdered()
#12 /Users/aldyhelix/Projects/www/backend_rmi/app/Http/Livewire/Dashboard.php(124): App\\Http\\Livewire\\Dashboard->updateCardSection()
#13 /Users/aldyhelix/Projects/www/backend_rmi/vendor/laravel/framework/src/Illuminate/Container/BoundMethod.php(36): App\\Http\\Livewire\\Dashboard->mount(9, 0, 7, 0, 16, 0, 0, 0, 0, 0, 0, 0, 0, 0)
#14 /Users/aldyhelix/Projects/www/backend_rmi/vendor/laravel/framework/src/Illuminate/Container/Util.php(40): Illuminate\\Container\\BoundMethod::Illuminate\\Container\\{closure}()
#15 /Users/aldyhelix/Projects/www/backend_rmi/vendor/laravel/framework/src/Illuminate/Container/BoundMethod.php(93): Illuminate\\Container\\Util::unwrapIfClosure(Object(Closure))
#16 /Users/aldyhelix/Projects/www/backend_rmi/vendor/laravel/framework/src/Illuminate/Container/BoundMethod.php(35): Illuminate\\Container\\BoundMethod::callBoundMethod(Object(Illuminate\\Foundation\\Application), Array, Object(Closure))
#17 /Users/aldyhelix/Projects/www/backend_rmi/vendor/livewire/livewire/src/LifecycleManager.php(114): Illuminate\\Container\\BoundMethod::call(Object(Illuminate\\Foundation\\Application), Array, Array)
#18 /Users/aldyhelix/Projects/www/backend_rmi/vendor/livewire/livewire/src/LivewireManager.php(130): Livewire\\LifecycleManager->mount(Array)
#19 /Users/aldyhelix/Projects/www/backend_rmi/vendor/laravel/framework/src/Illuminate/Support/Facades/Facade.php(261): Livewire\\LivewireManager->mount('dashboard', Array)
#20 /Users/aldyhelix/Projects/www/backend_rmi/storage/framework/views/7614a377bf597da1c7ed67416eae576b7feee755.php(13): Illuminate\\Support\\Facades\\Facade::__callStatic('mount', Array)
#21 /Users/aldyhelix/Projects/www/backend_rmi/vendor/laravel/framework/src/Illuminate/Filesystem/Filesystem.php(107): require('/Users/aldyheli...')
#22 /Users/aldyhelix/Projects/www/backend_rmi/vendor/laravel/framework/src/Illuminate/Filesystem/Filesystem.php(108): Illuminate\\Filesystem\\Filesystem::Illuminate\\Filesystem\\{closure}()
#23 /Users/aldyhelix/Projects/www/backend_rmi/vendor/laravel/framework/src/Illuminate/View/Engines/PhpEngine.php(58): Illuminate\\Filesystem\\Filesystem->getRequire('/Users/aldyheli...', Array)
#24 /Users/aldyhelix/Projects/www/backend_rmi/vendor/livewire/livewire/src/ComponentConcerns/RendersLivewireComponents.php(69): Illuminate\\View\\Engines\\PhpEngine->evaluatePath('/Users/aldyheli...', Array)
#25 /Users/aldyhelix/Projects/www/backend_rmi/vendor/laravel/framework/src/Illuminate/View/Engines/CompilerEngine.php(61): Livewire\\CompilerEngineForIgnition->evaluatePath('/Users/aldyheli...', Array)
#26 /Users/aldyhelix/Projects/www/backend_rmi/vendor/facade/ignition/src/Views/Engines/CompilerEngine.php(37): Illuminate\\View\\Engines\\CompilerEngine->get('/Users/aldyheli...', Array)
#27 /Users/aldyhelix/Projects/www/backend_rmi/vendor/livewire/livewire/src/ComponentConcerns/RendersLivewireComponents.php(35): Facade\\Ignition\\Views\\Engines\\CompilerEngine->get('/Users/aldyheli...', Array)
#28 /Users/aldyhelix/Projects/www/backend_rmi/vendor/laravel/framework/src/Illuminate/View/View.php(139): Livewire\\CompilerEngineForIgnition->get('/Users/aldyheli...', Array)
#29 /Users/aldyhelix/Projects/www/backend_rmi/vendor/laravel/framework/src/Illuminate/View/View.php(122): Illuminate\\View\\View->getContents()
#30 /Users/aldyhelix/Projects/www/backend_rmi/vendor/laravel/framework/src/Illuminate/View/View.php(91): Illuminate\\View\\View->renderContents()
#31 /Users/aldyhelix/Projects/www/backend_rmi/vendor/laravel/framework/src/Illuminate/Http/Response.php(69): Illuminate\\View\\View->render()
#32 /Users/aldyhelix/Projects/www/backend_rmi/vendor/laravel/framework/src/Illuminate/Http/Response.php(35): Illuminate\\Http\\Response->setContent(Object(Illuminate\\View\\View))
#33 /Users/aldyhelix/Projects/www/backend_rmi/vendor/laravel/framework/src/Illuminate/Routing/Router.php(820): Illuminate\\Http\\Response->__construct(Object(Illuminate\\View\\View), 200, Array)
#34 /Users/aldyhelix/Projects/www/backend_rmi/vendor/laravel/framework/src/Illuminate/Routing/Router.php(789): Illuminate\\Routing\\Router::toResponse(Object(Illuminate\\Http\\Request), Object(Illuminate\\View\\View))
#35 /Users/aldyhelix/Projects/www/backend_rmi/vendor/laravel/framework/src/Illuminate/Routing/Router.php(720): Illuminate\\Routing\\Router->prepareResponse(Object(Illuminate\\Http\\Request), Object(Illuminate\\View\\View))
#36 /Users/aldyhelix/Projects/www/backend_rmi/vendor/laravel/framework/src/Illuminate/Pipeline/Pipeline.php(128): Illuminate\\Routing\\Router->Illuminate\\Routing\\{closure}(Object(Illuminate\\Http\\Request))
#37 /Users/aldyhelix/Projects/www/backend_rmi/app/Http/Middleware/DashboardSetup.php(22): Illuminate\\Pipeline\\Pipeline->Illuminate\\Pipeline\\{closure}(Object(Illuminate\\Http\\Request))
#38 /Users/aldyhelix/Projects/www/backend_rmi/vendor/laravel/framework/src/Illuminate/Pipeline/Pipeline.php(167): App\\Http\\Middleware\\DashboardSetup->handle(Object(Illuminate\\Http\\Request), Object(Closure))
#39 /Users/aldyhelix/Projects/www/backend_rmi/app/Http/Middleware/CheckIfBillingInfoRequired.php(24): Illuminate\\Pipeline\\Pipeline->Illuminate\\Pipeline\\{closure}(Object(Illuminate\\Http\\Request))
#40 /Users/aldyhelix/Projects/www/backend_rmi/vendor/laravel/framework/src/Illuminate/Pipeline/Pipeline.php(167): App\\Http\\Middleware\\CheckIfBillingInfoRequired->handle(Object(Illuminate\\Http\\Request), Object(Closure))
#41 /Users/aldyhelix/Projects/www/backend_rmi/app/Http/Middleware/VerifyUserIsSubscribed.php(25): Illuminate\\Pipeline\\Pipeline->Illuminate\\Pipeline\\{closure}(Object(Illuminate\\Http\\Request))
#42 /Users/aldyhelix/Projects/www/backend_rmi/vendor/laravel/framework/src/Illuminate/Pipeline/Pipeline.php(167): App\\Http\\Middleware\\VerifyUserIsSubscribed->handle(Object(Illuminate\\Http\\Request), Object(Closure))
#43 /Users/aldyhelix/Projects/www/backend_rmi/app/Http/Middleware/CookieConsentMiddleware.php(21): Illuminate\\Pipeline\\Pipeline->Illuminate\\Pipeline\\{closure}(Object(Illuminate\\Http\\Request))
#44 /Users/aldyhelix/Projects/www/backend_rmi/vendor/laravel/framework/src/Illuminate/Pipeline/Pipeline.php(167): App\\Http\\Middleware\\CookieConsentMiddleware->handle(Object(Illuminate\\Http\\Request), Object(Closure))
#45 /Users/aldyhelix/Projects/www/backend_rmi/app/Http/Middleware/Language.php(64): Illuminate\\Pipeline\\Pipeline->Illuminate\\Pipeline\\{closure}(Object(Illuminate\\Http\\Request))
#46 /Users/aldyhelix/Projects/www/backend_rmi/vendor/laravel/framework/src/Illuminate/Pipeline/Pipeline.php(167): App\\Http\\Middleware\\Language->handle(Object(Illuminate\\Http\\Request), Object(Closure))
#47 /Users/aldyhelix/Projects/www/backend_rmi/app/Http/Middleware/InitSettings.php(8): Illuminate\\Pipeline\\Pipeline->Illuminate\\Pipeline\\{closure}(Object(Illuminate\\Http\\Request))
#48 /Users/aldyhelix/Projects/www/backend_rmi/vendor/laravel/framework/src/Illuminate/Pipeline/Pipeline.php(167): App\\Http\\Middleware\\InitSettings->handle(Object(Illuminate\\Http\\Request), Object(Closure))
#49 /Users/aldyhelix/Projects/www/backend_rmi/vendor/laravel/framework/src/Illuminate/Routing/Middleware/SubstituteBindings.php(50): Illuminate\\Pipeline\\Pipeline->Illuminate\\Pipeline\\{closure}(Object(Illuminate\\Http\\Request))
#50 /Users/aldyhelix/Projects/www/backend_rmi/vendor/laravel/framework/src/Illuminate/Pipeline/Pipeline.php(167): Illuminate\\Routing\\Middleware\\SubstituteBindings->handle(Object(Illuminate\\Http\\Request), Object(Closure))
#51 /Users/aldyhelix/Projects/www/backend_rmi/vendor/laravel/framework/src/Illuminate/Auth/Middleware/Authenticate.php(44): Illuminate\\Pipeline\\Pipeline->Illuminate\\Pipeline\\{closure}(Object(Illuminate\\Http\\Request))
#52 /Users/aldyhelix/Projects/www/backend_rmi/vendor/laravel/framework/src/Illuminate/Pipeline/Pipeline.php(167): Illuminate\\Auth\\Middleware\\Authenticate->handle(Object(Illuminate\\Http\\Request), Object(Closure))
#53 /Users/aldyhelix/Projects/www/backend_rmi/vendor/laravel/framework/src/Illuminate/Foundation/Http/Middleware/VerifyCsrfToken.php(78): Illuminate\\Pipeline\\Pipeline->Illuminate\\Pipeline\\{closure}(Object(Illuminate\\Http\\Request))
#54 /Users/aldyhelix/Projects/www/backend_rmi/vendor/laravel/framework/src/Illuminate/Pipeline/Pipeline.php(167): Illuminate\\Foundation\\Http\\Middleware\\VerifyCsrfToken->handle(Object(Illuminate\\Http\\Request), Object(Closure))
#55 /Users/aldyhelix/Projects/www/backend_rmi/vendor/laravel/framework/src/Illuminate/View/Middleware/ShareErrorsFromSession.php(49): Illuminate\\Pipeline\\Pipeline->Illuminate\\Pipeline\\{closure}(Object(Illuminate\\Http\\Request))
#56 /Users/aldyhelix/Projects/www/backend_rmi/vendor/laravel/framework/src/Illuminate/Pipeline/Pipeline.php(167): Illuminate\\View\\Middleware\\ShareErrorsFromSession->handle(Object(Illuminate\\Http\\Request), Object(Closure))
#57 /Users/aldyhelix/Projects/www/backend_rmi/vendor/laravel/framework/src/Illuminate/Session/Middleware/StartSession.php(121): Illuminate\\Pipeline\\Pipeline->Illuminate\\Pipeline\\{closure}(Object(Illuminate\\Http\\Request))
#58 /Users/aldyhelix/Projects/www/backend_rmi/vendor/laravel/framework/src/Illuminate/Session/Middleware/StartSession.php(64): Illuminate\\Session\\Middleware\\StartSession->handleStatefulRequest(Object(Illuminate\\Http\\Request), Object(Illuminate\\Session\\EncryptedStore), Object(Closure))
#59 /Users/aldyhelix/Projects/www/backend_rmi/vendor/laravel/framework/src/Illuminate/Pipeline/Pipeline.php(167): Illuminate\\Session\\Middleware\\StartSession->handle(Object(Illuminate\\Http\\Request), Object(Closure))
#60 /Users/aldyhelix/Projects/www/backend_rmi/vendor/laravel/framework/src/Illuminate/Cookie/Middleware/AddQueuedCookiesToResponse.php(37): Illuminate\\Pipeline\\Pipeline->Illuminate\\Pipeline\\{closure}(Object(Illuminate\\Http\\Request))
#61 /Users/aldyhelix/Projects/www/backend_rmi/vendor/laravel/framework/src/Illuminate/Pipeline/Pipeline.php(167): Illuminate\\Cookie\\Middleware\\AddQueuedCookiesToResponse->handle(Object(Illuminate\\Http\\Request), Object(Closure))
#62 /Users/aldyhelix/Projects/www/backend_rmi/vendor/laravel/framework/src/Illuminate/Cookie/Middleware/EncryptCookies.php(67): Illuminate\\Pipeline\\Pipeline->Illuminate\\Pipeline\\{closure}(Object(Illuminate\\Http\\Request))
#63 /Users/aldyhelix/Projects/www/backend_rmi/vendor/laravel/framework/src/Illuminate/Pipeline/Pipeline.php(167): Illuminate\\Cookie\\Middleware\\EncryptCookies->handle(Object(Illuminate\\Http\\Request), Object(Closure))
#64 /Users/aldyhelix/Projects/www/backend_rmi/vendor/laravel/framework/src/Illuminate/Pipeline/Pipeline.php(103): Illuminate\\Pipeline\\Pipeline->Illuminate\\Pipeline\\{closure}(Object(Illuminate\\Http\\Request))
#65 /Users/aldyhelix/Projects/www/backend_rmi/vendor/laravel/framework/src/Illuminate/Routing/Router.php(719): Illuminate\\Pipeline\\Pipeline->then(Object(Closure))
#66 /Users/aldyhelix/Projects/www/backend_rmi/vendor/laravel/framework/src/Illuminate/Routing/Router.php(698): Illuminate\\Routing\\Router->runRouteWithinStack(Object(Illuminate\\Routing\\Route), Object(Illuminate\\Http\\Request))
#67 /Users/aldyhelix/Projects/www/backend_rmi/vendor/laravel/framework/src/Illuminate/Routing/Router.php(662): Illuminate\\Routing\\Router->runRoute(Object(Illuminate\\Http\\Request), Object(Illuminate\\Routing\\Route))
#68 /Users/aldyhelix/Projects/www/backend_rmi/vendor/laravel/framework/src/Illuminate/Routing/Router.php(651): Illuminate\\Routing\\Router->dispatchToRoute(Object(Illuminate\\Http\\Request))
#69 /Users/aldyhelix/Projects/www/backend_rmi/vendor/laravel/framework/src/Illuminate/Foundation/Http/Kernel.php(167): Illuminate\\Routing\\Router->dispatch(Object(Illuminate\\Http\\Request))
#70 /Users/aldyhelix/Projects/www/backend_rmi/vendor/laravel/framework/src/Illuminate/Pipeline/Pipeline.php(128): Illuminate\\Foundation\\Http\\Kernel->Illuminate\\Foundation\\Http\\{closure}(Object(Illuminate\\Http\\Request))
#71 /Users/aldyhelix/Projects/www/backend_rmi/vendor/livewire/livewire/src/DisableBrowserCache.php(19): Illuminate\\Pipeline\\Pipeline->Illuminate\\Pipeline\\{closure}(Object(Illuminate\\Http\\Request))
#72 /Users/aldyhelix/Projects/www/backend_rmi/vendor/laravel/framework/src/Illuminate/Pipeline/Pipeline.php(167): Livewire\\DisableBrowserCache->handle(Object(Illuminate\\Http\\Request), Object(Closure))
#73 /Users/aldyhelix/Projects/www/backend_rmi/vendor/barryvdh/laravel-debugbar/src/Middleware/InjectDebugbar.php(66): Illuminate\\Pipeline\\Pipeline->Illuminate\\Pipeline\\{closure}(Object(Illuminate\\Http\\Request))
#74 /Users/aldyhelix/Projects/www/backend_rmi/vendor/laravel/framework/src/Illuminate/Pipeline/Pipeline.php(167): Barryvdh\\Debugbar\\Middleware\\InjectDebugbar->handle(Object(Illuminate\\Http\\Request), Object(Closure))
#75 /Users/aldyhelix/Projects/www/backend_rmi/app/Http/Middleware/CheckForInstallation.php(19): Illuminate\\Pipeline\\Pipeline->Illuminate\\Pipeline\\{closure}(Object(Illuminate\\Http\\Request))
#76 /Users/aldyhelix/Projects/www/backend_rmi/vendor/laravel/framework/src/Illuminate/Pipeline/Pipeline.php(167): App\\Http\\Middleware\\CheckForInstallation->handle(Object(Illuminate\\Http\\Request), Object(Closure))
#77 /Users/aldyhelix/Projects/www/backend_rmi/vendor/laravel/framework/src/Illuminate/Foundation/Http/Middleware/TransformsRequest.php(21): Illuminate\\Pipeline\\Pipeline->Illuminate\\Pipeline\\{closure}(Object(Illuminate\\Http\\Request))
#78 /Users/aldyhelix/Projects/www/backend_rmi/vendor/laravel/framework/src/Illuminate/Foundation/Http/Middleware/ConvertEmptyStringsToNull.php(31): Illuminate\\Foundation\\Http\\Middleware\\TransformsRequest->handle(Object(Illuminate\\Http\\Request), Object(Closure))
#79 /Users/aldyhelix/Projects/www/backend_rmi/vendor/laravel/framework/src/Illuminate/Pipeline/Pipeline.php(167): Illuminate\\Foundation\\Http\\Middleware\\ConvertEmptyStringsToNull->handle(Object(Illuminate\\Http\\Request), Object(Closure))
#80 /Users/aldyhelix/Projects/www/backend_rmi/vendor/laravel/framework/src/Illuminate/Foundation/Http/Middleware/TransformsRequest.php(21): Illuminate\\Pipeline\\Pipeline->Illuminate\\Pipeline\\{closure}(Object(Illuminate\\Http\\Request))
#81 /Users/aldyhelix/Projects/www/backend_rmi/vendor/laravel/framework/src/Illuminate/Foundation/Http/Middleware/TrimStrings.php(40): Illuminate\\Foundation\\Http\\Middleware\\TransformsRequest->handle(Object(Illuminate\\Http\\Request), Object(Closure))
#82 /Users/aldyhelix/Projects/www/backend_rmi/vendor/laravel/framework/src/Illuminate/Pipeline/Pipeline.php(167): Illuminate\\Foundation\\Http\\Middleware\\TrimStrings->handle(Object(Illuminate\\Http\\Request), Object(Closure))
#83 /Users/aldyhelix/Projects/www/backend_rmi/vendor/laravel/framework/src/Illuminate/Foundation/Http/Middleware/ValidatePostSize.php(27): Illuminate\\Pipeline\\Pipeline->Illuminate\\Pipeline\\{closure}(Object(Illuminate\\Http\\Request))
#84 /Users/aldyhelix/Projects/www/backend_rmi/vendor/laravel/framework/src/Illuminate/Pipeline/Pipeline.php(167): Illuminate\\Foundation\\Http\\Middleware\\ValidatePostSize->handle(Object(Illuminate\\Http\\Request), Object(Closure))
#85 /Users/aldyhelix/Projects/www/backend_rmi/vendor/laravel/framework/src/Illuminate/Foundation/Http/Middleware/PreventRequestsDuringMaintenance.php(86): Illuminate\\Pipeline\\Pipeline->Illuminate\\Pipeline\\{closure}(Object(Illuminate\\Http\\Request))
#86 /Users/aldyhelix/Projects/www/backend_rmi/vendor/laravel/framework/src/Illuminate/Pipeline/Pipeline.php(167): Illuminate\\Foundation\\Http\\Middleware\\PreventRequestsDuringMaintenance->handle(Object(Illuminate\\Http\\Request), Object(Closure))
#87 /Users/aldyhelix/Projects/www/backend_rmi/vendor/fruitcake/laravel-cors/src/HandleCors.php(38): Illuminate\\Pipeline\\Pipeline->Illuminate\\Pipeline\\{closure}(Object(Illuminate\\Http\\Request))
#88 /Users/aldyhelix/Projects/www/backend_rmi/vendor/laravel/framework/src/Illuminate/Pipeline/Pipeline.php(167): Fruitcake\\Cors\\HandleCors->handle(Object(Illuminate\\Http\\Request), Object(Closure))
#89 /Users/aldyhelix/Projects/www/backend_rmi/vendor/laravel/framework/src/Illuminate/Http/Middleware/TrustProxies.php(39): Illuminate\\Pipeline\\Pipeline->Illuminate\\Pipeline\\{closure}(Object(Illuminate\\Http\\Request))
#90 /Users/aldyhelix/Projects/www/backend_rmi/vendor/laravel/framework/src/Illuminate/Pipeline/Pipeline.php(167): Illuminate\\Http\\Middleware\\TrustProxies->handle(Object(Illuminate\\Http\\Request), Object(Closure))
#91 /Users/aldyhelix/Projects/www/backend_rmi/vendor/laravel/framework/src/Illuminate/Pipeline/Pipeline.php(103): Illuminate\\Pipeline\\Pipeline->Illuminate\\Pipeline\\{closure}(Object(Illuminate\\Http\\Request))
#92 /Users/aldyhelix/Projects/www/backend_rmi/vendor/laravel/framework/src/Illuminate/Foundation/Http/Kernel.php(142): Illuminate\\Pipeline\\Pipeline->then(Object(Closure))
#93 /Users/aldyhelix/Projects/www/backend_rmi/vendor/laravel/framework/src/Illuminate/Foundation/Http/Kernel.php(111): Illuminate\\Foundation\\Http\\Kernel->sendRequestThroughRouter(Object(Illuminate\\Http\\Request))
#94 /Users/aldyhelix/Projects/www/backend_rmi/public/index.php(58): Illuminate\\Foundation\\Http\\Kernel->handle(Object(Illuminate\\Http\\Request))
#95 /Applications/Herd.app/Contents/Resources/valet/server.php(153): require('/Users/aldyheli...')
#96 {main}
"} 
[2024-06-22 10:19:01] production.ERROR: SQLSTATE[42S22]: Column not found: 1054 Unknown column 'cust.hospital_group' in 'where clause' (SQL: select count(distinct `o`.`customer_id`) as aggregate from `orders` as `o` inner join `order_items` as `oi` on `o`.`id` = `oi`.`order_id` inner join `inventories` as `i` on `oi`.`inventory_id` = `i`.`id` inner join `products` as `p` on `i`.`product_id` = `p`.`id` inner join `category_product` as `cp` on `p`.`id` = `cp`.`product_id` where `cust`.`hospital_group` LIKE %RSUD% and `customer_id` is not null) {"userId":1,"exception":"[object] (Illuminate\\Database\\QueryException(code: 42S22): SQLSTATE[42S22]: Column not found: 1054 Unknown column 'cust.hospital_group' in 'where clause' (SQL: select count(distinct `o`.`customer_id`) as aggregate from `orders` as `o` inner join `order_items` as `oi` on `o`.`id` = `oi`.`order_id` inner join `inventories` as `i` on `oi`.`inventory_id` = `i`.`id` inner join `products` as `p` on `i`.`product_id` = `p`.`id` inner join `category_product` as `cp` on `p`.`id` = `cp`.`product_id` where `cust`.`hospital_group` LIKE %RSUD% and `customer_id` is not null) at /Users/aldyhelix/Projects/www/backend_rmi/vendor/laravel/framework/src/Illuminate/Database/Connection.php:712)
[stacktrace]
#0 /Users/aldyhelix/Projects/www/backend_rmi/vendor/laravel/framework/src/Illuminate/Database/Connection.php(672): Illuminate\\Database\\Connection->runQueryCallback('select count(di...', Array, Object(Closure))
#1 /Users/aldyhelix/Projects/www/backend_rmi/vendor/laravel/framework/src/Illuminate/Database/Connection.php(359): Illuminate\\Database\\Connection->run('select count(di...', Array, Object(Closure))
#2 /Users/aldyhelix/Projects/www/backend_rmi/vendor/laravel/framework/src/Illuminate/Database/Query/Builder.php(2413): Illuminate\\Database\\Connection->select('select count(di...', Array, true)
#3 /Users/aldyhelix/Projects/www/backend_rmi/vendor/laravel/framework/src/Illuminate/Database/Query/Builder.php(2402): Illuminate\\Database\\Query\\Builder->runSelect()
#4 /Users/aldyhelix/Projects/www/backend_rmi/vendor/laravel/framework/src/Illuminate/Database/Query/Builder.php(2936): Illuminate\\Database\\Query\\Builder->Illuminate\\Database\\Query\\{closure}()
#5 /Users/aldyhelix/Projects/www/backend_rmi/vendor/laravel/framework/src/Illuminate/Database/Query/Builder.php(2401): Illuminate\\Database\\Query\\Builder->onceWithColumns(Array, Object(Closure))
#6 /Users/aldyhelix/Projects/www/backend_rmi/vendor/laravel/framework/src/Illuminate/Database/Query/Builder.php(2863): Illuminate\\Database\\Query\\Builder->get(Array)
#7 /Users/aldyhelix/Projects/www/backend_rmi/vendor/laravel/framework/src/Illuminate/Database/Query/Builder.php(2791): Illuminate\\Database\\Query\\Builder->aggregate('count', Array)
#8 /Users/aldyhelix/Projects/www/backend_rmi/app/Http/Livewire/Dashboard.php(414): Illuminate\\Database\\Query\\Builder->count('o.customer_id')
#9 /Users/aldyhelix/Projects/www/backend_rmi/app/Http/Livewire/Dashboard.php(250): App\\Http\\Livewire\\Dashboard->updatedCustomerCount()
#10 /Users/aldyhelix/Projects/www/backend_rmi/app/Http/Livewire/Dashboard.php(157): App\\Http\\Livewire\\Dashboard->updateCardSection()
#11 /Users/aldyhelix/Projects/www/backend_rmi/vendor/livewire/livewire/src/ComponentConcerns/HandlesActions.php(95): App\\Http\\Livewire\\Dashboard->updatedSelectedClientGroupOption('RSUD', NULL)
#12 /Users/aldyhelix/Projects/www/backend_rmi/vendor/livewire/livewire/src/ComponentConcerns/HandlesActions.php(28): Livewire\\Component->callBeforeAndAfterSyncHooks('selectedClientG...', 'RSUD', Object(Closure))
#13 /Users/aldyhelix/Projects/www/backend_rmi/vendor/livewire/livewire/src/HydrationMiddleware/PerformDataBindingUpdates.php(20): Livewire\\Component->syncInput('selectedClientG...', 'RSUD')
#14 /Users/aldyhelix/Projects/www/backend_rmi/vendor/livewire/livewire/src/LifecycleManager.php(89): Livewire\\HydrationMiddleware\\PerformDataBindingUpdates::hydrate(Object(App\\Http\\Livewire\\Dashboard), Object(Livewire\\Request))
#15 /Users/aldyhelix/Projects/www/backend_rmi/vendor/livewire/livewire/src/Connection/ConnectionHandler.php(13): Livewire\\LifecycleManager->hydrate()
#16 /Users/aldyhelix/Projects/www/backend_rmi/vendor/livewire/livewire/src/Controllers/HttpConnectionHandler.php(19): Livewire\\Connection\\ConnectionHandler->handle(Array)
#17 /Users/aldyhelix/Projects/www/backend_rmi/vendor/laravel/framework/src/Illuminate/Routing/ControllerDispatcher.php(48): Livewire\\Controllers\\HttpConnectionHandler->__invoke('dashboard')
#18 /Users/aldyhelix/Projects/www/backend_rmi/vendor/laravel/framework/src/Illuminate/Routing/Route.php(261): Illuminate\\Routing\\ControllerDispatcher->dispatch(Object(Illuminate\\Routing\\Route), Object(Livewire\\Controllers\\HttpConnectionHandler), '__invoke')
#19 /Users/aldyhelix/Projects/www/backend_rmi/vendor/laravel/framework/src/Illuminate/Routing/Route.php(205): Illuminate\\Routing\\Route->runController()
#20 /Users/aldyhelix/Projects/www/backend_rmi/vendor/laravel/framework/src/Illuminate/Routing/Router.php(721): Illuminate\\Routing\\Route->run()
#21 /Users/aldyhelix/Projects/www/backend_rmi/vendor/laravel/framework/src/Illuminate/Pipeline/Pipeline.php(128): Illuminate\\Routing\\Router->Illuminate\\Routing\\{closure}(Object(Illuminate\\Http\\Request))
#22 /Users/aldyhelix/Projects/www/backend_rmi/app/Http/Middleware/CookieConsentMiddleware.php(21): Illuminate\\Pipeline\\Pipeline->Illuminate\\Pipeline\\{closure}(Object(Illuminate\\Http\\Request))
#23 /Users/aldyhelix/Projects/www/backend_rmi/vendor/laravel/framework/src/Illuminate/Pipeline/Pipeline.php(167): App\\Http\\Middleware\\CookieConsentMiddleware->handle(Object(Illuminate\\Http\\Request), Object(Closure))
#24 /Users/aldyhelix/Projects/www/backend_rmi/app/Http/Middleware/Language.php(64): Illuminate\\Pipeline\\Pipeline->Illuminate\\Pipeline\\{closure}(Object(Illuminate\\Http\\Request))
#25 /Users/aldyhelix/Projects/www/backend_rmi/vendor/laravel/framework/src/Illuminate/Pipeline/Pipeline.php(167): App\\Http\\Middleware\\Language->handle(Object(Illuminate\\Http\\Request), Object(Closure))
#26 /Users/aldyhelix/Projects/www/backend_rmi/app/Http/Middleware/InitSettings.php(8): Illuminate\\Pipeline\\Pipeline->Illuminate\\Pipeline\\{closure}(Object(Illuminate\\Http\\Request))
#27 /Users/aldyhelix/Projects/www/backend_rmi/vendor/laravel/framework/src/Illuminate/Pipeline/Pipeline.php(167): App\\Http\\Middleware\\InitSettings->handle(Object(Illuminate\\Http\\Request), Object(Closure))
#28 /Users/aldyhelix/Projects/www/backend_rmi/vendor/laravel/framework/src/Illuminate/Routing/Middleware/SubstituteBindings.php(50): Illuminate\\Pipeline\\Pipeline->Illuminate\\Pipeline\\{closure}(Object(Illuminate\\Http\\Request))
#29 /Users/aldyhelix/Projects/www/backend_rmi/vendor/laravel/framework/src/Illuminate/Pipeline/Pipeline.php(167): Illuminate\\Routing\\Middleware\\SubstituteBindings->handle(Object(Illuminate\\Http\\Request), Object(Closure))
#30 /Users/aldyhelix/Projects/www/backend_rmi/vendor/laravel/framework/src/Illuminate/Foundation/Http/Middleware/VerifyCsrfToken.php(78): Illuminate\\Pipeline\\Pipeline->Illuminate\\Pipeline\\{closure}(Object(Illuminate\\Http\\Request))
#31 /Users/aldyhelix/Projects/www/backend_rmi/vendor/laravel/framework/src/Illuminate/Pipeline/Pipeline.php(167): Illuminate\\Foundation\\Http\\Middleware\\VerifyCsrfToken->handle(Object(Illuminate\\Http\\Request), Object(Closure))
#32 /Users/aldyhelix/Projects/www/backend_rmi/vendor/laravel/framework/src/Illuminate/View/Middleware/ShareErrorsFromSession.php(49): Illuminate\\Pipeline\\Pipeline->Illuminate\\Pipeline\\{closure}(Object(Illuminate\\Http\\Request))
#33 /Users/aldyhelix/Projects/www/backend_rmi/vendor/laravel/framework/src/Illuminate/Pipeline/Pipeline.php(167): Illuminate\\View\\Middleware\\ShareErrorsFromSession->handle(Object(Illuminate\\Http\\Request), Object(Closure))
#34 /Users/aldyhelix/Projects/www/backend_rmi/vendor/laravel/framework/src/Illuminate/Session/Middleware/StartSession.php(121): Illuminate\\Pipeline\\Pipeline->Illuminate\\Pipeline\\{closure}(Object(Illuminate\\Http\\Request))
#35 /Users/aldyhelix/Projects/www/backend_rmi/vendor/laravel/framework/src/Illuminate/Session/Middleware/StartSession.php(64): Illuminate\\Session\\Middleware\\StartSession->handleStatefulRequest(Object(Illuminate\\Http\\Request), Object(Illuminate\\Session\\EncryptedStore), Object(Closure))
#36 /Users/aldyhelix/Projects/www/backend_rmi/vendor/laravel/framework/src/Illuminate/Pipeline/Pipeline.php(167): Illuminate\\Session\\Middleware\\StartSession->handle(Object(Illuminate\\Http\\Request), Object(Closure))
#37 /Users/aldyhelix/Projects/www/backend_rmi/vendor/laravel/framework/src/Illuminate/Cookie/Middleware/AddQueuedCookiesToResponse.php(37): Illuminate\\Pipeline\\Pipeline->Illuminate\\Pipeline\\{closure}(Object(Illuminate\\Http\\Request))
#38 /Users/aldyhelix/Projects/www/backend_rmi/vendor/laravel/framework/src/Illuminate/Pipeline/Pipeline.php(167): Illuminate\\Cookie\\Middleware\\AddQueuedCookiesToResponse->handle(Object(Illuminate\\Http\\Request), Object(Closure))
#39 /Users/aldyhelix/Projects/www/backend_rmi/vendor/laravel/framework/src/Illuminate/Cookie/Middleware/EncryptCookies.php(67): Illuminate\\Pipeline\\Pipeline->Illuminate\\Pipeline\\{closure}(Object(Illuminate\\Http\\Request))
#40 /Users/aldyhelix/Projects/www/backend_rmi/vendor/laravel/framework/src/Illuminate/Pipeline/Pipeline.php(167): Illuminate\\Cookie\\Middleware\\EncryptCookies->handle(Object(Illuminate\\Http\\Request), Object(Closure))
#41 /Users/aldyhelix/Projects/www/backend_rmi/vendor/laravel/framework/src/Illuminate/Pipeline/Pipeline.php(103): Illuminate\\Pipeline\\Pipeline->Illuminate\\Pipeline\\{closure}(Object(Illuminate\\Http\\Request))
#42 /Users/aldyhelix/Projects/www/backend_rmi/vendor/laravel/framework/src/Illuminate/Routing/Router.php(719): Illuminate\\Pipeline\\Pipeline->then(Object(Closure))
#43 /Users/aldyhelix/Projects/www/backend_rmi/vendor/laravel/framework/src/Illuminate/Routing/Router.php(698): Illuminate\\Routing\\Router->runRouteWithinStack(Object(Illuminate\\Routing\\Route), Object(Illuminate\\Http\\Request))
#44 /Users/aldyhelix/Projects/www/backend_rmi/vendor/laravel/framework/src/Illuminate/Routing/Router.php(662): Illuminate\\Routing\\Router->runRoute(Object(Illuminate\\Http\\Request), Object(Illuminate\\Routing\\Route))
#45 /Users/aldyhelix/Projects/www/backend_rmi/vendor/laravel/framework/src/Illuminate/Routing/Router.php(651): Illuminate\\Routing\\Router->dispatchToRoute(Object(Illuminate\\Http\\Request))
#46 /Users/aldyhelix/Projects/www/backend_rmi/vendor/laravel/framework/src/Illuminate/Foundation/Http/Kernel.php(167): Illuminate\\Routing\\Router->dispatch(Object(Illuminate\\Http\\Request))
#47 /Users/aldyhelix/Projects/www/backend_rmi/vendor/laravel/framework/src/Illuminate/Pipeline/Pipeline.php(128): Illuminate\\Foundation\\Http\\Kernel->Illuminate\\Foundation\\Http\\{closure}(Object(Illuminate\\Http\\Request))
#48 /Users/aldyhelix/Projects/www/backend_rmi/vendor/livewire/livewire/src/DisableBrowserCache.php(19): Illuminate\\Pipeline\\Pipeline->Illuminate\\Pipeline\\{closure}(Object(Illuminate\\Http\\Request))
#49 /Users/aldyhelix/Projects/www/backend_rmi/vendor/laravel/framework/src/Illuminate/Pipeline/Pipeline.php(167): Livewire\\DisableBrowserCache->handle(Object(Illuminate\\Http\\Request), Object(Closure))
#50 /Users/aldyhelix/Projects/www/backend_rmi/vendor/barryvdh/laravel-debugbar/src/Middleware/InjectDebugbar.php(66): Illuminate\\Pipeline\\Pipeline->Illuminate\\Pipeline\\{closure}(Object(Illuminate\\Http\\Request))
#51 /Users/aldyhelix/Projects/www/backend_rmi/vendor/laravel/framework/src/Illuminate/Pipeline/Pipeline.php(167): Barryvdh\\Debugbar\\Middleware\\InjectDebugbar->handle(Object(Illuminate\\Http\\Request), Object(Closure))
#52 /Users/aldyhelix/Projects/www/backend_rmi/app/Http/Middleware/CheckForInstallation.php(19): Illuminate\\Pipeline\\Pipeline->Illuminate\\Pipeline\\{closure}(Object(Illuminate\\Http\\Request))
#53 /Users/aldyhelix/Projects/www/backend_rmi/vendor/laravel/framework/src/Illuminate/Pipeline/Pipeline.php(167): App\\Http\\Middleware\\CheckForInstallation->handle(Object(Illuminate\\Http\\Request), Object(Closure))
#54 /Users/aldyhelix/Projects/www/backend_rmi/vendor/laravel/framework/src/Illuminate/Foundation/Http/Middleware/ConvertEmptyStringsToNull.php(27): Illuminate\\Pipeline\\Pipeline->Illuminate\\Pipeline\\{closure}(Object(Illuminate\\Http\\Request))
#55 /Users/aldyhelix/Projects/www/backend_rmi/vendor/laravel/framework/src/Illuminate/Pipeline/Pipeline.php(167): Illuminate\\Foundation\\Http\\Middleware\\ConvertEmptyStringsToNull->handle(Object(Illuminate\\Http\\Request), Object(Closure))
#56 /Users/aldyhelix/Projects/www/backend_rmi/vendor/laravel/framework/src/Illuminate/Foundation/Http/Middleware/TrimStrings.php(36): Illuminate\\Pipeline\\Pipeline->Illuminate\\Pipeline\\{closure}(Object(Illuminate\\Http\\Request))
#57 /Users/aldyhelix/Projects/www/backend_rmi/vendor/laravel/framework/src/Illuminate/Pipeline/Pipeline.php(167): Illuminate\\Foundation\\Http\\Middleware\\TrimStrings->handle(Object(Illuminate\\Http\\Request), Object(Closure))
#58 /Users/aldyhelix/Projects/www/backend_rmi/vendor/laravel/framework/src/Illuminate/Foundation/Http/Middleware/ValidatePostSize.php(27): Illuminate\\Pipeline\\Pipeline->Illuminate\\Pipeline\\{closure}(Object(Illuminate\\Http\\Request))
#59 /Users/aldyhelix/Projects/www/backend_rmi/vendor/laravel/framework/src/Illuminate/Pipeline/Pipeline.php(167): Illuminate\\Foundation\\Http\\Middleware\\ValidatePostSize->handle(Object(Illuminate\\Http\\Request), Object(Closure))
#60 /Users/aldyhelix/Projects/www/backend_rmi/vendor/laravel/framework/src/Illuminate/Foundation/Http/Middleware/PreventRequestsDuringMaintenance.php(86): Illuminate\\Pipeline\\Pipeline->Illuminate\\Pipeline\\{closure}(Object(Illuminate\\Http\\Request))
#61 /Users/aldyhelix/Projects/www/backend_rmi/vendor/laravel/framework/src/Illuminate/Pipeline/Pipeline.php(167): Illuminate\\Foundation\\Http\\Middleware\\PreventRequestsDuringMaintenance->handle(Object(Illuminate\\Http\\Request), Object(Closure))
#62 /Users/aldyhelix/Projects/www/backend_rmi/vendor/fruitcake/laravel-cors/src/HandleCors.php(38): Illuminate\\Pipeline\\Pipeline->Illuminate\\Pipeline\\{closure}(Object(Illuminate\\Http\\Request))
#63 /Users/aldyhelix/Projects/www/backend_rmi/vendor/laravel/framework/src/Illuminate/Pipeline/Pipeline.php(167): Fruitcake\\Cors\\HandleCors->handle(Object(Illuminate\\Http\\Request), Object(Closure))
#64 /Users/aldyhelix/Projects/www/backend_rmi/vendor/laravel/framework/src/Illuminate/Http/Middleware/TrustProxies.php(39): Illuminate\\Pipeline\\Pipeline->Illuminate\\Pipeline\\{closure}(Object(Illuminate\\Http\\Request))
#65 /Users/aldyhelix/Projects/www/backend_rmi/vendor/laravel/framework/src/Illuminate/Pipeline/Pipeline.php(167): Illuminate\\Http\\Middleware\\TrustProxies->handle(Object(Illuminate\\Http\\Request), Object(Closure))
#66 /Users/aldyhelix/Projects/www/backend_rmi/vendor/laravel/framework/src/Illuminate/Pipeline/Pipeline.php(103): Illuminate\\Pipeline\\Pipeline->Illuminate\\Pipeline\\{closure}(Object(Illuminate\\Http\\Request))
#67 /Users/aldyhelix/Projects/www/backend_rmi/vendor/laravel/framework/src/Illuminate/Foundation/Http/Kernel.php(142): Illuminate\\Pipeline\\Pipeline->then(Object(Closure))
#68 /Users/aldyhelix/Projects/www/backend_rmi/vendor/laravel/framework/src/Illuminate/Foundation/Http/Kernel.php(111): Illuminate\\Foundation\\Http\\Kernel->sendRequestThroughRouter(Object(Illuminate\\Http\\Request))
#69 /Users/aldyhelix/Projects/www/backend_rmi/public/index.php(58): Illuminate\\Foundation\\Http\\Kernel->handle(Object(Illuminate\\Http\\Request))
#70 /Applications/Herd.app/Contents/Resources/valet/server.php(153): require('/Users/aldyheli...')
#71 {main}

[previous exception] [object] (PDOException(code: 42S22): SQLSTATE[42S22]: Column not found: 1054 Unknown column 'cust.hospital_group' in 'where clause' at /Users/aldyhelix/Projects/www/backend_rmi/vendor/laravel/framework/src/Illuminate/Database/Connection.php:368)
[stacktrace]
#0 /Users/aldyhelix/Projects/www/backend_rmi/vendor/laravel/framework/src/Illuminate/Database/Connection.php(368): PDO->prepare('select count(di...')
#1 /Users/aldyhelix/Projects/www/backend_rmi/vendor/laravel/framework/src/Illuminate/Database/Connection.php(705): Illuminate\\Database\\Connection->Illuminate\\Database\\{closure}('select count(di...', Array)
#2 /Users/aldyhelix/Projects/www/backend_rmi/vendor/laravel/framework/src/Illuminate/Database/Connection.php(672): Illuminate\\Database\\Connection->runQueryCallback('select count(di...', Array, Object(Closure))
#3 /Users/aldyhelix/Projects/www/backend_rmi/vendor/laravel/framework/src/Illuminate/Database/Connection.php(359): Illuminate\\Database\\Connection->run('select count(di...', Array, Object(Closure))
#4 /Users/aldyhelix/Projects/www/backend_rmi/vendor/laravel/framework/src/Illuminate/Database/Query/Builder.php(2413): Illuminate\\Database\\Connection->select('select count(di...', Array, true)
#5 /Users/aldyhelix/Projects/www/backend_rmi/vendor/laravel/framework/src/Illuminate/Database/Query/Builder.php(2402): Illuminate\\Database\\Query\\Builder->runSelect()
#6 /Users/aldyhelix/Projects/www/backend_rmi/vendor/laravel/framework/src/Illuminate/Database/Query/Builder.php(2936): Illuminate\\Database\\Query\\Builder->Illuminate\\Database\\Query\\{closure}()
#7 /Users/aldyhelix/Projects/www/backend_rmi/vendor/laravel/framework/src/Illuminate/Database/Query/Builder.php(2401): Illuminate\\Database\\Query\\Builder->onceWithColumns(Array, Object(Closure))
#8 /Users/aldyhelix/Projects/www/backend_rmi/vendor/laravel/framework/src/Illuminate/Database/Query/Builder.php(2863): Illuminate\\Database\\Query\\Builder->get(Array)
#9 /Users/aldyhelix/Projects/www/backend_rmi/vendor/laravel/framework/src/Illuminate/Database/Query/Builder.php(2791): Illuminate\\Database\\Query\\Builder->aggregate('count', Array)
#10 /Users/aldyhelix/Projects/www/backend_rmi/app/Http/Livewire/Dashboard.php(414): Illuminate\\Database\\Query\\Builder->count('o.customer_id')
#11 /Users/aldyhelix/Projects/www/backend_rmi/app/Http/Livewire/Dashboard.php(250): App\\Http\\Livewire\\Dashboard->updatedCustomerCount()
#12 /Users/aldyhelix/Projects/www/backend_rmi/app/Http/Livewire/Dashboard.php(157): App\\Http\\Livewire\\Dashboard->updateCardSection()
#13 /Users/aldyhelix/Projects/www/backend_rmi/vendor/livewire/livewire/src/ComponentConcerns/HandlesActions.php(95): App\\Http\\Livewire\\Dashboard->updatedSelectedClientGroupOption('RSUD', NULL)
#14 /Users/aldyhelix/Projects/www/backend_rmi/vendor/livewire/livewire/src/ComponentConcerns/HandlesActions.php(28): Livewire\\Component->callBeforeAndAfterSyncHooks('selectedClientG...', 'RSUD', Object(Closure))
#15 /Users/aldyhelix/Projects/www/backend_rmi/vendor/livewire/livewire/src/HydrationMiddleware/PerformDataBindingUpdates.php(20): Livewire\\Component->syncInput('selectedClientG...', 'RSUD')
#16 /Users/aldyhelix/Projects/www/backend_rmi/vendor/livewire/livewire/src/LifecycleManager.php(89): Livewire\\HydrationMiddleware\\PerformDataBindingUpdates::hydrate(Object(App\\Http\\Livewire\\Dashboard), Object(Livewire\\Request))
#17 /Users/aldyhelix/Projects/www/backend_rmi/vendor/livewire/livewire/src/Connection/ConnectionHandler.php(13): Livewire\\LifecycleManager->hydrate()
#18 /Users/aldyhelix/Projects/www/backend_rmi/vendor/livewire/livewire/src/Controllers/HttpConnectionHandler.php(19): Livewire\\Connection\\ConnectionHandler->handle(Array)
#19 /Users/aldyhelix/Projects/www/backend_rmi/vendor/laravel/framework/src/Illuminate/Routing/ControllerDispatcher.php(48): Livewire\\Controllers\\HttpConnectionHandler->__invoke('dashboard')
#20 /Users/aldyhelix/Projects/www/backend_rmi/vendor/laravel/framework/src/Illuminate/Routing/Route.php(261): Illuminate\\Routing\\ControllerDispatcher->dispatch(Object(Illuminate\\Routing\\Route), Object(Livewire\\Controllers\\HttpConnectionHandler), '__invoke')
#21 /Users/aldyhelix/Projects/www/backend_rmi/vendor/laravel/framework/src/Illuminate/Routing/Route.php(205): Illuminate\\Routing\\Route->runController()
#22 /Users/aldyhelix/Projects/www/backend_rmi/vendor/laravel/framework/src/Illuminate/Routing/Router.php(721): Illuminate\\Routing\\Route->run()
#23 /Users/aldyhelix/Projects/www/backend_rmi/vendor/laravel/framework/src/Illuminate/Pipeline/Pipeline.php(128): Illuminate\\Routing\\Router->Illuminate\\Routing\\{closure}(Object(Illuminate\\Http\\Request))
#24 /Users/aldyhelix/Projects/www/backend_rmi/app/Http/Middleware/CookieConsentMiddleware.php(21): Illuminate\\Pipeline\\Pipeline->Illuminate\\Pipeline\\{closure}(Object(Illuminate\\Http\\Request))
#25 /Users/aldyhelix/Projects/www/backend_rmi/vendor/laravel/framework/src/Illuminate/Pipeline/Pipeline.php(167): App\\Http\\Middleware\\CookieConsentMiddleware->handle(Object(Illuminate\\Http\\Request), Object(Closure))
#26 /Users/aldyhelix/Projects/www/backend_rmi/app/Http/Middleware/Language.php(64): Illuminate\\Pipeline\\Pipeline->Illuminate\\Pipeline\\{closure}(Object(Illuminate\\Http\\Request))
#27 /Users/aldyhelix/Projects/www/backend_rmi/vendor/laravel/framework/src/Illuminate/Pipeline/Pipeline.php(167): App\\Http\\Middleware\\Language->handle(Object(Illuminate\\Http\\Request), Object(Closure))
#28 /Users/aldyhelix/Projects/www/backend_rmi/app/Http/Middleware/InitSettings.php(8): Illuminate\\Pipeline\\Pipeline->Illuminate\\Pipeline\\{closure}(Object(Illuminate\\Http\\Request))
#29 /Users/aldyhelix/Projects/www/backend_rmi/vendor/laravel/framework/src/Illuminate/Pipeline/Pipeline.php(167): App\\Http\\Middleware\\InitSettings->handle(Object(Illuminate\\Http\\Request), Object(Closure))
#30 /Users/aldyhelix/Projects/www/backend_rmi/vendor/laravel/framework/src/Illuminate/Routing/Middleware/SubstituteBindings.php(50): Illuminate\\Pipeline\\Pipeline->Illuminate\\Pipeline\\{closure}(Object(Illuminate\\Http\\Request))
#31 /Users/aldyhelix/Projects/www/backend_rmi/vendor/laravel/framework/src/Illuminate/Pipeline/Pipeline.php(167): Illuminate\\Routing\\Middleware\\SubstituteBindings->handle(Object(Illuminate\\Http\\Request), Object(Closure))
#32 /Users/aldyhelix/Projects/www/backend_rmi/vendor/laravel/framework/src/Illuminate/Foundation/Http/Middleware/VerifyCsrfToken.php(78): Illuminate\\Pipeline\\Pipeline->Illuminate\\Pipeline\\{closure}(Object(Illuminate\\Http\\Request))
#33 /Users/aldyhelix/Projects/www/backend_rmi/vendor/laravel/framework/src/Illuminate/Pipeline/Pipeline.php(167): Illuminate\\Foundation\\Http\\Middleware\\VerifyCsrfToken->handle(Object(Illuminate\\Http\\Request), Object(Closure))
#34 /Users/aldyhelix/Projects/www/backend_rmi/vendor/laravel/framework/src/Illuminate/View/Middleware/ShareErrorsFromSession.php(49): Illuminate\\Pipeline\\Pipeline->Illuminate\\Pipeline\\{closure}(Object(Illuminate\\Http\\Request))
#35 /Users/aldyhelix/Projects/www/backend_rmi/vendor/laravel/framework/src/Illuminate/Pipeline/Pipeline.php(167): Illuminate\\View\\Middleware\\ShareErrorsFromSession->handle(Object(Illuminate\\Http\\Request), Object(Closure))
#36 /Users/aldyhelix/Projects/www/backend_rmi/vendor/laravel/framework/src/Illuminate/Session/Middleware/StartSession.php(121): Illuminate\\Pipeline\\Pipeline->Illuminate\\Pipeline\\{closure}(Object(Illuminate\\Http\\Request))
#37 /Users/aldyhelix/Projects/www/backend_rmi/vendor/laravel/framework/src/Illuminate/Session/Middleware/StartSession.php(64): Illuminate\\Session\\Middleware\\StartSession->handleStatefulRequest(Object(Illuminate\\Http\\Request), Object(Illuminate\\Session\\EncryptedStore), Object(Closure))
#38 /Users/aldyhelix/Projects/www/backend_rmi/vendor/laravel/framework/src/Illuminate/Pipeline/Pipeline.php(167): Illuminate\\Session\\Middleware\\StartSession->handle(Object(Illuminate\\Http\\Request), Object(Closure))
#39 /Users/aldyhelix/Projects/www/backend_rmi/vendor/laravel/framework/src/Illuminate/Cookie/Middleware/AddQueuedCookiesToResponse.php(37): Illuminate\\Pipeline\\Pipeline->Illuminate\\Pipeline\\{closure}(Object(Illuminate\\Http\\Request))
#40 /Users/aldyhelix/Projects/www/backend_rmi/vendor/laravel/framework/src/Illuminate/Pipeline/Pipeline.php(167): Illuminate\\Cookie\\Middleware\\AddQueuedCookiesToResponse->handle(Object(Illuminate\\Http\\Request), Object(Closure))
#41 /Users/aldyhelix/Projects/www/backend_rmi/vendor/laravel/framework/src/Illuminate/Cookie/Middleware/EncryptCookies.php(67): Illuminate\\Pipeline\\Pipeline->Illuminate\\Pipeline\\{closure}(Object(Illuminate\\Http\\Request))
#42 /Users/aldyhelix/Projects/www/backend_rmi/vendor/laravel/framework/src/Illuminate/Pipeline/Pipeline.php(167): Illuminate\\Cookie\\Middleware\\EncryptCookies->handle(Object(Illuminate\\Http\\Request), Object(Closure))
#43 /Users/aldyhelix/Projects/www/backend_rmi/vendor/laravel/framework/src/Illuminate/Pipeline/Pipeline.php(103): Illuminate\\Pipeline\\Pipeline->Illuminate\\Pipeline\\{closure}(Object(Illuminate\\Http\\Request))
#44 /Users/aldyhelix/Projects/www/backend_rmi/vendor/laravel/framework/src/Illuminate/Routing/Router.php(719): Illuminate\\Pipeline\\Pipeline->then(Object(Closure))
#45 /Users/aldyhelix/Projects/www/backend_rmi/vendor/laravel/framework/src/Illuminate/Routing/Router.php(698): Illuminate\\Routing\\Router->runRouteWithinStack(Object(Illuminate\\Routing\\Route), Object(Illuminate\\Http\\Request))
#46 /Users/aldyhelix/Projects/www/backend_rmi/vendor/laravel/framework/src/Illuminate/Routing/Router.php(662): Illuminate\\Routing\\Router->runRoute(Object(Illuminate\\Http\\Request), Object(Illuminate\\Routing\\Route))
#47 /Users/aldyhelix/Projects/www/backend_rmi/vendor/laravel/framework/src/Illuminate/Routing/Router.php(651): Illuminate\\Routing\\Router->dispatchToRoute(Object(Illuminate\\Http\\Request))
#48 /Users/aldyhelix/Projects/www/backend_rmi/vendor/laravel/framework/src/Illuminate/Foundation/Http/Kernel.php(167): Illuminate\\Routing\\Router->dispatch(Object(Illuminate\\Http\\Request))
#49 /Users/aldyhelix/Projects/www/backend_rmi/vendor/laravel/framework/src/Illuminate/Pipeline/Pipeline.php(128): Illuminate\\Foundation\\Http\\Kernel->Illuminate\\Foundation\\Http\\{closure}(Object(Illuminate\\Http\\Request))
#50 /Users/aldyhelix/Projects/www/backend_rmi/vendor/livewire/livewire/src/DisableBrowserCache.php(19): Illuminate\\Pipeline\\Pipeline->Illuminate\\Pipeline\\{closure}(Object(Illuminate\\Http\\Request))
#51 /Users/aldyhelix/Projects/www/backend_rmi/vendor/laravel/framework/src/Illuminate/Pipeline/Pipeline.php(167): Livewire\\DisableBrowserCache->handle(Object(Illuminate\\Http\\Request), Object(Closure))
#52 /Users/aldyhelix/Projects/www/backend_rmi/vendor/barryvdh/laravel-debugbar/src/Middleware/InjectDebugbar.php(66): Illuminate\\Pipeline\\Pipeline->Illuminate\\Pipeline\\{closure}(Object(Illuminate\\Http\\Request))
#53 /Users/aldyhelix/Projects/www/backend_rmi/vendor/laravel/framework/src/Illuminate/Pipeline/Pipeline.php(167): Barryvdh\\Debugbar\\Middleware\\InjectDebugbar->handle(Object(Illuminate\\Http\\Request), Object(Closure))
#54 /Users/aldyhelix/Projects/www/backend_rmi/app/Http/Middleware/CheckForInstallation.php(19): Illuminate\\Pipeline\\Pipeline->Illuminate\\Pipeline\\{closure}(Object(Illuminate\\Http\\Request))
#55 /Users/aldyhelix/Projects/www/backend_rmi/vendor/laravel/framework/src/Illuminate/Pipeline/Pipeline.php(167): App\\Http\\Middleware\\CheckForInstallation->handle(Object(Illuminate\\Http\\Request), Object(Closure))
#56 /Users/aldyhelix/Projects/www/backend_rmi/vendor/laravel/framework/src/Illuminate/Foundation/Http/Middleware/ConvertEmptyStringsToNull.php(27): Illuminate\\Pipeline\\Pipeline->Illuminate\\Pipeline\\{closure}(Object(Illuminate\\Http\\Request))
#57 /Users/aldyhelix/Projects/www/backend_rmi/vendor/laravel/framework/src/Illuminate/Pipeline/Pipeline.php(167): Illuminate\\Foundation\\Http\\Middleware\\ConvertEmptyStringsToNull->handle(Object(Illuminate\\Http\\Request), Object(Closure))
#58 /Users/aldyhelix/Projects/www/backend_rmi/vendor/laravel/framework/src/Illuminate/Foundation/Http/Middleware/TrimStrings.php(36): Illuminate\\Pipeline\\Pipeline->Illuminate\\Pipeline\\{closure}(Object(Illuminate\\Http\\Request))
#59 /Users/aldyhelix/Projects/www/backend_rmi/vendor/laravel/framework/src/Illuminate/Pipeline/Pipeline.php(167): Illuminate\\Foundation\\Http\\Middleware\\TrimStrings->handle(Object(Illuminate\\Http\\Request), Object(Closure))
#60 /Users/aldyhelix/Projects/www/backend_rmi/vendor/laravel/framework/src/Illuminate/Foundation/Http/Middleware/ValidatePostSize.php(27): Illuminate\\Pipeline\\Pipeline->Illuminate\\Pipeline\\{closure}(Object(Illuminate\\Http\\Request))
#61 /Users/aldyhelix/Projects/www/backend_rmi/vendor/laravel/framework/src/Illuminate/Pipeline/Pipeline.php(167): Illuminate\\Foundation\\Http\\Middleware\\ValidatePostSize->handle(Object(Illuminate\\Http\\Request), Object(Closure))
#62 /Users/aldyhelix/Projects/www/backend_rmi/vendor/laravel/framework/src/Illuminate/Foundation/Http/Middleware/PreventRequestsDuringMaintenance.php(86): Illuminate\\Pipeline\\Pipeline->Illuminate\\Pipeline\\{closure}(Object(Illuminate\\Http\\Request))
#63 /Users/aldyhelix/Projects/www/backend_rmi/vendor/laravel/framework/src/Illuminate/Pipeline/Pipeline.php(167): Illuminate\\Foundation\\Http\\Middleware\\PreventRequestsDuringMaintenance->handle(Object(Illuminate\\Http\\Request), Object(Closure))
#64 /Users/aldyhelix/Projects/www/backend_rmi/vendor/fruitcake/laravel-cors/src/HandleCors.php(38): Illuminate\\Pipeline\\Pipeline->Illuminate\\Pipeline\\{closure}(Object(Illuminate\\Http\\Request))
#65 /Users/aldyhelix/Projects/www/backend_rmi/vendor/laravel/framework/src/Illuminate/Pipeline/Pipeline.php(167): Fruitcake\\Cors\\HandleCors->handle(Object(Illuminate\\Http\\Request), Object(Closure))
#66 /Users/aldyhelix/Projects/www/backend_rmi/vendor/laravel/framework/src/Illuminate/Http/Middleware/TrustProxies.php(39): Illuminate\\Pipeline\\Pipeline->Illuminate\\Pipeline\\{closure}(Object(Illuminate\\Http\\Request))
#67 /Users/aldyhelix/Projects/www/backend_rmi/vendor/laravel/framework/src/Illuminate/Pipeline/Pipeline.php(167): Illuminate\\Http\\Middleware\\TrustProxies->handle(Object(Illuminate\\Http\\Request), Object(Closure))
#68 /Users/aldyhelix/Projects/www/backend_rmi/vendor/laravel/framework/src/Illuminate/Pipeline/Pipeline.php(103): Illuminate\\Pipeline\\Pipeline->Illuminate\\Pipeline\\{closure}(Object(Illuminate\\Http\\Request))
#69 /Users/aldyhelix/Projects/www/backend_rmi/vendor/laravel/framework/src/Illuminate/Foundation/Http/Kernel.php(142): Illuminate\\Pipeline\\Pipeline->then(Object(Closure))
#70 /Users/aldyhelix/Projects/www/backend_rmi/vendor/laravel/framework/src/Illuminate/Foundation/Http/Kernel.php(111): Illuminate\\Foundation\\Http\\Kernel->sendRequestThroughRouter(Object(Illuminate\\Http\\Request))
#71 /Users/aldyhelix/Projects/www/backend_rmi/public/index.php(58): Illuminate\\Foundation\\Http\\Kernel->handle(Object(Illuminate\\Http\\Request))
#72 /Applications/Herd.app/Contents/Resources/valet/server.php(153): require('/Users/aldyheli...')
#73 {main}
"} 
[2024-06-22 10:20:06] production.ERROR: SQLSTATE[42S22]: Column not found: 1054 Unknown column 'orders.customer_id' in 'on clause' (SQL: select count(distinct `o`.`customer_id`) as aggregate from `orders` as `o` inner join `order_items` as `oi` on `o`.`id` = `oi`.`order_id` inner join `inventories` as `i` on `oi`.`inventory_id` = `i`.`id` inner join `products` as `p` on `i`.`product_id` = `p`.`id` inner join `customers` as `cust` on `orders`.`customer_id` = `cust`.`id` where `customer_id` is not null) (View: /Users/aldyhelix/Projects/www/backend_rmi/resources/views/admin/dashboard/platform.blade.php) {"view":{"view":"/Users/aldyhelix/Projects/www/backend_rmi/vendor/laravel/framework/src/Illuminate/Database/Connection.php","data":[]},"userId":1,"exception":"[object] (Facade\\Ignition\\Exceptions\\ViewException(code: 0): SQLSTATE[42S22]: Column not found: 1054 Unknown column 'orders.customer_id' in 'on clause' (SQL: select count(distinct `o`.`customer_id`) as aggregate from `orders` as `o` inner join `order_items` as `oi` on `o`.`id` = `oi`.`order_id` inner join `inventories` as `i` on `oi`.`inventory_id` = `i`.`id` inner join `products` as `p` on `i`.`product_id` = `p`.`id` inner join `customers` as `cust` on `orders`.`customer_id` = `cust`.`id` where `customer_id` is not null) (View: /Users/aldyhelix/Projects/www/backend_rmi/resources/views/admin/dashboard/platform.blade.php) at /Users/aldyhelix/Projects/www/backend_rmi/vendor/laravel/framework/src/Illuminate/Database/Connection.php:712)
[stacktrace]
#0 /Users/aldyhelix/Projects/www/backend_rmi/vendor/laravel/framework/src/Illuminate/Database/Connection.php(672): Illuminate\\Database\\Connection->runQueryCallback('select count(di...', Array, Object(Closure))
#1 /Users/aldyhelix/Projects/www/backend_rmi/vendor/laravel/framework/src/Illuminate/Database/Connection.php(359): Illuminate\\Database\\Connection->run('select count(di...', Array, Object(Closure))
#2 /Users/aldyhelix/Projects/www/backend_rmi/vendor/laravel/framework/src/Illuminate/Database/Query/Builder.php(2413): Illuminate\\Database\\Connection->select('select count(di...', Array, true)
#3 /Users/aldyhelix/Projects/www/backend_rmi/vendor/laravel/framework/src/Illuminate/Database/Query/Builder.php(2402): Illuminate\\Database\\Query\\Builder->runSelect()
#4 /Users/aldyhelix/Projects/www/backend_rmi/vendor/laravel/framework/src/Illuminate/Database/Query/Builder.php(2936): Illuminate\\Database\\Query\\Builder->Illuminate\\Database\\Query\\{closure}()
#5 /Users/aldyhelix/Projects/www/backend_rmi/vendor/laravel/framework/src/Illuminate/Database/Query/Builder.php(2401): Illuminate\\Database\\Query\\Builder->onceWithColumns(Array, Object(Closure))
#6 /Users/aldyhelix/Projects/www/backend_rmi/vendor/laravel/framework/src/Illuminate/Database/Query/Builder.php(2863): Illuminate\\Database\\Query\\Builder->get(Array)
#7 /Users/aldyhelix/Projects/www/backend_rmi/vendor/laravel/framework/src/Illuminate/Database/Query/Builder.php(2791): Illuminate\\Database\\Query\\Builder->aggregate('count', Array)
#8 /Users/aldyhelix/Projects/www/backend_rmi/app/Http/Livewire/Dashboard.php(414): Illuminate\\Database\\Query\\Builder->count('o.customer_id')
#9 /Users/aldyhelix/Projects/www/backend_rmi/app/Http/Livewire/Dashboard.php(250): App\\Http\\Livewire\\Dashboard->updatedCustomerCount()
#10 /Users/aldyhelix/Projects/www/backend_rmi/app/Http/Livewire/Dashboard.php(124): App\\Http\\Livewire\\Dashboard->updateCardSection()
#11 /Users/aldyhelix/Projects/www/backend_rmi/vendor/laravel/framework/src/Illuminate/Container/BoundMethod.php(36): App\\Http\\Livewire\\Dashboard->mount(9, 0, 7, 0, 16, 0, 0, 0, 0, 0, 0, 0, 0, 0)
#12 /Users/aldyhelix/Projects/www/backend_rmi/vendor/laravel/framework/src/Illuminate/Container/Util.php(40): Illuminate\\Container\\BoundMethod::Illuminate\\Container\\{closure}()
#13 /Users/aldyhelix/Projects/www/backend_rmi/vendor/laravel/framework/src/Illuminate/Container/BoundMethod.php(93): Illuminate\\Container\\Util::unwrapIfClosure(Object(Closure))
#14 /Users/aldyhelix/Projects/www/backend_rmi/vendor/laravel/framework/src/Illuminate/Container/BoundMethod.php(35): Illuminate\\Container\\BoundMethod::callBoundMethod(Object(Illuminate\\Foundation\\Application), Array, Object(Closure))
#15 /Users/aldyhelix/Projects/www/backend_rmi/vendor/livewire/livewire/src/LifecycleManager.php(114): Illuminate\\Container\\BoundMethod::call(Object(Illuminate\\Foundation\\Application), Array, Array)
#16 /Users/aldyhelix/Projects/www/backend_rmi/vendor/livewire/livewire/src/LivewireManager.php(130): Livewire\\LifecycleManager->mount(Array)
#17 /Users/aldyhelix/Projects/www/backend_rmi/vendor/laravel/framework/src/Illuminate/Support/Facades/Facade.php(261): Livewire\\LivewireManager->mount('dashboard', Array)
#18 /Users/aldyhelix/Projects/www/backend_rmi/resources/views/admin/dashboard/platform.blade.php(13): Illuminate\\Support\\Facades\\Facade::__callStatic('mount', Array)
#19 /Users/aldyhelix/Projects/www/backend_rmi/vendor/laravel/framework/src/Illuminate/Filesystem/Filesystem.php(107): require('/Users/aldyheli...')
#20 /Users/aldyhelix/Projects/www/backend_rmi/vendor/laravel/framework/src/Illuminate/Filesystem/Filesystem.php(108): Illuminate\\Filesystem\\Filesystem::Illuminate\\Filesystem\\{closure}()
#21 /Users/aldyhelix/Projects/www/backend_rmi/vendor/laravel/framework/src/Illuminate/View/Engines/PhpEngine.php(58): Illuminate\\Filesystem\\Filesystem->getRequire('/Users/aldyheli...', Array)
#22 /Users/aldyhelix/Projects/www/backend_rmi/vendor/livewire/livewire/src/ComponentConcerns/RendersLivewireComponents.php(69): Illuminate\\View\\Engines\\PhpEngine->evaluatePath('/Users/aldyheli...', Array)
#23 /Users/aldyhelix/Projects/www/backend_rmi/vendor/laravel/framework/src/Illuminate/View/Engines/CompilerEngine.php(61): Livewire\\CompilerEngineForIgnition->evaluatePath('/Users/aldyheli...', Array)
#24 /Users/aldyhelix/Projects/www/backend_rmi/vendor/facade/ignition/src/Views/Engines/CompilerEngine.php(37): Illuminate\\View\\Engines\\CompilerEngine->get('/Users/aldyheli...', Array)
#25 /Users/aldyhelix/Projects/www/backend_rmi/vendor/livewire/livewire/src/ComponentConcerns/RendersLivewireComponents.php(35): Facade\\Ignition\\Views\\Engines\\CompilerEngine->get('/Users/aldyheli...', Array)
#26 /Users/aldyhelix/Projects/www/backend_rmi/vendor/laravel/framework/src/Illuminate/View/View.php(139): Livewire\\CompilerEngineForIgnition->get('/Users/aldyheli...', Array)
#27 /Users/aldyhelix/Projects/www/backend_rmi/vendor/laravel/framework/src/Illuminate/View/View.php(122): Illuminate\\View\\View->getContents()
#28 /Users/aldyhelix/Projects/www/backend_rmi/vendor/laravel/framework/src/Illuminate/View/View.php(91): Illuminate\\View\\View->renderContents()
#29 /Users/aldyhelix/Projects/www/backend_rmi/vendor/laravel/framework/src/Illuminate/Http/Response.php(69): Illuminate\\View\\View->render()
#30 /Users/aldyhelix/Projects/www/backend_rmi/vendor/laravel/framework/src/Illuminate/Http/Response.php(35): Illuminate\\Http\\Response->setContent(Object(Illuminate\\View\\View))
#31 /Users/aldyhelix/Projects/www/backend_rmi/vendor/laravel/framework/src/Illuminate/Routing/Router.php(820): Illuminate\\Http\\Response->__construct(Object(Illuminate\\View\\View), 200, Array)
#32 /Users/aldyhelix/Projects/www/backend_rmi/vendor/laravel/framework/src/Illuminate/Routing/Router.php(789): Illuminate\\Routing\\Router::toResponse(Object(Illuminate\\Http\\Request), Object(Illuminate\\View\\View))
#33 /Users/aldyhelix/Projects/www/backend_rmi/vendor/laravel/framework/src/Illuminate/Routing/Router.php(720): Illuminate\\Routing\\Router->prepareResponse(Object(Illuminate\\Http\\Request), Object(Illuminate\\View\\View))
#34 /Users/aldyhelix/Projects/www/backend_rmi/vendor/laravel/framework/src/Illuminate/Pipeline/Pipeline.php(128): Illuminate\\Routing\\Router->Illuminate\\Routing\\{closure}(Object(Illuminate\\Http\\Request))
#35 /Users/aldyhelix/Projects/www/backend_rmi/app/Http/Middleware/DashboardSetup.php(22): Illuminate\\Pipeline\\Pipeline->Illuminate\\Pipeline\\{closure}(Object(Illuminate\\Http\\Request))
#36 /Users/aldyhelix/Projects/www/backend_rmi/vendor/laravel/framework/src/Illuminate/Pipeline/Pipeline.php(167): App\\Http\\Middleware\\DashboardSetup->handle(Object(Illuminate\\Http\\Request), Object(Closure))
#37 /Users/aldyhelix/Projects/www/backend_rmi/app/Http/Middleware/CheckIfBillingInfoRequired.php(24): Illuminate\\Pipeline\\Pipeline->Illuminate\\Pipeline\\{closure}(Object(Illuminate\\Http\\Request))
#38 /Users/aldyhelix/Projects/www/backend_rmi/vendor/laravel/framework/src/Illuminate/Pipeline/Pipeline.php(167): App\\Http\\Middleware\\CheckIfBillingInfoRequired->handle(Object(Illuminate\\Http\\Request), Object(Closure))
#39 /Users/aldyhelix/Projects/www/backend_rmi/app/Http/Middleware/VerifyUserIsSubscribed.php(25): Illuminate\\Pipeline\\Pipeline->Illuminate\\Pipeline\\{closure}(Object(Illuminate\\Http\\Request))
#40 /Users/aldyhelix/Projects/www/backend_rmi/vendor/laravel/framework/src/Illuminate/Pipeline/Pipeline.php(167): App\\Http\\Middleware\\VerifyUserIsSubscribed->handle(Object(Illuminate\\Http\\Request), Object(Closure))
#41 /Users/aldyhelix/Projects/www/backend_rmi/app/Http/Middleware/CookieConsentMiddleware.php(21): Illuminate\\Pipeline\\Pipeline->Illuminate\\Pipeline\\{closure}(Object(Illuminate\\Http\\Request))
#42 /Users/aldyhelix/Projects/www/backend_rmi/vendor/laravel/framework/src/Illuminate/Pipeline/Pipeline.php(167): App\\Http\\Middleware\\CookieConsentMiddleware->handle(Object(Illuminate\\Http\\Request), Object(Closure))
#43 /Users/aldyhelix/Projects/www/backend_rmi/app/Http/Middleware/Language.php(64): Illuminate\\Pipeline\\Pipeline->Illuminate\\Pipeline\\{closure}(Object(Illuminate\\Http\\Request))
#44 /Users/aldyhelix/Projects/www/backend_rmi/vendor/laravel/framework/src/Illuminate/Pipeline/Pipeline.php(167): App\\Http\\Middleware\\Language->handle(Object(Illuminate\\Http\\Request), Object(Closure))
#45 /Users/aldyhelix/Projects/www/backend_rmi/app/Http/Middleware/InitSettings.php(8): Illuminate\\Pipeline\\Pipeline->Illuminate\\Pipeline\\{closure}(Object(Illuminate\\Http\\Request))
#46 /Users/aldyhelix/Projects/www/backend_rmi/vendor/laravel/framework/src/Illuminate/Pipeline/Pipeline.php(167): App\\Http\\Middleware\\InitSettings->handle(Object(Illuminate\\Http\\Request), Object(Closure))
#47 /Users/aldyhelix/Projects/www/backend_rmi/vendor/laravel/framework/src/Illuminate/Routing/Middleware/SubstituteBindings.php(50): Illuminate\\Pipeline\\Pipeline->Illuminate\\Pipeline\\{closure}(Object(Illuminate\\Http\\Request))
#48 /Users/aldyhelix/Projects/www/backend_rmi/vendor/laravel/framework/src/Illuminate/Pipeline/Pipeline.php(167): Illuminate\\Routing\\Middleware\\SubstituteBindings->handle(Object(Illuminate\\Http\\Request), Object(Closure))
#49 /Users/aldyhelix/Projects/www/backend_rmi/vendor/laravel/framework/src/Illuminate/Auth/Middleware/Authenticate.php(44): Illuminate\\Pipeline\\Pipeline->Illuminate\\Pipeline\\{closure}(Object(Illuminate\\Http\\Request))
#50 /Users/aldyhelix/Projects/www/backend_rmi/vendor/laravel/framework/src/Illuminate/Pipeline/Pipeline.php(167): Illuminate\\Auth\\Middleware\\Authenticate->handle(Object(Illuminate\\Http\\Request), Object(Closure))
#51 /Users/aldyhelix/Projects/www/backend_rmi/vendor/laravel/framework/src/Illuminate/Foundation/Http/Middleware/VerifyCsrfToken.php(78): Illuminate\\Pipeline\\Pipeline->Illuminate\\Pipeline\\{closure}(Object(Illuminate\\Http\\Request))
#52 /Users/aldyhelix/Projects/www/backend_rmi/vendor/laravel/framework/src/Illuminate/Pipeline/Pipeline.php(167): Illuminate\\Foundation\\Http\\Middleware\\VerifyCsrfToken->handle(Object(Illuminate\\Http\\Request), Object(Closure))
#53 /Users/aldyhelix/Projects/www/backend_rmi/vendor/laravel/framework/src/Illuminate/View/Middleware/ShareErrorsFromSession.php(49): Illuminate\\Pipeline\\Pipeline->Illuminate\\Pipeline\\{closure}(Object(Illuminate\\Http\\Request))
#54 /Users/aldyhelix/Projects/www/backend_rmi/vendor/laravel/framework/src/Illuminate/Pipeline/Pipeline.php(167): Illuminate\\View\\Middleware\\ShareErrorsFromSession->handle(Object(Illuminate\\Http\\Request), Object(Closure))
#55 /Users/aldyhelix/Projects/www/backend_rmi/vendor/laravel/framework/src/Illuminate/Session/Middleware/StartSession.php(121): Illuminate\\Pipeline\\Pipeline->Illuminate\\Pipeline\\{closure}(Object(Illuminate\\Http\\Request))
#56 /Users/aldyhelix/Projects/www/backend_rmi/vendor/laravel/framework/src/Illuminate/Session/Middleware/StartSession.php(64): Illuminate\\Session\\Middleware\\StartSession->handleStatefulRequest(Object(Illuminate\\Http\\Request), Object(Illuminate\\Session\\EncryptedStore), Object(Closure))
#57 /Users/aldyhelix/Projects/www/backend_rmi/vendor/laravel/framework/src/Illuminate/Pipeline/Pipeline.php(167): Illuminate\\Session\\Middleware\\StartSession->handle(Object(Illuminate\\Http\\Request), Object(Closure))
#58 /Users/aldyhelix/Projects/www/backend_rmi/vendor/laravel/framework/src/Illuminate/Cookie/Middleware/AddQueuedCookiesToResponse.php(37): Illuminate\\Pipeline\\Pipeline->Illuminate\\Pipeline\\{closure}(Object(Illuminate\\Http\\Request))
#59 /Users/aldyhelix/Projects/www/backend_rmi/vendor/laravel/framework/src/Illuminate/Pipeline/Pipeline.php(167): Illuminate\\Cookie\\Middleware\\AddQueuedCookiesToResponse->handle(Object(Illuminate\\Http\\Request), Object(Closure))
#60 /Users/aldyhelix/Projects/www/backend_rmi/vendor/laravel/framework/src/Illuminate/Cookie/Middleware/EncryptCookies.php(67): Illuminate\\Pipeline\\Pipeline->Illuminate\\Pipeline\\{closure}(Object(Illuminate\\Http\\Request))
#61 /Users/aldyhelix/Projects/www/backend_rmi/vendor/laravel/framework/src/Illuminate/Pipeline/Pipeline.php(167): Illuminate\\Cookie\\Middleware\\EncryptCookies->handle(Object(Illuminate\\Http\\Request), Object(Closure))
#62 /Users/aldyhelix/Projects/www/backend_rmi/vendor/laravel/framework/src/Illuminate/Pipeline/Pipeline.php(103): Illuminate\\Pipeline\\Pipeline->Illuminate\\Pipeline\\{closure}(Object(Illuminate\\Http\\Request))
#63 /Users/aldyhelix/Projects/www/backend_rmi/vendor/laravel/framework/src/Illuminate/Routing/Router.php(719): Illuminate\\Pipeline\\Pipeline->then(Object(Closure))
#64 /Users/aldyhelix/Projects/www/backend_rmi/vendor/laravel/framework/src/Illuminate/Routing/Router.php(698): Illuminate\\Routing\\Router->runRouteWithinStack(Object(Illuminate\\Routing\\Route), Object(Illuminate\\Http\\Request))
#65 /Users/aldyhelix/Projects/www/backend_rmi/vendor/laravel/framework/src/Illuminate/Routing/Router.php(662): Illuminate\\Routing\\Router->runRoute(Object(Illuminate\\Http\\Request), Object(Illuminate\\Routing\\Route))
#66 /Users/aldyhelix/Projects/www/backend_rmi/vendor/laravel/framework/src/Illuminate/Routing/Router.php(651): Illuminate\\Routing\\Router->dispatchToRoute(Object(Illuminate\\Http\\Request))
#67 /Users/aldyhelix/Projects/www/backend_rmi/vendor/laravel/framework/src/Illuminate/Foundation/Http/Kernel.php(167): Illuminate\\Routing\\Router->dispatch(Object(Illuminate\\Http\\Request))
#68 /Users/aldyhelix/Projects/www/backend_rmi/vendor/laravel/framework/src/Illuminate/Pipeline/Pipeline.php(128): Illuminate\\Foundation\\Http\\Kernel->Illuminate\\Foundation\\Http\\{closure}(Object(Illuminate\\Http\\Request))
#69 /Users/aldyhelix/Projects/www/backend_rmi/vendor/livewire/livewire/src/DisableBrowserCache.php(19): Illuminate\\Pipeline\\Pipeline->Illuminate\\Pipeline\\{closure}(Object(Illuminate\\Http\\Request))
#70 /Users/aldyhelix/Projects/www/backend_rmi/vendor/laravel/framework/src/Illuminate/Pipeline/Pipeline.php(167): Livewire\\DisableBrowserCache->handle(Object(Illuminate\\Http\\Request), Object(Closure))
#71 /Users/aldyhelix/Projects/www/backend_rmi/vendor/barryvdh/laravel-debugbar/src/Middleware/InjectDebugbar.php(66): Illuminate\\Pipeline\\Pipeline->Illuminate\\Pipeline\\{closure}(Object(Illuminate\\Http\\Request))
#72 /Users/aldyhelix/Projects/www/backend_rmi/vendor/laravel/framework/src/Illuminate/Pipeline/Pipeline.php(167): Barryvdh\\Debugbar\\Middleware\\InjectDebugbar->handle(Object(Illuminate\\Http\\Request), Object(Closure))
#73 /Users/aldyhelix/Projects/www/backend_rmi/app/Http/Middleware/CheckForInstallation.php(19): Illuminate\\Pipeline\\Pipeline->Illuminate\\Pipeline\\{closure}(Object(Illuminate\\Http\\Request))
#74 /Users/aldyhelix/Projects/www/backend_rmi/vendor/laravel/framework/src/Illuminate/Pipeline/Pipeline.php(167): App\\Http\\Middleware\\CheckForInstallation->handle(Object(Illuminate\\Http\\Request), Object(Closure))
#75 /Users/aldyhelix/Projects/www/backend_rmi/vendor/laravel/framework/src/Illuminate/Foundation/Http/Middleware/TransformsRequest.php(21): Illuminate\\Pipeline\\Pipeline->Illuminate\\Pipeline\\{closure}(Object(Illuminate\\Http\\Request))
#76 /Users/aldyhelix/Projects/www/backend_rmi/vendor/laravel/framework/src/Illuminate/Foundation/Http/Middleware/ConvertEmptyStringsToNull.php(31): Illuminate\\Foundation\\Http\\Middleware\\TransformsRequest->handle(Object(Illuminate\\Http\\Request), Object(Closure))
#77 /Users/aldyhelix/Projects/www/backend_rmi/vendor/laravel/framework/src/Illuminate/Pipeline/Pipeline.php(167): Illuminate\\Foundation\\Http\\Middleware\\ConvertEmptyStringsToNull->handle(Object(Illuminate\\Http\\Request), Object(Closure))
#78 /Users/aldyhelix/Projects/www/backend_rmi/vendor/laravel/framework/src/Illuminate/Foundation/Http/Middleware/TransformsRequest.php(21): Illuminate\\Pipeline\\Pipeline->Illuminate\\Pipeline\\{closure}(Object(Illuminate\\Http\\Request))
#79 /Users/aldyhelix/Projects/www/backend_rmi/vendor/laravel/framework/src/Illuminate/Foundation/Http/Middleware/TrimStrings.php(40): Illuminate\\Foundation\\Http\\Middleware\\TransformsRequest->handle(Object(Illuminate\\Http\\Request), Object(Closure))
#80 /Users/aldyhelix/Projects/www/backend_rmi/vendor/laravel/framework/src/Illuminate/Pipeline/Pipeline.php(167): Illuminate\\Foundation\\Http\\Middleware\\TrimStrings->handle(Object(Illuminate\\Http\\Request), Object(Closure))
#81 /Users/aldyhelix/Projects/www/backend_rmi/vendor/laravel/framework/src/Illuminate/Foundation/Http/Middleware/ValidatePostSize.php(27): Illuminate\\Pipeline\\Pipeline->Illuminate\\Pipeline\\{closure}(Object(Illuminate\\Http\\Request))
#82 /Users/aldyhelix/Projects/www/backend_rmi/vendor/laravel/framework/src/Illuminate/Pipeline/Pipeline.php(167): Illuminate\\Foundation\\Http\\Middleware\\ValidatePostSize->handle(Object(Illuminate\\Http\\Request), Object(Closure))
#83 /Users/aldyhelix/Projects/www/backend_rmi/vendor/laravel/framework/src/Illuminate/Foundation/Http/Middleware/PreventRequestsDuringMaintenance.php(86): Illuminate\\Pipeline\\Pipeline->Illuminate\\Pipeline\\{closure}(Object(Illuminate\\Http\\Request))
#84 /Users/aldyhelix/Projects/www/backend_rmi/vendor/laravel/framework/src/Illuminate/Pipeline/Pipeline.php(167): Illuminate\\Foundation\\Http\\Middleware\\PreventRequestsDuringMaintenance->handle(Object(Illuminate\\Http\\Request), Object(Closure))
#85 /Users/aldyhelix/Projects/www/backend_rmi/vendor/fruitcake/laravel-cors/src/HandleCors.php(38): Illuminate\\Pipeline\\Pipeline->Illuminate\\Pipeline\\{closure}(Object(Illuminate\\Http\\Request))
#86 /Users/aldyhelix/Projects/www/backend_rmi/vendor/laravel/framework/src/Illuminate/Pipeline/Pipeline.php(167): Fruitcake\\Cors\\HandleCors->handle(Object(Illuminate\\Http\\Request), Object(Closure))
#87 /Users/aldyhelix/Projects/www/backend_rmi/vendor/laravel/framework/src/Illuminate/Http/Middleware/TrustProxies.php(39): Illuminate\\Pipeline\\Pipeline->Illuminate\\Pipeline\\{closure}(Object(Illuminate\\Http\\Request))
#88 /Users/aldyhelix/Projects/www/backend_rmi/vendor/laravel/framework/src/Illuminate/Pipeline/Pipeline.php(167): Illuminate\\Http\\Middleware\\TrustProxies->handle(Object(Illuminate\\Http\\Request), Object(Closure))
#89 /Users/aldyhelix/Projects/www/backend_rmi/vendor/laravel/framework/src/Illuminate/Pipeline/Pipeline.php(103): Illuminate\\Pipeline\\Pipeline->Illuminate\\Pipeline\\{closure}(Object(Illuminate\\Http\\Request))
#90 /Users/aldyhelix/Projects/www/backend_rmi/vendor/laravel/framework/src/Illuminate/Foundation/Http/Kernel.php(142): Illuminate\\Pipeline\\Pipeline->then(Object(Closure))
#91 /Users/aldyhelix/Projects/www/backend_rmi/vendor/laravel/framework/src/Illuminate/Foundation/Http/Kernel.php(111): Illuminate\\Foundation\\Http\\Kernel->sendRequestThroughRouter(Object(Illuminate\\Http\\Request))
#92 /Users/aldyhelix/Projects/www/backend_rmi/public/index.php(58): Illuminate\\Foundation\\Http\\Kernel->handle(Object(Illuminate\\Http\\Request))
#93 /Applications/Herd.app/Contents/Resources/valet/server.php(153): require('/Users/aldyheli...')
#94 {main}

[previous exception] [object] (Illuminate\\Database\\QueryException(code: 42S22): SQLSTATE[42S22]: Column not found: 1054 Unknown column 'orders.customer_id' in 'on clause' (SQL: select count(distinct `o`.`customer_id`) as aggregate from `orders` as `o` inner join `order_items` as `oi` on `o`.`id` = `oi`.`order_id` inner join `inventories` as `i` on `oi`.`inventory_id` = `i`.`id` inner join `products` as `p` on `i`.`product_id` = `p`.`id` inner join `customers` as `cust` on `orders`.`customer_id` = `cust`.`id` where `customer_id` is not null) at /Users/aldyhelix/Projects/www/backend_rmi/vendor/laravel/framework/src/Illuminate/Database/Connection.php:712)
[stacktrace]
#0 /Users/aldyhelix/Projects/www/backend_rmi/vendor/laravel/framework/src/Illuminate/Database/Connection.php(672): Illuminate\\Database\\Connection->runQueryCallback('select count(di...', Array, Object(Closure))
#1 /Users/aldyhelix/Projects/www/backend_rmi/vendor/laravel/framework/src/Illuminate/Database/Connection.php(359): Illuminate\\Database\\Connection->run('select count(di...', Array, Object(Closure))
#2 /Users/aldyhelix/Projects/www/backend_rmi/vendor/laravel/framework/src/Illuminate/Database/Query/Builder.php(2413): Illuminate\\Database\\Connection->select('select count(di...', Array, true)
#3 /Users/aldyhelix/Projects/www/backend_rmi/vendor/laravel/framework/src/Illuminate/Database/Query/Builder.php(2402): Illuminate\\Database\\Query\\Builder->runSelect()
#4 /Users/aldyhelix/Projects/www/backend_rmi/vendor/laravel/framework/src/Illuminate/Database/Query/Builder.php(2936): Illuminate\\Database\\Query\\Builder->Illuminate\\Database\\Query\\{closure}()
#5 /Users/aldyhelix/Projects/www/backend_rmi/vendor/laravel/framework/src/Illuminate/Database/Query/Builder.php(2401): Illuminate\\Database\\Query\\Builder->onceWithColumns(Array, Object(Closure))
#6 /Users/aldyhelix/Projects/www/backend_rmi/vendor/laravel/framework/src/Illuminate/Database/Query/Builder.php(2863): Illuminate\\Database\\Query\\Builder->get(Array)
#7 /Users/aldyhelix/Projects/www/backend_rmi/vendor/laravel/framework/src/Illuminate/Database/Query/Builder.php(2791): Illuminate\\Database\\Query\\Builder->aggregate('count', Array)
#8 /Users/aldyhelix/Projects/www/backend_rmi/app/Http/Livewire/Dashboard.php(414): Illuminate\\Database\\Query\\Builder->count('o.customer_id')
#9 /Users/aldyhelix/Projects/www/backend_rmi/app/Http/Livewire/Dashboard.php(250): App\\Http\\Livewire\\Dashboard->updatedCustomerCount()
#10 /Users/aldyhelix/Projects/www/backend_rmi/app/Http/Livewire/Dashboard.php(124): App\\Http\\Livewire\\Dashboard->updateCardSection()
#11 /Users/aldyhelix/Projects/www/backend_rmi/vendor/laravel/framework/src/Illuminate/Container/BoundMethod.php(36): App\\Http\\Livewire\\Dashboard->mount(9, 0, 7, 0, 16, 0, 0, 0, 0, 0, 0, 0, 0, 0)
#12 /Users/aldyhelix/Projects/www/backend_rmi/vendor/laravel/framework/src/Illuminate/Container/Util.php(40): Illuminate\\Container\\BoundMethod::Illuminate\\Container\\{closure}()
#13 /Users/aldyhelix/Projects/www/backend_rmi/vendor/laravel/framework/src/Illuminate/Container/BoundMethod.php(93): Illuminate\\Container\\Util::unwrapIfClosure(Object(Closure))
#14 /Users/aldyhelix/Projects/www/backend_rmi/vendor/laravel/framework/src/Illuminate/Container/BoundMethod.php(35): Illuminate\\Container\\BoundMethod::callBoundMethod(Object(Illuminate\\Foundation\\Application), Array, Object(Closure))
#15 /Users/aldyhelix/Projects/www/backend_rmi/vendor/livewire/livewire/src/LifecycleManager.php(114): Illuminate\\Container\\BoundMethod::call(Object(Illuminate\\Foundation\\Application), Array, Array)
#16 /Users/aldyhelix/Projects/www/backend_rmi/vendor/livewire/livewire/src/LivewireManager.php(130): Livewire\\LifecycleManager->mount(Array)
#17 /Users/aldyhelix/Projects/www/backend_rmi/vendor/laravel/framework/src/Illuminate/Support/Facades/Facade.php(261): Livewire\\LivewireManager->mount('dashboard', Array)
#18 /Users/aldyhelix/Projects/www/backend_rmi/storage/framework/views/7614a377bf597da1c7ed67416eae576b7feee755.php(13): Illuminate\\Support\\Facades\\Facade::__callStatic('mount', Array)
#19 /Users/aldyhelix/Projects/www/backend_rmi/vendor/laravel/framework/src/Illuminate/Filesystem/Filesystem.php(107): require('/Users/aldyheli...')
#20 /Users/aldyhelix/Projects/www/backend_rmi/vendor/laravel/framework/src/Illuminate/Filesystem/Filesystem.php(108): Illuminate\\Filesystem\\Filesystem::Illuminate\\Filesystem\\{closure}()
#21 /Users/aldyhelix/Projects/www/backend_rmi/vendor/laravel/framework/src/Illuminate/View/Engines/PhpEngine.php(58): Illuminate\\Filesystem\\Filesystem->getRequire('/Users/aldyheli...', Array)
#22 /Users/aldyhelix/Projects/www/backend_rmi/vendor/livewire/livewire/src/ComponentConcerns/RendersLivewireComponents.php(69): Illuminate\\View\\Engines\\PhpEngine->evaluatePath('/Users/aldyheli...', Array)
#23 /Users/aldyhelix/Projects/www/backend_rmi/vendor/laravel/framework/src/Illuminate/View/Engines/CompilerEngine.php(61): Livewire\\CompilerEngineForIgnition->evaluatePath('/Users/aldyheli...', Array)
#24 /Users/aldyhelix/Projects/www/backend_rmi/vendor/facade/ignition/src/Views/Engines/CompilerEngine.php(37): Illuminate\\View\\Engines\\CompilerEngine->get('/Users/aldyheli...', Array)
#25 /Users/aldyhelix/Projects/www/backend_rmi/vendor/livewire/livewire/src/ComponentConcerns/RendersLivewireComponents.php(35): Facade\\Ignition\\Views\\Engines\\CompilerEngine->get('/Users/aldyheli...', Array)
#26 /Users/aldyhelix/Projects/www/backend_rmi/vendor/laravel/framework/src/Illuminate/View/View.php(139): Livewire\\CompilerEngineForIgnition->get('/Users/aldyheli...', Array)
#27 /Users/aldyhelix/Projects/www/backend_rmi/vendor/laravel/framework/src/Illuminate/View/View.php(122): Illuminate\\View\\View->getContents()
#28 /Users/aldyhelix/Projects/www/backend_rmi/vendor/laravel/framework/src/Illuminate/View/View.php(91): Illuminate\\View\\View->renderContents()
#29 /Users/aldyhelix/Projects/www/backend_rmi/vendor/laravel/framework/src/Illuminate/Http/Response.php(69): Illuminate\\View\\View->render()
#30 /Users/aldyhelix/Projects/www/backend_rmi/vendor/laravel/framework/src/Illuminate/Http/Response.php(35): Illuminate\\Http\\Response->setContent(Object(Illuminate\\View\\View))
#31 /Users/aldyhelix/Projects/www/backend_rmi/vendor/laravel/framework/src/Illuminate/Routing/Router.php(820): Illuminate\\Http\\Response->__construct(Object(Illuminate\\View\\View), 200, Array)
#32 /Users/aldyhelix/Projects/www/backend_rmi/vendor/laravel/framework/src/Illuminate/Routing/Router.php(789): Illuminate\\Routing\\Router::toResponse(Object(Illuminate\\Http\\Request), Object(Illuminate\\View\\View))
#33 /Users/aldyhelix/Projects/www/backend_rmi/vendor/laravel/framework/src/Illuminate/Routing/Router.php(720): Illuminate\\Routing\\Router->prepareResponse(Object(Illuminate\\Http\\Request), Object(Illuminate\\View\\View))
#34 /Users/aldyhelix/Projects/www/backend_rmi/vendor/laravel/framework/src/Illuminate/Pipeline/Pipeline.php(128): Illuminate\\Routing\\Router->Illuminate\\Routing\\{closure}(Object(Illuminate\\Http\\Request))
#35 /Users/aldyhelix/Projects/www/backend_rmi/app/Http/Middleware/DashboardSetup.php(22): Illuminate\\Pipeline\\Pipeline->Illuminate\\Pipeline\\{closure}(Object(Illuminate\\Http\\Request))
#36 /Users/aldyhelix/Projects/www/backend_rmi/vendor/laravel/framework/src/Illuminate/Pipeline/Pipeline.php(167): App\\Http\\Middleware\\DashboardSetup->handle(Object(Illuminate\\Http\\Request), Object(Closure))
#37 /Users/aldyhelix/Projects/www/backend_rmi/app/Http/Middleware/CheckIfBillingInfoRequired.php(24): Illuminate\\Pipeline\\Pipeline->Illuminate\\Pipeline\\{closure}(Object(Illuminate\\Http\\Request))
#38 /Users/aldyhelix/Projects/www/backend_rmi/vendor/laravel/framework/src/Illuminate/Pipeline/Pipeline.php(167): App\\Http\\Middleware\\CheckIfBillingInfoRequired->handle(Object(Illuminate\\Http\\Request), Object(Closure))
#39 /Users/aldyhelix/Projects/www/backend_rmi/app/Http/Middleware/VerifyUserIsSubscribed.php(25): Illuminate\\Pipeline\\Pipeline->Illuminate\\Pipeline\\{closure}(Object(Illuminate\\Http\\Request))
#40 /Users/aldyhelix/Projects/www/backend_rmi/vendor/laravel/framework/src/Illuminate/Pipeline/Pipeline.php(167): App\\Http\\Middleware\\VerifyUserIsSubscribed->handle(Object(Illuminate\\Http\\Request), Object(Closure))
#41 /Users/aldyhelix/Projects/www/backend_rmi/app/Http/Middleware/CookieConsentMiddleware.php(21): Illuminate\\Pipeline\\Pipeline->Illuminate\\Pipeline\\{closure}(Object(Illuminate\\Http\\Request))
#42 /Users/aldyhelix/Projects/www/backend_rmi/vendor/laravel/framework/src/Illuminate/Pipeline/Pipeline.php(167): App\\Http\\Middleware\\CookieConsentMiddleware->handle(Object(Illuminate\\Http\\Request), Object(Closure))
#43 /Users/aldyhelix/Projects/www/backend_rmi/app/Http/Middleware/Language.php(64): Illuminate\\Pipeline\\Pipeline->Illuminate\\Pipeline\\{closure}(Object(Illuminate\\Http\\Request))
#44 /Users/aldyhelix/Projects/www/backend_rmi/vendor/laravel/framework/src/Illuminate/Pipeline/Pipeline.php(167): App\\Http\\Middleware\\Language->handle(Object(Illuminate\\Http\\Request), Object(Closure))
#45 /Users/aldyhelix/Projects/www/backend_rmi/app/Http/Middleware/InitSettings.php(8): Illuminate\\Pipeline\\Pipeline->Illuminate\\Pipeline\\{closure}(Object(Illuminate\\Http\\Request))
#46 /Users/aldyhelix/Projects/www/backend_rmi/vendor/laravel/framework/src/Illuminate/Pipeline/Pipeline.php(167): App\\Http\\Middleware\\InitSettings->handle(Object(Illuminate\\Http\\Request), Object(Closure))
#47 /Users/aldyhelix/Projects/www/backend_rmi/vendor/laravel/framework/src/Illuminate/Routing/Middleware/SubstituteBindings.php(50): Illuminate\\Pipeline\\Pipeline->Illuminate\\Pipeline\\{closure}(Object(Illuminate\\Http\\Request))
#48 /Users/aldyhelix/Projects/www/backend_rmi/vendor/laravel/framework/src/Illuminate/Pipeline/Pipeline.php(167): Illuminate\\Routing\\Middleware\\SubstituteBindings->handle(Object(Illuminate\\Http\\Request), Object(Closure))
#49 /Users/aldyhelix/Projects/www/backend_rmi/vendor/laravel/framework/src/Illuminate/Auth/Middleware/Authenticate.php(44): Illuminate\\Pipeline\\Pipeline->Illuminate\\Pipeline\\{closure}(Object(Illuminate\\Http\\Request))
#50 /Users/aldyhelix/Projects/www/backend_rmi/vendor/laravel/framework/src/Illuminate/Pipeline/Pipeline.php(167): Illuminate\\Auth\\Middleware\\Authenticate->handle(Object(Illuminate\\Http\\Request), Object(Closure))
#51 /Users/aldyhelix/Projects/www/backend_rmi/vendor/laravel/framework/src/Illuminate/Foundation/Http/Middleware/VerifyCsrfToken.php(78): Illuminate\\Pipeline\\Pipeline->Illuminate\\Pipeline\\{closure}(Object(Illuminate\\Http\\Request))
#52 /Users/aldyhelix/Projects/www/backend_rmi/vendor/laravel/framework/src/Illuminate/Pipeline/Pipeline.php(167): Illuminate\\Foundation\\Http\\Middleware\\VerifyCsrfToken->handle(Object(Illuminate\\Http\\Request), Object(Closure))
#53 /Users/aldyhelix/Projects/www/backend_rmi/vendor/laravel/framework/src/Illuminate/View/Middleware/ShareErrorsFromSession.php(49): Illuminate\\Pipeline\\Pipeline->Illuminate\\Pipeline\\{closure}(Object(Illuminate\\Http\\Request))
#54 /Users/aldyhelix/Projects/www/backend_rmi/vendor/laravel/framework/src/Illuminate/Pipeline/Pipeline.php(167): Illuminate\\View\\Middleware\\ShareErrorsFromSession->handle(Object(Illuminate\\Http\\Request), Object(Closure))
#55 /Users/aldyhelix/Projects/www/backend_rmi/vendor/laravel/framework/src/Illuminate/Session/Middleware/StartSession.php(121): Illuminate\\Pipeline\\Pipeline->Illuminate\\Pipeline\\{closure}(Object(Illuminate\\Http\\Request))
#56 /Users/aldyhelix/Projects/www/backend_rmi/vendor/laravel/framework/src/Illuminate/Session/Middleware/StartSession.php(64): Illuminate\\Session\\Middleware\\StartSession->handleStatefulRequest(Object(Illuminate\\Http\\Request), Object(Illuminate\\Session\\EncryptedStore), Object(Closure))
#57 /Users/aldyhelix/Projects/www/backend_rmi/vendor/laravel/framework/src/Illuminate/Pipeline/Pipeline.php(167): Illuminate\\Session\\Middleware\\StartSession->handle(Object(Illuminate\\Http\\Request), Object(Closure))
#58 /Users/aldyhelix/Projects/www/backend_rmi/vendor/laravel/framework/src/Illuminate/Cookie/Middleware/AddQueuedCookiesToResponse.php(37): Illuminate\\Pipeline\\Pipeline->Illuminate\\Pipeline\\{closure}(Object(Illuminate\\Http\\Request))
#59 /Users/aldyhelix/Projects/www/backend_rmi/vendor/laravel/framework/src/Illuminate/Pipeline/Pipeline.php(167): Illuminate\\Cookie\\Middleware\\AddQueuedCookiesToResponse->handle(Object(Illuminate\\Http\\Request), Object(Closure))
#60 /Users/aldyhelix/Projects/www/backend_rmi/vendor/laravel/framework/src/Illuminate/Cookie/Middleware/EncryptCookies.php(67): Illuminate\\Pipeline\\Pipeline->Illuminate\\Pipeline\\{closure}(Object(Illuminate\\Http\\Request))
#61 /Users/aldyhelix/Projects/www/backend_rmi/vendor/laravel/framework/src/Illuminate/Pipeline/Pipeline.php(167): Illuminate\\Cookie\\Middleware\\EncryptCookies->handle(Object(Illuminate\\Http\\Request), Object(Closure))
#62 /Users/aldyhelix/Projects/www/backend_rmi/vendor/laravel/framework/src/Illuminate/Pipeline/Pipeline.php(103): Illuminate\\Pipeline\\Pipeline->Illuminate\\Pipeline\\{closure}(Object(Illuminate\\Http\\Request))
#63 /Users/aldyhelix/Projects/www/backend_rmi/vendor/laravel/framework/src/Illuminate/Routing/Router.php(719): Illuminate\\Pipeline\\Pipeline->then(Object(Closure))
#64 /Users/aldyhelix/Projects/www/backend_rmi/vendor/laravel/framework/src/Illuminate/Routing/Router.php(698): Illuminate\\Routing\\Router->runRouteWithinStack(Object(Illuminate\\Routing\\Route), Object(Illuminate\\Http\\Request))
#65 /Users/aldyhelix/Projects/www/backend_rmi/vendor/laravel/framework/src/Illuminate/Routing/Router.php(662): Illuminate\\Routing\\Router->runRoute(Object(Illuminate\\Http\\Request), Object(Illuminate\\Routing\\Route))
#66 /Users/aldyhelix/Projects/www/backend_rmi/vendor/laravel/framework/src/Illuminate/Routing/Router.php(651): Illuminate\\Routing\\Router->dispatchToRoute(Object(Illuminate\\Http\\Request))
#67 /Users/aldyhelix/Projects/www/backend_rmi/vendor/laravel/framework/src/Illuminate/Foundation/Http/Kernel.php(167): Illuminate\\Routing\\Router->dispatch(Object(Illuminate\\Http\\Request))
#68 /Users/aldyhelix/Projects/www/backend_rmi/vendor/laravel/framework/src/Illuminate/Pipeline/Pipeline.php(128): Illuminate\\Foundation\\Http\\Kernel->Illuminate\\Foundation\\Http\\{closure}(Object(Illuminate\\Http\\Request))
#69 /Users/aldyhelix/Projects/www/backend_rmi/vendor/livewire/livewire/src/DisableBrowserCache.php(19): Illuminate\\Pipeline\\Pipeline->Illuminate\\Pipeline\\{closure}(Object(Illuminate\\Http\\Request))
#70 /Users/aldyhelix/Projects/www/backend_rmi/vendor/laravel/framework/src/Illuminate/Pipeline/Pipeline.php(167): Livewire\\DisableBrowserCache->handle(Object(Illuminate\\Http\\Request), Object(Closure))
#71 /Users/aldyhelix/Projects/www/backend_rmi/vendor/barryvdh/laravel-debugbar/src/Middleware/InjectDebugbar.php(66): Illuminate\\Pipeline\\Pipeline->Illuminate\\Pipeline\\{closure}(Object(Illuminate\\Http\\Request))
#72 /Users/aldyhelix/Projects/www/backend_rmi/vendor/laravel/framework/src/Illuminate/Pipeline/Pipeline.php(167): Barryvdh\\Debugbar\\Middleware\\InjectDebugbar->handle(Object(Illuminate\\Http\\Request), Object(Closure))
#73 /Users/aldyhelix/Projects/www/backend_rmi/app/Http/Middleware/CheckForInstallation.php(19): Illuminate\\Pipeline\\Pipeline->Illuminate\\Pipeline\\{closure}(Object(Illuminate\\Http\\Request))
#74 /Users/aldyhelix/Projects/www/backend_rmi/vendor/laravel/framework/src/Illuminate/Pipeline/Pipeline.php(167): App\\Http\\Middleware\\CheckForInstallation->handle(Object(Illuminate\\Http\\Request), Object(Closure))
#75 /Users/aldyhelix/Projects/www/backend_rmi/vendor/laravel/framework/src/Illuminate/Foundation/Http/Middleware/TransformsRequest.php(21): Illuminate\\Pipeline\\Pipeline->Illuminate\\Pipeline\\{closure}(Object(Illuminate\\Http\\Request))
#76 /Users/aldyhelix/Projects/www/backend_rmi/vendor/laravel/framework/src/Illuminate/Foundation/Http/Middleware/ConvertEmptyStringsToNull.php(31): Illuminate\\Foundation\\Http\\Middleware\\TransformsRequest->handle(Object(Illuminate\\Http\\Request), Object(Closure))
#77 /Users/aldyhelix/Projects/www/backend_rmi/vendor/laravel/framework/src/Illuminate/Pipeline/Pipeline.php(167): Illuminate\\Foundation\\Http\\Middleware\\ConvertEmptyStringsToNull->handle(Object(Illuminate\\Http\\Request), Object(Closure))
#78 /Users/aldyhelix/Projects/www/backend_rmi/vendor/laravel/framework/src/Illuminate/Foundation/Http/Middleware/TransformsRequest.php(21): Illuminate\\Pipeline\\Pipeline->Illuminate\\Pipeline\\{closure}(Object(Illuminate\\Http\\Request))
#79 /Users/aldyhelix/Projects/www/backend_rmi/vendor/laravel/framework/src/Illuminate/Foundation/Http/Middleware/TrimStrings.php(40): Illuminate\\Foundation\\Http\\Middleware\\TransformsRequest->handle(Object(Illuminate\\Http\\Request), Object(Closure))
#80 /Users/aldyhelix/Projects/www/backend_rmi/vendor/laravel/framework/src/Illuminate/Pipeline/Pipeline.php(167): Illuminate\\Foundation\\Http\\Middleware\\TrimStrings->handle(Object(Illuminate\\Http\\Request), Object(Closure))
#81 /Users/aldyhelix/Projects/www/backend_rmi/vendor/laravel/framework/src/Illuminate/Foundation/Http/Middleware/ValidatePostSize.php(27): Illuminate\\Pipeline\\Pipeline->Illuminate\\Pipeline\\{closure}(Object(Illuminate\\Http\\Request))
#82 /Users/aldyhelix/Projects/www/backend_rmi/vendor/laravel/framework/src/Illuminate/Pipeline/Pipeline.php(167): Illuminate\\Foundation\\Http\\Middleware\\ValidatePostSize->handle(Object(Illuminate\\Http\\Request), Object(Closure))
#83 /Users/aldyhelix/Projects/www/backend_rmi/vendor/laravel/framework/src/Illuminate/Foundation/Http/Middleware/PreventRequestsDuringMaintenance.php(86): Illuminate\\Pipeline\\Pipeline->Illuminate\\Pipeline\\{closure}(Object(Illuminate\\Http\\Request))
#84 /Users/aldyhelix/Projects/www/backend_rmi/vendor/laravel/framework/src/Illuminate/Pipeline/Pipeline.php(167): Illuminate\\Foundation\\Http\\Middleware\\PreventRequestsDuringMaintenance->handle(Object(Illuminate\\Http\\Request), Object(Closure))
#85 /Users/aldyhelix/Projects/www/backend_rmi/vendor/fruitcake/laravel-cors/src/HandleCors.php(38): Illuminate\\Pipeline\\Pipeline->Illuminate\\Pipeline\\{closure}(Object(Illuminate\\Http\\Request))
#86 /Users/aldyhelix/Projects/www/backend_rmi/vendor/laravel/framework/src/Illuminate/Pipeline/Pipeline.php(167): Fruitcake\\Cors\\HandleCors->handle(Object(Illuminate\\Http\\Request), Object(Closure))
#87 /Users/aldyhelix/Projects/www/backend_rmi/vendor/laravel/framework/src/Illuminate/Http/Middleware/TrustProxies.php(39): Illuminate\\Pipeline\\Pipeline->Illuminate\\Pipeline\\{closure}(Object(Illuminate\\Http\\Request))
#88 /Users/aldyhelix/Projects/www/backend_rmi/vendor/laravel/framework/src/Illuminate/Pipeline/Pipeline.php(167): Illuminate\\Http\\Middleware\\TrustProxies->handle(Object(Illuminate\\Http\\Request), Object(Closure))
#89 /Users/aldyhelix/Projects/www/backend_rmi/vendor/laravel/framework/src/Illuminate/Pipeline/Pipeline.php(103): Illuminate\\Pipeline\\Pipeline->Illuminate\\Pipeline\\{closure}(Object(Illuminate\\Http\\Request))
#90 /Users/aldyhelix/Projects/www/backend_rmi/vendor/laravel/framework/src/Illuminate/Foundation/Http/Kernel.php(142): Illuminate\\Pipeline\\Pipeline->then(Object(Closure))
#91 /Users/aldyhelix/Projects/www/backend_rmi/vendor/laravel/framework/src/Illuminate/Foundation/Http/Kernel.php(111): Illuminate\\Foundation\\Http\\Kernel->sendRequestThroughRouter(Object(Illuminate\\Http\\Request))
#92 /Users/aldyhelix/Projects/www/backend_rmi/public/index.php(58): Illuminate\\Foundation\\Http\\Kernel->handle(Object(Illuminate\\Http\\Request))
#93 /Applications/Herd.app/Contents/Resources/valet/server.php(153): require('/Users/aldyheli...')
#94 {main}

[previous exception] [object] (PDOException(code: 42S22): SQLSTATE[42S22]: Column not found: 1054 Unknown column 'orders.customer_id' in 'on clause' at /Users/aldyhelix/Projects/www/backend_rmi/vendor/laravel/framework/src/Illuminate/Database/Connection.php:368)
[stacktrace]
#0 /Users/aldyhelix/Projects/www/backend_rmi/vendor/laravel/framework/src/Illuminate/Database/Connection.php(368): PDO->prepare('select count(di...')
#1 /Users/aldyhelix/Projects/www/backend_rmi/vendor/laravel/framework/src/Illuminate/Database/Connection.php(705): Illuminate\\Database\\Connection->Illuminate\\Database\\{closure}('select count(di...', Array)
#2 /Users/aldyhelix/Projects/www/backend_rmi/vendor/laravel/framework/src/Illuminate/Database/Connection.php(672): Illuminate\\Database\\Connection->runQueryCallback('select count(di...', Array, Object(Closure))
#3 /Users/aldyhelix/Projects/www/backend_rmi/vendor/laravel/framework/src/Illuminate/Database/Connection.php(359): Illuminate\\Database\\Connection->run('select count(di...', Array, Object(Closure))
#4 /Users/aldyhelix/Projects/www/backend_rmi/vendor/laravel/framework/src/Illuminate/Database/Query/Builder.php(2413): Illuminate\\Database\\Connection->select('select count(di...', Array, true)
#5 /Users/aldyhelix/Projects/www/backend_rmi/vendor/laravel/framework/src/Illuminate/Database/Query/Builder.php(2402): Illuminate\\Database\\Query\\Builder->runSelect()
#6 /Users/aldyhelix/Projects/www/backend_rmi/vendor/laravel/framework/src/Illuminate/Database/Query/Builder.php(2936): Illuminate\\Database\\Query\\Builder->Illuminate\\Database\\Query\\{closure}()
#7 /Users/aldyhelix/Projects/www/backend_rmi/vendor/laravel/framework/src/Illuminate/Database/Query/Builder.php(2401): Illuminate\\Database\\Query\\Builder->onceWithColumns(Array, Object(Closure))
#8 /Users/aldyhelix/Projects/www/backend_rmi/vendor/laravel/framework/src/Illuminate/Database/Query/Builder.php(2863): Illuminate\\Database\\Query\\Builder->get(Array)
#9 /Users/aldyhelix/Projects/www/backend_rmi/vendor/laravel/framework/src/Illuminate/Database/Query/Builder.php(2791): Illuminate\\Database\\Query\\Builder->aggregate('count', Array)
#10 /Users/aldyhelix/Projects/www/backend_rmi/app/Http/Livewire/Dashboard.php(414): Illuminate\\Database\\Query\\Builder->count('o.customer_id')
#11 /Users/aldyhelix/Projects/www/backend_rmi/app/Http/Livewire/Dashboard.php(250): App\\Http\\Livewire\\Dashboard->updatedCustomerCount()
#12 /Users/aldyhelix/Projects/www/backend_rmi/app/Http/Livewire/Dashboard.php(124): App\\Http\\Livewire\\Dashboard->updateCardSection()
#13 /Users/aldyhelix/Projects/www/backend_rmi/vendor/laravel/framework/src/Illuminate/Container/BoundMethod.php(36): App\\Http\\Livewire\\Dashboard->mount(9, 0, 7, 0, 16, 0, 0, 0, 0, 0, 0, 0, 0, 0)
#14 /Users/aldyhelix/Projects/www/backend_rmi/vendor/laravel/framework/src/Illuminate/Container/Util.php(40): Illuminate\\Container\\BoundMethod::Illuminate\\Container\\{closure}()
#15 /Users/aldyhelix/Projects/www/backend_rmi/vendor/laravel/framework/src/Illuminate/Container/BoundMethod.php(93): Illuminate\\Container\\Util::unwrapIfClosure(Object(Closure))
#16 /Users/aldyhelix/Projects/www/backend_rmi/vendor/laravel/framework/src/Illuminate/Container/BoundMethod.php(35): Illuminate\\Container\\BoundMethod::callBoundMethod(Object(Illuminate\\Foundation\\Application), Array, Object(Closure))
#17 /Users/aldyhelix/Projects/www/backend_rmi/vendor/livewire/livewire/src/LifecycleManager.php(114): Illuminate\\Container\\BoundMethod::call(Object(Illuminate\\Foundation\\Application), Array, Array)
#18 /Users/aldyhelix/Projects/www/backend_rmi/vendor/livewire/livewire/src/LivewireManager.php(130): Livewire\\LifecycleManager->mount(Array)
#19 /Users/aldyhelix/Projects/www/backend_rmi/vendor/laravel/framework/src/Illuminate/Support/Facades/Facade.php(261): Livewire\\LivewireManager->mount('dashboard', Array)
#20 /Users/aldyhelix/Projects/www/backend_rmi/storage/framework/views/7614a377bf597da1c7ed67416eae576b7feee755.php(13): Illuminate\\Support\\Facades\\Facade::__callStatic('mount', Array)
#21 /Users/aldyhelix/Projects/www/backend_rmi/vendor/laravel/framework/src/Illuminate/Filesystem/Filesystem.php(107): require('/Users/aldyheli...')
#22 /Users/aldyhelix/Projects/www/backend_rmi/vendor/laravel/framework/src/Illuminate/Filesystem/Filesystem.php(108): Illuminate\\Filesystem\\Filesystem::Illuminate\\Filesystem\\{closure}()
#23 /Users/aldyhelix/Projects/www/backend_rmi/vendor/laravel/framework/src/Illuminate/View/Engines/PhpEngine.php(58): Illuminate\\Filesystem\\Filesystem->getRequire('/Users/aldyheli...', Array)
#24 /Users/aldyhelix/Projects/www/backend_rmi/vendor/livewire/livewire/src/ComponentConcerns/RendersLivewireComponents.php(69): Illuminate\\View\\Engines\\PhpEngine->evaluatePath('/Users/aldyheli...', Array)
#25 /Users/aldyhelix/Projects/www/backend_rmi/vendor/laravel/framework/src/Illuminate/View/Engines/CompilerEngine.php(61): Livewire\\CompilerEngineForIgnition->evaluatePath('/Users/aldyheli...', Array)
#26 /Users/aldyhelix/Projects/www/backend_rmi/vendor/facade/ignition/src/Views/Engines/CompilerEngine.php(37): Illuminate\\View\\Engines\\CompilerEngine->get('/Users/aldyheli...', Array)
#27 /Users/aldyhelix/Projects/www/backend_rmi/vendor/livewire/livewire/src/ComponentConcerns/RendersLivewireComponents.php(35): Facade\\Ignition\\Views\\Engines\\CompilerEngine->get('/Users/aldyheli...', Array)
#28 /Users/aldyhelix/Projects/www/backend_rmi/vendor/laravel/framework/src/Illuminate/View/View.php(139): Livewire\\CompilerEngineForIgnition->get('/Users/aldyheli...', Array)
#29 /Users/aldyhelix/Projects/www/backend_rmi/vendor/laravel/framework/src/Illuminate/View/View.php(122): Illuminate\\View\\View->getContents()
#30 /Users/aldyhelix/Projects/www/backend_rmi/vendor/laravel/framework/src/Illuminate/View/View.php(91): Illuminate\\View\\View->renderContents()
#31 /Users/aldyhelix/Projects/www/backend_rmi/vendor/laravel/framework/src/Illuminate/Http/Response.php(69): Illuminate\\View\\View->render()
#32 /Users/aldyhelix/Projects/www/backend_rmi/vendor/laravel/framework/src/Illuminate/Http/Response.php(35): Illuminate\\Http\\Response->setContent(Object(Illuminate\\View\\View))
#33 /Users/aldyhelix/Projects/www/backend_rmi/vendor/laravel/framework/src/Illuminate/Routing/Router.php(820): Illuminate\\Http\\Response->__construct(Object(Illuminate\\View\\View), 200, Array)
#34 /Users/aldyhelix/Projects/www/backend_rmi/vendor/laravel/framework/src/Illuminate/Routing/Router.php(789): Illuminate\\Routing\\Router::toResponse(Object(Illuminate\\Http\\Request), Object(Illuminate\\View\\View))
#35 /Users/aldyhelix/Projects/www/backend_rmi/vendor/laravel/framework/src/Illuminate/Routing/Router.php(720): Illuminate\\Routing\\Router->prepareResponse(Object(Illuminate\\Http\\Request), Object(Illuminate\\View\\View))
#36 /Users/aldyhelix/Projects/www/backend_rmi/vendor/laravel/framework/src/Illuminate/Pipeline/Pipeline.php(128): Illuminate\\Routing\\Router->Illuminate\\Routing\\{closure}(Object(Illuminate\\Http\\Request))
#37 /Users/aldyhelix/Projects/www/backend_rmi/app/Http/Middleware/DashboardSetup.php(22): Illuminate\\Pipeline\\Pipeline->Illuminate\\Pipeline\\{closure}(Object(Illuminate\\Http\\Request))
#38 /Users/aldyhelix/Projects/www/backend_rmi/vendor/laravel/framework/src/Illuminate/Pipeline/Pipeline.php(167): App\\Http\\Middleware\\DashboardSetup->handle(Object(Illuminate\\Http\\Request), Object(Closure))
#39 /Users/aldyhelix/Projects/www/backend_rmi/app/Http/Middleware/CheckIfBillingInfoRequired.php(24): Illuminate\\Pipeline\\Pipeline->Illuminate\\Pipeline\\{closure}(Object(Illuminate\\Http\\Request))
#40 /Users/aldyhelix/Projects/www/backend_rmi/vendor/laravel/framework/src/Illuminate/Pipeline/Pipeline.php(167): App\\Http\\Middleware\\CheckIfBillingInfoRequired->handle(Object(Illuminate\\Http\\Request), Object(Closure))
#41 /Users/aldyhelix/Projects/www/backend_rmi/app/Http/Middleware/VerifyUserIsSubscribed.php(25): Illuminate\\Pipeline\\Pipeline->Illuminate\\Pipeline\\{closure}(Object(Illuminate\\Http\\Request))
#42 /Users/aldyhelix/Projects/www/backend_rmi/vendor/laravel/framework/src/Illuminate/Pipeline/Pipeline.php(167): App\\Http\\Middleware\\VerifyUserIsSubscribed->handle(Object(Illuminate\\Http\\Request), Object(Closure))
#43 /Users/aldyhelix/Projects/www/backend_rmi/app/Http/Middleware/CookieConsentMiddleware.php(21): Illuminate\\Pipeline\\Pipeline->Illuminate\\Pipeline\\{closure}(Object(Illuminate\\Http\\Request))
#44 /Users/aldyhelix/Projects/www/backend_rmi/vendor/laravel/framework/src/Illuminate/Pipeline/Pipeline.php(167): App\\Http\\Middleware\\CookieConsentMiddleware->handle(Object(Illuminate\\Http\\Request), Object(Closure))
#45 /Users/aldyhelix/Projects/www/backend_rmi/app/Http/Middleware/Language.php(64): Illuminate\\Pipeline\\Pipeline->Illuminate\\Pipeline\\{closure}(Object(Illuminate\\Http\\Request))
#46 /Users/aldyhelix/Projects/www/backend_rmi/vendor/laravel/framework/src/Illuminate/Pipeline/Pipeline.php(167): App\\Http\\Middleware\\Language->handle(Object(Illuminate\\Http\\Request), Object(Closure))
#47 /Users/aldyhelix/Projects/www/backend_rmi/app/Http/Middleware/InitSettings.php(8): Illuminate\\Pipeline\\Pipeline->Illuminate\\Pipeline\\{closure}(Object(Illuminate\\Http\\Request))
#48 /Users/aldyhelix/Projects/www/backend_rmi/vendor/laravel/framework/src/Illuminate/Pipeline/Pipeline.php(167): App\\Http\\Middleware\\InitSettings->handle(Object(Illuminate\\Http\\Request), Object(Closure))
#49 /Users/aldyhelix/Projects/www/backend_rmi/vendor/laravel/framework/src/Illuminate/Routing/Middleware/SubstituteBindings.php(50): Illuminate\\Pipeline\\Pipeline->Illuminate\\Pipeline\\{closure}(Object(Illuminate\\Http\\Request))
#50 /Users/aldyhelix/Projects/www/backend_rmi/vendor/laravel/framework/src/Illuminate/Pipeline/Pipeline.php(167): Illuminate\\Routing\\Middleware\\SubstituteBindings->handle(Object(Illuminate\\Http\\Request), Object(Closure))
#51 /Users/aldyhelix/Projects/www/backend_rmi/vendor/laravel/framework/src/Illuminate/Auth/Middleware/Authenticate.php(44): Illuminate\\Pipeline\\Pipeline->Illuminate\\Pipeline\\{closure}(Object(Illuminate\\Http\\Request))
#52 /Users/aldyhelix/Projects/www/backend_rmi/vendor/laravel/framework/src/Illuminate/Pipeline/Pipeline.php(167): Illuminate\\Auth\\Middleware\\Authenticate->handle(Object(Illuminate\\Http\\Request), Object(Closure))
#53 /Users/aldyhelix/Projects/www/backend_rmi/vendor/laravel/framework/src/Illuminate/Foundation/Http/Middleware/VerifyCsrfToken.php(78): Illuminate\\Pipeline\\Pipeline->Illuminate\\Pipeline\\{closure}(Object(Illuminate\\Http\\Request))
#54 /Users/aldyhelix/Projects/www/backend_rmi/vendor/laravel/framework/src/Illuminate/Pipeline/Pipeline.php(167): Illuminate\\Foundation\\Http\\Middleware\\VerifyCsrfToken->handle(Object(Illuminate\\Http\\Request), Object(Closure))
#55 /Users/aldyhelix/Projects/www/backend_rmi/vendor/laravel/framework/src/Illuminate/View/Middleware/ShareErrorsFromSession.php(49): Illuminate\\Pipeline\\Pipeline->Illuminate\\Pipeline\\{closure}(Object(Illuminate\\Http\\Request))
#56 /Users/aldyhelix/Projects/www/backend_rmi/vendor/laravel/framework/src/Illuminate/Pipeline/Pipeline.php(167): Illuminate\\View\\Middleware\\ShareErrorsFromSession->handle(Object(Illuminate\\Http\\Request), Object(Closure))
#57 /Users/aldyhelix/Projects/www/backend_rmi/vendor/laravel/framework/src/Illuminate/Session/Middleware/StartSession.php(121): Illuminate\\Pipeline\\Pipeline->Illuminate\\Pipeline\\{closure}(Object(Illuminate\\Http\\Request))
#58 /Users/aldyhelix/Projects/www/backend_rmi/vendor/laravel/framework/src/Illuminate/Session/Middleware/StartSession.php(64): Illuminate\\Session\\Middleware\\StartSession->handleStatefulRequest(Object(Illuminate\\Http\\Request), Object(Illuminate\\Session\\EncryptedStore), Object(Closure))
#59 /Users/aldyhelix/Projects/www/backend_rmi/vendor/laravel/framework/src/Illuminate/Pipeline/Pipeline.php(167): Illuminate\\Session\\Middleware\\StartSession->handle(Object(Illuminate\\Http\\Request), Object(Closure))
#60 /Users/aldyhelix/Projects/www/backend_rmi/vendor/laravel/framework/src/Illuminate/Cookie/Middleware/AddQueuedCookiesToResponse.php(37): Illuminate\\Pipeline\\Pipeline->Illuminate\\Pipeline\\{closure}(Object(Illuminate\\Http\\Request))
#61 /Users/aldyhelix/Projects/www/backend_rmi/vendor/laravel/framework/src/Illuminate/Pipeline/Pipeline.php(167): Illuminate\\Cookie\\Middleware\\AddQueuedCookiesToResponse->handle(Object(Illuminate\\Http\\Request), Object(Closure))
#62 /Users/aldyhelix/Projects/www/backend_rmi/vendor/laravel/framework/src/Illuminate/Cookie/Middleware/EncryptCookies.php(67): Illuminate\\Pipeline\\Pipeline->Illuminate\\Pipeline\\{closure}(Object(Illuminate\\Http\\Request))
#63 /Users/aldyhelix/Projects/www/backend_rmi/vendor/laravel/framework/src/Illuminate/Pipeline/Pipeline.php(167): Illuminate\\Cookie\\Middleware\\EncryptCookies->handle(Object(Illuminate\\Http\\Request), Object(Closure))
#64 /Users/aldyhelix/Projects/www/backend_rmi/vendor/laravel/framework/src/Illuminate/Pipeline/Pipeline.php(103): Illuminate\\Pipeline\\Pipeline->Illuminate\\Pipeline\\{closure}(Object(Illuminate\\Http\\Request))
#65 /Users/aldyhelix/Projects/www/backend_rmi/vendor/laravel/framework/src/Illuminate/Routing/Router.php(719): Illuminate\\Pipeline\\Pipeline->then(Object(Closure))
#66 /Users/aldyhelix/Projects/www/backend_rmi/vendor/laravel/framework/src/Illuminate/Routing/Router.php(698): Illuminate\\Routing\\Router->runRouteWithinStack(Object(Illuminate\\Routing\\Route), Object(Illuminate\\Http\\Request))
#67 /Users/aldyhelix/Projects/www/backend_rmi/vendor/laravel/framework/src/Illuminate/Routing/Router.php(662): Illuminate\\Routing\\Router->runRoute(Object(Illuminate\\Http\\Request), Object(Illuminate\\Routing\\Route))
#68 /Users/aldyhelix/Projects/www/backend_rmi/vendor/laravel/framework/src/Illuminate/Routing/Router.php(651): Illuminate\\Routing\\Router->dispatchToRoute(Object(Illuminate\\Http\\Request))
#69 /Users/aldyhelix/Projects/www/backend_rmi/vendor/laravel/framework/src/Illuminate/Foundation/Http/Kernel.php(167): Illuminate\\Routing\\Router->dispatch(Object(Illuminate\\Http\\Request))
#70 /Users/aldyhelix/Projects/www/backend_rmi/vendor/laravel/framework/src/Illuminate/Pipeline/Pipeline.php(128): Illuminate\\Foundation\\Http\\Kernel->Illuminate\\Foundation\\Http\\{closure}(Object(Illuminate\\Http\\Request))
#71 /Users/aldyhelix/Projects/www/backend_rmi/vendor/livewire/livewire/src/DisableBrowserCache.php(19): Illuminate\\Pipeline\\Pipeline->Illuminate\\Pipeline\\{closure}(Object(Illuminate\\Http\\Request))
#72 /Users/aldyhelix/Projects/www/backend_rmi/vendor/laravel/framework/src/Illuminate/Pipeline/Pipeline.php(167): Livewire\\DisableBrowserCache->handle(Object(Illuminate\\Http\\Request), Object(Closure))
#73 /Users/aldyhelix/Projects/www/backend_rmi/vendor/barryvdh/laravel-debugbar/src/Middleware/InjectDebugbar.php(66): Illuminate\\Pipeline\\Pipeline->Illuminate\\Pipeline\\{closure}(Object(Illuminate\\Http\\Request))
#74 /Users/aldyhelix/Projects/www/backend_rmi/vendor/laravel/framework/src/Illuminate/Pipeline/Pipeline.php(167): Barryvdh\\Debugbar\\Middleware\\InjectDebugbar->handle(Object(Illuminate\\Http\\Request), Object(Closure))
#75 /Users/aldyhelix/Projects/www/backend_rmi/app/Http/Middleware/CheckForInstallation.php(19): Illuminate\\Pipeline\\Pipeline->Illuminate\\Pipeline\\{closure}(Object(Illuminate\\Http\\Request))
#76 /Users/aldyhelix/Projects/www/backend_rmi/vendor/laravel/framework/src/Illuminate/Pipeline/Pipeline.php(167): App\\Http\\Middleware\\CheckForInstallation->handle(Object(Illuminate\\Http\\Request), Object(Closure))
#77 /Users/aldyhelix/Projects/www/backend_rmi/vendor/laravel/framework/src/Illuminate/Foundation/Http/Middleware/TransformsRequest.php(21): Illuminate\\Pipeline\\Pipeline->Illuminate\\Pipeline\\{closure}(Object(Illuminate\\Http\\Request))
#78 /Users/aldyhelix/Projects/www/backend_rmi/vendor/laravel/framework/src/Illuminate/Foundation/Http/Middleware/ConvertEmptyStringsToNull.php(31): Illuminate\\Foundation\\Http\\Middleware\\TransformsRequest->handle(Object(Illuminate\\Http\\Request), Object(Closure))
#79 /Users/aldyhelix/Projects/www/backend_rmi/vendor/laravel/framework/src/Illuminate/Pipeline/Pipeline.php(167): Illuminate\\Foundation\\Http\\Middleware\\ConvertEmptyStringsToNull->handle(Object(Illuminate\\Http\\Request), Object(Closure))
#80 /Users/aldyhelix/Projects/www/backend_rmi/vendor/laravel/framework/src/Illuminate/Foundation/Http/Middleware/TransformsRequest.php(21): Illuminate\\Pipeline\\Pipeline->Illuminate\\Pipeline\\{closure}(Object(Illuminate\\Http\\Request))
#81 /Users/aldyhelix/Projects/www/backend_rmi/vendor/laravel/framework/src/Illuminate/Foundation/Http/Middleware/TrimStrings.php(40): Illuminate\\Foundation\\Http\\Middleware\\TransformsRequest->handle(Object(Illuminate\\Http\\Request), Object(Closure))
#82 /Users/aldyhelix/Projects/www/backend_rmi/vendor/laravel/framework/src/Illuminate/Pipeline/Pipeline.php(167): Illuminate\\Foundation\\Http\\Middleware\\TrimStrings->handle(Object(Illuminate\\Http\\Request), Object(Closure))
#83 /Users/aldyhelix/Projects/www/backend_rmi/vendor/laravel/framework/src/Illuminate/Foundation/Http/Middleware/ValidatePostSize.php(27): Illuminate\\Pipeline\\Pipeline->Illuminate\\Pipeline\\{closure}(Object(Illuminate\\Http\\Request))
#84 /Users/aldyhelix/Projects/www/backend_rmi/vendor/laravel/framework/src/Illuminate/Pipeline/Pipeline.php(167): Illuminate\\Foundation\\Http\\Middleware\\ValidatePostSize->handle(Object(Illuminate\\Http\\Request), Object(Closure))
#85 /Users/aldyhelix/Projects/www/backend_rmi/vendor/laravel/framework/src/Illuminate/Foundation/Http/Middleware/PreventRequestsDuringMaintenance.php(86): Illuminate\\Pipeline\\Pipeline->Illuminate\\Pipeline\\{closure}(Object(Illuminate\\Http\\Request))
#86 /Users/aldyhelix/Projects/www/backend_rmi/vendor/laravel/framework/src/Illuminate/Pipeline/Pipeline.php(167): Illuminate\\Foundation\\Http\\Middleware\\PreventRequestsDuringMaintenance->handle(Object(Illuminate\\Http\\Request), Object(Closure))
#87 /Users/aldyhelix/Projects/www/backend_rmi/vendor/fruitcake/laravel-cors/src/HandleCors.php(38): Illuminate\\Pipeline\\Pipeline->Illuminate\\Pipeline\\{closure}(Object(Illuminate\\Http\\Request))
#88 /Users/aldyhelix/Projects/www/backend_rmi/vendor/laravel/framework/src/Illuminate/Pipeline/Pipeline.php(167): Fruitcake\\Cors\\HandleCors->handle(Object(Illuminate\\Http\\Request), Object(Closure))
#89 /Users/aldyhelix/Projects/www/backend_rmi/vendor/laravel/framework/src/Illuminate/Http/Middleware/TrustProxies.php(39): Illuminate\\Pipeline\\Pipeline->Illuminate\\Pipeline\\{closure}(Object(Illuminate\\Http\\Request))
#90 /Users/aldyhelix/Projects/www/backend_rmi/vendor/laravel/framework/src/Illuminate/Pipeline/Pipeline.php(167): Illuminate\\Http\\Middleware\\TrustProxies->handle(Object(Illuminate\\Http\\Request), Object(Closure))
#91 /Users/aldyhelix/Projects/www/backend_rmi/vendor/laravel/framework/src/Illuminate/Pipeline/Pipeline.php(103): Illuminate\\Pipeline\\Pipeline->Illuminate\\Pipeline\\{closure}(Object(Illuminate\\Http\\Request))
#92 /Users/aldyhelix/Projects/www/backend_rmi/vendor/laravel/framework/src/Illuminate/Foundation/Http/Kernel.php(142): Illuminate\\Pipeline\\Pipeline->then(Object(Closure))
#93 /Users/aldyhelix/Projects/www/backend_rmi/vendor/laravel/framework/src/Illuminate/Foundation/Http/Kernel.php(111): Illuminate\\Foundation\\Http\\Kernel->sendRequestThroughRouter(Object(Illuminate\\Http\\Request))
#94 /Users/aldyhelix/Projects/www/backend_rmi/public/index.php(58): Illuminate\\Foundation\\Http\\Kernel->handle(Object(Illuminate\\Http\\Request))
#95 /Applications/Herd.app/Contents/Resources/valet/server.php(153): require('/Users/aldyheli...')
#96 {main}
"} 
[2024-06-22 17:32:28] production.ERROR: Class "App\Http\Livewire\Carbon\Carbon" not found (View: /Users/aldyhelix/Projects/www/backend_rmi/resources/views/admin/dashboard/platform.blade.php) {"view":{"view":"/Users/aldyhelix/Projects/www/backend_rmi/app/Http/Livewire/Dashboard.php","data":[]},"userId":1,"exception":"[object] (Facade\\Ignition\\Exceptions\\ViewException(code: 0): Class \"App\\Http\\Livewire\\Carbon\\Carbon\" not found (View: /Users/aldyhelix/Projects/www/backend_rmi/resources/views/admin/dashboard/platform.blade.php) at /Users/aldyhelix/Projects/www/backend_rmi/app/Http/Livewire/Dashboard.php:625)
[stacktrace]
#0 /Users/aldyhelix/Projects/www/backend_rmi/vendor/laravel/framework/src/Illuminate/Support/Traits/Conditionable.php(18): App\\Http\\Livewire\\Dashboard->App\\Http\\Livewire\\{closure}(Object(Illuminate\\Database\\Query\\Builder), true)
#1 /Users/aldyhelix/Projects/www/backend_rmi/app/Http/Livewire/Dashboard.php(623): Illuminate\\Database\\Query\\Builder->when(true, Object(Closure))
#2 /Users/aldyhelix/Projects/www/backend_rmi/app/Http/Livewire/Dashboard.php(267): App\\Http\\Livewire\\Dashboard->updatedChart1DataD1()
#3 /Users/aldyhelix/Projects/www/backend_rmi/app/Http/Livewire/Dashboard.php(126): App\\Http\\Livewire\\Dashboard->updateChartSection()
#4 /Users/aldyhelix/Projects/www/backend_rmi/vendor/laravel/framework/src/Illuminate/Container/BoundMethod.php(36): App\\Http\\Livewire\\Dashboard->mount(9, 0, 7, 0, 16, 0, 0, 0, 0, 0, 0, 0, 0, 0)
#5 /Users/aldyhelix/Projects/www/backend_rmi/vendor/laravel/framework/src/Illuminate/Container/Util.php(40): Illuminate\\Container\\BoundMethod::Illuminate\\Container\\{closure}()
#6 /Users/aldyhelix/Projects/www/backend_rmi/vendor/laravel/framework/src/Illuminate/Container/BoundMethod.php(93): Illuminate\\Container\\Util::unwrapIfClosure(Object(Closure))
#7 /Users/aldyhelix/Projects/www/backend_rmi/vendor/laravel/framework/src/Illuminate/Container/BoundMethod.php(35): Illuminate\\Container\\BoundMethod::callBoundMethod(Object(Illuminate\\Foundation\\Application), Array, Object(Closure))
#8 /Users/aldyhelix/Projects/www/backend_rmi/vendor/livewire/livewire/src/LifecycleManager.php(114): Illuminate\\Container\\BoundMethod::call(Object(Illuminate\\Foundation\\Application), Array, Array)
#9 /Users/aldyhelix/Projects/www/backend_rmi/vendor/livewire/livewire/src/LivewireManager.php(130): Livewire\\LifecycleManager->mount(Array)
#10 /Users/aldyhelix/Projects/www/backend_rmi/vendor/laravel/framework/src/Illuminate/Support/Facades/Facade.php(261): Livewire\\LivewireManager->mount('dashboard', Array)
#11 /Users/aldyhelix/Projects/www/backend_rmi/resources/views/admin/dashboard/platform.blade.php(13): Illuminate\\Support\\Facades\\Facade::__callStatic('mount', Array)
#12 /Users/aldyhelix/Projects/www/backend_rmi/vendor/laravel/framework/src/Illuminate/Filesystem/Filesystem.php(107): require('/Users/aldyheli...')
#13 /Users/aldyhelix/Projects/www/backend_rmi/vendor/laravel/framework/src/Illuminate/Filesystem/Filesystem.php(108): Illuminate\\Filesystem\\Filesystem::Illuminate\\Filesystem\\{closure}()
#14 /Users/aldyhelix/Projects/www/backend_rmi/vendor/laravel/framework/src/Illuminate/View/Engines/PhpEngine.php(58): Illuminate\\Filesystem\\Filesystem->getRequire('/Users/aldyheli...', Array)
#15 /Users/aldyhelix/Projects/www/backend_rmi/vendor/livewire/livewire/src/ComponentConcerns/RendersLivewireComponents.php(69): Illuminate\\View\\Engines\\PhpEngine->evaluatePath('/Users/aldyheli...', Array)
#16 /Users/aldyhelix/Projects/www/backend_rmi/vendor/laravel/framework/src/Illuminate/View/Engines/CompilerEngine.php(61): Livewire\\CompilerEngineForIgnition->evaluatePath('/Users/aldyheli...', Array)
#17 /Users/aldyhelix/Projects/www/backend_rmi/vendor/facade/ignition/src/Views/Engines/CompilerEngine.php(37): Illuminate\\View\\Engines\\CompilerEngine->get('/Users/aldyheli...', Array)
#18 /Users/aldyhelix/Projects/www/backend_rmi/vendor/livewire/livewire/src/ComponentConcerns/RendersLivewireComponents.php(35): Facade\\Ignition\\Views\\Engines\\CompilerEngine->get('/Users/aldyheli...', Array)
#19 /Users/aldyhelix/Projects/www/backend_rmi/vendor/laravel/framework/src/Illuminate/View/View.php(139): Livewire\\CompilerEngineForIgnition->get('/Users/aldyheli...', Array)
#20 /Users/aldyhelix/Projects/www/backend_rmi/vendor/laravel/framework/src/Illuminate/View/View.php(122): Illuminate\\View\\View->getContents()
#21 /Users/aldyhelix/Projects/www/backend_rmi/vendor/laravel/framework/src/Illuminate/View/View.php(91): Illuminate\\View\\View->renderContents()
#22 /Users/aldyhelix/Projects/www/backend_rmi/vendor/laravel/framework/src/Illuminate/Http/Response.php(69): Illuminate\\View\\View->render()
#23 /Users/aldyhelix/Projects/www/backend_rmi/vendor/laravel/framework/src/Illuminate/Http/Response.php(35): Illuminate\\Http\\Response->setContent(Object(Illuminate\\View\\View))
#24 /Users/aldyhelix/Projects/www/backend_rmi/vendor/laravel/framework/src/Illuminate/Routing/Router.php(820): Illuminate\\Http\\Response->__construct(Object(Illuminate\\View\\View), 200, Array)
#25 /Users/aldyhelix/Projects/www/backend_rmi/vendor/laravel/framework/src/Illuminate/Routing/Router.php(789): Illuminate\\Routing\\Router::toResponse(Object(Illuminate\\Http\\Request), Object(Illuminate\\View\\View))
#26 /Users/aldyhelix/Projects/www/backend_rmi/vendor/laravel/framework/src/Illuminate/Routing/Router.php(720): Illuminate\\Routing\\Router->prepareResponse(Object(Illuminate\\Http\\Request), Object(Illuminate\\View\\View))
#27 /Users/aldyhelix/Projects/www/backend_rmi/vendor/laravel/framework/src/Illuminate/Pipeline/Pipeline.php(128): Illuminate\\Routing\\Router->Illuminate\\Routing\\{closure}(Object(Illuminate\\Http\\Request))
#28 /Users/aldyhelix/Projects/www/backend_rmi/app/Http/Middleware/DashboardSetup.php(22): Illuminate\\Pipeline\\Pipeline->Illuminate\\Pipeline\\{closure}(Object(Illuminate\\Http\\Request))
#29 /Users/aldyhelix/Projects/www/backend_rmi/vendor/laravel/framework/src/Illuminate/Pipeline/Pipeline.php(167): App\\Http\\Middleware\\DashboardSetup->handle(Object(Illuminate\\Http\\Request), Object(Closure))
#30 /Users/aldyhelix/Projects/www/backend_rmi/app/Http/Middleware/CheckIfBillingInfoRequired.php(24): Illuminate\\Pipeline\\Pipeline->Illuminate\\Pipeline\\{closure}(Object(Illuminate\\Http\\Request))
#31 /Users/aldyhelix/Projects/www/backend_rmi/vendor/laravel/framework/src/Illuminate/Pipeline/Pipeline.php(167): App\\Http\\Middleware\\CheckIfBillingInfoRequired->handle(Object(Illuminate\\Http\\Request), Object(Closure))
#32 /Users/aldyhelix/Projects/www/backend_rmi/app/Http/Middleware/VerifyUserIsSubscribed.php(25): Illuminate\\Pipeline\\Pipeline->Illuminate\\Pipeline\\{closure}(Object(Illuminate\\Http\\Request))
#33 /Users/aldyhelix/Projects/www/backend_rmi/vendor/laravel/framework/src/Illuminate/Pipeline/Pipeline.php(167): App\\Http\\Middleware\\VerifyUserIsSubscribed->handle(Object(Illuminate\\Http\\Request), Object(Closure))
#34 /Users/aldyhelix/Projects/www/backend_rmi/app/Http/Middleware/CookieConsentMiddleware.php(21): Illuminate\\Pipeline\\Pipeline->Illuminate\\Pipeline\\{closure}(Object(Illuminate\\Http\\Request))
#35 /Users/aldyhelix/Projects/www/backend_rmi/vendor/laravel/framework/src/Illuminate/Pipeline/Pipeline.php(167): App\\Http\\Middleware\\CookieConsentMiddleware->handle(Object(Illuminate\\Http\\Request), Object(Closure))
#36 /Users/aldyhelix/Projects/www/backend_rmi/app/Http/Middleware/Language.php(64): Illuminate\\Pipeline\\Pipeline->Illuminate\\Pipeline\\{closure}(Object(Illuminate\\Http\\Request))
#37 /Users/aldyhelix/Projects/www/backend_rmi/vendor/laravel/framework/src/Illuminate/Pipeline/Pipeline.php(167): App\\Http\\Middleware\\Language->handle(Object(Illuminate\\Http\\Request), Object(Closure))
#38 /Users/aldyhelix/Projects/www/backend_rmi/app/Http/Middleware/InitSettings.php(8): Illuminate\\Pipeline\\Pipeline->Illuminate\\Pipeline\\{closure}(Object(Illuminate\\Http\\Request))
#39 /Users/aldyhelix/Projects/www/backend_rmi/vendor/laravel/framework/src/Illuminate/Pipeline/Pipeline.php(167): App\\Http\\Middleware\\InitSettings->handle(Object(Illuminate\\Http\\Request), Object(Closure))
#40 /Users/aldyhelix/Projects/www/backend_rmi/vendor/laravel/framework/src/Illuminate/Routing/Middleware/SubstituteBindings.php(50): Illuminate\\Pipeline\\Pipeline->Illuminate\\Pipeline\\{closure}(Object(Illuminate\\Http\\Request))
#41 /Users/aldyhelix/Projects/www/backend_rmi/vendor/laravel/framework/src/Illuminate/Pipeline/Pipeline.php(167): Illuminate\\Routing\\Middleware\\SubstituteBindings->handle(Object(Illuminate\\Http\\Request), Object(Closure))
#42 /Users/aldyhelix/Projects/www/backend_rmi/vendor/laravel/framework/src/Illuminate/Auth/Middleware/Authenticate.php(44): Illuminate\\Pipeline\\Pipeline->Illuminate\\Pipeline\\{closure}(Object(Illuminate\\Http\\Request))
#43 /Users/aldyhelix/Projects/www/backend_rmi/vendor/laravel/framework/src/Illuminate/Pipeline/Pipeline.php(167): Illuminate\\Auth\\Middleware\\Authenticate->handle(Object(Illuminate\\Http\\Request), Object(Closure))
#44 /Users/aldyhelix/Projects/www/backend_rmi/vendor/laravel/framework/src/Illuminate/Foundation/Http/Middleware/VerifyCsrfToken.php(78): Illuminate\\Pipeline\\Pipeline->Illuminate\\Pipeline\\{closure}(Object(Illuminate\\Http\\Request))
#45 /Users/aldyhelix/Projects/www/backend_rmi/vendor/laravel/framework/src/Illuminate/Pipeline/Pipeline.php(167): Illuminate\\Foundation\\Http\\Middleware\\VerifyCsrfToken->handle(Object(Illuminate\\Http\\Request), Object(Closure))
#46 /Users/aldyhelix/Projects/www/backend_rmi/vendor/laravel/framework/src/Illuminate/View/Middleware/ShareErrorsFromSession.php(49): Illuminate\\Pipeline\\Pipeline->Illuminate\\Pipeline\\{closure}(Object(Illuminate\\Http\\Request))
#47 /Users/aldyhelix/Projects/www/backend_rmi/vendor/laravel/framework/src/Illuminate/Pipeline/Pipeline.php(167): Illuminate\\View\\Middleware\\ShareErrorsFromSession->handle(Object(Illuminate\\Http\\Request), Object(Closure))
#48 /Users/aldyhelix/Projects/www/backend_rmi/vendor/laravel/framework/src/Illuminate/Session/Middleware/StartSession.php(121): Illuminate\\Pipeline\\Pipeline->Illuminate\\Pipeline\\{closure}(Object(Illuminate\\Http\\Request))
#49 /Users/aldyhelix/Projects/www/backend_rmi/vendor/laravel/framework/src/Illuminate/Session/Middleware/StartSession.php(64): Illuminate\\Session\\Middleware\\StartSession->handleStatefulRequest(Object(Illuminate\\Http\\Request), Object(Illuminate\\Session\\EncryptedStore), Object(Closure))
#50 /Users/aldyhelix/Projects/www/backend_rmi/vendor/laravel/framework/src/Illuminate/Pipeline/Pipeline.php(167): Illuminate\\Session\\Middleware\\StartSession->handle(Object(Illuminate\\Http\\Request), Object(Closure))
#51 /Users/aldyhelix/Projects/www/backend_rmi/vendor/laravel/framework/src/Illuminate/Cookie/Middleware/AddQueuedCookiesToResponse.php(37): Illuminate\\Pipeline\\Pipeline->Illuminate\\Pipeline\\{closure}(Object(Illuminate\\Http\\Request))
#52 /Users/aldyhelix/Projects/www/backend_rmi/vendor/laravel/framework/src/Illuminate/Pipeline/Pipeline.php(167): Illuminate\\Cookie\\Middleware\\AddQueuedCookiesToResponse->handle(Object(Illuminate\\Http\\Request), Object(Closure))
#53 /Users/aldyhelix/Projects/www/backend_rmi/vendor/laravel/framework/src/Illuminate/Cookie/Middleware/EncryptCookies.php(67): Illuminate\\Pipeline\\Pipeline->Illuminate\\Pipeline\\{closure}(Object(Illuminate\\Http\\Request))
#54 /Users/aldyhelix/Projects/www/backend_rmi/vendor/laravel/framework/src/Illuminate/Pipeline/Pipeline.php(167): Illuminate\\Cookie\\Middleware\\EncryptCookies->handle(Object(Illuminate\\Http\\Request), Object(Closure))
#55 /Users/aldyhelix/Projects/www/backend_rmi/vendor/laravel/framework/src/Illuminate/Pipeline/Pipeline.php(103): Illuminate\\Pipeline\\Pipeline->Illuminate\\Pipeline\\{closure}(Object(Illuminate\\Http\\Request))
#56 /Users/aldyhelix/Projects/www/backend_rmi/vendor/laravel/framework/src/Illuminate/Routing/Router.php(719): Illuminate\\Pipeline\\Pipeline->then(Object(Closure))
#57 /Users/aldyhelix/Projects/www/backend_rmi/vendor/laravel/framework/src/Illuminate/Routing/Router.php(698): Illuminate\\Routing\\Router->runRouteWithinStack(Object(Illuminate\\Routing\\Route), Object(Illuminate\\Http\\Request))
#58 /Users/aldyhelix/Projects/www/backend_rmi/vendor/laravel/framework/src/Illuminate/Routing/Router.php(662): Illuminate\\Routing\\Router->runRoute(Object(Illuminate\\Http\\Request), Object(Illuminate\\Routing\\Route))
#59 /Users/aldyhelix/Projects/www/backend_rmi/vendor/laravel/framework/src/Illuminate/Routing/Router.php(651): Illuminate\\Routing\\Router->dispatchToRoute(Object(Illuminate\\Http\\Request))
#60 /Users/aldyhelix/Projects/www/backend_rmi/vendor/laravel/framework/src/Illuminate/Foundation/Http/Kernel.php(167): Illuminate\\Routing\\Router->dispatch(Object(Illuminate\\Http\\Request))
#61 /Users/aldyhelix/Projects/www/backend_rmi/vendor/laravel/framework/src/Illuminate/Pipeline/Pipeline.php(128): Illuminate\\Foundation\\Http\\Kernel->Illuminate\\Foundation\\Http\\{closure}(Object(Illuminate\\Http\\Request))
#62 /Users/aldyhelix/Projects/www/backend_rmi/vendor/livewire/livewire/src/DisableBrowserCache.php(19): Illuminate\\Pipeline\\Pipeline->Illuminate\\Pipeline\\{closure}(Object(Illuminate\\Http\\Request))
#63 /Users/aldyhelix/Projects/www/backend_rmi/vendor/laravel/framework/src/Illuminate/Pipeline/Pipeline.php(167): Livewire\\DisableBrowserCache->handle(Object(Illuminate\\Http\\Request), Object(Closure))
#64 /Users/aldyhelix/Projects/www/backend_rmi/vendor/barryvdh/laravel-debugbar/src/Middleware/InjectDebugbar.php(66): Illuminate\\Pipeline\\Pipeline->Illuminate\\Pipeline\\{closure}(Object(Illuminate\\Http\\Request))
#65 /Users/aldyhelix/Projects/www/backend_rmi/vendor/laravel/framework/src/Illuminate/Pipeline/Pipeline.php(167): Barryvdh\\Debugbar\\Middleware\\InjectDebugbar->handle(Object(Illuminate\\Http\\Request), Object(Closure))
#66 /Users/aldyhelix/Projects/www/backend_rmi/app/Http/Middleware/CheckForInstallation.php(19): Illuminate\\Pipeline\\Pipeline->Illuminate\\Pipeline\\{closure}(Object(Illuminate\\Http\\Request))
#67 /Users/aldyhelix/Projects/www/backend_rmi/vendor/laravel/framework/src/Illuminate/Pipeline/Pipeline.php(167): App\\Http\\Middleware\\CheckForInstallation->handle(Object(Illuminate\\Http\\Request), Object(Closure))
#68 /Users/aldyhelix/Projects/www/backend_rmi/vendor/laravel/framework/src/Illuminate/Foundation/Http/Middleware/TransformsRequest.php(21): Illuminate\\Pipeline\\Pipeline->Illuminate\\Pipeline\\{closure}(Object(Illuminate\\Http\\Request))
#69 /Users/aldyhelix/Projects/www/backend_rmi/vendor/laravel/framework/src/Illuminate/Foundation/Http/Middleware/ConvertEmptyStringsToNull.php(31): Illuminate\\Foundation\\Http\\Middleware\\TransformsRequest->handle(Object(Illuminate\\Http\\Request), Object(Closure))
#70 /Users/aldyhelix/Projects/www/backend_rmi/vendor/laravel/framework/src/Illuminate/Pipeline/Pipeline.php(167): Illuminate\\Foundation\\Http\\Middleware\\ConvertEmptyStringsToNull->handle(Object(Illuminate\\Http\\Request), Object(Closure))
#71 /Users/aldyhelix/Projects/www/backend_rmi/vendor/laravel/framework/src/Illuminate/Foundation/Http/Middleware/TransformsRequest.php(21): Illuminate\\Pipeline\\Pipeline->Illuminate\\Pipeline\\{closure}(Object(Illuminate\\Http\\Request))
#72 /Users/aldyhelix/Projects/www/backend_rmi/vendor/laravel/framework/src/Illuminate/Foundation/Http/Middleware/TrimStrings.php(40): Illuminate\\Foundation\\Http\\Middleware\\TransformsRequest->handle(Object(Illuminate\\Http\\Request), Object(Closure))
#73 /Users/aldyhelix/Projects/www/backend_rmi/vendor/laravel/framework/src/Illuminate/Pipeline/Pipeline.php(167): Illuminate\\Foundation\\Http\\Middleware\\TrimStrings->handle(Object(Illuminate\\Http\\Request), Object(Closure))
#74 /Users/aldyhelix/Projects/www/backend_rmi/vendor/laravel/framework/src/Illuminate/Foundation/Http/Middleware/ValidatePostSize.php(27): Illuminate\\Pipeline\\Pipeline->Illuminate\\Pipeline\\{closure}(Object(Illuminate\\Http\\Request))
#75 /Users/aldyhelix/Projects/www/backend_rmi/vendor/laravel/framework/src/Illuminate/Pipeline/Pipeline.php(167): Illuminate\\Foundation\\Http\\Middleware\\ValidatePostSize->handle(Object(Illuminate\\Http\\Request), Object(Closure))
#76 /Users/aldyhelix/Projects/www/backend_rmi/vendor/laravel/framework/src/Illuminate/Foundation/Http/Middleware/PreventRequestsDuringMaintenance.php(86): Illuminate\\Pipeline\\Pipeline->Illuminate\\Pipeline\\{closure}(Object(Illuminate\\Http\\Request))
#77 /Users/aldyhelix/Projects/www/backend_rmi/vendor/laravel/framework/src/Illuminate/Pipeline/Pipeline.php(167): Illuminate\\Foundation\\Http\\Middleware\\PreventRequestsDuringMaintenance->handle(Object(Illuminate\\Http\\Request), Object(Closure))
#78 /Users/aldyhelix/Projects/www/backend_rmi/vendor/fruitcake/laravel-cors/src/HandleCors.php(38): Illuminate\\Pipeline\\Pipeline->Illuminate\\Pipeline\\{closure}(Object(Illuminate\\Http\\Request))
#79 /Users/aldyhelix/Projects/www/backend_rmi/vendor/laravel/framework/src/Illuminate/Pipeline/Pipeline.php(167): Fruitcake\\Cors\\HandleCors->handle(Object(Illuminate\\Http\\Request), Object(Closure))
#80 /Users/aldyhelix/Projects/www/backend_rmi/vendor/laravel/framework/src/Illuminate/Http/Middleware/TrustProxies.php(39): Illuminate\\Pipeline\\Pipeline->Illuminate\\Pipeline\\{closure}(Object(Illuminate\\Http\\Request))
#81 /Users/aldyhelix/Projects/www/backend_rmi/vendor/laravel/framework/src/Illuminate/Pipeline/Pipeline.php(167): Illuminate\\Http\\Middleware\\TrustProxies->handle(Object(Illuminate\\Http\\Request), Object(Closure))
#82 /Users/aldyhelix/Projects/www/backend_rmi/vendor/laravel/framework/src/Illuminate/Pipeline/Pipeline.php(103): Illuminate\\Pipeline\\Pipeline->Illuminate\\Pipeline\\{closure}(Object(Illuminate\\Http\\Request))
#83 /Users/aldyhelix/Projects/www/backend_rmi/vendor/laravel/framework/src/Illuminate/Foundation/Http/Kernel.php(142): Illuminate\\Pipeline\\Pipeline->then(Object(Closure))
#84 /Users/aldyhelix/Projects/www/backend_rmi/vendor/laravel/framework/src/Illuminate/Foundation/Http/Kernel.php(111): Illuminate\\Foundation\\Http\\Kernel->sendRequestThroughRouter(Object(Illuminate\\Http\\Request))
#85 /Users/aldyhelix/Projects/www/backend_rmi/public/index.php(58): Illuminate\\Foundation\\Http\\Kernel->handle(Object(Illuminate\\Http\\Request))
#86 /Applications/Herd.app/Contents/Resources/valet/server.php(153): require('/Users/aldyheli...')
#87 {main}

[previous exception] [object] (Error(code: 0): Class \"App\\Http\\Livewire\\Carbon\\Carbon\" not found at /Users/aldyhelix/Projects/www/backend_rmi/app/Http/Livewire/Dashboard.php:625)
[stacktrace]
#0 /Users/aldyhelix/Projects/www/backend_rmi/vendor/laravel/framework/src/Illuminate/Support/Traits/Conditionable.php(18): App\\Http\\Livewire\\Dashboard->App\\Http\\Livewire\\{closure}(Object(Illuminate\\Database\\Query\\Builder), true)
#1 /Users/aldyhelix/Projects/www/backend_rmi/app/Http/Livewire/Dashboard.php(623): Illuminate\\Database\\Query\\Builder->when(true, Object(Closure))
#2 /Users/aldyhelix/Projects/www/backend_rmi/app/Http/Livewire/Dashboard.php(267): App\\Http\\Livewire\\Dashboard->updatedChart1DataD1()
#3 /Users/aldyhelix/Projects/www/backend_rmi/app/Http/Livewire/Dashboard.php(126): App\\Http\\Livewire\\Dashboard->updateChartSection()
#4 /Users/aldyhelix/Projects/www/backend_rmi/vendor/laravel/framework/src/Illuminate/Container/BoundMethod.php(36): App\\Http\\Livewire\\Dashboard->mount(9, 0, 7, 0, 16, 0, 0, 0, 0, 0, 0, 0, 0, 0)
#5 /Users/aldyhelix/Projects/www/backend_rmi/vendor/laravel/framework/src/Illuminate/Container/Util.php(40): Illuminate\\Container\\BoundMethod::Illuminate\\Container\\{closure}()
#6 /Users/aldyhelix/Projects/www/backend_rmi/vendor/laravel/framework/src/Illuminate/Container/BoundMethod.php(93): Illuminate\\Container\\Util::unwrapIfClosure(Object(Closure))
#7 /Users/aldyhelix/Projects/www/backend_rmi/vendor/laravel/framework/src/Illuminate/Container/BoundMethod.php(35): Illuminate\\Container\\BoundMethod::callBoundMethod(Object(Illuminate\\Foundation\\Application), Array, Object(Closure))
#8 /Users/aldyhelix/Projects/www/backend_rmi/vendor/livewire/livewire/src/LifecycleManager.php(114): Illuminate\\Container\\BoundMethod::call(Object(Illuminate\\Foundation\\Application), Array, Array)
#9 /Users/aldyhelix/Projects/www/backend_rmi/vendor/livewire/livewire/src/LivewireManager.php(130): Livewire\\LifecycleManager->mount(Array)
#10 /Users/aldyhelix/Projects/www/backend_rmi/vendor/laravel/framework/src/Illuminate/Support/Facades/Facade.php(261): Livewire\\LivewireManager->mount('dashboard', Array)
#11 /Users/aldyhelix/Projects/www/backend_rmi/storage/framework/views/7614a377bf597da1c7ed67416eae576b7feee755.php(13): Illuminate\\Support\\Facades\\Facade::__callStatic('mount', Array)
#12 /Users/aldyhelix/Projects/www/backend_rmi/vendor/laravel/framework/src/Illuminate/Filesystem/Filesystem.php(107): require('/Users/aldyheli...')
#13 /Users/aldyhelix/Projects/www/backend_rmi/vendor/laravel/framework/src/Illuminate/Filesystem/Filesystem.php(108): Illuminate\\Filesystem\\Filesystem::Illuminate\\Filesystem\\{closure}()
#14 /Users/aldyhelix/Projects/www/backend_rmi/vendor/laravel/framework/src/Illuminate/View/Engines/PhpEngine.php(58): Illuminate\\Filesystem\\Filesystem->getRequire('/Users/aldyheli...', Array)
#15 /Users/aldyhelix/Projects/www/backend_rmi/vendor/livewire/livewire/src/ComponentConcerns/RendersLivewireComponents.php(69): Illuminate\\View\\Engines\\PhpEngine->evaluatePath('/Users/aldyheli...', Array)
#16 /Users/aldyhelix/Projects/www/backend_rmi/vendor/laravel/framework/src/Illuminate/View/Engines/CompilerEngine.php(61): Livewire\\CompilerEngineForIgnition->evaluatePath('/Users/aldyheli...', Array)
#17 /Users/aldyhelix/Projects/www/backend_rmi/vendor/facade/ignition/src/Views/Engines/CompilerEngine.php(37): Illuminate\\View\\Engines\\CompilerEngine->get('/Users/aldyheli...', Array)
#18 /Users/aldyhelix/Projects/www/backend_rmi/vendor/livewire/livewire/src/ComponentConcerns/RendersLivewireComponents.php(35): Facade\\Ignition\\Views\\Engines\\CompilerEngine->get('/Users/aldyheli...', Array)
#19 /Users/aldyhelix/Projects/www/backend_rmi/vendor/laravel/framework/src/Illuminate/View/View.php(139): Livewire\\CompilerEngineForIgnition->get('/Users/aldyheli...', Array)
#20 /Users/aldyhelix/Projects/www/backend_rmi/vendor/laravel/framework/src/Illuminate/View/View.php(122): Illuminate\\View\\View->getContents()
#21 /Users/aldyhelix/Projects/www/backend_rmi/vendor/laravel/framework/src/Illuminate/View/View.php(91): Illuminate\\View\\View->renderContents()
#22 /Users/aldyhelix/Projects/www/backend_rmi/vendor/laravel/framework/src/Illuminate/Http/Response.php(69): Illuminate\\View\\View->render()
#23 /Users/aldyhelix/Projects/www/backend_rmi/vendor/laravel/framework/src/Illuminate/Http/Response.php(35): Illuminate\\Http\\Response->setContent(Object(Illuminate\\View\\View))
#24 /Users/aldyhelix/Projects/www/backend_rmi/vendor/laravel/framework/src/Illuminate/Routing/Router.php(820): Illuminate\\Http\\Response->__construct(Object(Illuminate\\View\\View), 200, Array)
#25 /Users/aldyhelix/Projects/www/backend_rmi/vendor/laravel/framework/src/Illuminate/Routing/Router.php(789): Illuminate\\Routing\\Router::toResponse(Object(Illuminate\\Http\\Request), Object(Illuminate\\View\\View))
#26 /Users/aldyhelix/Projects/www/backend_rmi/vendor/laravel/framework/src/Illuminate/Routing/Router.php(720): Illuminate\\Routing\\Router->prepareResponse(Object(Illuminate\\Http\\Request), Object(Illuminate\\View\\View))
#27 /Users/aldyhelix/Projects/www/backend_rmi/vendor/laravel/framework/src/Illuminate/Pipeline/Pipeline.php(128): Illuminate\\Routing\\Router->Illuminate\\Routing\\{closure}(Object(Illuminate\\Http\\Request))
#28 /Users/aldyhelix/Projects/www/backend_rmi/app/Http/Middleware/DashboardSetup.php(22): Illuminate\\Pipeline\\Pipeline->Illuminate\\Pipeline\\{closure}(Object(Illuminate\\Http\\Request))
#29 /Users/aldyhelix/Projects/www/backend_rmi/vendor/laravel/framework/src/Illuminate/Pipeline/Pipeline.php(167): App\\Http\\Middleware\\DashboardSetup->handle(Object(Illuminate\\Http\\Request), Object(Closure))
#30 /Users/aldyhelix/Projects/www/backend_rmi/app/Http/Middleware/CheckIfBillingInfoRequired.php(24): Illuminate\\Pipeline\\Pipeline->Illuminate\\Pipeline\\{closure}(Object(Illuminate\\Http\\Request))
#31 /Users/aldyhelix/Projects/www/backend_rmi/vendor/laravel/framework/src/Illuminate/Pipeline/Pipeline.php(167): App\\Http\\Middleware\\CheckIfBillingInfoRequired->handle(Object(Illuminate\\Http\\Request), Object(Closure))
#32 /Users/aldyhelix/Projects/www/backend_rmi/app/Http/Middleware/VerifyUserIsSubscribed.php(25): Illuminate\\Pipeline\\Pipeline->Illuminate\\Pipeline\\{closure}(Object(Illuminate\\Http\\Request))
#33 /Users/aldyhelix/Projects/www/backend_rmi/vendor/laravel/framework/src/Illuminate/Pipeline/Pipeline.php(167): App\\Http\\Middleware\\VerifyUserIsSubscribed->handle(Object(Illuminate\\Http\\Request), Object(Closure))
#34 /Users/aldyhelix/Projects/www/backend_rmi/app/Http/Middleware/CookieConsentMiddleware.php(21): Illuminate\\Pipeline\\Pipeline->Illuminate\\Pipeline\\{closure}(Object(Illuminate\\Http\\Request))
#35 /Users/aldyhelix/Projects/www/backend_rmi/vendor/laravel/framework/src/Illuminate/Pipeline/Pipeline.php(167): App\\Http\\Middleware\\CookieConsentMiddleware->handle(Object(Illuminate\\Http\\Request), Object(Closure))
#36 /Users/aldyhelix/Projects/www/backend_rmi/app/Http/Middleware/Language.php(64): Illuminate\\Pipeline\\Pipeline->Illuminate\\Pipeline\\{closure}(Object(Illuminate\\Http\\Request))
#37 /Users/aldyhelix/Projects/www/backend_rmi/vendor/laravel/framework/src/Illuminate/Pipeline/Pipeline.php(167): App\\Http\\Middleware\\Language->handle(Object(Illuminate\\Http\\Request), Object(Closure))
#38 /Users/aldyhelix/Projects/www/backend_rmi/app/Http/Middleware/InitSettings.php(8): Illuminate\\Pipeline\\Pipeline->Illuminate\\Pipeline\\{closure}(Object(Illuminate\\Http\\Request))
#39 /Users/aldyhelix/Projects/www/backend_rmi/vendor/laravel/framework/src/Illuminate/Pipeline/Pipeline.php(167): App\\Http\\Middleware\\InitSettings->handle(Object(Illuminate\\Http\\Request), Object(Closure))
#40 /Users/aldyhelix/Projects/www/backend_rmi/vendor/laravel/framework/src/Illuminate/Routing/Middleware/SubstituteBindings.php(50): Illuminate\\Pipeline\\Pipeline->Illuminate\\Pipeline\\{closure}(Object(Illuminate\\Http\\Request))
#41 /Users/aldyhelix/Projects/www/backend_rmi/vendor/laravel/framework/src/Illuminate/Pipeline/Pipeline.php(167): Illuminate\\Routing\\Middleware\\SubstituteBindings->handle(Object(Illuminate\\Http\\Request), Object(Closure))
#42 /Users/aldyhelix/Projects/www/backend_rmi/vendor/laravel/framework/src/Illuminate/Auth/Middleware/Authenticate.php(44): Illuminate\\Pipeline\\Pipeline->Illuminate\\Pipeline\\{closure}(Object(Illuminate\\Http\\Request))
#43 /Users/aldyhelix/Projects/www/backend_rmi/vendor/laravel/framework/src/Illuminate/Pipeline/Pipeline.php(167): Illuminate\\Auth\\Middleware\\Authenticate->handle(Object(Illuminate\\Http\\Request), Object(Closure))
#44 /Users/aldyhelix/Projects/www/backend_rmi/vendor/laravel/framework/src/Illuminate/Foundation/Http/Middleware/VerifyCsrfToken.php(78): Illuminate\\Pipeline\\Pipeline->Illuminate\\Pipeline\\{closure}(Object(Illuminate\\Http\\Request))
#45 /Users/aldyhelix/Projects/www/backend_rmi/vendor/laravel/framework/src/Illuminate/Pipeline/Pipeline.php(167): Illuminate\\Foundation\\Http\\Middleware\\VerifyCsrfToken->handle(Object(Illuminate\\Http\\Request), Object(Closure))
#46 /Users/aldyhelix/Projects/www/backend_rmi/vendor/laravel/framework/src/Illuminate/View/Middleware/ShareErrorsFromSession.php(49): Illuminate\\Pipeline\\Pipeline->Illuminate\\Pipeline\\{closure}(Object(Illuminate\\Http\\Request))
#47 /Users/aldyhelix/Projects/www/backend_rmi/vendor/laravel/framework/src/Illuminate/Pipeline/Pipeline.php(167): Illuminate\\View\\Middleware\\ShareErrorsFromSession->handle(Object(Illuminate\\Http\\Request), Object(Closure))
#48 /Users/aldyhelix/Projects/www/backend_rmi/vendor/laravel/framework/src/Illuminate/Session/Middleware/StartSession.php(121): Illuminate\\Pipeline\\Pipeline->Illuminate\\Pipeline\\{closure}(Object(Illuminate\\Http\\Request))
#49 /Users/aldyhelix/Projects/www/backend_rmi/vendor/laravel/framework/src/Illuminate/Session/Middleware/StartSession.php(64): Illuminate\\Session\\Middleware\\StartSession->handleStatefulRequest(Object(Illuminate\\Http\\Request), Object(Illuminate\\Session\\EncryptedStore), Object(Closure))
#50 /Users/aldyhelix/Projects/www/backend_rmi/vendor/laravel/framework/src/Illuminate/Pipeline/Pipeline.php(167): Illuminate\\Session\\Middleware\\StartSession->handle(Object(Illuminate\\Http\\Request), Object(Closure))
#51 /Users/aldyhelix/Projects/www/backend_rmi/vendor/laravel/framework/src/Illuminate/Cookie/Middleware/AddQueuedCookiesToResponse.php(37): Illuminate\\Pipeline\\Pipeline->Illuminate\\Pipeline\\{closure}(Object(Illuminate\\Http\\Request))
#52 /Users/aldyhelix/Projects/www/backend_rmi/vendor/laravel/framework/src/Illuminate/Pipeline/Pipeline.php(167): Illuminate\\Cookie\\Middleware\\AddQueuedCookiesToResponse->handle(Object(Illuminate\\Http\\Request), Object(Closure))
#53 /Users/aldyhelix/Projects/www/backend_rmi/vendor/laravel/framework/src/Illuminate/Cookie/Middleware/EncryptCookies.php(67): Illuminate\\Pipeline\\Pipeline->Illuminate\\Pipeline\\{closure}(Object(Illuminate\\Http\\Request))
#54 /Users/aldyhelix/Projects/www/backend_rmi/vendor/laravel/framework/src/Illuminate/Pipeline/Pipeline.php(167): Illuminate\\Cookie\\Middleware\\EncryptCookies->handle(Object(Illuminate\\Http\\Request), Object(Closure))
#55 /Users/aldyhelix/Projects/www/backend_rmi/vendor/laravel/framework/src/Illuminate/Pipeline/Pipeline.php(103): Illuminate\\Pipeline\\Pipeline->Illuminate\\Pipeline\\{closure}(Object(Illuminate\\Http\\Request))
#56 /Users/aldyhelix/Projects/www/backend_rmi/vendor/laravel/framework/src/Illuminate/Routing/Router.php(719): Illuminate\\Pipeline\\Pipeline->then(Object(Closure))
#57 /Users/aldyhelix/Projects/www/backend_rmi/vendor/laravel/framework/src/Illuminate/Routing/Router.php(698): Illuminate\\Routing\\Router->runRouteWithinStack(Object(Illuminate\\Routing\\Route), Object(Illuminate\\Http\\Request))
#58 /Users/aldyhelix/Projects/www/backend_rmi/vendor/laravel/framework/src/Illuminate/Routing/Router.php(662): Illuminate\\Routing\\Router->runRoute(Object(Illuminate\\Http\\Request), Object(Illuminate\\Routing\\Route))
#59 /Users/aldyhelix/Projects/www/backend_rmi/vendor/laravel/framework/src/Illuminate/Routing/Router.php(651): Illuminate\\Routing\\Router->dispatchToRoute(Object(Illuminate\\Http\\Request))
#60 /Users/aldyhelix/Projects/www/backend_rmi/vendor/laravel/framework/src/Illuminate/Foundation/Http/Kernel.php(167): Illuminate\\Routing\\Router->dispatch(Object(Illuminate\\Http\\Request))
#61 /Users/aldyhelix/Projects/www/backend_rmi/vendor/laravel/framework/src/Illuminate/Pipeline/Pipeline.php(128): Illuminate\\Foundation\\Http\\Kernel->Illuminate\\Foundation\\Http\\{closure}(Object(Illuminate\\Http\\Request))
#62 /Users/aldyhelix/Projects/www/backend_rmi/vendor/livewire/livewire/src/DisableBrowserCache.php(19): Illuminate\\Pipeline\\Pipeline->Illuminate\\Pipeline\\{closure}(Object(Illuminate\\Http\\Request))
#63 /Users/aldyhelix/Projects/www/backend_rmi/vendor/laravel/framework/src/Illuminate/Pipeline/Pipeline.php(167): Livewire\\DisableBrowserCache->handle(Object(Illuminate\\Http\\Request), Object(Closure))
#64 /Users/aldyhelix/Projects/www/backend_rmi/vendor/barryvdh/laravel-debugbar/src/Middleware/InjectDebugbar.php(66): Illuminate\\Pipeline\\Pipeline->Illuminate\\Pipeline\\{closure}(Object(Illuminate\\Http\\Request))
#65 /Users/aldyhelix/Projects/www/backend_rmi/vendor/laravel/framework/src/Illuminate/Pipeline/Pipeline.php(167): Barryvdh\\Debugbar\\Middleware\\InjectDebugbar->handle(Object(Illuminate\\Http\\Request), Object(Closure))
#66 /Users/aldyhelix/Projects/www/backend_rmi/app/Http/Middleware/CheckForInstallation.php(19): Illuminate\\Pipeline\\Pipeline->Illuminate\\Pipeline\\{closure}(Object(Illuminate\\Http\\Request))
#67 /Users/aldyhelix/Projects/www/backend_rmi/vendor/laravel/framework/src/Illuminate/Pipeline/Pipeline.php(167): App\\Http\\Middleware\\CheckForInstallation->handle(Object(Illuminate\\Http\\Request), Object(Closure))
#68 /Users/aldyhelix/Projects/www/backend_rmi/vendor/laravel/framework/src/Illuminate/Foundation/Http/Middleware/TransformsRequest.php(21): Illuminate\\Pipeline\\Pipeline->Illuminate\\Pipeline\\{closure}(Object(Illuminate\\Http\\Request))
#69 /Users/aldyhelix/Projects/www/backend_rmi/vendor/laravel/framework/src/Illuminate/Foundation/Http/Middleware/ConvertEmptyStringsToNull.php(31): Illuminate\\Foundation\\Http\\Middleware\\TransformsRequest->handle(Object(Illuminate\\Http\\Request), Object(Closure))
#70 /Users/aldyhelix/Projects/www/backend_rmi/vendor/laravel/framework/src/Illuminate/Pipeline/Pipeline.php(167): Illuminate\\Foundation\\Http\\Middleware\\ConvertEmptyStringsToNull->handle(Object(Illuminate\\Http\\Request), Object(Closure))
#71 /Users/aldyhelix/Projects/www/backend_rmi/vendor/laravel/framework/src/Illuminate/Foundation/Http/Middleware/TransformsRequest.php(21): Illuminate\\Pipeline\\Pipeline->Illuminate\\Pipeline\\{closure}(Object(Illuminate\\Http\\Request))
#72 /Users/aldyhelix/Projects/www/backend_rmi/vendor/laravel/framework/src/Illuminate/Foundation/Http/Middleware/TrimStrings.php(40): Illuminate\\Foundation\\Http\\Middleware\\TransformsRequest->handle(Object(Illuminate\\Http\\Request), Object(Closure))
#73 /Users/aldyhelix/Projects/www/backend_rmi/vendor/laravel/framework/src/Illuminate/Pipeline/Pipeline.php(167): Illuminate\\Foundation\\Http\\Middleware\\TrimStrings->handle(Object(Illuminate\\Http\\Request), Object(Closure))
#74 /Users/aldyhelix/Projects/www/backend_rmi/vendor/laravel/framework/src/Illuminate/Foundation/Http/Middleware/ValidatePostSize.php(27): Illuminate\\Pipeline\\Pipeline->Illuminate\\Pipeline\\{closure}(Object(Illuminate\\Http\\Request))
#75 /Users/aldyhelix/Projects/www/backend_rmi/vendor/laravel/framework/src/Illuminate/Pipeline/Pipeline.php(167): Illuminate\\Foundation\\Http\\Middleware\\ValidatePostSize->handle(Object(Illuminate\\Http\\Request), Object(Closure))
#76 /Users/aldyhelix/Projects/www/backend_rmi/vendor/laravel/framework/src/Illuminate/Foundation/Http/Middleware/PreventRequestsDuringMaintenance.php(86): Illuminate\\Pipeline\\Pipeline->Illuminate\\Pipeline\\{closure}(Object(Illuminate\\Http\\Request))
#77 /Users/aldyhelix/Projects/www/backend_rmi/vendor/laravel/framework/src/Illuminate/Pipeline/Pipeline.php(167): Illuminate\\Foundation\\Http\\Middleware\\PreventRequestsDuringMaintenance->handle(Object(Illuminate\\Http\\Request), Object(Closure))
#78 /Users/aldyhelix/Projects/www/backend_rmi/vendor/fruitcake/laravel-cors/src/HandleCors.php(38): Illuminate\\Pipeline\\Pipeline->Illuminate\\Pipeline\\{closure}(Object(Illuminate\\Http\\Request))
#79 /Users/aldyhelix/Projects/www/backend_rmi/vendor/laravel/framework/src/Illuminate/Pipeline/Pipeline.php(167): Fruitcake\\Cors\\HandleCors->handle(Object(Illuminate\\Http\\Request), Object(Closure))
#80 /Users/aldyhelix/Projects/www/backend_rmi/vendor/laravel/framework/src/Illuminate/Http/Middleware/TrustProxies.php(39): Illuminate\\Pipeline\\Pipeline->Illuminate\\Pipeline\\{closure}(Object(Illuminate\\Http\\Request))
#81 /Users/aldyhelix/Projects/www/backend_rmi/vendor/laravel/framework/src/Illuminate/Pipeline/Pipeline.php(167): Illuminate\\Http\\Middleware\\TrustProxies->handle(Object(Illuminate\\Http\\Request), Object(Closure))
#82 /Users/aldyhelix/Projects/www/backend_rmi/vendor/laravel/framework/src/Illuminate/Pipeline/Pipeline.php(103): Illuminate\\Pipeline\\Pipeline->Illuminate\\Pipeline\\{closure}(Object(Illuminate\\Http\\Request))
#83 /Users/aldyhelix/Projects/www/backend_rmi/vendor/laravel/framework/src/Illuminate/Foundation/Http/Kernel.php(142): Illuminate\\Pipeline\\Pipeline->then(Object(Closure))
#84 /Users/aldyhelix/Projects/www/backend_rmi/vendor/laravel/framework/src/Illuminate/Foundation/Http/Kernel.php(111): Illuminate\\Foundation\\Http\\Kernel->sendRequestThroughRouter(Object(Illuminate\\Http\\Request))
#85 /Users/aldyhelix/Projects/www/backend_rmi/public/index.php(58): Illuminate\\Foundation\\Http\\Kernel->handle(Object(Illuminate\\Http\\Request))
#86 /Applications/Herd.app/Contents/Resources/valet/server.php(153): require('/Users/aldyheli...')
#87 {main}
"} 
[2024-06-22 17:33:00] production.ERROR: Illuminate\Database\Query\Builder::whereBetween(): Argument #2 ($values) must be of type array, Carbon\Carbon given, called in /Users/aldyhelix/Projects/www/backend_rmi/app/Http/Livewire/Dashboard.php on line 628 (View: /Users/aldyhelix/Projects/www/backend_rmi/resources/views/admin/dashboard/platform.blade.php) {"view":{"view":"/Users/aldyhelix/Projects/www/backend_rmi/vendor/laravel/framework/src/Illuminate/Database/Query/Builder.php","data":[]},"userId":1,"exception":"[object] (Facade\\Ignition\\Exceptions\\ViewException(code: 0): Illuminate\\Database\\Query\\Builder::whereBetween(): Argument #2 ($values) must be of type array, Carbon\\Carbon given, called in /Users/aldyhelix/Projects/www/backend_rmi/app/Http/Livewire/Dashboard.php on line 628 (View: /Users/aldyhelix/Projects/www/backend_rmi/resources/views/admin/dashboard/platform.blade.php) at /Users/aldyhelix/Projects/www/backend_rmi/vendor/laravel/framework/src/Illuminate/Database/Query/Builder.php:1153)
[stacktrace]
#0 /Users/aldyhelix/Projects/www/backend_rmi/app/Http/Livewire/Dashboard.php(628): Illuminate\\Database\\Query\\Builder->whereBetween('created_at', Object(Carbon\\Carbon), Object(Carbon\\Carbon))
#1 /Users/aldyhelix/Projects/www/backend_rmi/vendor/laravel/framework/src/Illuminate/Support/Traits/Conditionable.php(18): App\\Http\\Livewire\\Dashboard->App\\Http\\Livewire\\{closure}(Object(Illuminate\\Database\\Query\\Builder), true)
#2 /Users/aldyhelix/Projects/www/backend_rmi/app/Http/Livewire/Dashboard.php(624): Illuminate\\Database\\Query\\Builder->when(true, Object(Closure))
#3 /Users/aldyhelix/Projects/www/backend_rmi/app/Http/Livewire/Dashboard.php(268): App\\Http\\Livewire\\Dashboard->updatedChart1DataD1()
#4 /Users/aldyhelix/Projects/www/backend_rmi/app/Http/Livewire/Dashboard.php(127): App\\Http\\Livewire\\Dashboard->updateChartSection()
#5 /Users/aldyhelix/Projects/www/backend_rmi/vendor/laravel/framework/src/Illuminate/Container/BoundMethod.php(36): App\\Http\\Livewire\\Dashboard->mount(9, 0, 7, 0, 16, 0, 0, 0, 0, 0, 0, 0, 0, 0)
#6 /Users/aldyhelix/Projects/www/backend_rmi/vendor/laravel/framework/src/Illuminate/Container/Util.php(40): Illuminate\\Container\\BoundMethod::Illuminate\\Container\\{closure}()
#7 /Users/aldyhelix/Projects/www/backend_rmi/vendor/laravel/framework/src/Illuminate/Container/BoundMethod.php(93): Illuminate\\Container\\Util::unwrapIfClosure(Object(Closure))
#8 /Users/aldyhelix/Projects/www/backend_rmi/vendor/laravel/framework/src/Illuminate/Container/BoundMethod.php(35): Illuminate\\Container\\BoundMethod::callBoundMethod(Object(Illuminate\\Foundation\\Application), Array, Object(Closure))
#9 /Users/aldyhelix/Projects/www/backend_rmi/vendor/livewire/livewire/src/LifecycleManager.php(114): Illuminate\\Container\\BoundMethod::call(Object(Illuminate\\Foundation\\Application), Array, Array)
#10 /Users/aldyhelix/Projects/www/backend_rmi/vendor/livewire/livewire/src/LivewireManager.php(130): Livewire\\LifecycleManager->mount(Array)
#11 /Users/aldyhelix/Projects/www/backend_rmi/vendor/laravel/framework/src/Illuminate/Support/Facades/Facade.php(261): Livewire\\LivewireManager->mount('dashboard', Array)
#12 /Users/aldyhelix/Projects/www/backend_rmi/resources/views/admin/dashboard/platform.blade.php(13): Illuminate\\Support\\Facades\\Facade::__callStatic('mount', Array)
#13 /Users/aldyhelix/Projects/www/backend_rmi/vendor/laravel/framework/src/Illuminate/Filesystem/Filesystem.php(107): require('/Users/aldyheli...')
#14 /Users/aldyhelix/Projects/www/backend_rmi/vendor/laravel/framework/src/Illuminate/Filesystem/Filesystem.php(108): Illuminate\\Filesystem\\Filesystem::Illuminate\\Filesystem\\{closure}()
#15 /Users/aldyhelix/Projects/www/backend_rmi/vendor/laravel/framework/src/Illuminate/View/Engines/PhpEngine.php(58): Illuminate\\Filesystem\\Filesystem->getRequire('/Users/aldyheli...', Array)
#16 /Users/aldyhelix/Projects/www/backend_rmi/vendor/livewire/livewire/src/ComponentConcerns/RendersLivewireComponents.php(69): Illuminate\\View\\Engines\\PhpEngine->evaluatePath('/Users/aldyheli...', Array)
#17 /Users/aldyhelix/Projects/www/backend_rmi/vendor/laravel/framework/src/Illuminate/View/Engines/CompilerEngine.php(61): Livewire\\CompilerEngineForIgnition->evaluatePath('/Users/aldyheli...', Array)
#18 /Users/aldyhelix/Projects/www/backend_rmi/vendor/facade/ignition/src/Views/Engines/CompilerEngine.php(37): Illuminate\\View\\Engines\\CompilerEngine->get('/Users/aldyheli...', Array)
#19 /Users/aldyhelix/Projects/www/backend_rmi/vendor/livewire/livewire/src/ComponentConcerns/RendersLivewireComponents.php(35): Facade\\Ignition\\Views\\Engines\\CompilerEngine->get('/Users/aldyheli...', Array)
#20 /Users/aldyhelix/Projects/www/backend_rmi/vendor/laravel/framework/src/Illuminate/View/View.php(139): Livewire\\CompilerEngineForIgnition->get('/Users/aldyheli...', Array)
#21 /Users/aldyhelix/Projects/www/backend_rmi/vendor/laravel/framework/src/Illuminate/View/View.php(122): Illuminate\\View\\View->getContents()
#22 /Users/aldyhelix/Projects/www/backend_rmi/vendor/laravel/framework/src/Illuminate/View/View.php(91): Illuminate\\View\\View->renderContents()
#23 /Users/aldyhelix/Projects/www/backend_rmi/vendor/laravel/framework/src/Illuminate/Http/Response.php(69): Illuminate\\View\\View->render()
#24 /Users/aldyhelix/Projects/www/backend_rmi/vendor/laravel/framework/src/Illuminate/Http/Response.php(35): Illuminate\\Http\\Response->setContent(Object(Illuminate\\View\\View))
#25 /Users/aldyhelix/Projects/www/backend_rmi/vendor/laravel/framework/src/Illuminate/Routing/Router.php(820): Illuminate\\Http\\Response->__construct(Object(Illuminate\\View\\View), 200, Array)
#26 /Users/aldyhelix/Projects/www/backend_rmi/vendor/laravel/framework/src/Illuminate/Routing/Router.php(789): Illuminate\\Routing\\Router::toResponse(Object(Illuminate\\Http\\Request), Object(Illuminate\\View\\View))
#27 /Users/aldyhelix/Projects/www/backend_rmi/vendor/laravel/framework/src/Illuminate/Routing/Router.php(720): Illuminate\\Routing\\Router->prepareResponse(Object(Illuminate\\Http\\Request), Object(Illuminate\\View\\View))
#28 /Users/aldyhelix/Projects/www/backend_rmi/vendor/laravel/framework/src/Illuminate/Pipeline/Pipeline.php(128): Illuminate\\Routing\\Router->Illuminate\\Routing\\{closure}(Object(Illuminate\\Http\\Request))
#29 /Users/aldyhelix/Projects/www/backend_rmi/app/Http/Middleware/DashboardSetup.php(22): Illuminate\\Pipeline\\Pipeline->Illuminate\\Pipeline\\{closure}(Object(Illuminate\\Http\\Request))
#30 /Users/aldyhelix/Projects/www/backend_rmi/vendor/laravel/framework/src/Illuminate/Pipeline/Pipeline.php(167): App\\Http\\Middleware\\DashboardSetup->handle(Object(Illuminate\\Http\\Request), Object(Closure))
#31 /Users/aldyhelix/Projects/www/backend_rmi/app/Http/Middleware/CheckIfBillingInfoRequired.php(24): Illuminate\\Pipeline\\Pipeline->Illuminate\\Pipeline\\{closure}(Object(Illuminate\\Http\\Request))
#32 /Users/aldyhelix/Projects/www/backend_rmi/vendor/laravel/framework/src/Illuminate/Pipeline/Pipeline.php(167): App\\Http\\Middleware\\CheckIfBillingInfoRequired->handle(Object(Illuminate\\Http\\Request), Object(Closure))
#33 /Users/aldyhelix/Projects/www/backend_rmi/app/Http/Middleware/VerifyUserIsSubscribed.php(25): Illuminate\\Pipeline\\Pipeline->Illuminate\\Pipeline\\{closure}(Object(Illuminate\\Http\\Request))
#34 /Users/aldyhelix/Projects/www/backend_rmi/vendor/laravel/framework/src/Illuminate/Pipeline/Pipeline.php(167): App\\Http\\Middleware\\VerifyUserIsSubscribed->handle(Object(Illuminate\\Http\\Request), Object(Closure))
#35 /Users/aldyhelix/Projects/www/backend_rmi/app/Http/Middleware/CookieConsentMiddleware.php(21): Illuminate\\Pipeline\\Pipeline->Illuminate\\Pipeline\\{closure}(Object(Illuminate\\Http\\Request))
#36 /Users/aldyhelix/Projects/www/backend_rmi/vendor/laravel/framework/src/Illuminate/Pipeline/Pipeline.php(167): App\\Http\\Middleware\\CookieConsentMiddleware->handle(Object(Illuminate\\Http\\Request), Object(Closure))
#37 /Users/aldyhelix/Projects/www/backend_rmi/app/Http/Middleware/Language.php(64): Illuminate\\Pipeline\\Pipeline->Illuminate\\Pipeline\\{closure}(Object(Illuminate\\Http\\Request))
#38 /Users/aldyhelix/Projects/www/backend_rmi/vendor/laravel/framework/src/Illuminate/Pipeline/Pipeline.php(167): App\\Http\\Middleware\\Language->handle(Object(Illuminate\\Http\\Request), Object(Closure))
#39 /Users/aldyhelix/Projects/www/backend_rmi/app/Http/Middleware/InitSettings.php(8): Illuminate\\Pipeline\\Pipeline->Illuminate\\Pipeline\\{closure}(Object(Illuminate\\Http\\Request))
#40 /Users/aldyhelix/Projects/www/backend_rmi/vendor/laravel/framework/src/Illuminate/Pipeline/Pipeline.php(167): App\\Http\\Middleware\\InitSettings->handle(Object(Illuminate\\Http\\Request), Object(Closure))
#41 /Users/aldyhelix/Projects/www/backend_rmi/vendor/laravel/framework/src/Illuminate/Routing/Middleware/SubstituteBindings.php(50): Illuminate\\Pipeline\\Pipeline->Illuminate\\Pipeline\\{closure}(Object(Illuminate\\Http\\Request))
#42 /Users/aldyhelix/Projects/www/backend_rmi/vendor/laravel/framework/src/Illuminate/Pipeline/Pipeline.php(167): Illuminate\\Routing\\Middleware\\SubstituteBindings->handle(Object(Illuminate\\Http\\Request), Object(Closure))
#43 /Users/aldyhelix/Projects/www/backend_rmi/vendor/laravel/framework/src/Illuminate/Auth/Middleware/Authenticate.php(44): Illuminate\\Pipeline\\Pipeline->Illuminate\\Pipeline\\{closure}(Object(Illuminate\\Http\\Request))
#44 /Users/aldyhelix/Projects/www/backend_rmi/vendor/laravel/framework/src/Illuminate/Pipeline/Pipeline.php(167): Illuminate\\Auth\\Middleware\\Authenticate->handle(Object(Illuminate\\Http\\Request), Object(Closure))
#45 /Users/aldyhelix/Projects/www/backend_rmi/vendor/laravel/framework/src/Illuminate/Foundation/Http/Middleware/VerifyCsrfToken.php(78): Illuminate\\Pipeline\\Pipeline->Illuminate\\Pipeline\\{closure}(Object(Illuminate\\Http\\Request))
#46 /Users/aldyhelix/Projects/www/backend_rmi/vendor/laravel/framework/src/Illuminate/Pipeline/Pipeline.php(167): Illuminate\\Foundation\\Http\\Middleware\\VerifyCsrfToken->handle(Object(Illuminate\\Http\\Request), Object(Closure))
#47 /Users/aldyhelix/Projects/www/backend_rmi/vendor/laravel/framework/src/Illuminate/View/Middleware/ShareErrorsFromSession.php(49): Illuminate\\Pipeline\\Pipeline->Illuminate\\Pipeline\\{closure}(Object(Illuminate\\Http\\Request))
#48 /Users/aldyhelix/Projects/www/backend_rmi/vendor/laravel/framework/src/Illuminate/Pipeline/Pipeline.php(167): Illuminate\\View\\Middleware\\ShareErrorsFromSession->handle(Object(Illuminate\\Http\\Request), Object(Closure))
#49 /Users/aldyhelix/Projects/www/backend_rmi/vendor/laravel/framework/src/Illuminate/Session/Middleware/StartSession.php(121): Illuminate\\Pipeline\\Pipeline->Illuminate\\Pipeline\\{closure}(Object(Illuminate\\Http\\Request))
#50 /Users/aldyhelix/Projects/www/backend_rmi/vendor/laravel/framework/src/Illuminate/Session/Middleware/StartSession.php(64): Illuminate\\Session\\Middleware\\StartSession->handleStatefulRequest(Object(Illuminate\\Http\\Request), Object(Illuminate\\Session\\EncryptedStore), Object(Closure))
#51 /Users/aldyhelix/Projects/www/backend_rmi/vendor/laravel/framework/src/Illuminate/Pipeline/Pipeline.php(167): Illuminate\\Session\\Middleware\\StartSession->handle(Object(Illuminate\\Http\\Request), Object(Closure))
#52 /Users/aldyhelix/Projects/www/backend_rmi/vendor/laravel/framework/src/Illuminate/Cookie/Middleware/AddQueuedCookiesToResponse.php(37): Illuminate\\Pipeline\\Pipeline->Illuminate\\Pipeline\\{closure}(Object(Illuminate\\Http\\Request))
#53 /Users/aldyhelix/Projects/www/backend_rmi/vendor/laravel/framework/src/Illuminate/Pipeline/Pipeline.php(167): Illuminate\\Cookie\\Middleware\\AddQueuedCookiesToResponse->handle(Object(Illuminate\\Http\\Request), Object(Closure))
#54 /Users/aldyhelix/Projects/www/backend_rmi/vendor/laravel/framework/src/Illuminate/Cookie/Middleware/EncryptCookies.php(67): Illuminate\\Pipeline\\Pipeline->Illuminate\\Pipeline\\{closure}(Object(Illuminate\\Http\\Request))
#55 /Users/aldyhelix/Projects/www/backend_rmi/vendor/laravel/framework/src/Illuminate/Pipeline/Pipeline.php(167): Illuminate\\Cookie\\Middleware\\EncryptCookies->handle(Object(Illuminate\\Http\\Request), Object(Closure))
#56 /Users/aldyhelix/Projects/www/backend_rmi/vendor/laravel/framework/src/Illuminate/Pipeline/Pipeline.php(103): Illuminate\\Pipeline\\Pipeline->Illuminate\\Pipeline\\{closure}(Object(Illuminate\\Http\\Request))
#57 /Users/aldyhelix/Projects/www/backend_rmi/vendor/laravel/framework/src/Illuminate/Routing/Router.php(719): Illuminate\\Pipeline\\Pipeline->then(Object(Closure))
#58 /Users/aldyhelix/Projects/www/backend_rmi/vendor/laravel/framework/src/Illuminate/Routing/Router.php(698): Illuminate\\Routing\\Router->runRouteWithinStack(Object(Illuminate\\Routing\\Route), Object(Illuminate\\Http\\Request))
#59 /Users/aldyhelix/Projects/www/backend_rmi/vendor/laravel/framework/src/Illuminate/Routing/Router.php(662): Illuminate\\Routing\\Router->runRoute(Object(Illuminate\\Http\\Request), Object(Illuminate\\Routing\\Route))
#60 /Users/aldyhelix/Projects/www/backend_rmi/vendor/laravel/framework/src/Illuminate/Routing/Router.php(651): Illuminate\\Routing\\Router->dispatchToRoute(Object(Illuminate\\Http\\Request))
#61 /Users/aldyhelix/Projects/www/backend_rmi/vendor/laravel/framework/src/Illuminate/Foundation/Http/Kernel.php(167): Illuminate\\Routing\\Router->dispatch(Object(Illuminate\\Http\\Request))
#62 /Users/aldyhelix/Projects/www/backend_rmi/vendor/laravel/framework/src/Illuminate/Pipeline/Pipeline.php(128): Illuminate\\Foundation\\Http\\Kernel->Illuminate\\Foundation\\Http\\{closure}(Object(Illuminate\\Http\\Request))
#63 /Users/aldyhelix/Projects/www/backend_rmi/vendor/livewire/livewire/src/DisableBrowserCache.php(19): Illuminate\\Pipeline\\Pipeline->Illuminate\\Pipeline\\{closure}(Object(Illuminate\\Http\\Request))
#64 /Users/aldyhelix/Projects/www/backend_rmi/vendor/laravel/framework/src/Illuminate/Pipeline/Pipeline.php(167): Livewire\\DisableBrowserCache->handle(Object(Illuminate\\Http\\Request), Object(Closure))
#65 /Users/aldyhelix/Projects/www/backend_rmi/vendor/barryvdh/laravel-debugbar/src/Middleware/InjectDebugbar.php(66): Illuminate\\Pipeline\\Pipeline->Illuminate\\Pipeline\\{closure}(Object(Illuminate\\Http\\Request))
#66 /Users/aldyhelix/Projects/www/backend_rmi/vendor/laravel/framework/src/Illuminate/Pipeline/Pipeline.php(167): Barryvdh\\Debugbar\\Middleware\\InjectDebugbar->handle(Object(Illuminate\\Http\\Request), Object(Closure))
#67 /Users/aldyhelix/Projects/www/backend_rmi/app/Http/Middleware/CheckForInstallation.php(19): Illuminate\\Pipeline\\Pipeline->Illuminate\\Pipeline\\{closure}(Object(Illuminate\\Http\\Request))
#68 /Users/aldyhelix/Projects/www/backend_rmi/vendor/laravel/framework/src/Illuminate/Pipeline/Pipeline.php(167): App\\Http\\Middleware\\CheckForInstallation->handle(Object(Illuminate\\Http\\Request), Object(Closure))
#69 /Users/aldyhelix/Projects/www/backend_rmi/vendor/laravel/framework/src/Illuminate/Foundation/Http/Middleware/TransformsRequest.php(21): Illuminate\\Pipeline\\Pipeline->Illuminate\\Pipeline\\{closure}(Object(Illuminate\\Http\\Request))
#70 /Users/aldyhelix/Projects/www/backend_rmi/vendor/laravel/framework/src/Illuminate/Foundation/Http/Middleware/ConvertEmptyStringsToNull.php(31): Illuminate\\Foundation\\Http\\Middleware\\TransformsRequest->handle(Object(Illuminate\\Http\\Request), Object(Closure))
#71 /Users/aldyhelix/Projects/www/backend_rmi/vendor/laravel/framework/src/Illuminate/Pipeline/Pipeline.php(167): Illuminate\\Foundation\\Http\\Middleware\\ConvertEmptyStringsToNull->handle(Object(Illuminate\\Http\\Request), Object(Closure))
#72 /Users/aldyhelix/Projects/www/backend_rmi/vendor/laravel/framework/src/Illuminate/Foundation/Http/Middleware/TransformsRequest.php(21): Illuminate\\Pipeline\\Pipeline->Illuminate\\Pipeline\\{closure}(Object(Illuminate\\Http\\Request))
#73 /Users/aldyhelix/Projects/www/backend_rmi/vendor/laravel/framework/src/Illuminate/Foundation/Http/Middleware/TrimStrings.php(40): Illuminate\\Foundation\\Http\\Middleware\\TransformsRequest->handle(Object(Illuminate\\Http\\Request), Object(Closure))
#74 /Users/aldyhelix/Projects/www/backend_rmi/vendor/laravel/framework/src/Illuminate/Pipeline/Pipeline.php(167): Illuminate\\Foundation\\Http\\Middleware\\TrimStrings->handle(Object(Illuminate\\Http\\Request), Object(Closure))
#75 /Users/aldyhelix/Projects/www/backend_rmi/vendor/laravel/framework/src/Illuminate/Foundation/Http/Middleware/ValidatePostSize.php(27): Illuminate\\Pipeline\\Pipeline->Illuminate\\Pipeline\\{closure}(Object(Illuminate\\Http\\Request))
#76 /Users/aldyhelix/Projects/www/backend_rmi/vendor/laravel/framework/src/Illuminate/Pipeline/Pipeline.php(167): Illuminate\\Foundation\\Http\\Middleware\\ValidatePostSize->handle(Object(Illuminate\\Http\\Request), Object(Closure))
#77 /Users/aldyhelix/Projects/www/backend_rmi/vendor/laravel/framework/src/Illuminate/Foundation/Http/Middleware/PreventRequestsDuringMaintenance.php(86): Illuminate\\Pipeline\\Pipeline->Illuminate\\Pipeline\\{closure}(Object(Illuminate\\Http\\Request))
#78 /Users/aldyhelix/Projects/www/backend_rmi/vendor/laravel/framework/src/Illuminate/Pipeline/Pipeline.php(167): Illuminate\\Foundation\\Http\\Middleware\\PreventRequestsDuringMaintenance->handle(Object(Illuminate\\Http\\Request), Object(Closure))
#79 /Users/aldyhelix/Projects/www/backend_rmi/vendor/fruitcake/laravel-cors/src/HandleCors.php(38): Illuminate\\Pipeline\\Pipeline->Illuminate\\Pipeline\\{closure}(Object(Illuminate\\Http\\Request))
#80 /Users/aldyhelix/Projects/www/backend_rmi/vendor/laravel/framework/src/Illuminate/Pipeline/Pipeline.php(167): Fruitcake\\Cors\\HandleCors->handle(Object(Illuminate\\Http\\Request), Object(Closure))
#81 /Users/aldyhelix/Projects/www/backend_rmi/vendor/laravel/framework/src/Illuminate/Http/Middleware/TrustProxies.php(39): Illuminate\\Pipeline\\Pipeline->Illuminate\\Pipeline\\{closure}(Object(Illuminate\\Http\\Request))
#82 /Users/aldyhelix/Projects/www/backend_rmi/vendor/laravel/framework/src/Illuminate/Pipeline/Pipeline.php(167): Illuminate\\Http\\Middleware\\TrustProxies->handle(Object(Illuminate\\Http\\Request), Object(Closure))
#83 /Users/aldyhelix/Projects/www/backend_rmi/vendor/laravel/framework/src/Illuminate/Pipeline/Pipeline.php(103): Illuminate\\Pipeline\\Pipeline->Illuminate\\Pipeline\\{closure}(Object(Illuminate\\Http\\Request))
#84 /Users/aldyhelix/Projects/www/backend_rmi/vendor/laravel/framework/src/Illuminate/Foundation/Http/Kernel.php(142): Illuminate\\Pipeline\\Pipeline->then(Object(Closure))
#85 /Users/aldyhelix/Projects/www/backend_rmi/vendor/laravel/framework/src/Illuminate/Foundation/Http/Kernel.php(111): Illuminate\\Foundation\\Http\\Kernel->sendRequestThroughRouter(Object(Illuminate\\Http\\Request))
#86 /Users/aldyhelix/Projects/www/backend_rmi/public/index.php(58): Illuminate\\Foundation\\Http\\Kernel->handle(Object(Illuminate\\Http\\Request))
#87 /Applications/Herd.app/Contents/Resources/valet/server.php(153): require('/Users/aldyheli...')
#88 {main}

[previous exception] [object] (TypeError(code: 0): Illuminate\\Database\\Query\\Builder::whereBetween(): Argument #2 ($values) must be of type array, Carbon\\Carbon given, called in /Users/aldyhelix/Projects/www/backend_rmi/app/Http/Livewire/Dashboard.php on line 628 at /Users/aldyhelix/Projects/www/backend_rmi/vendor/laravel/framework/src/Illuminate/Database/Query/Builder.php:1153)
[stacktrace]
#0 /Users/aldyhelix/Projects/www/backend_rmi/app/Http/Livewire/Dashboard.php(628): Illuminate\\Database\\Query\\Builder->whereBetween('created_at', Object(Carbon\\Carbon), Object(Carbon\\Carbon))
#1 /Users/aldyhelix/Projects/www/backend_rmi/vendor/laravel/framework/src/Illuminate/Support/Traits/Conditionable.php(18): App\\Http\\Livewire\\Dashboard->App\\Http\\Livewire\\{closure}(Object(Illuminate\\Database\\Query\\Builder), true)
#2 /Users/aldyhelix/Projects/www/backend_rmi/app/Http/Livewire/Dashboard.php(624): Illuminate\\Database\\Query\\Builder->when(true, Object(Closure))
#3 /Users/aldyhelix/Projects/www/backend_rmi/app/Http/Livewire/Dashboard.php(268): App\\Http\\Livewire\\Dashboard->updatedChart1DataD1()
#4 /Users/aldyhelix/Projects/www/backend_rmi/app/Http/Livewire/Dashboard.php(127): App\\Http\\Livewire\\Dashboard->updateChartSection()
#5 /Users/aldyhelix/Projects/www/backend_rmi/vendor/laravel/framework/src/Illuminate/Container/BoundMethod.php(36): App\\Http\\Livewire\\Dashboard->mount(9, 0, 7, 0, 16, 0, 0, 0, 0, 0, 0, 0, 0, 0)
#6 /Users/aldyhelix/Projects/www/backend_rmi/vendor/laravel/framework/src/Illuminate/Container/Util.php(40): Illuminate\\Container\\BoundMethod::Illuminate\\Container\\{closure}()
#7 /Users/aldyhelix/Projects/www/backend_rmi/vendor/laravel/framework/src/Illuminate/Container/BoundMethod.php(93): Illuminate\\Container\\Util::unwrapIfClosure(Object(Closure))
#8 /Users/aldyhelix/Projects/www/backend_rmi/vendor/laravel/framework/src/Illuminate/Container/BoundMethod.php(35): Illuminate\\Container\\BoundMethod::callBoundMethod(Object(Illuminate\\Foundation\\Application), Array, Object(Closure))
#9 /Users/aldyhelix/Projects/www/backend_rmi/vendor/livewire/livewire/src/LifecycleManager.php(114): Illuminate\\Container\\BoundMethod::call(Object(Illuminate\\Foundation\\Application), Array, Array)
#10 /Users/aldyhelix/Projects/www/backend_rmi/vendor/livewire/livewire/src/LivewireManager.php(130): Livewire\\LifecycleManager->mount(Array)
#11 /Users/aldyhelix/Projects/www/backend_rmi/vendor/laravel/framework/src/Illuminate/Support/Facades/Facade.php(261): Livewire\\LivewireManager->mount('dashboard', Array)
#12 /Users/aldyhelix/Projects/www/backend_rmi/storage/framework/views/7614a377bf597da1c7ed67416eae576b7feee755.php(13): Illuminate\\Support\\Facades\\Facade::__callStatic('mount', Array)
#13 /Users/aldyhelix/Projects/www/backend_rmi/vendor/laravel/framework/src/Illuminate/Filesystem/Filesystem.php(107): require('/Users/aldyheli...')
#14 /Users/aldyhelix/Projects/www/backend_rmi/vendor/laravel/framework/src/Illuminate/Filesystem/Filesystem.php(108): Illuminate\\Filesystem\\Filesystem::Illuminate\\Filesystem\\{closure}()
#15 /Users/aldyhelix/Projects/www/backend_rmi/vendor/laravel/framework/src/Illuminate/View/Engines/PhpEngine.php(58): Illuminate\\Filesystem\\Filesystem->getRequire('/Users/aldyheli...', Array)
#16 /Users/aldyhelix/Projects/www/backend_rmi/vendor/livewire/livewire/src/ComponentConcerns/RendersLivewireComponents.php(69): Illuminate\\View\\Engines\\PhpEngine->evaluatePath('/Users/aldyheli...', Array)
#17 /Users/aldyhelix/Projects/www/backend_rmi/vendor/laravel/framework/src/Illuminate/View/Engines/CompilerEngine.php(61): Livewire\\CompilerEngineForIgnition->evaluatePath('/Users/aldyheli...', Array)
#18 /Users/aldyhelix/Projects/www/backend_rmi/vendor/facade/ignition/src/Views/Engines/CompilerEngine.php(37): Illuminate\\View\\Engines\\CompilerEngine->get('/Users/aldyheli...', Array)
#19 /Users/aldyhelix/Projects/www/backend_rmi/vendor/livewire/livewire/src/ComponentConcerns/RendersLivewireComponents.php(35): Facade\\Ignition\\Views\\Engines\\CompilerEngine->get('/Users/aldyheli...', Array)
#20 /Users/aldyhelix/Projects/www/backend_rmi/vendor/laravel/framework/src/Illuminate/View/View.php(139): Livewire\\CompilerEngineForIgnition->get('/Users/aldyheli...', Array)
#21 /Users/aldyhelix/Projects/www/backend_rmi/vendor/laravel/framework/src/Illuminate/View/View.php(122): Illuminate\\View\\View->getContents()
#22 /Users/aldyhelix/Projects/www/backend_rmi/vendor/laravel/framework/src/Illuminate/View/View.php(91): Illuminate\\View\\View->renderContents()
#23 /Users/aldyhelix/Projects/www/backend_rmi/vendor/laravel/framework/src/Illuminate/Http/Response.php(69): Illuminate\\View\\View->render()
#24 /Users/aldyhelix/Projects/www/backend_rmi/vendor/laravel/framework/src/Illuminate/Http/Response.php(35): Illuminate\\Http\\Response->setContent(Object(Illuminate\\View\\View))
#25 /Users/aldyhelix/Projects/www/backend_rmi/vendor/laravel/framework/src/Illuminate/Routing/Router.php(820): Illuminate\\Http\\Response->__construct(Object(Illuminate\\View\\View), 200, Array)
#26 /Users/aldyhelix/Projects/www/backend_rmi/vendor/laravel/framework/src/Illuminate/Routing/Router.php(789): Illuminate\\Routing\\Router::toResponse(Object(Illuminate\\Http\\Request), Object(Illuminate\\View\\View))
#27 /Users/aldyhelix/Projects/www/backend_rmi/vendor/laravel/framework/src/Illuminate/Routing/Router.php(720): Illuminate\\Routing\\Router->prepareResponse(Object(Illuminate\\Http\\Request), Object(Illuminate\\View\\View))
#28 /Users/aldyhelix/Projects/www/backend_rmi/vendor/laravel/framework/src/Illuminate/Pipeline/Pipeline.php(128): Illuminate\\Routing\\Router->Illuminate\\Routing\\{closure}(Object(Illuminate\\Http\\Request))
#29 /Users/aldyhelix/Projects/www/backend_rmi/app/Http/Middleware/DashboardSetup.php(22): Illuminate\\Pipeline\\Pipeline->Illuminate\\Pipeline\\{closure}(Object(Illuminate\\Http\\Request))
#30 /Users/aldyhelix/Projects/www/backend_rmi/vendor/laravel/framework/src/Illuminate/Pipeline/Pipeline.php(167): App\\Http\\Middleware\\DashboardSetup->handle(Object(Illuminate\\Http\\Request), Object(Closure))
#31 /Users/aldyhelix/Projects/www/backend_rmi/app/Http/Middleware/CheckIfBillingInfoRequired.php(24): Illuminate\\Pipeline\\Pipeline->Illuminate\\Pipeline\\{closure}(Object(Illuminate\\Http\\Request))
#32 /Users/aldyhelix/Projects/www/backend_rmi/vendor/laravel/framework/src/Illuminate/Pipeline/Pipeline.php(167): App\\Http\\Middleware\\CheckIfBillingInfoRequired->handle(Object(Illuminate\\Http\\Request), Object(Closure))
#33 /Users/aldyhelix/Projects/www/backend_rmi/app/Http/Middleware/VerifyUserIsSubscribed.php(25): Illuminate\\Pipeline\\Pipeline->Illuminate\\Pipeline\\{closure}(Object(Illuminate\\Http\\Request))
#34 /Users/aldyhelix/Projects/www/backend_rmi/vendor/laravel/framework/src/Illuminate/Pipeline/Pipeline.php(167): App\\Http\\Middleware\\VerifyUserIsSubscribed->handle(Object(Illuminate\\Http\\Request), Object(Closure))
#35 /Users/aldyhelix/Projects/www/backend_rmi/app/Http/Middleware/CookieConsentMiddleware.php(21): Illuminate\\Pipeline\\Pipeline->Illuminate\\Pipeline\\{closure}(Object(Illuminate\\Http\\Request))
#36 /Users/aldyhelix/Projects/www/backend_rmi/vendor/laravel/framework/src/Illuminate/Pipeline/Pipeline.php(167): App\\Http\\Middleware\\CookieConsentMiddleware->handle(Object(Illuminate\\Http\\Request), Object(Closure))
#37 /Users/aldyhelix/Projects/www/backend_rmi/app/Http/Middleware/Language.php(64): Illuminate\\Pipeline\\Pipeline->Illuminate\\Pipeline\\{closure}(Object(Illuminate\\Http\\Request))
#38 /Users/aldyhelix/Projects/www/backend_rmi/vendor/laravel/framework/src/Illuminate/Pipeline/Pipeline.php(167): App\\Http\\Middleware\\Language->handle(Object(Illuminate\\Http\\Request), Object(Closure))
#39 /Users/aldyhelix/Projects/www/backend_rmi/app/Http/Middleware/InitSettings.php(8): Illuminate\\Pipeline\\Pipeline->Illuminate\\Pipeline\\{closure}(Object(Illuminate\\Http\\Request))
#40 /Users/aldyhelix/Projects/www/backend_rmi/vendor/laravel/framework/src/Illuminate/Pipeline/Pipeline.php(167): App\\Http\\Middleware\\InitSettings->handle(Object(Illuminate\\Http\\Request), Object(Closure))
#41 /Users/aldyhelix/Projects/www/backend_rmi/vendor/laravel/framework/src/Illuminate/Routing/Middleware/SubstituteBindings.php(50): Illuminate\\Pipeline\\Pipeline->Illuminate\\Pipeline\\{closure}(Object(Illuminate\\Http\\Request))
#42 /Users/aldyhelix/Projects/www/backend_rmi/vendor/laravel/framework/src/Illuminate/Pipeline/Pipeline.php(167): Illuminate\\Routing\\Middleware\\SubstituteBindings->handle(Object(Illuminate\\Http\\Request), Object(Closure))
#43 /Users/aldyhelix/Projects/www/backend_rmi/vendor/laravel/framework/src/Illuminate/Auth/Middleware/Authenticate.php(44): Illuminate\\Pipeline\\Pipeline->Illuminate\\Pipeline\\{closure}(Object(Illuminate\\Http\\Request))
#44 /Users/aldyhelix/Projects/www/backend_rmi/vendor/laravel/framework/src/Illuminate/Pipeline/Pipeline.php(167): Illuminate\\Auth\\Middleware\\Authenticate->handle(Object(Illuminate\\Http\\Request), Object(Closure))
#45 /Users/aldyhelix/Projects/www/backend_rmi/vendor/laravel/framework/src/Illuminate/Foundation/Http/Middleware/VerifyCsrfToken.php(78): Illuminate\\Pipeline\\Pipeline->Illuminate\\Pipeline\\{closure}(Object(Illuminate\\Http\\Request))
#46 /Users/aldyhelix/Projects/www/backend_rmi/vendor/laravel/framework/src/Illuminate/Pipeline/Pipeline.php(167): Illuminate\\Foundation\\Http\\Middleware\\VerifyCsrfToken->handle(Object(Illuminate\\Http\\Request), Object(Closure))
#47 /Users/aldyhelix/Projects/www/backend_rmi/vendor/laravel/framework/src/Illuminate/View/Middleware/ShareErrorsFromSession.php(49): Illuminate\\Pipeline\\Pipeline->Illuminate\\Pipeline\\{closure}(Object(Illuminate\\Http\\Request))
#48 /Users/aldyhelix/Projects/www/backend_rmi/vendor/laravel/framework/src/Illuminate/Pipeline/Pipeline.php(167): Illuminate\\View\\Middleware\\ShareErrorsFromSession->handle(Object(Illuminate\\Http\\Request), Object(Closure))
#49 /Users/aldyhelix/Projects/www/backend_rmi/vendor/laravel/framework/src/Illuminate/Session/Middleware/StartSession.php(121): Illuminate\\Pipeline\\Pipeline->Illuminate\\Pipeline\\{closure}(Object(Illuminate\\Http\\Request))
#50 /Users/aldyhelix/Projects/www/backend_rmi/vendor/laravel/framework/src/Illuminate/Session/Middleware/StartSession.php(64): Illuminate\\Session\\Middleware\\StartSession->handleStatefulRequest(Object(Illuminate\\Http\\Request), Object(Illuminate\\Session\\EncryptedStore), Object(Closure))
#51 /Users/aldyhelix/Projects/www/backend_rmi/vendor/laravel/framework/src/Illuminate/Pipeline/Pipeline.php(167): Illuminate\\Session\\Middleware\\StartSession->handle(Object(Illuminate\\Http\\Request), Object(Closure))
#52 /Users/aldyhelix/Projects/www/backend_rmi/vendor/laravel/framework/src/Illuminate/Cookie/Middleware/AddQueuedCookiesToResponse.php(37): Illuminate\\Pipeline\\Pipeline->Illuminate\\Pipeline\\{closure}(Object(Illuminate\\Http\\Request))
#53 /Users/aldyhelix/Projects/www/backend_rmi/vendor/laravel/framework/src/Illuminate/Pipeline/Pipeline.php(167): Illuminate\\Cookie\\Middleware\\AddQueuedCookiesToResponse->handle(Object(Illuminate\\Http\\Request), Object(Closure))
#54 /Users/aldyhelix/Projects/www/backend_rmi/vendor/laravel/framework/src/Illuminate/Cookie/Middleware/EncryptCookies.php(67): Illuminate\\Pipeline\\Pipeline->Illuminate\\Pipeline\\{closure}(Object(Illuminate\\Http\\Request))
#55 /Users/aldyhelix/Projects/www/backend_rmi/vendor/laravel/framework/src/Illuminate/Pipeline/Pipeline.php(167): Illuminate\\Cookie\\Middleware\\EncryptCookies->handle(Object(Illuminate\\Http\\Request), Object(Closure))
#56 /Users/aldyhelix/Projects/www/backend_rmi/vendor/laravel/framework/src/Illuminate/Pipeline/Pipeline.php(103): Illuminate\\Pipeline\\Pipeline->Illuminate\\Pipeline\\{closure}(Object(Illuminate\\Http\\Request))
#57 /Users/aldyhelix/Projects/www/backend_rmi/vendor/laravel/framework/src/Illuminate/Routing/Router.php(719): Illuminate\\Pipeline\\Pipeline->then(Object(Closure))
#58 /Users/aldyhelix/Projects/www/backend_rmi/vendor/laravel/framework/src/Illuminate/Routing/Router.php(698): Illuminate\\Routing\\Router->runRouteWithinStack(Object(Illuminate\\Routing\\Route), Object(Illuminate\\Http\\Request))
#59 /Users/aldyhelix/Projects/www/backend_rmi/vendor/laravel/framework/src/Illuminate/Routing/Router.php(662): Illuminate\\Routing\\Router->runRoute(Object(Illuminate\\Http\\Request), Object(Illuminate\\Routing\\Route))
#60 /Users/aldyhelix/Projects/www/backend_rmi/vendor/laravel/framework/src/Illuminate/Routing/Router.php(651): Illuminate\\Routing\\Router->dispatchToRoute(Object(Illuminate\\Http\\Request))
#61 /Users/aldyhelix/Projects/www/backend_rmi/vendor/laravel/framework/src/Illuminate/Foundation/Http/Kernel.php(167): Illuminate\\Routing\\Router->dispatch(Object(Illuminate\\Http\\Request))
#62 /Users/aldyhelix/Projects/www/backend_rmi/vendor/laravel/framework/src/Illuminate/Pipeline/Pipeline.php(128): Illuminate\\Foundation\\Http\\Kernel->Illuminate\\Foundation\\Http\\{closure}(Object(Illuminate\\Http\\Request))
#63 /Users/aldyhelix/Projects/www/backend_rmi/vendor/livewire/livewire/src/DisableBrowserCache.php(19): Illuminate\\Pipeline\\Pipeline->Illuminate\\Pipeline\\{closure}(Object(Illuminate\\Http\\Request))
#64 /Users/aldyhelix/Projects/www/backend_rmi/vendor/laravel/framework/src/Illuminate/Pipeline/Pipeline.php(167): Livewire\\DisableBrowserCache->handle(Object(Illuminate\\Http\\Request), Object(Closure))
#65 /Users/aldyhelix/Projects/www/backend_rmi/vendor/barryvdh/laravel-debugbar/src/Middleware/InjectDebugbar.php(66): Illuminate\\Pipeline\\Pipeline->Illuminate\\Pipeline\\{closure}(Object(Illuminate\\Http\\Request))
#66 /Users/aldyhelix/Projects/www/backend_rmi/vendor/laravel/framework/src/Illuminate/Pipeline/Pipeline.php(167): Barryvdh\\Debugbar\\Middleware\\InjectDebugbar->handle(Object(Illuminate\\Http\\Request), Object(Closure))
#67 /Users/aldyhelix/Projects/www/backend_rmi/app/Http/Middleware/CheckForInstallation.php(19): Illuminate\\Pipeline\\Pipeline->Illuminate\\Pipeline\\{closure}(Object(Illuminate\\Http\\Request))
#68 /Users/aldyhelix/Projects/www/backend_rmi/vendor/laravel/framework/src/Illuminate/Pipeline/Pipeline.php(167): App\\Http\\Middleware\\CheckForInstallation->handle(Object(Illuminate\\Http\\Request), Object(Closure))
#69 /Users/aldyhelix/Projects/www/backend_rmi/vendor/laravel/framework/src/Illuminate/Foundation/Http/Middleware/TransformsRequest.php(21): Illuminate\\Pipeline\\Pipeline->Illuminate\\Pipeline\\{closure}(Object(Illuminate\\Http\\Request))
#70 /Users/aldyhelix/Projects/www/backend_rmi/vendor/laravel/framework/src/Illuminate/Foundation/Http/Middleware/ConvertEmptyStringsToNull.php(31): Illuminate\\Foundation\\Http\\Middleware\\TransformsRequest->handle(Object(Illuminate\\Http\\Request), Object(Closure))
#71 /Users/aldyhelix/Projects/www/backend_rmi/vendor/laravel/framework/src/Illuminate/Pipeline/Pipeline.php(167): Illuminate\\Foundation\\Http\\Middleware\\ConvertEmptyStringsToNull->handle(Object(Illuminate\\Http\\Request), Object(Closure))
#72 /Users/aldyhelix/Projects/www/backend_rmi/vendor/laravel/framework/src/Illuminate/Foundation/Http/Middleware/TransformsRequest.php(21): Illuminate\\Pipeline\\Pipeline->Illuminate\\Pipeline\\{closure}(Object(Illuminate\\Http\\Request))
#73 /Users/aldyhelix/Projects/www/backend_rmi/vendor/laravel/framework/src/Illuminate/Foundation/Http/Middleware/TrimStrings.php(40): Illuminate\\Foundation\\Http\\Middleware\\TransformsRequest->handle(Object(Illuminate\\Http\\Request), Object(Closure))
#74 /Users/aldyhelix/Projects/www/backend_rmi/vendor/laravel/framework/src/Illuminate/Pipeline/Pipeline.php(167): Illuminate\\Foundation\\Http\\Middleware\\TrimStrings->handle(Object(Illuminate\\Http\\Request), Object(Closure))
#75 /Users/aldyhelix/Projects/www/backend_rmi/vendor/laravel/framework/src/Illuminate/Foundation/Http/Middleware/ValidatePostSize.php(27): Illuminate\\Pipeline\\Pipeline->Illuminate\\Pipeline\\{closure}(Object(Illuminate\\Http\\Request))
#76 /Users/aldyhelix/Projects/www/backend_rmi/vendor/laravel/framework/src/Illuminate/Pipeline/Pipeline.php(167): Illuminate\\Foundation\\Http\\Middleware\\ValidatePostSize->handle(Object(Illuminate\\Http\\Request), Object(Closure))
#77 /Users/aldyhelix/Projects/www/backend_rmi/vendor/laravel/framework/src/Illuminate/Foundation/Http/Middleware/PreventRequestsDuringMaintenance.php(86): Illuminate\\Pipeline\\Pipeline->Illuminate\\Pipeline\\{closure}(Object(Illuminate\\Http\\Request))
#78 /Users/aldyhelix/Projects/www/backend_rmi/vendor/laravel/framework/src/Illuminate/Pipeline/Pipeline.php(167): Illuminate\\Foundation\\Http\\Middleware\\PreventRequestsDuringMaintenance->handle(Object(Illuminate\\Http\\Request), Object(Closure))
#79 /Users/aldyhelix/Projects/www/backend_rmi/vendor/fruitcake/laravel-cors/src/HandleCors.php(38): Illuminate\\Pipeline\\Pipeline->Illuminate\\Pipeline\\{closure}(Object(Illuminate\\Http\\Request))
#80 /Users/aldyhelix/Projects/www/backend_rmi/vendor/laravel/framework/src/Illuminate/Pipeline/Pipeline.php(167): Fruitcake\\Cors\\HandleCors->handle(Object(Illuminate\\Http\\Request), Object(Closure))
#81 /Users/aldyhelix/Projects/www/backend_rmi/vendor/laravel/framework/src/Illuminate/Http/Middleware/TrustProxies.php(39): Illuminate\\Pipeline\\Pipeline->Illuminate\\Pipeline\\{closure}(Object(Illuminate\\Http\\Request))
#82 /Users/aldyhelix/Projects/www/backend_rmi/vendor/laravel/framework/src/Illuminate/Pipeline/Pipeline.php(167): Illuminate\\Http\\Middleware\\TrustProxies->handle(Object(Illuminate\\Http\\Request), Object(Closure))
#83 /Users/aldyhelix/Projects/www/backend_rmi/vendor/laravel/framework/src/Illuminate/Pipeline/Pipeline.php(103): Illuminate\\Pipeline\\Pipeline->Illuminate\\Pipeline\\{closure}(Object(Illuminate\\Http\\Request))
#84 /Users/aldyhelix/Projects/www/backend_rmi/vendor/laravel/framework/src/Illuminate/Foundation/Http/Kernel.php(142): Illuminate\\Pipeline\\Pipeline->then(Object(Closure))
#85 /Users/aldyhelix/Projects/www/backend_rmi/vendor/laravel/framework/src/Illuminate/Foundation/Http/Kernel.php(111): Illuminate\\Foundation\\Http\\Kernel->sendRequestThroughRouter(Object(Illuminate\\Http\\Request))
#86 /Users/aldyhelix/Projects/www/backend_rmi/public/index.php(58): Illuminate\\Foundation\\Http\\Kernel->handle(Object(Illuminate\\Http\\Request))
#87 /Applications/Herd.app/Contents/Resources/valet/server.php(153): require('/Users/aldyheli...')
#88 {main}
"} 
