[2024-06-09 14:35:19] production.ERROR: SQLSTATE[42S22]: Column not found: 1054 Unknown column 'io.unit_price' in 'field list' (SQL: select SUM((oi.quantity * io.unit_price) - (oi.quantity * p.purchase_price)) as total_profit from `order_items` as `oi` inner join `orders` as `o` on `oi`.`order_id` = `o`.`id` inner join `inventories` as `i` on `oi`.`inventory_id` = `i`.`id` inner join `products` as `p` on `i`.`product_id` = `p`.`id` where `oi`.`inventory_id` is not null limit 1) (View: /Users/aldyhelix/Projects/www/backend_rmi/resources/views/admin/dashboard/platform.blade.php) {"view":{"view":"/Users/aldyhelix/Projects/www/backend_rmi/vendor/laravel/framework/src/Illuminate/Database/Connection.php","data":[]},"userId":1,"exception":"[object] (Facade\\Ignition\\Exceptions\\ViewException(code: 0): SQLSTATE[42S22]: Column not found: 1054 Unknown column 'io.unit_price' in 'field list' (SQL: select SUM((oi.quantity * io.unit_price) - (oi.quantity * p.purchase_price)) as total_profit from `order_items` as `oi` inner join `orders` as `o` on `oi`.`order_id` = `o`.`id` inner join `inventories` as `i` on `oi`.`inventory_id` = `i`.`id` inner join `products` as `p` on `i`.`product_id` = `p`.`id` where `oi`.`inventory_id` is not null limit 1) (View: /Users/aldyhelix/Projects/www/backend_rmi/resources/views/admin/dashboard/platform.blade.php) at /Users/aldyhelix/Projects/www/backend_rmi/vendor/laravel/framework/src/Illuminate/Database/Connection.php:712)
[stacktrace]
#0 /Users/aldyhelix/Projects/www/backend_rmi/vendor/laravel/framework/src/Illuminate/Database/Connection.php(672): Illuminate\\Database\\Connection->runQueryCallback('select SUM((oi....', Array, Object(Closure))
#1 /Users/aldyhelix/Projects/www/backend_rmi/vendor/laravel/framework/src/Illuminate/Database/Connection.php(359): Illuminate\\Database\\Connection->run('select SUM((oi....', Array, Object(Closure))
#2 /Users/aldyhelix/Projects/www/backend_rmi/vendor/laravel/framework/src/Illuminate/Database/Query/Builder.php(2413): Illuminate\\Database\\Connection->select('select SUM((oi....', Array, true)
#3 /Users/aldyhelix/Projects/www/backend_rmi/vendor/laravel/framework/src/Illuminate/Database/Query/Builder.php(2402): Illuminate\\Database\\Query\\Builder->runSelect()
#4 /Users/aldyhelix/Projects/www/backend_rmi/vendor/laravel/framework/src/Illuminate/Database/Query/Builder.php(2936): Illuminate\\Database\\Query\\Builder->Illuminate\\Database\\Query\\{closure}()
#5 /Users/aldyhelix/Projects/www/backend_rmi/vendor/laravel/framework/src/Illuminate/Database/Query/Builder.php(2401): Illuminate\\Database\\Query\\Builder->onceWithColumns(Array, Object(Closure))
#6 /Users/aldyhelix/Projects/www/backend_rmi/vendor/laravel/framework/src/Illuminate/Database/Concerns/BuildsQueries.php(294): Illuminate\\Database\\Query\\Builder->get('total_profit')
#7 /Users/aldyhelix/Projects/www/backend_rmi/app/Http/Livewire/Dashboard.php(126): Illuminate\\Database\\Query\\Builder->first('total_profit')
#8 /Users/aldyhelix/Projects/www/backend_rmi/vendor/laravel/framework/src/Illuminate/Container/BoundMethod.php(36): App\\Http\\Livewire\\Dashboard->mount(9, 0, 7, 3, 16, 0, 0, 0, 0, 0, 0, 0, 0, 0)
#9 /Users/aldyhelix/Projects/www/backend_rmi/vendor/laravel/framework/src/Illuminate/Container/Util.php(40): Illuminate\\Container\\BoundMethod::Illuminate\\Container\\{closure}()
#10 /Users/aldyhelix/Projects/www/backend_rmi/vendor/laravel/framework/src/Illuminate/Container/BoundMethod.php(93): Illuminate\\Container\\Util::unwrapIfClosure(Object(Closure))
#11 /Users/aldyhelix/Projects/www/backend_rmi/vendor/laravel/framework/src/Illuminate/Container/BoundMethod.php(35): Illuminate\\Container\\BoundMethod::callBoundMethod(Object(Illuminate\\Foundation\\Application), Array, Object(Closure))
#12 /Users/aldyhelix/Projects/www/backend_rmi/vendor/livewire/livewire/src/LifecycleManager.php(114): Illuminate\\Container\\BoundMethod::call(Object(Illuminate\\Foundation\\Application), Array, Array)
#13 /Users/aldyhelix/Projects/www/backend_rmi/vendor/livewire/livewire/src/LivewireManager.php(130): Livewire\\LifecycleManager->mount(Array)
#14 /Users/aldyhelix/Projects/www/backend_rmi/vendor/laravel/framework/src/Illuminate/Support/Facades/Facade.php(261): Livewire\\LivewireManager->mount('dashboard', Array)
#15 /Users/aldyhelix/Projects/www/backend_rmi/resources/views/admin/dashboard/platform.blade.php(13): Illuminate\\Support\\Facades\\Facade::__callStatic('mount', Array)
#16 /Users/aldyhelix/Projects/www/backend_rmi/vendor/laravel/framework/src/Illuminate/Filesystem/Filesystem.php(107): require('/Users/aldyheli...')
#17 /Users/aldyhelix/Projects/www/backend_rmi/vendor/laravel/framework/src/Illuminate/Filesystem/Filesystem.php(108): Illuminate\\Filesystem\\Filesystem::Illuminate\\Filesystem\\{closure}()
#18 /Users/aldyhelix/Projects/www/backend_rmi/vendor/laravel/framework/src/Illuminate/View/Engines/PhpEngine.php(58): Illuminate\\Filesystem\\Filesystem->getRequire('/Users/aldyheli...', Array)
#19 /Users/aldyhelix/Projects/www/backend_rmi/vendor/livewire/livewire/src/ComponentConcerns/RendersLivewireComponents.php(69): Illuminate\\View\\Engines\\PhpEngine->evaluatePath('/Users/aldyheli...', Array)
#20 /Users/aldyhelix/Projects/www/backend_rmi/vendor/laravel/framework/src/Illuminate/View/Engines/CompilerEngine.php(61): Livewire\\CompilerEngineForIgnition->evaluatePath('/Users/aldyheli...', Array)
#21 /Users/aldyhelix/Projects/www/backend_rmi/vendor/facade/ignition/src/Views/Engines/CompilerEngine.php(37): Illuminate\\View\\Engines\\CompilerEngine->get('/Users/aldyheli...', Array)
#22 /Users/aldyhelix/Projects/www/backend_rmi/vendor/livewire/livewire/src/ComponentConcerns/RendersLivewireComponents.php(35): Facade\\Ignition\\Views\\Engines\\CompilerEngine->get('/Users/aldyheli...', Array)
#23 /Users/aldyhelix/Projects/www/backend_rmi/vendor/laravel/framework/src/Illuminate/View/View.php(139): Livewire\\CompilerEngineForIgnition->get('/Users/aldyheli...', Array)
#24 /Users/aldyhelix/Projects/www/backend_rmi/vendor/laravel/framework/src/Illuminate/View/View.php(122): Illuminate\\View\\View->getContents()
#25 /Users/aldyhelix/Projects/www/backend_rmi/vendor/laravel/framework/src/Illuminate/View/View.php(91): Illuminate\\View\\View->renderContents()
#26 /Users/aldyhelix/Projects/www/backend_rmi/vendor/laravel/framework/src/Illuminate/Http/Response.php(69): Illuminate\\View\\View->render()
#27 /Users/aldyhelix/Projects/www/backend_rmi/vendor/laravel/framework/src/Illuminate/Http/Response.php(35): Illuminate\\Http\\Response->setContent(Object(Illuminate\\View\\View))
#28 /Users/aldyhelix/Projects/www/backend_rmi/vendor/laravel/framework/src/Illuminate/Routing/Router.php(820): Illuminate\\Http\\Response->__construct(Object(Illuminate\\View\\View), 200, Array)
#29 /Users/aldyhelix/Projects/www/backend_rmi/vendor/laravel/framework/src/Illuminate/Routing/Router.php(789): Illuminate\\Routing\\Router::toResponse(Object(Illuminate\\Http\\Request), Object(Illuminate\\View\\View))
#30 /Users/aldyhelix/Projects/www/backend_rmi/vendor/laravel/framework/src/Illuminate/Routing/Router.php(720): Illuminate\\Routing\\Router->prepareResponse(Object(Illuminate\\Http\\Request), Object(Illuminate\\View\\View))
#31 /Users/aldyhelix/Projects/www/backend_rmi/vendor/laravel/framework/src/Illuminate/Pipeline/Pipeline.php(128): Illuminate\\Routing\\Router->Illuminate\\Routing\\{closure}(Object(Illuminate\\Http\\Request))
#32 /Users/aldyhelix/Projects/www/backend_rmi/app/Http/Middleware/DashboardSetup.php(22): Illuminate\\Pipeline\\Pipeline->Illuminate\\Pipeline\\{closure}(Object(Illuminate\\Http\\Request))
#33 /Users/aldyhelix/Projects/www/backend_rmi/vendor/laravel/framework/src/Illuminate/Pipeline/Pipeline.php(167): App\\Http\\Middleware\\DashboardSetup->handle(Object(Illuminate\\Http\\Request), Object(Closure))
#34 /Users/aldyhelix/Projects/www/backend_rmi/app/Http/Middleware/CheckIfBillingInfoRequired.php(24): Illuminate\\Pipeline\\Pipeline->Illuminate\\Pipeline\\{closure}(Object(Illuminate\\Http\\Request))
#35 /Users/aldyhelix/Projects/www/backend_rmi/vendor/laravel/framework/src/Illuminate/Pipeline/Pipeline.php(167): App\\Http\\Middleware\\CheckIfBillingInfoRequired->handle(Object(Illuminate\\Http\\Request), Object(Closure))
#36 /Users/aldyhelix/Projects/www/backend_rmi/app/Http/Middleware/VerifyUserIsSubscribed.php(25): Illuminate\\Pipeline\\Pipeline->Illuminate\\Pipeline\\{closure}(Object(Illuminate\\Http\\Request))
#37 /Users/aldyhelix/Projects/www/backend_rmi/vendor/laravel/framework/src/Illuminate/Pipeline/Pipeline.php(167): App\\Http\\Middleware\\VerifyUserIsSubscribed->handle(Object(Illuminate\\Http\\Request), Object(Closure))
#38 /Users/aldyhelix/Projects/www/backend_rmi/app/Http/Middleware/CookieConsentMiddleware.php(21): Illuminate\\Pipeline\\Pipeline->Illuminate\\Pipeline\\{closure}(Object(Illuminate\\Http\\Request))
#39 /Users/aldyhelix/Projects/www/backend_rmi/vendor/laravel/framework/src/Illuminate/Pipeline/Pipeline.php(167): App\\Http\\Middleware\\CookieConsentMiddleware->handle(Object(Illuminate\\Http\\Request), Object(Closure))
#40 /Users/aldyhelix/Projects/www/backend_rmi/app/Http/Middleware/Language.php(64): Illuminate\\Pipeline\\Pipeline->Illuminate\\Pipeline\\{closure}(Object(Illuminate\\Http\\Request))
#41 /Users/aldyhelix/Projects/www/backend_rmi/vendor/laravel/framework/src/Illuminate/Pipeline/Pipeline.php(167): App\\Http\\Middleware\\Language->handle(Object(Illuminate\\Http\\Request), Object(Closure))
#42 /Users/aldyhelix/Projects/www/backend_rmi/app/Http/Middleware/InitSettings.php(8): Illuminate\\Pipeline\\Pipeline->Illuminate\\Pipeline\\{closure}(Object(Illuminate\\Http\\Request))
#43 /Users/aldyhelix/Projects/www/backend_rmi/vendor/laravel/framework/src/Illuminate/Pipeline/Pipeline.php(167): App\\Http\\Middleware\\InitSettings->handle(Object(Illuminate\\Http\\Request), Object(Closure))
#44 /Users/aldyhelix/Projects/www/backend_rmi/vendor/laravel/framework/src/Illuminate/Routing/Middleware/SubstituteBindings.php(50): Illuminate\\Pipeline\\Pipeline->Illuminate\\Pipeline\\{closure}(Object(Illuminate\\Http\\Request))
#45 /Users/aldyhelix/Projects/www/backend_rmi/vendor/laravel/framework/src/Illuminate/Pipeline/Pipeline.php(167): Illuminate\\Routing\\Middleware\\SubstituteBindings->handle(Object(Illuminate\\Http\\Request), Object(Closure))
#46 /Users/aldyhelix/Projects/www/backend_rmi/vendor/laravel/framework/src/Illuminate/Auth/Middleware/Authenticate.php(44): Illuminate\\Pipeline\\Pipeline->Illuminate\\Pipeline\\{closure}(Object(Illuminate\\Http\\Request))
#47 /Users/aldyhelix/Projects/www/backend_rmi/vendor/laravel/framework/src/Illuminate/Pipeline/Pipeline.php(167): Illuminate\\Auth\\Middleware\\Authenticate->handle(Object(Illuminate\\Http\\Request), Object(Closure))
#48 /Users/aldyhelix/Projects/www/backend_rmi/vendor/laravel/framework/src/Illuminate/Foundation/Http/Middleware/VerifyCsrfToken.php(78): Illuminate\\Pipeline\\Pipeline->Illuminate\\Pipeline\\{closure}(Object(Illuminate\\Http\\Request))
#49 /Users/aldyhelix/Projects/www/backend_rmi/vendor/laravel/framework/src/Illuminate/Pipeline/Pipeline.php(167): Illuminate\\Foundation\\Http\\Middleware\\VerifyCsrfToken->handle(Object(Illuminate\\Http\\Request), Object(Closure))
#50 /Users/aldyhelix/Projects/www/backend_rmi/vendor/laravel/framework/src/Illuminate/View/Middleware/ShareErrorsFromSession.php(49): Illuminate\\Pipeline\\Pipeline->Illuminate\\Pipeline\\{closure}(Object(Illuminate\\Http\\Request))
#51 /Users/aldyhelix/Projects/www/backend_rmi/vendor/laravel/framework/src/Illuminate/Pipeline/Pipeline.php(167): Illuminate\\View\\Middleware\\ShareErrorsFromSession->handle(Object(Illuminate\\Http\\Request), Object(Closure))
#52 /Users/aldyhelix/Projects/www/backend_rmi/vendor/laravel/framework/src/Illuminate/Session/Middleware/StartSession.php(121): Illuminate\\Pipeline\\Pipeline->Illuminate\\Pipeline\\{closure}(Object(Illuminate\\Http\\Request))
#53 /Users/aldyhelix/Projects/www/backend_rmi/vendor/laravel/framework/src/Illuminate/Session/Middleware/StartSession.php(64): Illuminate\\Session\\Middleware\\StartSession->handleStatefulRequest(Object(Illuminate\\Http\\Request), Object(Illuminate\\Session\\EncryptedStore), Object(Closure))
#54 /Users/aldyhelix/Projects/www/backend_rmi/vendor/laravel/framework/src/Illuminate/Pipeline/Pipeline.php(167): Illuminate\\Session\\Middleware\\StartSession->handle(Object(Illuminate\\Http\\Request), Object(Closure))
#55 /Users/aldyhelix/Projects/www/backend_rmi/vendor/laravel/framework/src/Illuminate/Cookie/Middleware/AddQueuedCookiesToResponse.php(37): Illuminate\\Pipeline\\Pipeline->Illuminate\\Pipeline\\{closure}(Object(Illuminate\\Http\\Request))
#56 /Users/aldyhelix/Projects/www/backend_rmi/vendor/laravel/framework/src/Illuminate/Pipeline/Pipeline.php(167): Illuminate\\Cookie\\Middleware\\AddQueuedCookiesToResponse->handle(Object(Illuminate\\Http\\Request), Object(Closure))
#57 /Users/aldyhelix/Projects/www/backend_rmi/vendor/laravel/framework/src/Illuminate/Cookie/Middleware/EncryptCookies.php(67): Illuminate\\Pipeline\\Pipeline->Illuminate\\Pipeline\\{closure}(Object(Illuminate\\Http\\Request))
#58 /Users/aldyhelix/Projects/www/backend_rmi/vendor/laravel/framework/src/Illuminate/Pipeline/Pipeline.php(167): Illuminate\\Cookie\\Middleware\\EncryptCookies->handle(Object(Illuminate\\Http\\Request), Object(Closure))
#59 /Users/aldyhelix/Projects/www/backend_rmi/vendor/laravel/framework/src/Illuminate/Pipeline/Pipeline.php(103): Illuminate\\Pipeline\\Pipeline->Illuminate\\Pipeline\\{closure}(Object(Illuminate\\Http\\Request))
#60 /Users/aldyhelix/Projects/www/backend_rmi/vendor/laravel/framework/src/Illuminate/Routing/Router.php(719): Illuminate\\Pipeline\\Pipeline->then(Object(Closure))
#61 /Users/aldyhelix/Projects/www/backend_rmi/vendor/laravel/framework/src/Illuminate/Routing/Router.php(698): Illuminate\\Routing\\Router->runRouteWithinStack(Object(Illuminate\\Routing\\Route), Object(Illuminate\\Http\\Request))
#62 /Users/aldyhelix/Projects/www/backend_rmi/vendor/laravel/framework/src/Illuminate/Routing/Router.php(662): Illuminate\\Routing\\Router->runRoute(Object(Illuminate\\Http\\Request), Object(Illuminate\\Routing\\Route))
#63 /Users/aldyhelix/Projects/www/backend_rmi/vendor/laravel/framework/src/Illuminate/Routing/Router.php(651): Illuminate\\Routing\\Router->dispatchToRoute(Object(Illuminate\\Http\\Request))
#64 /Users/aldyhelix/Projects/www/backend_rmi/vendor/laravel/framework/src/Illuminate/Foundation/Http/Kernel.php(167): Illuminate\\Routing\\Router->dispatch(Object(Illuminate\\Http\\Request))
#65 /Users/aldyhelix/Projects/www/backend_rmi/vendor/laravel/framework/src/Illuminate/Pipeline/Pipeline.php(128): Illuminate\\Foundation\\Http\\Kernel->Illuminate\\Foundation\\Http\\{closure}(Object(Illuminate\\Http\\Request))
#66 /Users/aldyhelix/Projects/www/backend_rmi/vendor/livewire/livewire/src/DisableBrowserCache.php(19): Illuminate\\Pipeline\\Pipeline->Illuminate\\Pipeline\\{closure}(Object(Illuminate\\Http\\Request))
#67 /Users/aldyhelix/Projects/www/backend_rmi/vendor/laravel/framework/src/Illuminate/Pipeline/Pipeline.php(167): Livewire\\DisableBrowserCache->handle(Object(Illuminate\\Http\\Request), Object(Closure))
#68 /Users/aldyhelix/Projects/www/backend_rmi/vendor/barryvdh/laravel-debugbar/src/Middleware/InjectDebugbar.php(66): Illuminate\\Pipeline\\Pipeline->Illuminate\\Pipeline\\{closure}(Object(Illuminate\\Http\\Request))
#69 /Users/aldyhelix/Projects/www/backend_rmi/vendor/laravel/framework/src/Illuminate/Pipeline/Pipeline.php(167): Barryvdh\\Debugbar\\Middleware\\InjectDebugbar->handle(Object(Illuminate\\Http\\Request), Object(Closure))
#70 /Users/aldyhelix/Projects/www/backend_rmi/app/Http/Middleware/CheckForInstallation.php(19): Illuminate\\Pipeline\\Pipeline->Illuminate\\Pipeline\\{closure}(Object(Illuminate\\Http\\Request))
#71 /Users/aldyhelix/Projects/www/backend_rmi/vendor/laravel/framework/src/Illuminate/Pipeline/Pipeline.php(167): App\\Http\\Middleware\\CheckForInstallation->handle(Object(Illuminate\\Http\\Request), Object(Closure))
#72 /Users/aldyhelix/Projects/www/backend_rmi/vendor/laravel/framework/src/Illuminate/Foundation/Http/Middleware/TransformsRequest.php(21): Illuminate\\Pipeline\\Pipeline->Illuminate\\Pipeline\\{closure}(Object(Illuminate\\Http\\Request))
#73 /Users/aldyhelix/Projects/www/backend_rmi/vendor/laravel/framework/src/Illuminate/Foundation/Http/Middleware/ConvertEmptyStringsToNull.php(31): Illuminate\\Foundation\\Http\\Middleware\\TransformsRequest->handle(Object(Illuminate\\Http\\Request), Object(Closure))
#74 /Users/aldyhelix/Projects/www/backend_rmi/vendor/laravel/framework/src/Illuminate/Pipeline/Pipeline.php(167): Illuminate\\Foundation\\Http\\Middleware\\ConvertEmptyStringsToNull->handle(Object(Illuminate\\Http\\Request), Object(Closure))
#75 /Users/aldyhelix/Projects/www/backend_rmi/vendor/laravel/framework/src/Illuminate/Foundation/Http/Middleware/TransformsRequest.php(21): Illuminate\\Pipeline\\Pipeline->Illuminate\\Pipeline\\{closure}(Object(Illuminate\\Http\\Request))
#76 /Users/aldyhelix/Projects/www/backend_rmi/vendor/laravel/framework/src/Illuminate/Foundation/Http/Middleware/TrimStrings.php(40): Illuminate\\Foundation\\Http\\Middleware\\TransformsRequest->handle(Object(Illuminate\\Http\\Request), Object(Closure))
#77 /Users/aldyhelix/Projects/www/backend_rmi/vendor/laravel/framework/src/Illuminate/Pipeline/Pipeline.php(167): Illuminate\\Foundation\\Http\\Middleware\\TrimStrings->handle(Object(Illuminate\\Http\\Request), Object(Closure))
#78 /Users/aldyhelix/Projects/www/backend_rmi/vendor/laravel/framework/src/Illuminate/Foundation/Http/Middleware/ValidatePostSize.php(27): Illuminate\\Pipeline\\Pipeline->Illuminate\\Pipeline\\{closure}(Object(Illuminate\\Http\\Request))
#79 /Users/aldyhelix/Projects/www/backend_rmi/vendor/laravel/framework/src/Illuminate/Pipeline/Pipeline.php(167): Illuminate\\Foundation\\Http\\Middleware\\ValidatePostSize->handle(Object(Illuminate\\Http\\Request), Object(Closure))
#80 /Users/aldyhelix/Projects/www/backend_rmi/vendor/laravel/framework/src/Illuminate/Foundation/Http/Middleware/PreventRequestsDuringMaintenance.php(86): Illuminate\\Pipeline\\Pipeline->Illuminate\\Pipeline\\{closure}(Object(Illuminate\\Http\\Request))
#81 /Users/aldyhelix/Projects/www/backend_rmi/vendor/laravel/framework/src/Illuminate/Pipeline/Pipeline.php(167): Illuminate\\Foundation\\Http\\Middleware\\PreventRequestsDuringMaintenance->handle(Object(Illuminate\\Http\\Request), Object(Closure))
#82 /Users/aldyhelix/Projects/www/backend_rmi/vendor/fruitcake/laravel-cors/src/HandleCors.php(38): Illuminate\\Pipeline\\Pipeline->Illuminate\\Pipeline\\{closure}(Object(Illuminate\\Http\\Request))
#83 /Users/aldyhelix/Projects/www/backend_rmi/vendor/laravel/framework/src/Illuminate/Pipeline/Pipeline.php(167): Fruitcake\\Cors\\HandleCors->handle(Object(Illuminate\\Http\\Request), Object(Closure))
#84 /Users/aldyhelix/Projects/www/backend_rmi/vendor/laravel/framework/src/Illuminate/Http/Middleware/TrustProxies.php(39): Illuminate\\Pipeline\\Pipeline->Illuminate\\Pipeline\\{closure}(Object(Illuminate\\Http\\Request))
#85 /Users/aldyhelix/Projects/www/backend_rmi/vendor/laravel/framework/src/Illuminate/Pipeline/Pipeline.php(167): Illuminate\\Http\\Middleware\\TrustProxies->handle(Object(Illuminate\\Http\\Request), Object(Closure))
#86 /Users/aldyhelix/Projects/www/backend_rmi/vendor/laravel/framework/src/Illuminate/Pipeline/Pipeline.php(103): Illuminate\\Pipeline\\Pipeline->Illuminate\\Pipeline\\{closure}(Object(Illuminate\\Http\\Request))
#87 /Users/aldyhelix/Projects/www/backend_rmi/vendor/laravel/framework/src/Illuminate/Foundation/Http/Kernel.php(142): Illuminate\\Pipeline\\Pipeline->then(Object(Closure))
#88 /Users/aldyhelix/Projects/www/backend_rmi/vendor/laravel/framework/src/Illuminate/Foundation/Http/Kernel.php(111): Illuminate\\Foundation\\Http\\Kernel->sendRequestThroughRouter(Object(Illuminate\\Http\\Request))
#89 /Users/aldyhelix/Projects/www/backend_rmi/public/index.php(58): Illuminate\\Foundation\\Http\\Kernel->handle(Object(Illuminate\\Http\\Request))
#90 /Applications/Herd.app/Contents/Resources/valet/server.php(153): require('/Users/aldyheli...')
#91 {main}

[previous exception] [object] (Illuminate\\Database\\QueryException(code: 42S22): SQLSTATE[42S22]: Column not found: 1054 Unknown column 'io.unit_price' in 'field list' (SQL: select SUM((oi.quantity * io.unit_price) - (oi.quantity * p.purchase_price)) as total_profit from `order_items` as `oi` inner join `orders` as `o` on `oi`.`order_id` = `o`.`id` inner join `inventories` as `i` on `oi`.`inventory_id` = `i`.`id` inner join `products` as `p` on `i`.`product_id` = `p`.`id` where `oi`.`inventory_id` is not null limit 1) at /Users/aldyhelix/Projects/www/backend_rmi/vendor/laravel/framework/src/Illuminate/Database/Connection.php:712)
[stacktrace]
#0 /Users/aldyhelix/Projects/www/backend_rmi/vendor/laravel/framework/src/Illuminate/Database/Connection.php(672): Illuminate\\Database\\Connection->runQueryCallback('select SUM((oi....', Array, Object(Closure))
#1 /Users/aldyhelix/Projects/www/backend_rmi/vendor/laravel/framework/src/Illuminate/Database/Connection.php(359): Illuminate\\Database\\Connection->run('select SUM((oi....', Array, Object(Closure))
#2 /Users/aldyhelix/Projects/www/backend_rmi/vendor/laravel/framework/src/Illuminate/Database/Query/Builder.php(2413): Illuminate\\Database\\Connection->select('select SUM((oi....', Array, true)
#3 /Users/aldyhelix/Projects/www/backend_rmi/vendor/laravel/framework/src/Illuminate/Database/Query/Builder.php(2402): Illuminate\\Database\\Query\\Builder->runSelect()
#4 /Users/aldyhelix/Projects/www/backend_rmi/vendor/laravel/framework/src/Illuminate/Database/Query/Builder.php(2936): Illuminate\\Database\\Query\\Builder->Illuminate\\Database\\Query\\{closure}()
#5 /Users/aldyhelix/Projects/www/backend_rmi/vendor/laravel/framework/src/Illuminate/Database/Query/Builder.php(2401): Illuminate\\Database\\Query\\Builder->onceWithColumns(Array, Object(Closure))
#6 /Users/aldyhelix/Projects/www/backend_rmi/vendor/laravel/framework/src/Illuminate/Database/Concerns/BuildsQueries.php(294): Illuminate\\Database\\Query\\Builder->get('total_profit')
#7 /Users/aldyhelix/Projects/www/backend_rmi/app/Http/Livewire/Dashboard.php(126): Illuminate\\Database\\Query\\Builder->first('total_profit')
#8 /Users/aldyhelix/Projects/www/backend_rmi/vendor/laravel/framework/src/Illuminate/Container/BoundMethod.php(36): App\\Http\\Livewire\\Dashboard->mount(9, 0, 7, 3, 16, 0, 0, 0, 0, 0, 0, 0, 0, 0)
#9 /Users/aldyhelix/Projects/www/backend_rmi/vendor/laravel/framework/src/Illuminate/Container/Util.php(40): Illuminate\\Container\\BoundMethod::Illuminate\\Container\\{closure}()
#10 /Users/aldyhelix/Projects/www/backend_rmi/vendor/laravel/framework/src/Illuminate/Container/BoundMethod.php(93): Illuminate\\Container\\Util::unwrapIfClosure(Object(Closure))
#11 /Users/aldyhelix/Projects/www/backend_rmi/vendor/laravel/framework/src/Illuminate/Container/BoundMethod.php(35): Illuminate\\Container\\BoundMethod::callBoundMethod(Object(Illuminate\\Foundation\\Application), Array, Object(Closure))
#12 /Users/aldyhelix/Projects/www/backend_rmi/vendor/livewire/livewire/src/LifecycleManager.php(114): Illuminate\\Container\\BoundMethod::call(Object(Illuminate\\Foundation\\Application), Array, Array)
#13 /Users/aldyhelix/Projects/www/backend_rmi/vendor/livewire/livewire/src/LivewireManager.php(130): Livewire\\LifecycleManager->mount(Array)
#14 /Users/aldyhelix/Projects/www/backend_rmi/vendor/laravel/framework/src/Illuminate/Support/Facades/Facade.php(261): Livewire\\LivewireManager->mount('dashboard', Array)
#15 /Users/aldyhelix/Projects/www/backend_rmi/storage/framework/views/7614a377bf597da1c7ed67416eae576b7feee755.php(13): Illuminate\\Support\\Facades\\Facade::__callStatic('mount', Array)
#16 /Users/aldyhelix/Projects/www/backend_rmi/vendor/laravel/framework/src/Illuminate/Filesystem/Filesystem.php(107): require('/Users/aldyheli...')
#17 /Users/aldyhelix/Projects/www/backend_rmi/vendor/laravel/framework/src/Illuminate/Filesystem/Filesystem.php(108): Illuminate\\Filesystem\\Filesystem::Illuminate\\Filesystem\\{closure}()
#18 /Users/aldyhelix/Projects/www/backend_rmi/vendor/laravel/framework/src/Illuminate/View/Engines/PhpEngine.php(58): Illuminate\\Filesystem\\Filesystem->getRequire('/Users/aldyheli...', Array)
#19 /Users/aldyhelix/Projects/www/backend_rmi/vendor/livewire/livewire/src/ComponentConcerns/RendersLivewireComponents.php(69): Illuminate\\View\\Engines\\PhpEngine->evaluatePath('/Users/aldyheli...', Array)
#20 /Users/aldyhelix/Projects/www/backend_rmi/vendor/laravel/framework/src/Illuminate/View/Engines/CompilerEngine.php(61): Livewire\\CompilerEngineForIgnition->evaluatePath('/Users/aldyheli...', Array)
#21 /Users/aldyhelix/Projects/www/backend_rmi/vendor/facade/ignition/src/Views/Engines/CompilerEngine.php(37): Illuminate\\View\\Engines\\CompilerEngine->get('/Users/aldyheli...', Array)
#22 /Users/aldyhelix/Projects/www/backend_rmi/vendor/livewire/livewire/src/ComponentConcerns/RendersLivewireComponents.php(35): Facade\\Ignition\\Views\\Engines\\CompilerEngine->get('/Users/aldyheli...', Array)
#23 /Users/aldyhelix/Projects/www/backend_rmi/vendor/laravel/framework/src/Illuminate/View/View.php(139): Livewire\\CompilerEngineForIgnition->get('/Users/aldyheli...', Array)
#24 /Users/aldyhelix/Projects/www/backend_rmi/vendor/laravel/framework/src/Illuminate/View/View.php(122): Illuminate\\View\\View->getContents()
#25 /Users/aldyhelix/Projects/www/backend_rmi/vendor/laravel/framework/src/Illuminate/View/View.php(91): Illuminate\\View\\View->renderContents()
#26 /Users/aldyhelix/Projects/www/backend_rmi/vendor/laravel/framework/src/Illuminate/Http/Response.php(69): Illuminate\\View\\View->render()
#27 /Users/aldyhelix/Projects/www/backend_rmi/vendor/laravel/framework/src/Illuminate/Http/Response.php(35): Illuminate\\Http\\Response->setContent(Object(Illuminate\\View\\View))
#28 /Users/aldyhelix/Projects/www/backend_rmi/vendor/laravel/framework/src/Illuminate/Routing/Router.php(820): Illuminate\\Http\\Response->__construct(Object(Illuminate\\View\\View), 200, Array)
#29 /Users/aldyhelix/Projects/www/backend_rmi/vendor/laravel/framework/src/Illuminate/Routing/Router.php(789): Illuminate\\Routing\\Router::toResponse(Object(Illuminate\\Http\\Request), Object(Illuminate\\View\\View))
#30 /Users/aldyhelix/Projects/www/backend_rmi/vendor/laravel/framework/src/Illuminate/Routing/Router.php(720): Illuminate\\Routing\\Router->prepareResponse(Object(Illuminate\\Http\\Request), Object(Illuminate\\View\\View))
#31 /Users/aldyhelix/Projects/www/backend_rmi/vendor/laravel/framework/src/Illuminate/Pipeline/Pipeline.php(128): Illuminate\\Routing\\Router->Illuminate\\Routing\\{closure}(Object(Illuminate\\Http\\Request))
#32 /Users/aldyhelix/Projects/www/backend_rmi/app/Http/Middleware/DashboardSetup.php(22): Illuminate\\Pipeline\\Pipeline->Illuminate\\Pipeline\\{closure}(Object(Illuminate\\Http\\Request))
#33 /Users/aldyhelix/Projects/www/backend_rmi/vendor/laravel/framework/src/Illuminate/Pipeline/Pipeline.php(167): App\\Http\\Middleware\\DashboardSetup->handle(Object(Illuminate\\Http\\Request), Object(Closure))
#34 /Users/aldyhelix/Projects/www/backend_rmi/app/Http/Middleware/CheckIfBillingInfoRequired.php(24): Illuminate\\Pipeline\\Pipeline->Illuminate\\Pipeline\\{closure}(Object(Illuminate\\Http\\Request))
#35 /Users/aldyhelix/Projects/www/backend_rmi/vendor/laravel/framework/src/Illuminate/Pipeline/Pipeline.php(167): App\\Http\\Middleware\\CheckIfBillingInfoRequired->handle(Object(Illuminate\\Http\\Request), Object(Closure))
#36 /Users/aldyhelix/Projects/www/backend_rmi/app/Http/Middleware/VerifyUserIsSubscribed.php(25): Illuminate\\Pipeline\\Pipeline->Illuminate\\Pipeline\\{closure}(Object(Illuminate\\Http\\Request))
#37 /Users/aldyhelix/Projects/www/backend_rmi/vendor/laravel/framework/src/Illuminate/Pipeline/Pipeline.php(167): App\\Http\\Middleware\\VerifyUserIsSubscribed->handle(Object(Illuminate\\Http\\Request), Object(Closure))
#38 /Users/aldyhelix/Projects/www/backend_rmi/app/Http/Middleware/CookieConsentMiddleware.php(21): Illuminate\\Pipeline\\Pipeline->Illuminate\\Pipeline\\{closure}(Object(Illuminate\\Http\\Request))
#39 /Users/aldyhelix/Projects/www/backend_rmi/vendor/laravel/framework/src/Illuminate/Pipeline/Pipeline.php(167): App\\Http\\Middleware\\CookieConsentMiddleware->handle(Object(Illuminate\\Http\\Request), Object(Closure))
#40 /Users/aldyhelix/Projects/www/backend_rmi/app/Http/Middleware/Language.php(64): Illuminate\\Pipeline\\Pipeline->Illuminate\\Pipeline\\{closure}(Object(Illuminate\\Http\\Request))
#41 /Users/aldyhelix/Projects/www/backend_rmi/vendor/laravel/framework/src/Illuminate/Pipeline/Pipeline.php(167): App\\Http\\Middleware\\Language->handle(Object(Illuminate\\Http\\Request), Object(Closure))
#42 /Users/aldyhelix/Projects/www/backend_rmi/app/Http/Middleware/InitSettings.php(8): Illuminate\\Pipeline\\Pipeline->Illuminate\\Pipeline\\{closure}(Object(Illuminate\\Http\\Request))
#43 /Users/aldyhelix/Projects/www/backend_rmi/vendor/laravel/framework/src/Illuminate/Pipeline/Pipeline.php(167): App\\Http\\Middleware\\InitSettings->handle(Object(Illuminate\\Http\\Request), Object(Closure))
#44 /Users/aldyhelix/Projects/www/backend_rmi/vendor/laravel/framework/src/Illuminate/Routing/Middleware/SubstituteBindings.php(50): Illuminate\\Pipeline\\Pipeline->Illuminate\\Pipeline\\{closure}(Object(Illuminate\\Http\\Request))
#45 /Users/aldyhelix/Projects/www/backend_rmi/vendor/laravel/framework/src/Illuminate/Pipeline/Pipeline.php(167): Illuminate\\Routing\\Middleware\\SubstituteBindings->handle(Object(Illuminate\\Http\\Request), Object(Closure))
#46 /Users/aldyhelix/Projects/www/backend_rmi/vendor/laravel/framework/src/Illuminate/Auth/Middleware/Authenticate.php(44): Illuminate\\Pipeline\\Pipeline->Illuminate\\Pipeline\\{closure}(Object(Illuminate\\Http\\Request))
#47 /Users/aldyhelix/Projects/www/backend_rmi/vendor/laravel/framework/src/Illuminate/Pipeline/Pipeline.php(167): Illuminate\\Auth\\Middleware\\Authenticate->handle(Object(Illuminate\\Http\\Request), Object(Closure))
#48 /Users/aldyhelix/Projects/www/backend_rmi/vendor/laravel/framework/src/Illuminate/Foundation/Http/Middleware/VerifyCsrfToken.php(78): Illuminate\\Pipeline\\Pipeline->Illuminate\\Pipeline\\{closure}(Object(Illuminate\\Http\\Request))
#49 /Users/aldyhelix/Projects/www/backend_rmi/vendor/laravel/framework/src/Illuminate/Pipeline/Pipeline.php(167): Illuminate\\Foundation\\Http\\Middleware\\VerifyCsrfToken->handle(Object(Illuminate\\Http\\Request), Object(Closure))
#50 /Users/aldyhelix/Projects/www/backend_rmi/vendor/laravel/framework/src/Illuminate/View/Middleware/ShareErrorsFromSession.php(49): Illuminate\\Pipeline\\Pipeline->Illuminate\\Pipeline\\{closure}(Object(Illuminate\\Http\\Request))
#51 /Users/aldyhelix/Projects/www/backend_rmi/vendor/laravel/framework/src/Illuminate/Pipeline/Pipeline.php(167): Illuminate\\View\\Middleware\\ShareErrorsFromSession->handle(Object(Illuminate\\Http\\Request), Object(Closure))
#52 /Users/aldyhelix/Projects/www/backend_rmi/vendor/laravel/framework/src/Illuminate/Session/Middleware/StartSession.php(121): Illuminate\\Pipeline\\Pipeline->Illuminate\\Pipeline\\{closure}(Object(Illuminate\\Http\\Request))
#53 /Users/aldyhelix/Projects/www/backend_rmi/vendor/laravel/framework/src/Illuminate/Session/Middleware/StartSession.php(64): Illuminate\\Session\\Middleware\\StartSession->handleStatefulRequest(Object(Illuminate\\Http\\Request), Object(Illuminate\\Session\\EncryptedStore), Object(Closure))
#54 /Users/aldyhelix/Projects/www/backend_rmi/vendor/laravel/framework/src/Illuminate/Pipeline/Pipeline.php(167): Illuminate\\Session\\Middleware\\StartSession->handle(Object(Illuminate\\Http\\Request), Object(Closure))
#55 /Users/aldyhelix/Projects/www/backend_rmi/vendor/laravel/framework/src/Illuminate/Cookie/Middleware/AddQueuedCookiesToResponse.php(37): Illuminate\\Pipeline\\Pipeline->Illuminate\\Pipeline\\{closure}(Object(Illuminate\\Http\\Request))
#56 /Users/aldyhelix/Projects/www/backend_rmi/vendor/laravel/framework/src/Illuminate/Pipeline/Pipeline.php(167): Illuminate\\Cookie\\Middleware\\AddQueuedCookiesToResponse->handle(Object(Illuminate\\Http\\Request), Object(Closure))
#57 /Users/aldyhelix/Projects/www/backend_rmi/vendor/laravel/framework/src/Illuminate/Cookie/Middleware/EncryptCookies.php(67): Illuminate\\Pipeline\\Pipeline->Illuminate\\Pipeline\\{closure}(Object(Illuminate\\Http\\Request))
#58 /Users/aldyhelix/Projects/www/backend_rmi/vendor/laravel/framework/src/Illuminate/Pipeline/Pipeline.php(167): Illuminate\\Cookie\\Middleware\\EncryptCookies->handle(Object(Illuminate\\Http\\Request), Object(Closure))
#59 /Users/aldyhelix/Projects/www/backend_rmi/vendor/laravel/framework/src/Illuminate/Pipeline/Pipeline.php(103): Illuminate\\Pipeline\\Pipeline->Illuminate\\Pipeline\\{closure}(Object(Illuminate\\Http\\Request))
#60 /Users/aldyhelix/Projects/www/backend_rmi/vendor/laravel/framework/src/Illuminate/Routing/Router.php(719): Illuminate\\Pipeline\\Pipeline->then(Object(Closure))
#61 /Users/aldyhelix/Projects/www/backend_rmi/vendor/laravel/framework/src/Illuminate/Routing/Router.php(698): Illuminate\\Routing\\Router->runRouteWithinStack(Object(Illuminate\\Routing\\Route), Object(Illuminate\\Http\\Request))
#62 /Users/aldyhelix/Projects/www/backend_rmi/vendor/laravel/framework/src/Illuminate/Routing/Router.php(662): Illuminate\\Routing\\Router->runRoute(Object(Illuminate\\Http\\Request), Object(Illuminate\\Routing\\Route))
#63 /Users/aldyhelix/Projects/www/backend_rmi/vendor/laravel/framework/src/Illuminate/Routing/Router.php(651): Illuminate\\Routing\\Router->dispatchToRoute(Object(Illuminate\\Http\\Request))
#64 /Users/aldyhelix/Projects/www/backend_rmi/vendor/laravel/framework/src/Illuminate/Foundation/Http/Kernel.php(167): Illuminate\\Routing\\Router->dispatch(Object(Illuminate\\Http\\Request))
#65 /Users/aldyhelix/Projects/www/backend_rmi/vendor/laravel/framework/src/Illuminate/Pipeline/Pipeline.php(128): Illuminate\\Foundation\\Http\\Kernel->Illuminate\\Foundation\\Http\\{closure}(Object(Illuminate\\Http\\Request))
#66 /Users/aldyhelix/Projects/www/backend_rmi/vendor/livewire/livewire/src/DisableBrowserCache.php(19): Illuminate\\Pipeline\\Pipeline->Illuminate\\Pipeline\\{closure}(Object(Illuminate\\Http\\Request))
#67 /Users/aldyhelix/Projects/www/backend_rmi/vendor/laravel/framework/src/Illuminate/Pipeline/Pipeline.php(167): Livewire\\DisableBrowserCache->handle(Object(Illuminate\\Http\\Request), Object(Closure))
#68 /Users/aldyhelix/Projects/www/backend_rmi/vendor/barryvdh/laravel-debugbar/src/Middleware/InjectDebugbar.php(66): Illuminate\\Pipeline\\Pipeline->Illuminate\\Pipeline\\{closure}(Object(Illuminate\\Http\\Request))
#69 /Users/aldyhelix/Projects/www/backend_rmi/vendor/laravel/framework/src/Illuminate/Pipeline/Pipeline.php(167): Barryvdh\\Debugbar\\Middleware\\InjectDebugbar->handle(Object(Illuminate\\Http\\Request), Object(Closure))
#70 /Users/aldyhelix/Projects/www/backend_rmi/app/Http/Middleware/CheckForInstallation.php(19): Illuminate\\Pipeline\\Pipeline->Illuminate\\Pipeline\\{closure}(Object(Illuminate\\Http\\Request))
#71 /Users/aldyhelix/Projects/www/backend_rmi/vendor/laravel/framework/src/Illuminate/Pipeline/Pipeline.php(167): App\\Http\\Middleware\\CheckForInstallation->handle(Object(Illuminate\\Http\\Request), Object(Closure))
#72 /Users/aldyhelix/Projects/www/backend_rmi/vendor/laravel/framework/src/Illuminate/Foundation/Http/Middleware/TransformsRequest.php(21): Illuminate\\Pipeline\\Pipeline->Illuminate\\Pipeline\\{closure}(Object(Illuminate\\Http\\Request))
#73 /Users/aldyhelix/Projects/www/backend_rmi/vendor/laravel/framework/src/Illuminate/Foundation/Http/Middleware/ConvertEmptyStringsToNull.php(31): Illuminate\\Foundation\\Http\\Middleware\\TransformsRequest->handle(Object(Illuminate\\Http\\Request), Object(Closure))
#74 /Users/aldyhelix/Projects/www/backend_rmi/vendor/laravel/framework/src/Illuminate/Pipeline/Pipeline.php(167): Illuminate\\Foundation\\Http\\Middleware\\ConvertEmptyStringsToNull->handle(Object(Illuminate\\Http\\Request), Object(Closure))
#75 /Users/aldyhelix/Projects/www/backend_rmi/vendor/laravel/framework/src/Illuminate/Foundation/Http/Middleware/TransformsRequest.php(21): Illuminate\\Pipeline\\Pipeline->Illuminate\\Pipeline\\{closure}(Object(Illuminate\\Http\\Request))
#76 /Users/aldyhelix/Projects/www/backend_rmi/vendor/laravel/framework/src/Illuminate/Foundation/Http/Middleware/TrimStrings.php(40): Illuminate\\Foundation\\Http\\Middleware\\TransformsRequest->handle(Object(Illuminate\\Http\\Request), Object(Closure))
#77 /Users/aldyhelix/Projects/www/backend_rmi/vendor/laravel/framework/src/Illuminate/Pipeline/Pipeline.php(167): Illuminate\\Foundation\\Http\\Middleware\\TrimStrings->handle(Object(Illuminate\\Http\\Request), Object(Closure))
#78 /Users/aldyhelix/Projects/www/backend_rmi/vendor/laravel/framework/src/Illuminate/Foundation/Http/Middleware/ValidatePostSize.php(27): Illuminate\\Pipeline\\Pipeline->Illuminate\\Pipeline\\{closure}(Object(Illuminate\\Http\\Request))
#79 /Users/aldyhelix/Projects/www/backend_rmi/vendor/laravel/framework/src/Illuminate/Pipeline/Pipeline.php(167): Illuminate\\Foundation\\Http\\Middleware\\ValidatePostSize->handle(Object(Illuminate\\Http\\Request), Object(Closure))
#80 /Users/aldyhelix/Projects/www/backend_rmi/vendor/laravel/framework/src/Illuminate/Foundation/Http/Middleware/PreventRequestsDuringMaintenance.php(86): Illuminate\\Pipeline\\Pipeline->Illuminate\\Pipeline\\{closure}(Object(Illuminate\\Http\\Request))
#81 /Users/aldyhelix/Projects/www/backend_rmi/vendor/laravel/framework/src/Illuminate/Pipeline/Pipeline.php(167): Illuminate\\Foundation\\Http\\Middleware\\PreventRequestsDuringMaintenance->handle(Object(Illuminate\\Http\\Request), Object(Closure))
#82 /Users/aldyhelix/Projects/www/backend_rmi/vendor/fruitcake/laravel-cors/src/HandleCors.php(38): Illuminate\\Pipeline\\Pipeline->Illuminate\\Pipeline\\{closure}(Object(Illuminate\\Http\\Request))
#83 /Users/aldyhelix/Projects/www/backend_rmi/vendor/laravel/framework/src/Illuminate/Pipeline/Pipeline.php(167): Fruitcake\\Cors\\HandleCors->handle(Object(Illuminate\\Http\\Request), Object(Closure))
#84 /Users/aldyhelix/Projects/www/backend_rmi/vendor/laravel/framework/src/Illuminate/Http/Middleware/TrustProxies.php(39): Illuminate\\Pipeline\\Pipeline->Illuminate\\Pipeline\\{closure}(Object(Illuminate\\Http\\Request))
#85 /Users/aldyhelix/Projects/www/backend_rmi/vendor/laravel/framework/src/Illuminate/Pipeline/Pipeline.php(167): Illuminate\\Http\\Middleware\\TrustProxies->handle(Object(Illuminate\\Http\\Request), Object(Closure))
#86 /Users/aldyhelix/Projects/www/backend_rmi/vendor/laravel/framework/src/Illuminate/Pipeline/Pipeline.php(103): Illuminate\\Pipeline\\Pipeline->Illuminate\\Pipeline\\{closure}(Object(Illuminate\\Http\\Request))
#87 /Users/aldyhelix/Projects/www/backend_rmi/vendor/laravel/framework/src/Illuminate/Foundation/Http/Kernel.php(142): Illuminate\\Pipeline\\Pipeline->then(Object(Closure))
#88 /Users/aldyhelix/Projects/www/backend_rmi/vendor/laravel/framework/src/Illuminate/Foundation/Http/Kernel.php(111): Illuminate\\Foundation\\Http\\Kernel->sendRequestThroughRouter(Object(Illuminate\\Http\\Request))
#89 /Users/aldyhelix/Projects/www/backend_rmi/public/index.php(58): Illuminate\\Foundation\\Http\\Kernel->handle(Object(Illuminate\\Http\\Request))
#90 /Applications/Herd.app/Contents/Resources/valet/server.php(153): require('/Users/aldyheli...')
#91 {main}

[previous exception] [object] (PDOException(code: 42S22): SQLSTATE[42S22]: Column not found: 1054 Unknown column 'io.unit_price' in 'field list' at /Users/aldyhelix/Projects/www/backend_rmi/vendor/laravel/framework/src/Illuminate/Database/Connection.php:368)
[stacktrace]
#0 /Users/aldyhelix/Projects/www/backend_rmi/vendor/laravel/framework/src/Illuminate/Database/Connection.php(368): PDO->prepare('select SUM((oi....')
#1 /Users/aldyhelix/Projects/www/backend_rmi/vendor/laravel/framework/src/Illuminate/Database/Connection.php(705): Illuminate\\Database\\Connection->Illuminate\\Database\\{closure}('select SUM((oi....', Array)
#2 /Users/aldyhelix/Projects/www/backend_rmi/vendor/laravel/framework/src/Illuminate/Database/Connection.php(672): Illuminate\\Database\\Connection->runQueryCallback('select SUM((oi....', Array, Object(Closure))
#3 /Users/aldyhelix/Projects/www/backend_rmi/vendor/laravel/framework/src/Illuminate/Database/Connection.php(359): Illuminate\\Database\\Connection->run('select SUM((oi....', Array, Object(Closure))
#4 /Users/aldyhelix/Projects/www/backend_rmi/vendor/laravel/framework/src/Illuminate/Database/Query/Builder.php(2413): Illuminate\\Database\\Connection->select('select SUM((oi....', Array, true)
#5 /Users/aldyhelix/Projects/www/backend_rmi/vendor/laravel/framework/src/Illuminate/Database/Query/Builder.php(2402): Illuminate\\Database\\Query\\Builder->runSelect()
#6 /Users/aldyhelix/Projects/www/backend_rmi/vendor/laravel/framework/src/Illuminate/Database/Query/Builder.php(2936): Illuminate\\Database\\Query\\Builder->Illuminate\\Database\\Query\\{closure}()
#7 /Users/aldyhelix/Projects/www/backend_rmi/vendor/laravel/framework/src/Illuminate/Database/Query/Builder.php(2401): Illuminate\\Database\\Query\\Builder->onceWithColumns(Array, Object(Closure))
#8 /Users/aldyhelix/Projects/www/backend_rmi/vendor/laravel/framework/src/Illuminate/Database/Concerns/BuildsQueries.php(294): Illuminate\\Database\\Query\\Builder->get('total_profit')
#9 /Users/aldyhelix/Projects/www/backend_rmi/app/Http/Livewire/Dashboard.php(126): Illuminate\\Database\\Query\\Builder->first('total_profit')
#10 /Users/aldyhelix/Projects/www/backend_rmi/vendor/laravel/framework/src/Illuminate/Container/BoundMethod.php(36): App\\Http\\Livewire\\Dashboard->mount(9, 0, 7, 3, 16, 0, 0, 0, 0, 0, 0, 0, 0, 0)
#11 /Users/aldyhelix/Projects/www/backend_rmi/vendor/laravel/framework/src/Illuminate/Container/Util.php(40): Illuminate\\Container\\BoundMethod::Illuminate\\Container\\{closure}()
#12 /Users/aldyhelix/Projects/www/backend_rmi/vendor/laravel/framework/src/Illuminate/Container/BoundMethod.php(93): Illuminate\\Container\\Util::unwrapIfClosure(Object(Closure))
#13 /Users/aldyhelix/Projects/www/backend_rmi/vendor/laravel/framework/src/Illuminate/Container/BoundMethod.php(35): Illuminate\\Container\\BoundMethod::callBoundMethod(Object(Illuminate\\Foundation\\Application), Array, Object(Closure))
#14 /Users/aldyhelix/Projects/www/backend_rmi/vendor/livewire/livewire/src/LifecycleManager.php(114): Illuminate\\Container\\BoundMethod::call(Object(Illuminate\\Foundation\\Application), Array, Array)
#15 /Users/aldyhelix/Projects/www/backend_rmi/vendor/livewire/livewire/src/LivewireManager.php(130): Livewire\\LifecycleManager->mount(Array)
#16 /Users/aldyhelix/Projects/www/backend_rmi/vendor/laravel/framework/src/Illuminate/Support/Facades/Facade.php(261): Livewire\\LivewireManager->mount('dashboard', Array)
#17 /Users/aldyhelix/Projects/www/backend_rmi/storage/framework/views/7614a377bf597da1c7ed67416eae576b7feee755.php(13): Illuminate\\Support\\Facades\\Facade::__callStatic('mount', Array)
#18 /Users/aldyhelix/Projects/www/backend_rmi/vendor/laravel/framework/src/Illuminate/Filesystem/Filesystem.php(107): require('/Users/aldyheli...')
#19 /Users/aldyhelix/Projects/www/backend_rmi/vendor/laravel/framework/src/Illuminate/Filesystem/Filesystem.php(108): Illuminate\\Filesystem\\Filesystem::Illuminate\\Filesystem\\{closure}()
#20 /Users/aldyhelix/Projects/www/backend_rmi/vendor/laravel/framework/src/Illuminate/View/Engines/PhpEngine.php(58): Illuminate\\Filesystem\\Filesystem->getRequire('/Users/aldyheli...', Array)
#21 /Users/aldyhelix/Projects/www/backend_rmi/vendor/livewire/livewire/src/ComponentConcerns/RendersLivewireComponents.php(69): Illuminate\\View\\Engines\\PhpEngine->evaluatePath('/Users/aldyheli...', Array)
#22 /Users/aldyhelix/Projects/www/backend_rmi/vendor/laravel/framework/src/Illuminate/View/Engines/CompilerEngine.php(61): Livewire\\CompilerEngineForIgnition->evaluatePath('/Users/aldyheli...', Array)
#23 /Users/aldyhelix/Projects/www/backend_rmi/vendor/facade/ignition/src/Views/Engines/CompilerEngine.php(37): Illuminate\\View\\Engines\\CompilerEngine->get('/Users/aldyheli...', Array)
#24 /Users/aldyhelix/Projects/www/backend_rmi/vendor/livewire/livewire/src/ComponentConcerns/RendersLivewireComponents.php(35): Facade\\Ignition\\Views\\Engines\\CompilerEngine->get('/Users/aldyheli...', Array)
#25 /Users/aldyhelix/Projects/www/backend_rmi/vendor/laravel/framework/src/Illuminate/View/View.php(139): Livewire\\CompilerEngineForIgnition->get('/Users/aldyheli...', Array)
#26 /Users/aldyhelix/Projects/www/backend_rmi/vendor/laravel/framework/src/Illuminate/View/View.php(122): Illuminate\\View\\View->getContents()
#27 /Users/aldyhelix/Projects/www/backend_rmi/vendor/laravel/framework/src/Illuminate/View/View.php(91): Illuminate\\View\\View->renderContents()
#28 /Users/aldyhelix/Projects/www/backend_rmi/vendor/laravel/framework/src/Illuminate/Http/Response.php(69): Illuminate\\View\\View->render()
#29 /Users/aldyhelix/Projects/www/backend_rmi/vendor/laravel/framework/src/Illuminate/Http/Response.php(35): Illuminate\\Http\\Response->setContent(Object(Illuminate\\View\\View))
#30 /Users/aldyhelix/Projects/www/backend_rmi/vendor/laravel/framework/src/Illuminate/Routing/Router.php(820): Illuminate\\Http\\Response->__construct(Object(Illuminate\\View\\View), 200, Array)
#31 /Users/aldyhelix/Projects/www/backend_rmi/vendor/laravel/framework/src/Illuminate/Routing/Router.php(789): Illuminate\\Routing\\Router::toResponse(Object(Illuminate\\Http\\Request), Object(Illuminate\\View\\View))
#32 /Users/aldyhelix/Projects/www/backend_rmi/vendor/laravel/framework/src/Illuminate/Routing/Router.php(720): Illuminate\\Routing\\Router->prepareResponse(Object(Illuminate\\Http\\Request), Object(Illuminate\\View\\View))
#33 /Users/aldyhelix/Projects/www/backend_rmi/vendor/laravel/framework/src/Illuminate/Pipeline/Pipeline.php(128): Illuminate\\Routing\\Router->Illuminate\\Routing\\{closure}(Object(Illuminate\\Http\\Request))
#34 /Users/aldyhelix/Projects/www/backend_rmi/app/Http/Middleware/DashboardSetup.php(22): Illuminate\\Pipeline\\Pipeline->Illuminate\\Pipeline\\{closure}(Object(Illuminate\\Http\\Request))
#35 /Users/aldyhelix/Projects/www/backend_rmi/vendor/laravel/framework/src/Illuminate/Pipeline/Pipeline.php(167): App\\Http\\Middleware\\DashboardSetup->handle(Object(Illuminate\\Http\\Request), Object(Closure))
#36 /Users/aldyhelix/Projects/www/backend_rmi/app/Http/Middleware/CheckIfBillingInfoRequired.php(24): Illuminate\\Pipeline\\Pipeline->Illuminate\\Pipeline\\{closure}(Object(Illuminate\\Http\\Request))
#37 /Users/aldyhelix/Projects/www/backend_rmi/vendor/laravel/framework/src/Illuminate/Pipeline/Pipeline.php(167): App\\Http\\Middleware\\CheckIfBillingInfoRequired->handle(Object(Illuminate\\Http\\Request), Object(Closure))
#38 /Users/aldyhelix/Projects/www/backend_rmi/app/Http/Middleware/VerifyUserIsSubscribed.php(25): Illuminate\\Pipeline\\Pipeline->Illuminate\\Pipeline\\{closure}(Object(Illuminate\\Http\\Request))
#39 /Users/aldyhelix/Projects/www/backend_rmi/vendor/laravel/framework/src/Illuminate/Pipeline/Pipeline.php(167): App\\Http\\Middleware\\VerifyUserIsSubscribed->handle(Object(Illuminate\\Http\\Request), Object(Closure))
#40 /Users/aldyhelix/Projects/www/backend_rmi/app/Http/Middleware/CookieConsentMiddleware.php(21): Illuminate\\Pipeline\\Pipeline->Illuminate\\Pipeline\\{closure}(Object(Illuminate\\Http\\Request))
#41 /Users/aldyhelix/Projects/www/backend_rmi/vendor/laravel/framework/src/Illuminate/Pipeline/Pipeline.php(167): App\\Http\\Middleware\\CookieConsentMiddleware->handle(Object(Illuminate\\Http\\Request), Object(Closure))
#42 /Users/aldyhelix/Projects/www/backend_rmi/app/Http/Middleware/Language.php(64): Illuminate\\Pipeline\\Pipeline->Illuminate\\Pipeline\\{closure}(Object(Illuminate\\Http\\Request))
#43 /Users/aldyhelix/Projects/www/backend_rmi/vendor/laravel/framework/src/Illuminate/Pipeline/Pipeline.php(167): App\\Http\\Middleware\\Language->handle(Object(Illuminate\\Http\\Request), Object(Closure))
#44 /Users/aldyhelix/Projects/www/backend_rmi/app/Http/Middleware/InitSettings.php(8): Illuminate\\Pipeline\\Pipeline->Illuminate\\Pipeline\\{closure}(Object(Illuminate\\Http\\Request))
#45 /Users/aldyhelix/Projects/www/backend_rmi/vendor/laravel/framework/src/Illuminate/Pipeline/Pipeline.php(167): App\\Http\\Middleware\\InitSettings->handle(Object(Illuminate\\Http\\Request), Object(Closure))
#46 /Users/aldyhelix/Projects/www/backend_rmi/vendor/laravel/framework/src/Illuminate/Routing/Middleware/SubstituteBindings.php(50): Illuminate\\Pipeline\\Pipeline->Illuminate\\Pipeline\\{closure}(Object(Illuminate\\Http\\Request))
#47 /Users/aldyhelix/Projects/www/backend_rmi/vendor/laravel/framework/src/Illuminate/Pipeline/Pipeline.php(167): Illuminate\\Routing\\Middleware\\SubstituteBindings->handle(Object(Illuminate\\Http\\Request), Object(Closure))
#48 /Users/aldyhelix/Projects/www/backend_rmi/vendor/laravel/framework/src/Illuminate/Auth/Middleware/Authenticate.php(44): Illuminate\\Pipeline\\Pipeline->Illuminate\\Pipeline\\{closure}(Object(Illuminate\\Http\\Request))
#49 /Users/aldyhelix/Projects/www/backend_rmi/vendor/laravel/framework/src/Illuminate/Pipeline/Pipeline.php(167): Illuminate\\Auth\\Middleware\\Authenticate->handle(Object(Illuminate\\Http\\Request), Object(Closure))
#50 /Users/aldyhelix/Projects/www/backend_rmi/vendor/laravel/framework/src/Illuminate/Foundation/Http/Middleware/VerifyCsrfToken.php(78): Illuminate\\Pipeline\\Pipeline->Illuminate\\Pipeline\\{closure}(Object(Illuminate\\Http\\Request))
#51 /Users/aldyhelix/Projects/www/backend_rmi/vendor/laravel/framework/src/Illuminate/Pipeline/Pipeline.php(167): Illuminate\\Foundation\\Http\\Middleware\\VerifyCsrfToken->handle(Object(Illuminate\\Http\\Request), Object(Closure))
#52 /Users/aldyhelix/Projects/www/backend_rmi/vendor/laravel/framework/src/Illuminate/View/Middleware/ShareErrorsFromSession.php(49): Illuminate\\Pipeline\\Pipeline->Illuminate\\Pipeline\\{closure}(Object(Illuminate\\Http\\Request))
#53 /Users/aldyhelix/Projects/www/backend_rmi/vendor/laravel/framework/src/Illuminate/Pipeline/Pipeline.php(167): Illuminate\\View\\Middleware\\ShareErrorsFromSession->handle(Object(Illuminate\\Http\\Request), Object(Closure))
#54 /Users/aldyhelix/Projects/www/backend_rmi/vendor/laravel/framework/src/Illuminate/Session/Middleware/StartSession.php(121): Illuminate\\Pipeline\\Pipeline->Illuminate\\Pipeline\\{closure}(Object(Illuminate\\Http\\Request))
#55 /Users/aldyhelix/Projects/www/backend_rmi/vendor/laravel/framework/src/Illuminate/Session/Middleware/StartSession.php(64): Illuminate\\Session\\Middleware\\StartSession->handleStatefulRequest(Object(Illuminate\\Http\\Request), Object(Illuminate\\Session\\EncryptedStore), Object(Closure))
#56 /Users/aldyhelix/Projects/www/backend_rmi/vendor/laravel/framework/src/Illuminate/Pipeline/Pipeline.php(167): Illuminate\\Session\\Middleware\\StartSession->handle(Object(Illuminate\\Http\\Request), Object(Closure))
#57 /Users/aldyhelix/Projects/www/backend_rmi/vendor/laravel/framework/src/Illuminate/Cookie/Middleware/AddQueuedCookiesToResponse.php(37): Illuminate\\Pipeline\\Pipeline->Illuminate\\Pipeline\\{closure}(Object(Illuminate\\Http\\Request))
#58 /Users/aldyhelix/Projects/www/backend_rmi/vendor/laravel/framework/src/Illuminate/Pipeline/Pipeline.php(167): Illuminate\\Cookie\\Middleware\\AddQueuedCookiesToResponse->handle(Object(Illuminate\\Http\\Request), Object(Closure))
#59 /Users/aldyhelix/Projects/www/backend_rmi/vendor/laravel/framework/src/Illuminate/Cookie/Middleware/EncryptCookies.php(67): Illuminate\\Pipeline\\Pipeline->Illuminate\\Pipeline\\{closure}(Object(Illuminate\\Http\\Request))
#60 /Users/aldyhelix/Projects/www/backend_rmi/vendor/laravel/framework/src/Illuminate/Pipeline/Pipeline.php(167): Illuminate\\Cookie\\Middleware\\EncryptCookies->handle(Object(Illuminate\\Http\\Request), Object(Closure))
#61 /Users/aldyhelix/Projects/www/backend_rmi/vendor/laravel/framework/src/Illuminate/Pipeline/Pipeline.php(103): Illuminate\\Pipeline\\Pipeline->Illuminate\\Pipeline\\{closure}(Object(Illuminate\\Http\\Request))
#62 /Users/aldyhelix/Projects/www/backend_rmi/vendor/laravel/framework/src/Illuminate/Routing/Router.php(719): Illuminate\\Pipeline\\Pipeline->then(Object(Closure))
#63 /Users/aldyhelix/Projects/www/backend_rmi/vendor/laravel/framework/src/Illuminate/Routing/Router.php(698): Illuminate\\Routing\\Router->runRouteWithinStack(Object(Illuminate\\Routing\\Route), Object(Illuminate\\Http\\Request))
#64 /Users/aldyhelix/Projects/www/backend_rmi/vendor/laravel/framework/src/Illuminate/Routing/Router.php(662): Illuminate\\Routing\\Router->runRoute(Object(Illuminate\\Http\\Request), Object(Illuminate\\Routing\\Route))
#65 /Users/aldyhelix/Projects/www/backend_rmi/vendor/laravel/framework/src/Illuminate/Routing/Router.php(651): Illuminate\\Routing\\Router->dispatchToRoute(Object(Illuminate\\Http\\Request))
#66 /Users/aldyhelix/Projects/www/backend_rmi/vendor/laravel/framework/src/Illuminate/Foundation/Http/Kernel.php(167): Illuminate\\Routing\\Router->dispatch(Object(Illuminate\\Http\\Request))
#67 /Users/aldyhelix/Projects/www/backend_rmi/vendor/laravel/framework/src/Illuminate/Pipeline/Pipeline.php(128): Illuminate\\Foundation\\Http\\Kernel->Illuminate\\Foundation\\Http\\{closure}(Object(Illuminate\\Http\\Request))
#68 /Users/aldyhelix/Projects/www/backend_rmi/vendor/livewire/livewire/src/DisableBrowserCache.php(19): Illuminate\\Pipeline\\Pipeline->Illuminate\\Pipeline\\{closure}(Object(Illuminate\\Http\\Request))
#69 /Users/aldyhelix/Projects/www/backend_rmi/vendor/laravel/framework/src/Illuminate/Pipeline/Pipeline.php(167): Livewire\\DisableBrowserCache->handle(Object(Illuminate\\Http\\Request), Object(Closure))
#70 /Users/aldyhelix/Projects/www/backend_rmi/vendor/barryvdh/laravel-debugbar/src/Middleware/InjectDebugbar.php(66): Illuminate\\Pipeline\\Pipeline->Illuminate\\Pipeline\\{closure}(Object(Illuminate\\Http\\Request))
#71 /Users/aldyhelix/Projects/www/backend_rmi/vendor/laravel/framework/src/Illuminate/Pipeline/Pipeline.php(167): Barryvdh\\Debugbar\\Middleware\\InjectDebugbar->handle(Object(Illuminate\\Http\\Request), Object(Closure))
#72 /Users/aldyhelix/Projects/www/backend_rmi/app/Http/Middleware/CheckForInstallation.php(19): Illuminate\\Pipeline\\Pipeline->Illuminate\\Pipeline\\{closure}(Object(Illuminate\\Http\\Request))
#73 /Users/aldyhelix/Projects/www/backend_rmi/vendor/laravel/framework/src/Illuminate/Pipeline/Pipeline.php(167): App\\Http\\Middleware\\CheckForInstallation->handle(Object(Illuminate\\Http\\Request), Object(Closure))
#74 /Users/aldyhelix/Projects/www/backend_rmi/vendor/laravel/framework/src/Illuminate/Foundation/Http/Middleware/TransformsRequest.php(21): Illuminate\\Pipeline\\Pipeline->Illuminate\\Pipeline\\{closure}(Object(Illuminate\\Http\\Request))
#75 /Users/aldyhelix/Projects/www/backend_rmi/vendor/laravel/framework/src/Illuminate/Foundation/Http/Middleware/ConvertEmptyStringsToNull.php(31): Illuminate\\Foundation\\Http\\Middleware\\TransformsRequest->handle(Object(Illuminate\\Http\\Request), Object(Closure))
#76 /Users/aldyhelix/Projects/www/backend_rmi/vendor/laravel/framework/src/Illuminate/Pipeline/Pipeline.php(167): Illuminate\\Foundation\\Http\\Middleware\\ConvertEmptyStringsToNull->handle(Object(Illuminate\\Http\\Request), Object(Closure))
#77 /Users/aldyhelix/Projects/www/backend_rmi/vendor/laravel/framework/src/Illuminate/Foundation/Http/Middleware/TransformsRequest.php(21): Illuminate\\Pipeline\\Pipeline->Illuminate\\Pipeline\\{closure}(Object(Illuminate\\Http\\Request))
#78 /Users/aldyhelix/Projects/www/backend_rmi/vendor/laravel/framework/src/Illuminate/Foundation/Http/Middleware/TrimStrings.php(40): Illuminate\\Foundation\\Http\\Middleware\\TransformsRequest->handle(Object(Illuminate\\Http\\Request), Object(Closure))
#79 /Users/aldyhelix/Projects/www/backend_rmi/vendor/laravel/framework/src/Illuminate/Pipeline/Pipeline.php(167): Illuminate\\Foundation\\Http\\Middleware\\TrimStrings->handle(Object(Illuminate\\Http\\Request), Object(Closure))
#80 /Users/aldyhelix/Projects/www/backend_rmi/vendor/laravel/framework/src/Illuminate/Foundation/Http/Middleware/ValidatePostSize.php(27): Illuminate\\Pipeline\\Pipeline->Illuminate\\Pipeline\\{closure}(Object(Illuminate\\Http\\Request))
#81 /Users/aldyhelix/Projects/www/backend_rmi/vendor/laravel/framework/src/Illuminate/Pipeline/Pipeline.php(167): Illuminate\\Foundation\\Http\\Middleware\\ValidatePostSize->handle(Object(Illuminate\\Http\\Request), Object(Closure))
#82 /Users/aldyhelix/Projects/www/backend_rmi/vendor/laravel/framework/src/Illuminate/Foundation/Http/Middleware/PreventRequestsDuringMaintenance.php(86): Illuminate\\Pipeline\\Pipeline->Illuminate\\Pipeline\\{closure}(Object(Illuminate\\Http\\Request))
#83 /Users/aldyhelix/Projects/www/backend_rmi/vendor/laravel/framework/src/Illuminate/Pipeline/Pipeline.php(167): Illuminate\\Foundation\\Http\\Middleware\\PreventRequestsDuringMaintenance->handle(Object(Illuminate\\Http\\Request), Object(Closure))
#84 /Users/aldyhelix/Projects/www/backend_rmi/vendor/fruitcake/laravel-cors/src/HandleCors.php(38): Illuminate\\Pipeline\\Pipeline->Illuminate\\Pipeline\\{closure}(Object(Illuminate\\Http\\Request))
#85 /Users/aldyhelix/Projects/www/backend_rmi/vendor/laravel/framework/src/Illuminate/Pipeline/Pipeline.php(167): Fruitcake\\Cors\\HandleCors->handle(Object(Illuminate\\Http\\Request), Object(Closure))
#86 /Users/aldyhelix/Projects/www/backend_rmi/vendor/laravel/framework/src/Illuminate/Http/Middleware/TrustProxies.php(39): Illuminate\\Pipeline\\Pipeline->Illuminate\\Pipeline\\{closure}(Object(Illuminate\\Http\\Request))
#87 /Users/aldyhelix/Projects/www/backend_rmi/vendor/laravel/framework/src/Illuminate/Pipeline/Pipeline.php(167): Illuminate\\Http\\Middleware\\TrustProxies->handle(Object(Illuminate\\Http\\Request), Object(Closure))
#88 /Users/aldyhelix/Projects/www/backend_rmi/vendor/laravel/framework/src/Illuminate/Pipeline/Pipeline.php(103): Illuminate\\Pipeline\\Pipeline->Illuminate\\Pipeline\\{closure}(Object(Illuminate\\Http\\Request))
#89 /Users/aldyhelix/Projects/www/backend_rmi/vendor/laravel/framework/src/Illuminate/Foundation/Http/Kernel.php(142): Illuminate\\Pipeline\\Pipeline->then(Object(Closure))
#90 /Users/aldyhelix/Projects/www/backend_rmi/vendor/laravel/framework/src/Illuminate/Foundation/Http/Kernel.php(111): Illuminate\\Foundation\\Http\\Kernel->sendRequestThroughRouter(Object(Illuminate\\Http\\Request))
#91 /Users/aldyhelix/Projects/www/backend_rmi/public/index.php(58): Illuminate\\Foundation\\Http\\Kernel->handle(Object(Illuminate\\Http\\Request))
#92 /Applications/Herd.app/Contents/Resources/valet/server.php(153): require('/Users/aldyheli...')
#93 {main}
"} 
[2024-06-09 14:38:14] production.ERROR: SQLSTATE[42S02]: Base table or view not found: 1146 Table 'rmi_stagging.ordes' doesn't exist (SQL: select SUM(grand_total) from `ordes` as `oi` limit 1) (View: /Users/aldyhelix/Projects/www/backend_rmi/resources/views/admin/dashboard/platform.blade.php) {"view":{"view":"/Users/aldyhelix/Projects/www/backend_rmi/vendor/laravel/framework/src/Illuminate/Database/Connection.php","data":[]},"userId":1,"exception":"[object] (Facade\\Ignition\\Exceptions\\ViewException(code: 0): SQLSTATE[42S02]: Base table or view not found: 1146 Table 'rmi_stagging.ordes' doesn't exist (SQL: select SUM(grand_total) from `ordes` as `oi` limit 1) (View: /Users/aldyhelix/Projects/www/backend_rmi/resources/views/admin/dashboard/platform.blade.php) at /Users/aldyhelix/Projects/www/backend_rmi/vendor/laravel/framework/src/Illuminate/Database/Connection.php:712)
[stacktrace]
#0 /Users/aldyhelix/Projects/www/backend_rmi/vendor/laravel/framework/src/Illuminate/Database/Connection.php(672): Illuminate\\Database\\Connection->runQueryCallback('select SUM(gran...', Array, Object(Closure))
#1 /Users/aldyhelix/Projects/www/backend_rmi/vendor/laravel/framework/src/Illuminate/Database/Connection.php(359): Illuminate\\Database\\Connection->run('select SUM(gran...', Array, Object(Closure))
#2 /Users/aldyhelix/Projects/www/backend_rmi/vendor/laravel/framework/src/Illuminate/Database/Query/Builder.php(2413): Illuminate\\Database\\Connection->select('select SUM(gran...', Array, true)
#3 /Users/aldyhelix/Projects/www/backend_rmi/vendor/laravel/framework/src/Illuminate/Database/Query/Builder.php(2402): Illuminate\\Database\\Query\\Builder->runSelect()
#4 /Users/aldyhelix/Projects/www/backend_rmi/vendor/laravel/framework/src/Illuminate/Database/Query/Builder.php(2936): Illuminate\\Database\\Query\\Builder->Illuminate\\Database\\Query\\{closure}()
#5 /Users/aldyhelix/Projects/www/backend_rmi/vendor/laravel/framework/src/Illuminate/Database/Query/Builder.php(2401): Illuminate\\Database\\Query\\Builder->onceWithColumns(Array, Object(Closure))
#6 /Users/aldyhelix/Projects/www/backend_rmi/vendor/laravel/framework/src/Illuminate/Database/Concerns/BuildsQueries.php(294): Illuminate\\Database\\Query\\Builder->get('grand_total')
#7 /Users/aldyhelix/Projects/www/backend_rmi/app/Http/Livewire/Dashboard.php(129): Illuminate\\Database\\Query\\Builder->first('grand_total')
#8 /Users/aldyhelix/Projects/www/backend_rmi/vendor/laravel/framework/src/Illuminate/Container/BoundMethod.php(36): App\\Http\\Livewire\\Dashboard->mount(9, 0, 7, 3, 16, 0, 0, 0, 0, 0, 0, 0, 0, 0)
#9 /Users/aldyhelix/Projects/www/backend_rmi/vendor/laravel/framework/src/Illuminate/Container/Util.php(40): Illuminate\\Container\\BoundMethod::Illuminate\\Container\\{closure}()
#10 /Users/aldyhelix/Projects/www/backend_rmi/vendor/laravel/framework/src/Illuminate/Container/BoundMethod.php(93): Illuminate\\Container\\Util::unwrapIfClosure(Object(Closure))
#11 /Users/aldyhelix/Projects/www/backend_rmi/vendor/laravel/framework/src/Illuminate/Container/BoundMethod.php(35): Illuminate\\Container\\BoundMethod::callBoundMethod(Object(Illuminate\\Foundation\\Application), Array, Object(Closure))
#12 /Users/aldyhelix/Projects/www/backend_rmi/vendor/livewire/livewire/src/LifecycleManager.php(114): Illuminate\\Container\\BoundMethod::call(Object(Illuminate\\Foundation\\Application), Array, Array)
#13 /Users/aldyhelix/Projects/www/backend_rmi/vendor/livewire/livewire/src/LivewireManager.php(130): Livewire\\LifecycleManager->mount(Array)
#14 /Users/aldyhelix/Projects/www/backend_rmi/vendor/laravel/framework/src/Illuminate/Support/Facades/Facade.php(261): Livewire\\LivewireManager->mount('dashboard', Array)
#15 /Users/aldyhelix/Projects/www/backend_rmi/resources/views/admin/dashboard/platform.blade.php(13): Illuminate\\Support\\Facades\\Facade::__callStatic('mount', Array)
#16 /Users/aldyhelix/Projects/www/backend_rmi/vendor/laravel/framework/src/Illuminate/Filesystem/Filesystem.php(107): require('/Users/aldyheli...')
#17 /Users/aldyhelix/Projects/www/backend_rmi/vendor/laravel/framework/src/Illuminate/Filesystem/Filesystem.php(108): Illuminate\\Filesystem\\Filesystem::Illuminate\\Filesystem\\{closure}()
#18 /Users/aldyhelix/Projects/www/backend_rmi/vendor/laravel/framework/src/Illuminate/View/Engines/PhpEngine.php(58): Illuminate\\Filesystem\\Filesystem->getRequire('/Users/aldyheli...', Array)
#19 /Users/aldyhelix/Projects/www/backend_rmi/vendor/livewire/livewire/src/ComponentConcerns/RendersLivewireComponents.php(69): Illuminate\\View\\Engines\\PhpEngine->evaluatePath('/Users/aldyheli...', Array)
#20 /Users/aldyhelix/Projects/www/backend_rmi/vendor/laravel/framework/src/Illuminate/View/Engines/CompilerEngine.php(61): Livewire\\CompilerEngineForIgnition->evaluatePath('/Users/aldyheli...', Array)
#21 /Users/aldyhelix/Projects/www/backend_rmi/vendor/facade/ignition/src/Views/Engines/CompilerEngine.php(37): Illuminate\\View\\Engines\\CompilerEngine->get('/Users/aldyheli...', Array)
#22 /Users/aldyhelix/Projects/www/backend_rmi/vendor/livewire/livewire/src/ComponentConcerns/RendersLivewireComponents.php(35): Facade\\Ignition\\Views\\Engines\\CompilerEngine->get('/Users/aldyheli...', Array)
#23 /Users/aldyhelix/Projects/www/backend_rmi/vendor/laravel/framework/src/Illuminate/View/View.php(139): Livewire\\CompilerEngineForIgnition->get('/Users/aldyheli...', Array)
#24 /Users/aldyhelix/Projects/www/backend_rmi/vendor/laravel/framework/src/Illuminate/View/View.php(122): Illuminate\\View\\View->getContents()
#25 /Users/aldyhelix/Projects/www/backend_rmi/vendor/laravel/framework/src/Illuminate/View/View.php(91): Illuminate\\View\\View->renderContents()
#26 /Users/aldyhelix/Projects/www/backend_rmi/vendor/laravel/framework/src/Illuminate/Http/Response.php(69): Illuminate\\View\\View->render()
#27 /Users/aldyhelix/Projects/www/backend_rmi/vendor/laravel/framework/src/Illuminate/Http/Response.php(35): Illuminate\\Http\\Response->setContent(Object(Illuminate\\View\\View))
#28 /Users/aldyhelix/Projects/www/backend_rmi/vendor/laravel/framework/src/Illuminate/Routing/Router.php(820): Illuminate\\Http\\Response->__construct(Object(Illuminate\\View\\View), 200, Array)
#29 /Users/aldyhelix/Projects/www/backend_rmi/vendor/laravel/framework/src/Illuminate/Routing/Router.php(789): Illuminate\\Routing\\Router::toResponse(Object(Illuminate\\Http\\Request), Object(Illuminate\\View\\View))
#30 /Users/aldyhelix/Projects/www/backend_rmi/vendor/laravel/framework/src/Illuminate/Routing/Router.php(720): Illuminate\\Routing\\Router->prepareResponse(Object(Illuminate\\Http\\Request), Object(Illuminate\\View\\View))
#31 /Users/aldyhelix/Projects/www/backend_rmi/vendor/laravel/framework/src/Illuminate/Pipeline/Pipeline.php(128): Illuminate\\Routing\\Router->Illuminate\\Routing\\{closure}(Object(Illuminate\\Http\\Request))
#32 /Users/aldyhelix/Projects/www/backend_rmi/app/Http/Middleware/DashboardSetup.php(22): Illuminate\\Pipeline\\Pipeline->Illuminate\\Pipeline\\{closure}(Object(Illuminate\\Http\\Request))
#33 /Users/aldyhelix/Projects/www/backend_rmi/vendor/laravel/framework/src/Illuminate/Pipeline/Pipeline.php(167): App\\Http\\Middleware\\DashboardSetup->handle(Object(Illuminate\\Http\\Request), Object(Closure))
#34 /Users/aldyhelix/Projects/www/backend_rmi/app/Http/Middleware/CheckIfBillingInfoRequired.php(24): Illuminate\\Pipeline\\Pipeline->Illuminate\\Pipeline\\{closure}(Object(Illuminate\\Http\\Request))
#35 /Users/aldyhelix/Projects/www/backend_rmi/vendor/laravel/framework/src/Illuminate/Pipeline/Pipeline.php(167): App\\Http\\Middleware\\CheckIfBillingInfoRequired->handle(Object(Illuminate\\Http\\Request), Object(Closure))
#36 /Users/aldyhelix/Projects/www/backend_rmi/app/Http/Middleware/VerifyUserIsSubscribed.php(25): Illuminate\\Pipeline\\Pipeline->Illuminate\\Pipeline\\{closure}(Object(Illuminate\\Http\\Request))
#37 /Users/aldyhelix/Projects/www/backend_rmi/vendor/laravel/framework/src/Illuminate/Pipeline/Pipeline.php(167): App\\Http\\Middleware\\VerifyUserIsSubscribed->handle(Object(Illuminate\\Http\\Request), Object(Closure))
#38 /Users/aldyhelix/Projects/www/backend_rmi/app/Http/Middleware/CookieConsentMiddleware.php(21): Illuminate\\Pipeline\\Pipeline->Illuminate\\Pipeline\\{closure}(Object(Illuminate\\Http\\Request))
#39 /Users/aldyhelix/Projects/www/backend_rmi/vendor/laravel/framework/src/Illuminate/Pipeline/Pipeline.php(167): App\\Http\\Middleware\\CookieConsentMiddleware->handle(Object(Illuminate\\Http\\Request), Object(Closure))
#40 /Users/aldyhelix/Projects/www/backend_rmi/app/Http/Middleware/Language.php(64): Illuminate\\Pipeline\\Pipeline->Illuminate\\Pipeline\\{closure}(Object(Illuminate\\Http\\Request))
#41 /Users/aldyhelix/Projects/www/backend_rmi/vendor/laravel/framework/src/Illuminate/Pipeline/Pipeline.php(167): App\\Http\\Middleware\\Language->handle(Object(Illuminate\\Http\\Request), Object(Closure))
#42 /Users/aldyhelix/Projects/www/backend_rmi/app/Http/Middleware/InitSettings.php(8): Illuminate\\Pipeline\\Pipeline->Illuminate\\Pipeline\\{closure}(Object(Illuminate\\Http\\Request))
#43 /Users/aldyhelix/Projects/www/backend_rmi/vendor/laravel/framework/src/Illuminate/Pipeline/Pipeline.php(167): App\\Http\\Middleware\\InitSettings->handle(Object(Illuminate\\Http\\Request), Object(Closure))
#44 /Users/aldyhelix/Projects/www/backend_rmi/vendor/laravel/framework/src/Illuminate/Routing/Middleware/SubstituteBindings.php(50): Illuminate\\Pipeline\\Pipeline->Illuminate\\Pipeline\\{closure}(Object(Illuminate\\Http\\Request))
#45 /Users/aldyhelix/Projects/www/backend_rmi/vendor/laravel/framework/src/Illuminate/Pipeline/Pipeline.php(167): Illuminate\\Routing\\Middleware\\SubstituteBindings->handle(Object(Illuminate\\Http\\Request), Object(Closure))
#46 /Users/aldyhelix/Projects/www/backend_rmi/vendor/laravel/framework/src/Illuminate/Auth/Middleware/Authenticate.php(44): Illuminate\\Pipeline\\Pipeline->Illuminate\\Pipeline\\{closure}(Object(Illuminate\\Http\\Request))
#47 /Users/aldyhelix/Projects/www/backend_rmi/vendor/laravel/framework/src/Illuminate/Pipeline/Pipeline.php(167): Illuminate\\Auth\\Middleware\\Authenticate->handle(Object(Illuminate\\Http\\Request), Object(Closure))
#48 /Users/aldyhelix/Projects/www/backend_rmi/vendor/laravel/framework/src/Illuminate/Foundation/Http/Middleware/VerifyCsrfToken.php(78): Illuminate\\Pipeline\\Pipeline->Illuminate\\Pipeline\\{closure}(Object(Illuminate\\Http\\Request))
#49 /Users/aldyhelix/Projects/www/backend_rmi/vendor/laravel/framework/src/Illuminate/Pipeline/Pipeline.php(167): Illuminate\\Foundation\\Http\\Middleware\\VerifyCsrfToken->handle(Object(Illuminate\\Http\\Request), Object(Closure))
#50 /Users/aldyhelix/Projects/www/backend_rmi/vendor/laravel/framework/src/Illuminate/View/Middleware/ShareErrorsFromSession.php(49): Illuminate\\Pipeline\\Pipeline->Illuminate\\Pipeline\\{closure}(Object(Illuminate\\Http\\Request))
#51 /Users/aldyhelix/Projects/www/backend_rmi/vendor/laravel/framework/src/Illuminate/Pipeline/Pipeline.php(167): Illuminate\\View\\Middleware\\ShareErrorsFromSession->handle(Object(Illuminate\\Http\\Request), Object(Closure))
#52 /Users/aldyhelix/Projects/www/backend_rmi/vendor/laravel/framework/src/Illuminate/Session/Middleware/StartSession.php(121): Illuminate\\Pipeline\\Pipeline->Illuminate\\Pipeline\\{closure}(Object(Illuminate\\Http\\Request))
#53 /Users/aldyhelix/Projects/www/backend_rmi/vendor/laravel/framework/src/Illuminate/Session/Middleware/StartSession.php(64): Illuminate\\Session\\Middleware\\StartSession->handleStatefulRequest(Object(Illuminate\\Http\\Request), Object(Illuminate\\Session\\EncryptedStore), Object(Closure))
#54 /Users/aldyhelix/Projects/www/backend_rmi/vendor/laravel/framework/src/Illuminate/Pipeline/Pipeline.php(167): Illuminate\\Session\\Middleware\\StartSession->handle(Object(Illuminate\\Http\\Request), Object(Closure))
#55 /Users/aldyhelix/Projects/www/backend_rmi/vendor/laravel/framework/src/Illuminate/Cookie/Middleware/AddQueuedCookiesToResponse.php(37): Illuminate\\Pipeline\\Pipeline->Illuminate\\Pipeline\\{closure}(Object(Illuminate\\Http\\Request))
#56 /Users/aldyhelix/Projects/www/backend_rmi/vendor/laravel/framework/src/Illuminate/Pipeline/Pipeline.php(167): Illuminate\\Cookie\\Middleware\\AddQueuedCookiesToResponse->handle(Object(Illuminate\\Http\\Request), Object(Closure))
#57 /Users/aldyhelix/Projects/www/backend_rmi/vendor/laravel/framework/src/Illuminate/Cookie/Middleware/EncryptCookies.php(67): Illuminate\\Pipeline\\Pipeline->Illuminate\\Pipeline\\{closure}(Object(Illuminate\\Http\\Request))
#58 /Users/aldyhelix/Projects/www/backend_rmi/vendor/laravel/framework/src/Illuminate/Pipeline/Pipeline.php(167): Illuminate\\Cookie\\Middleware\\EncryptCookies->handle(Object(Illuminate\\Http\\Request), Object(Closure))
#59 /Users/aldyhelix/Projects/www/backend_rmi/vendor/laravel/framework/src/Illuminate/Pipeline/Pipeline.php(103): Illuminate\\Pipeline\\Pipeline->Illuminate\\Pipeline\\{closure}(Object(Illuminate\\Http\\Request))
#60 /Users/aldyhelix/Projects/www/backend_rmi/vendor/laravel/framework/src/Illuminate/Routing/Router.php(719): Illuminate\\Pipeline\\Pipeline->then(Object(Closure))
#61 /Users/aldyhelix/Projects/www/backend_rmi/vendor/laravel/framework/src/Illuminate/Routing/Router.php(698): Illuminate\\Routing\\Router->runRouteWithinStack(Object(Illuminate\\Routing\\Route), Object(Illuminate\\Http\\Request))
#62 /Users/aldyhelix/Projects/www/backend_rmi/vendor/laravel/framework/src/Illuminate/Routing/Router.php(662): Illuminate\\Routing\\Router->runRoute(Object(Illuminate\\Http\\Request), Object(Illuminate\\Routing\\Route))
#63 /Users/aldyhelix/Projects/www/backend_rmi/vendor/laravel/framework/src/Illuminate/Routing/Router.php(651): Illuminate\\Routing\\Router->dispatchToRoute(Object(Illuminate\\Http\\Request))
#64 /Users/aldyhelix/Projects/www/backend_rmi/vendor/laravel/framework/src/Illuminate/Foundation/Http/Kernel.php(167): Illuminate\\Routing\\Router->dispatch(Object(Illuminate\\Http\\Request))
#65 /Users/aldyhelix/Projects/www/backend_rmi/vendor/laravel/framework/src/Illuminate/Pipeline/Pipeline.php(128): Illuminate\\Foundation\\Http\\Kernel->Illuminate\\Foundation\\Http\\{closure}(Object(Illuminate\\Http\\Request))
#66 /Users/aldyhelix/Projects/www/backend_rmi/vendor/livewire/livewire/src/DisableBrowserCache.php(19): Illuminate\\Pipeline\\Pipeline->Illuminate\\Pipeline\\{closure}(Object(Illuminate\\Http\\Request))
#67 /Users/aldyhelix/Projects/www/backend_rmi/vendor/laravel/framework/src/Illuminate/Pipeline/Pipeline.php(167): Livewire\\DisableBrowserCache->handle(Object(Illuminate\\Http\\Request), Object(Closure))
#68 /Users/aldyhelix/Projects/www/backend_rmi/vendor/barryvdh/laravel-debugbar/src/Middleware/InjectDebugbar.php(66): Illuminate\\Pipeline\\Pipeline->Illuminate\\Pipeline\\{closure}(Object(Illuminate\\Http\\Request))
#69 /Users/aldyhelix/Projects/www/backend_rmi/vendor/laravel/framework/src/Illuminate/Pipeline/Pipeline.php(167): Barryvdh\\Debugbar\\Middleware\\InjectDebugbar->handle(Object(Illuminate\\Http\\Request), Object(Closure))
#70 /Users/aldyhelix/Projects/www/backend_rmi/app/Http/Middleware/CheckForInstallation.php(19): Illuminate\\Pipeline\\Pipeline->Illuminate\\Pipeline\\{closure}(Object(Illuminate\\Http\\Request))
#71 /Users/aldyhelix/Projects/www/backend_rmi/vendor/laravel/framework/src/Illuminate/Pipeline/Pipeline.php(167): App\\Http\\Middleware\\CheckForInstallation->handle(Object(Illuminate\\Http\\Request), Object(Closure))
#72 /Users/aldyhelix/Projects/www/backend_rmi/vendor/laravel/framework/src/Illuminate/Foundation/Http/Middleware/TransformsRequest.php(21): Illuminate\\Pipeline\\Pipeline->Illuminate\\Pipeline\\{closure}(Object(Illuminate\\Http\\Request))
#73 /Users/aldyhelix/Projects/www/backend_rmi/vendor/laravel/framework/src/Illuminate/Foundation/Http/Middleware/ConvertEmptyStringsToNull.php(31): Illuminate\\Foundation\\Http\\Middleware\\TransformsRequest->handle(Object(Illuminate\\Http\\Request), Object(Closure))
#74 /Users/aldyhelix/Projects/www/backend_rmi/vendor/laravel/framework/src/Illuminate/Pipeline/Pipeline.php(167): Illuminate\\Foundation\\Http\\Middleware\\ConvertEmptyStringsToNull->handle(Object(Illuminate\\Http\\Request), Object(Closure))
#75 /Users/aldyhelix/Projects/www/backend_rmi/vendor/laravel/framework/src/Illuminate/Foundation/Http/Middleware/TransformsRequest.php(21): Illuminate\\Pipeline\\Pipeline->Illuminate\\Pipeline\\{closure}(Object(Illuminate\\Http\\Request))
#76 /Users/aldyhelix/Projects/www/backend_rmi/vendor/laravel/framework/src/Illuminate/Foundation/Http/Middleware/TrimStrings.php(40): Illuminate\\Foundation\\Http\\Middleware\\TransformsRequest->handle(Object(Illuminate\\Http\\Request), Object(Closure))
#77 /Users/aldyhelix/Projects/www/backend_rmi/vendor/laravel/framework/src/Illuminate/Pipeline/Pipeline.php(167): Illuminate\\Foundation\\Http\\Middleware\\TrimStrings->handle(Object(Illuminate\\Http\\Request), Object(Closure))
#78 /Users/aldyhelix/Projects/www/backend_rmi/vendor/laravel/framework/src/Illuminate/Foundation/Http/Middleware/ValidatePostSize.php(27): Illuminate\\Pipeline\\Pipeline->Illuminate\\Pipeline\\{closure}(Object(Illuminate\\Http\\Request))
#79 /Users/aldyhelix/Projects/www/backend_rmi/vendor/laravel/framework/src/Illuminate/Pipeline/Pipeline.php(167): Illuminate\\Foundation\\Http\\Middleware\\ValidatePostSize->handle(Object(Illuminate\\Http\\Request), Object(Closure))
#80 /Users/aldyhelix/Projects/www/backend_rmi/vendor/laravel/framework/src/Illuminate/Foundation/Http/Middleware/PreventRequestsDuringMaintenance.php(86): Illuminate\\Pipeline\\Pipeline->Illuminate\\Pipeline\\{closure}(Object(Illuminate\\Http\\Request))
#81 /Users/aldyhelix/Projects/www/backend_rmi/vendor/laravel/framework/src/Illuminate/Pipeline/Pipeline.php(167): Illuminate\\Foundation\\Http\\Middleware\\PreventRequestsDuringMaintenance->handle(Object(Illuminate\\Http\\Request), Object(Closure))
#82 /Users/aldyhelix/Projects/www/backend_rmi/vendor/fruitcake/laravel-cors/src/HandleCors.php(38): Illuminate\\Pipeline\\Pipeline->Illuminate\\Pipeline\\{closure}(Object(Illuminate\\Http\\Request))
#83 /Users/aldyhelix/Projects/www/backend_rmi/vendor/laravel/framework/src/Illuminate/Pipeline/Pipeline.php(167): Fruitcake\\Cors\\HandleCors->handle(Object(Illuminate\\Http\\Request), Object(Closure))
#84 /Users/aldyhelix/Projects/www/backend_rmi/vendor/laravel/framework/src/Illuminate/Http/Middleware/TrustProxies.php(39): Illuminate\\Pipeline\\Pipeline->Illuminate\\Pipeline\\{closure}(Object(Illuminate\\Http\\Request))
#85 /Users/aldyhelix/Projects/www/backend_rmi/vendor/laravel/framework/src/Illuminate/Pipeline/Pipeline.php(167): Illuminate\\Http\\Middleware\\TrustProxies->handle(Object(Illuminate\\Http\\Request), Object(Closure))
#86 /Users/aldyhelix/Projects/www/backend_rmi/vendor/laravel/framework/src/Illuminate/Pipeline/Pipeline.php(103): Illuminate\\Pipeline\\Pipeline->Illuminate\\Pipeline\\{closure}(Object(Illuminate\\Http\\Request))
#87 /Users/aldyhelix/Projects/www/backend_rmi/vendor/laravel/framework/src/Illuminate/Foundation/Http/Kernel.php(142): Illuminate\\Pipeline\\Pipeline->then(Object(Closure))
#88 /Users/aldyhelix/Projects/www/backend_rmi/vendor/laravel/framework/src/Illuminate/Foundation/Http/Kernel.php(111): Illuminate\\Foundation\\Http\\Kernel->sendRequestThroughRouter(Object(Illuminate\\Http\\Request))
#89 /Users/aldyhelix/Projects/www/backend_rmi/public/index.php(58): Illuminate\\Foundation\\Http\\Kernel->handle(Object(Illuminate\\Http\\Request))
#90 /Applications/Herd.app/Contents/Resources/valet/server.php(153): require('/Users/aldyheli...')
#91 {main}

[previous exception] [object] (Illuminate\\Database\\QueryException(code: 42S02): SQLSTATE[42S02]: Base table or view not found: 1146 Table 'rmi_stagging.ordes' doesn't exist (SQL: select SUM(grand_total) from `ordes` as `oi` limit 1) at /Users/aldyhelix/Projects/www/backend_rmi/vendor/laravel/framework/src/Illuminate/Database/Connection.php:712)
[stacktrace]
#0 /Users/aldyhelix/Projects/www/backend_rmi/vendor/laravel/framework/src/Illuminate/Database/Connection.php(672): Illuminate\\Database\\Connection->runQueryCallback('select SUM(gran...', Array, Object(Closure))
#1 /Users/aldyhelix/Projects/www/backend_rmi/vendor/laravel/framework/src/Illuminate/Database/Connection.php(359): Illuminate\\Database\\Connection->run('select SUM(gran...', Array, Object(Closure))
#2 /Users/aldyhelix/Projects/www/backend_rmi/vendor/laravel/framework/src/Illuminate/Database/Query/Builder.php(2413): Illuminate\\Database\\Connection->select('select SUM(gran...', Array, true)
#3 /Users/aldyhelix/Projects/www/backend_rmi/vendor/laravel/framework/src/Illuminate/Database/Query/Builder.php(2402): Illuminate\\Database\\Query\\Builder->runSelect()
#4 /Users/aldyhelix/Projects/www/backend_rmi/vendor/laravel/framework/src/Illuminate/Database/Query/Builder.php(2936): Illuminate\\Database\\Query\\Builder->Illuminate\\Database\\Query\\{closure}()
#5 /Users/aldyhelix/Projects/www/backend_rmi/vendor/laravel/framework/src/Illuminate/Database/Query/Builder.php(2401): Illuminate\\Database\\Query\\Builder->onceWithColumns(Array, Object(Closure))
#6 /Users/aldyhelix/Projects/www/backend_rmi/vendor/laravel/framework/src/Illuminate/Database/Concerns/BuildsQueries.php(294): Illuminate\\Database\\Query\\Builder->get('grand_total')
#7 /Users/aldyhelix/Projects/www/backend_rmi/app/Http/Livewire/Dashboard.php(129): Illuminate\\Database\\Query\\Builder->first('grand_total')
#8 /Users/aldyhelix/Projects/www/backend_rmi/vendor/laravel/framework/src/Illuminate/Container/BoundMethod.php(36): App\\Http\\Livewire\\Dashboard->mount(9, 0, 7, 3, 16, 0, 0, 0, 0, 0, 0, 0, 0, 0)
#9 /Users/aldyhelix/Projects/www/backend_rmi/vendor/laravel/framework/src/Illuminate/Container/Util.php(40): Illuminate\\Container\\BoundMethod::Illuminate\\Container\\{closure}()
#10 /Users/aldyhelix/Projects/www/backend_rmi/vendor/laravel/framework/src/Illuminate/Container/BoundMethod.php(93): Illuminate\\Container\\Util::unwrapIfClosure(Object(Closure))
#11 /Users/aldyhelix/Projects/www/backend_rmi/vendor/laravel/framework/src/Illuminate/Container/BoundMethod.php(35): Illuminate\\Container\\BoundMethod::callBoundMethod(Object(Illuminate\\Foundation\\Application), Array, Object(Closure))
#12 /Users/aldyhelix/Projects/www/backend_rmi/vendor/livewire/livewire/src/LifecycleManager.php(114): Illuminate\\Container\\BoundMethod::call(Object(Illuminate\\Foundation\\Application), Array, Array)
#13 /Users/aldyhelix/Projects/www/backend_rmi/vendor/livewire/livewire/src/LivewireManager.php(130): Livewire\\LifecycleManager->mount(Array)
#14 /Users/aldyhelix/Projects/www/backend_rmi/vendor/laravel/framework/src/Illuminate/Support/Facades/Facade.php(261): Livewire\\LivewireManager->mount('dashboard', Array)
#15 /Users/aldyhelix/Projects/www/backend_rmi/storage/framework/views/7614a377bf597da1c7ed67416eae576b7feee755.php(13): Illuminate\\Support\\Facades\\Facade::__callStatic('mount', Array)
#16 /Users/aldyhelix/Projects/www/backend_rmi/vendor/laravel/framework/src/Illuminate/Filesystem/Filesystem.php(107): require('/Users/aldyheli...')
#17 /Users/aldyhelix/Projects/www/backend_rmi/vendor/laravel/framework/src/Illuminate/Filesystem/Filesystem.php(108): Illuminate\\Filesystem\\Filesystem::Illuminate\\Filesystem\\{closure}()
#18 /Users/aldyhelix/Projects/www/backend_rmi/vendor/laravel/framework/src/Illuminate/View/Engines/PhpEngine.php(58): Illuminate\\Filesystem\\Filesystem->getRequire('/Users/aldyheli...', Array)
#19 /Users/aldyhelix/Projects/www/backend_rmi/vendor/livewire/livewire/src/ComponentConcerns/RendersLivewireComponents.php(69): Illuminate\\View\\Engines\\PhpEngine->evaluatePath('/Users/aldyheli...', Array)
#20 /Users/aldyhelix/Projects/www/backend_rmi/vendor/laravel/framework/src/Illuminate/View/Engines/CompilerEngine.php(61): Livewire\\CompilerEngineForIgnition->evaluatePath('/Users/aldyheli...', Array)
#21 /Users/aldyhelix/Projects/www/backend_rmi/vendor/facade/ignition/src/Views/Engines/CompilerEngine.php(37): Illuminate\\View\\Engines\\CompilerEngine->get('/Users/aldyheli...', Array)
#22 /Users/aldyhelix/Projects/www/backend_rmi/vendor/livewire/livewire/src/ComponentConcerns/RendersLivewireComponents.php(35): Facade\\Ignition\\Views\\Engines\\CompilerEngine->get('/Users/aldyheli...', Array)
#23 /Users/aldyhelix/Projects/www/backend_rmi/vendor/laravel/framework/src/Illuminate/View/View.php(139): Livewire\\CompilerEngineForIgnition->get('/Users/aldyheli...', Array)
#24 /Users/aldyhelix/Projects/www/backend_rmi/vendor/laravel/framework/src/Illuminate/View/View.php(122): Illuminate\\View\\View->getContents()
#25 /Users/aldyhelix/Projects/www/backend_rmi/vendor/laravel/framework/src/Illuminate/View/View.php(91): Illuminate\\View\\View->renderContents()
#26 /Users/aldyhelix/Projects/www/backend_rmi/vendor/laravel/framework/src/Illuminate/Http/Response.php(69): Illuminate\\View\\View->render()
#27 /Users/aldyhelix/Projects/www/backend_rmi/vendor/laravel/framework/src/Illuminate/Http/Response.php(35): Illuminate\\Http\\Response->setContent(Object(Illuminate\\View\\View))
#28 /Users/aldyhelix/Projects/www/backend_rmi/vendor/laravel/framework/src/Illuminate/Routing/Router.php(820): Illuminate\\Http\\Response->__construct(Object(Illuminate\\View\\View), 200, Array)
#29 /Users/aldyhelix/Projects/www/backend_rmi/vendor/laravel/framework/src/Illuminate/Routing/Router.php(789): Illuminate\\Routing\\Router::toResponse(Object(Illuminate\\Http\\Request), Object(Illuminate\\View\\View))
#30 /Users/aldyhelix/Projects/www/backend_rmi/vendor/laravel/framework/src/Illuminate/Routing/Router.php(720): Illuminate\\Routing\\Router->prepareResponse(Object(Illuminate\\Http\\Request), Object(Illuminate\\View\\View))
#31 /Users/aldyhelix/Projects/www/backend_rmi/vendor/laravel/framework/src/Illuminate/Pipeline/Pipeline.php(128): Illuminate\\Routing\\Router->Illuminate\\Routing\\{closure}(Object(Illuminate\\Http\\Request))
#32 /Users/aldyhelix/Projects/www/backend_rmi/app/Http/Middleware/DashboardSetup.php(22): Illuminate\\Pipeline\\Pipeline->Illuminate\\Pipeline\\{closure}(Object(Illuminate\\Http\\Request))
#33 /Users/aldyhelix/Projects/www/backend_rmi/vendor/laravel/framework/src/Illuminate/Pipeline/Pipeline.php(167): App\\Http\\Middleware\\DashboardSetup->handle(Object(Illuminate\\Http\\Request), Object(Closure))
#34 /Users/aldyhelix/Projects/www/backend_rmi/app/Http/Middleware/CheckIfBillingInfoRequired.php(24): Illuminate\\Pipeline\\Pipeline->Illuminate\\Pipeline\\{closure}(Object(Illuminate\\Http\\Request))
#35 /Users/aldyhelix/Projects/www/backend_rmi/vendor/laravel/framework/src/Illuminate/Pipeline/Pipeline.php(167): App\\Http\\Middleware\\CheckIfBillingInfoRequired->handle(Object(Illuminate\\Http\\Request), Object(Closure))
#36 /Users/aldyhelix/Projects/www/backend_rmi/app/Http/Middleware/VerifyUserIsSubscribed.php(25): Illuminate\\Pipeline\\Pipeline->Illuminate\\Pipeline\\{closure}(Object(Illuminate\\Http\\Request))
#37 /Users/aldyhelix/Projects/www/backend_rmi/vendor/laravel/framework/src/Illuminate/Pipeline/Pipeline.php(167): App\\Http\\Middleware\\VerifyUserIsSubscribed->handle(Object(Illuminate\\Http\\Request), Object(Closure))
#38 /Users/aldyhelix/Projects/www/backend_rmi/app/Http/Middleware/CookieConsentMiddleware.php(21): Illuminate\\Pipeline\\Pipeline->Illuminate\\Pipeline\\{closure}(Object(Illuminate\\Http\\Request))
#39 /Users/aldyhelix/Projects/www/backend_rmi/vendor/laravel/framework/src/Illuminate/Pipeline/Pipeline.php(167): App\\Http\\Middleware\\CookieConsentMiddleware->handle(Object(Illuminate\\Http\\Request), Object(Closure))
#40 /Users/aldyhelix/Projects/www/backend_rmi/app/Http/Middleware/Language.php(64): Illuminate\\Pipeline\\Pipeline->Illuminate\\Pipeline\\{closure}(Object(Illuminate\\Http\\Request))
#41 /Users/aldyhelix/Projects/www/backend_rmi/vendor/laravel/framework/src/Illuminate/Pipeline/Pipeline.php(167): App\\Http\\Middleware\\Language->handle(Object(Illuminate\\Http\\Request), Object(Closure))
#42 /Users/aldyhelix/Projects/www/backend_rmi/app/Http/Middleware/InitSettings.php(8): Illuminate\\Pipeline\\Pipeline->Illuminate\\Pipeline\\{closure}(Object(Illuminate\\Http\\Request))
#43 /Users/aldyhelix/Projects/www/backend_rmi/vendor/laravel/framework/src/Illuminate/Pipeline/Pipeline.php(167): App\\Http\\Middleware\\InitSettings->handle(Object(Illuminate\\Http\\Request), Object(Closure))
#44 /Users/aldyhelix/Projects/www/backend_rmi/vendor/laravel/framework/src/Illuminate/Routing/Middleware/SubstituteBindings.php(50): Illuminate\\Pipeline\\Pipeline->Illuminate\\Pipeline\\{closure}(Object(Illuminate\\Http\\Request))
#45 /Users/aldyhelix/Projects/www/backend_rmi/vendor/laravel/framework/src/Illuminate/Pipeline/Pipeline.php(167): Illuminate\\Routing\\Middleware\\SubstituteBindings->handle(Object(Illuminate\\Http\\Request), Object(Closure))
#46 /Users/aldyhelix/Projects/www/backend_rmi/vendor/laravel/framework/src/Illuminate/Auth/Middleware/Authenticate.php(44): Illuminate\\Pipeline\\Pipeline->Illuminate\\Pipeline\\{closure}(Object(Illuminate\\Http\\Request))
#47 /Users/aldyhelix/Projects/www/backend_rmi/vendor/laravel/framework/src/Illuminate/Pipeline/Pipeline.php(167): Illuminate\\Auth\\Middleware\\Authenticate->handle(Object(Illuminate\\Http\\Request), Object(Closure))
#48 /Users/aldyhelix/Projects/www/backend_rmi/vendor/laravel/framework/src/Illuminate/Foundation/Http/Middleware/VerifyCsrfToken.php(78): Illuminate\\Pipeline\\Pipeline->Illuminate\\Pipeline\\{closure}(Object(Illuminate\\Http\\Request))
#49 /Users/aldyhelix/Projects/www/backend_rmi/vendor/laravel/framework/src/Illuminate/Pipeline/Pipeline.php(167): Illuminate\\Foundation\\Http\\Middleware\\VerifyCsrfToken->handle(Object(Illuminate\\Http\\Request), Object(Closure))
#50 /Users/aldyhelix/Projects/www/backend_rmi/vendor/laravel/framework/src/Illuminate/View/Middleware/ShareErrorsFromSession.php(49): Illuminate\\Pipeline\\Pipeline->Illuminate\\Pipeline\\{closure}(Object(Illuminate\\Http\\Request))
#51 /Users/aldyhelix/Projects/www/backend_rmi/vendor/laravel/framework/src/Illuminate/Pipeline/Pipeline.php(167): Illuminate\\View\\Middleware\\ShareErrorsFromSession->handle(Object(Illuminate\\Http\\Request), Object(Closure))
#52 /Users/aldyhelix/Projects/www/backend_rmi/vendor/laravel/framework/src/Illuminate/Session/Middleware/StartSession.php(121): Illuminate\\Pipeline\\Pipeline->Illuminate\\Pipeline\\{closure}(Object(Illuminate\\Http\\Request))
#53 /Users/aldyhelix/Projects/www/backend_rmi/vendor/laravel/framework/src/Illuminate/Session/Middleware/StartSession.php(64): Illuminate\\Session\\Middleware\\StartSession->handleStatefulRequest(Object(Illuminate\\Http\\Request), Object(Illuminate\\Session\\EncryptedStore), Object(Closure))
#54 /Users/aldyhelix/Projects/www/backend_rmi/vendor/laravel/framework/src/Illuminate/Pipeline/Pipeline.php(167): Illuminate\\Session\\Middleware\\StartSession->handle(Object(Illuminate\\Http\\Request), Object(Closure))
#55 /Users/aldyhelix/Projects/www/backend_rmi/vendor/laravel/framework/src/Illuminate/Cookie/Middleware/AddQueuedCookiesToResponse.php(37): Illuminate\\Pipeline\\Pipeline->Illuminate\\Pipeline\\{closure}(Object(Illuminate\\Http\\Request))
#56 /Users/aldyhelix/Projects/www/backend_rmi/vendor/laravel/framework/src/Illuminate/Pipeline/Pipeline.php(167): Illuminate\\Cookie\\Middleware\\AddQueuedCookiesToResponse->handle(Object(Illuminate\\Http\\Request), Object(Closure))
#57 /Users/aldyhelix/Projects/www/backend_rmi/vendor/laravel/framework/src/Illuminate/Cookie/Middleware/EncryptCookies.php(67): Illuminate\\Pipeline\\Pipeline->Illuminate\\Pipeline\\{closure}(Object(Illuminate\\Http\\Request))
#58 /Users/aldyhelix/Projects/www/backend_rmi/vendor/laravel/framework/src/Illuminate/Pipeline/Pipeline.php(167): Illuminate\\Cookie\\Middleware\\EncryptCookies->handle(Object(Illuminate\\Http\\Request), Object(Closure))
#59 /Users/aldyhelix/Projects/www/backend_rmi/vendor/laravel/framework/src/Illuminate/Pipeline/Pipeline.php(103): Illuminate\\Pipeline\\Pipeline->Illuminate\\Pipeline\\{closure}(Object(Illuminate\\Http\\Request))
#60 /Users/aldyhelix/Projects/www/backend_rmi/vendor/laravel/framework/src/Illuminate/Routing/Router.php(719): Illuminate\\Pipeline\\Pipeline->then(Object(Closure))
#61 /Users/aldyhelix/Projects/www/backend_rmi/vendor/laravel/framework/src/Illuminate/Routing/Router.php(698): Illuminate\\Routing\\Router->runRouteWithinStack(Object(Illuminate\\Routing\\Route), Object(Illuminate\\Http\\Request))
#62 /Users/aldyhelix/Projects/www/backend_rmi/vendor/laravel/framework/src/Illuminate/Routing/Router.php(662): Illuminate\\Routing\\Router->runRoute(Object(Illuminate\\Http\\Request), Object(Illuminate\\Routing\\Route))
#63 /Users/aldyhelix/Projects/www/backend_rmi/vendor/laravel/framework/src/Illuminate/Routing/Router.php(651): Illuminate\\Routing\\Router->dispatchToRoute(Object(Illuminate\\Http\\Request))
#64 /Users/aldyhelix/Projects/www/backend_rmi/vendor/laravel/framework/src/Illuminate/Foundation/Http/Kernel.php(167): Illuminate\\Routing\\Router->dispatch(Object(Illuminate\\Http\\Request))
#65 /Users/aldyhelix/Projects/www/backend_rmi/vendor/laravel/framework/src/Illuminate/Pipeline/Pipeline.php(128): Illuminate\\Foundation\\Http\\Kernel->Illuminate\\Foundation\\Http\\{closure}(Object(Illuminate\\Http\\Request))
#66 /Users/aldyhelix/Projects/www/backend_rmi/vendor/livewire/livewire/src/DisableBrowserCache.php(19): Illuminate\\Pipeline\\Pipeline->Illuminate\\Pipeline\\{closure}(Object(Illuminate\\Http\\Request))
#67 /Users/aldyhelix/Projects/www/backend_rmi/vendor/laravel/framework/src/Illuminate/Pipeline/Pipeline.php(167): Livewire\\DisableBrowserCache->handle(Object(Illuminate\\Http\\Request), Object(Closure))
#68 /Users/aldyhelix/Projects/www/backend_rmi/vendor/barryvdh/laravel-debugbar/src/Middleware/InjectDebugbar.php(66): Illuminate\\Pipeline\\Pipeline->Illuminate\\Pipeline\\{closure}(Object(Illuminate\\Http\\Request))
#69 /Users/aldyhelix/Projects/www/backend_rmi/vendor/laravel/framework/src/Illuminate/Pipeline/Pipeline.php(167): Barryvdh\\Debugbar\\Middleware\\InjectDebugbar->handle(Object(Illuminate\\Http\\Request), Object(Closure))
#70 /Users/aldyhelix/Projects/www/backend_rmi/app/Http/Middleware/CheckForInstallation.php(19): Illuminate\\Pipeline\\Pipeline->Illuminate\\Pipeline\\{closure}(Object(Illuminate\\Http\\Request))
#71 /Users/aldyhelix/Projects/www/backend_rmi/vendor/laravel/framework/src/Illuminate/Pipeline/Pipeline.php(167): App\\Http\\Middleware\\CheckForInstallation->handle(Object(Illuminate\\Http\\Request), Object(Closure))
#72 /Users/aldyhelix/Projects/www/backend_rmi/vendor/laravel/framework/src/Illuminate/Foundation/Http/Middleware/TransformsRequest.php(21): Illuminate\\Pipeline\\Pipeline->Illuminate\\Pipeline\\{closure}(Object(Illuminate\\Http\\Request))
#73 /Users/aldyhelix/Projects/www/backend_rmi/vendor/laravel/framework/src/Illuminate/Foundation/Http/Middleware/ConvertEmptyStringsToNull.php(31): Illuminate\\Foundation\\Http\\Middleware\\TransformsRequest->handle(Object(Illuminate\\Http\\Request), Object(Closure))
#74 /Users/aldyhelix/Projects/www/backend_rmi/vendor/laravel/framework/src/Illuminate/Pipeline/Pipeline.php(167): Illuminate\\Foundation\\Http\\Middleware\\ConvertEmptyStringsToNull->handle(Object(Illuminate\\Http\\Request), Object(Closure))
#75 /Users/aldyhelix/Projects/www/backend_rmi/vendor/laravel/framework/src/Illuminate/Foundation/Http/Middleware/TransformsRequest.php(21): Illuminate\\Pipeline\\Pipeline->Illuminate\\Pipeline\\{closure}(Object(Illuminate\\Http\\Request))
#76 /Users/aldyhelix/Projects/www/backend_rmi/vendor/laravel/framework/src/Illuminate/Foundation/Http/Middleware/TrimStrings.php(40): Illuminate\\Foundation\\Http\\Middleware\\TransformsRequest->handle(Object(Illuminate\\Http\\Request), Object(Closure))
#77 /Users/aldyhelix/Projects/www/backend_rmi/vendor/laravel/framework/src/Illuminate/Pipeline/Pipeline.php(167): Illuminate\\Foundation\\Http\\Middleware\\TrimStrings->handle(Object(Illuminate\\Http\\Request), Object(Closure))
#78 /Users/aldyhelix/Projects/www/backend_rmi/vendor/laravel/framework/src/Illuminate/Foundation/Http/Middleware/ValidatePostSize.php(27): Illuminate\\Pipeline\\Pipeline->Illuminate\\Pipeline\\{closure}(Object(Illuminate\\Http\\Request))
#79 /Users/aldyhelix/Projects/www/backend_rmi/vendor/laravel/framework/src/Illuminate/Pipeline/Pipeline.php(167): Illuminate\\Foundation\\Http\\Middleware\\ValidatePostSize->handle(Object(Illuminate\\Http\\Request), Object(Closure))
#80 /Users/aldyhelix/Projects/www/backend_rmi/vendor/laravel/framework/src/Illuminate/Foundation/Http/Middleware/PreventRequestsDuringMaintenance.php(86): Illuminate\\Pipeline\\Pipeline->Illuminate\\Pipeline\\{closure}(Object(Illuminate\\Http\\Request))
#81 /Users/aldyhelix/Projects/www/backend_rmi/vendor/laravel/framework/src/Illuminate/Pipeline/Pipeline.php(167): Illuminate\\Foundation\\Http\\Middleware\\PreventRequestsDuringMaintenance->handle(Object(Illuminate\\Http\\Request), Object(Closure))
#82 /Users/aldyhelix/Projects/www/backend_rmi/vendor/fruitcake/laravel-cors/src/HandleCors.php(38): Illuminate\\Pipeline\\Pipeline->Illuminate\\Pipeline\\{closure}(Object(Illuminate\\Http\\Request))
#83 /Users/aldyhelix/Projects/www/backend_rmi/vendor/laravel/framework/src/Illuminate/Pipeline/Pipeline.php(167): Fruitcake\\Cors\\HandleCors->handle(Object(Illuminate\\Http\\Request), Object(Closure))
#84 /Users/aldyhelix/Projects/www/backend_rmi/vendor/laravel/framework/src/Illuminate/Http/Middleware/TrustProxies.php(39): Illuminate\\Pipeline\\Pipeline->Illuminate\\Pipeline\\{closure}(Object(Illuminate\\Http\\Request))
#85 /Users/aldyhelix/Projects/www/backend_rmi/vendor/laravel/framework/src/Illuminate/Pipeline/Pipeline.php(167): Illuminate\\Http\\Middleware\\TrustProxies->handle(Object(Illuminate\\Http\\Request), Object(Closure))
#86 /Users/aldyhelix/Projects/www/backend_rmi/vendor/laravel/framework/src/Illuminate/Pipeline/Pipeline.php(103): Illuminate\\Pipeline\\Pipeline->Illuminate\\Pipeline\\{closure}(Object(Illuminate\\Http\\Request))
#87 /Users/aldyhelix/Projects/www/backend_rmi/vendor/laravel/framework/src/Illuminate/Foundation/Http/Kernel.php(142): Illuminate\\Pipeline\\Pipeline->then(Object(Closure))
#88 /Users/aldyhelix/Projects/www/backend_rmi/vendor/laravel/framework/src/Illuminate/Foundation/Http/Kernel.php(111): Illuminate\\Foundation\\Http\\Kernel->sendRequestThroughRouter(Object(Illuminate\\Http\\Request))
#89 /Users/aldyhelix/Projects/www/backend_rmi/public/index.php(58): Illuminate\\Foundation\\Http\\Kernel->handle(Object(Illuminate\\Http\\Request))
#90 /Applications/Herd.app/Contents/Resources/valet/server.php(153): require('/Users/aldyheli...')
#91 {main}

[previous exception] [object] (PDOException(code: 42S02): SQLSTATE[42S02]: Base table or view not found: 1146 Table 'rmi_stagging.ordes' doesn't exist at /Users/aldyhelix/Projects/www/backend_rmi/vendor/laravel/framework/src/Illuminate/Database/Connection.php:368)
[stacktrace]
#0 /Users/aldyhelix/Projects/www/backend_rmi/vendor/laravel/framework/src/Illuminate/Database/Connection.php(368): PDO->prepare('select SUM(gran...')
#1 /Users/aldyhelix/Projects/www/backend_rmi/vendor/laravel/framework/src/Illuminate/Database/Connection.php(705): Illuminate\\Database\\Connection->Illuminate\\Database\\{closure}('select SUM(gran...', Array)
#2 /Users/aldyhelix/Projects/www/backend_rmi/vendor/laravel/framework/src/Illuminate/Database/Connection.php(672): Illuminate\\Database\\Connection->runQueryCallback('select SUM(gran...', Array, Object(Closure))
#3 /Users/aldyhelix/Projects/www/backend_rmi/vendor/laravel/framework/src/Illuminate/Database/Connection.php(359): Illuminate\\Database\\Connection->run('select SUM(gran...', Array, Object(Closure))
#4 /Users/aldyhelix/Projects/www/backend_rmi/vendor/laravel/framework/src/Illuminate/Database/Query/Builder.php(2413): Illuminate\\Database\\Connection->select('select SUM(gran...', Array, true)
#5 /Users/aldyhelix/Projects/www/backend_rmi/vendor/laravel/framework/src/Illuminate/Database/Query/Builder.php(2402): Illuminate\\Database\\Query\\Builder->runSelect()
#6 /Users/aldyhelix/Projects/www/backend_rmi/vendor/laravel/framework/src/Illuminate/Database/Query/Builder.php(2936): Illuminate\\Database\\Query\\Builder->Illuminate\\Database\\Query\\{closure}()
#7 /Users/aldyhelix/Projects/www/backend_rmi/vendor/laravel/framework/src/Illuminate/Database/Query/Builder.php(2401): Illuminate\\Database\\Query\\Builder->onceWithColumns(Array, Object(Closure))
#8 /Users/aldyhelix/Projects/www/backend_rmi/vendor/laravel/framework/src/Illuminate/Database/Concerns/BuildsQueries.php(294): Illuminate\\Database\\Query\\Builder->get('grand_total')
#9 /Users/aldyhelix/Projects/www/backend_rmi/app/Http/Livewire/Dashboard.php(129): Illuminate\\Database\\Query\\Builder->first('grand_total')
#10 /Users/aldyhelix/Projects/www/backend_rmi/vendor/laravel/framework/src/Illuminate/Container/BoundMethod.php(36): App\\Http\\Livewire\\Dashboard->mount(9, 0, 7, 3, 16, 0, 0, 0, 0, 0, 0, 0, 0, 0)
#11 /Users/aldyhelix/Projects/www/backend_rmi/vendor/laravel/framework/src/Illuminate/Container/Util.php(40): Illuminate\\Container\\BoundMethod::Illuminate\\Container\\{closure}()
#12 /Users/aldyhelix/Projects/www/backend_rmi/vendor/laravel/framework/src/Illuminate/Container/BoundMethod.php(93): Illuminate\\Container\\Util::unwrapIfClosure(Object(Closure))
#13 /Users/aldyhelix/Projects/www/backend_rmi/vendor/laravel/framework/src/Illuminate/Container/BoundMethod.php(35): Illuminate\\Container\\BoundMethod::callBoundMethod(Object(Illuminate\\Foundation\\Application), Array, Object(Closure))
#14 /Users/aldyhelix/Projects/www/backend_rmi/vendor/livewire/livewire/src/LifecycleManager.php(114): Illuminate\\Container\\BoundMethod::call(Object(Illuminate\\Foundation\\Application), Array, Array)
#15 /Users/aldyhelix/Projects/www/backend_rmi/vendor/livewire/livewire/src/LivewireManager.php(130): Livewire\\LifecycleManager->mount(Array)
#16 /Users/aldyhelix/Projects/www/backend_rmi/vendor/laravel/framework/src/Illuminate/Support/Facades/Facade.php(261): Livewire\\LivewireManager->mount('dashboard', Array)
#17 /Users/aldyhelix/Projects/www/backend_rmi/storage/framework/views/7614a377bf597da1c7ed67416eae576b7feee755.php(13): Illuminate\\Support\\Facades\\Facade::__callStatic('mount', Array)
#18 /Users/aldyhelix/Projects/www/backend_rmi/vendor/laravel/framework/src/Illuminate/Filesystem/Filesystem.php(107): require('/Users/aldyheli...')
#19 /Users/aldyhelix/Projects/www/backend_rmi/vendor/laravel/framework/src/Illuminate/Filesystem/Filesystem.php(108): Illuminate\\Filesystem\\Filesystem::Illuminate\\Filesystem\\{closure}()
#20 /Users/aldyhelix/Projects/www/backend_rmi/vendor/laravel/framework/src/Illuminate/View/Engines/PhpEngine.php(58): Illuminate\\Filesystem\\Filesystem->getRequire('/Users/aldyheli...', Array)
#21 /Users/aldyhelix/Projects/www/backend_rmi/vendor/livewire/livewire/src/ComponentConcerns/RendersLivewireComponents.php(69): Illuminate\\View\\Engines\\PhpEngine->evaluatePath('/Users/aldyheli...', Array)
#22 /Users/aldyhelix/Projects/www/backend_rmi/vendor/laravel/framework/src/Illuminate/View/Engines/CompilerEngine.php(61): Livewire\\CompilerEngineForIgnition->evaluatePath('/Users/aldyheli...', Array)
#23 /Users/aldyhelix/Projects/www/backend_rmi/vendor/facade/ignition/src/Views/Engines/CompilerEngine.php(37): Illuminate\\View\\Engines\\CompilerEngine->get('/Users/aldyheli...', Array)
#24 /Users/aldyhelix/Projects/www/backend_rmi/vendor/livewire/livewire/src/ComponentConcerns/RendersLivewireComponents.php(35): Facade\\Ignition\\Views\\Engines\\CompilerEngine->get('/Users/aldyheli...', Array)
#25 /Users/aldyhelix/Projects/www/backend_rmi/vendor/laravel/framework/src/Illuminate/View/View.php(139): Livewire\\CompilerEngineForIgnition->get('/Users/aldyheli...', Array)
#26 /Users/aldyhelix/Projects/www/backend_rmi/vendor/laravel/framework/src/Illuminate/View/View.php(122): Illuminate\\View\\View->getContents()
#27 /Users/aldyhelix/Projects/www/backend_rmi/vendor/laravel/framework/src/Illuminate/View/View.php(91): Illuminate\\View\\View->renderContents()
#28 /Users/aldyhelix/Projects/www/backend_rmi/vendor/laravel/framework/src/Illuminate/Http/Response.php(69): Illuminate\\View\\View->render()
#29 /Users/aldyhelix/Projects/www/backend_rmi/vendor/laravel/framework/src/Illuminate/Http/Response.php(35): Illuminate\\Http\\Response->setContent(Object(Illuminate\\View\\View))
#30 /Users/aldyhelix/Projects/www/backend_rmi/vendor/laravel/framework/src/Illuminate/Routing/Router.php(820): Illuminate\\Http\\Response->__construct(Object(Illuminate\\View\\View), 200, Array)
#31 /Users/aldyhelix/Projects/www/backend_rmi/vendor/laravel/framework/src/Illuminate/Routing/Router.php(789): Illuminate\\Routing\\Router::toResponse(Object(Illuminate\\Http\\Request), Object(Illuminate\\View\\View))
#32 /Users/aldyhelix/Projects/www/backend_rmi/vendor/laravel/framework/src/Illuminate/Routing/Router.php(720): Illuminate\\Routing\\Router->prepareResponse(Object(Illuminate\\Http\\Request), Object(Illuminate\\View\\View))
#33 /Users/aldyhelix/Projects/www/backend_rmi/vendor/laravel/framework/src/Illuminate/Pipeline/Pipeline.php(128): Illuminate\\Routing\\Router->Illuminate\\Routing\\{closure}(Object(Illuminate\\Http\\Request))
#34 /Users/aldyhelix/Projects/www/backend_rmi/app/Http/Middleware/DashboardSetup.php(22): Illuminate\\Pipeline\\Pipeline->Illuminate\\Pipeline\\{closure}(Object(Illuminate\\Http\\Request))
#35 /Users/aldyhelix/Projects/www/backend_rmi/vendor/laravel/framework/src/Illuminate/Pipeline/Pipeline.php(167): App\\Http\\Middleware\\DashboardSetup->handle(Object(Illuminate\\Http\\Request), Object(Closure))
#36 /Users/aldyhelix/Projects/www/backend_rmi/app/Http/Middleware/CheckIfBillingInfoRequired.php(24): Illuminate\\Pipeline\\Pipeline->Illuminate\\Pipeline\\{closure}(Object(Illuminate\\Http\\Request))
#37 /Users/aldyhelix/Projects/www/backend_rmi/vendor/laravel/framework/src/Illuminate/Pipeline/Pipeline.php(167): App\\Http\\Middleware\\CheckIfBillingInfoRequired->handle(Object(Illuminate\\Http\\Request), Object(Closure))
#38 /Users/aldyhelix/Projects/www/backend_rmi/app/Http/Middleware/VerifyUserIsSubscribed.php(25): Illuminate\\Pipeline\\Pipeline->Illuminate\\Pipeline\\{closure}(Object(Illuminate\\Http\\Request))
#39 /Users/aldyhelix/Projects/www/backend_rmi/vendor/laravel/framework/src/Illuminate/Pipeline/Pipeline.php(167): App\\Http\\Middleware\\VerifyUserIsSubscribed->handle(Object(Illuminate\\Http\\Request), Object(Closure))
#40 /Users/aldyhelix/Projects/www/backend_rmi/app/Http/Middleware/CookieConsentMiddleware.php(21): Illuminate\\Pipeline\\Pipeline->Illuminate\\Pipeline\\{closure}(Object(Illuminate\\Http\\Request))
#41 /Users/aldyhelix/Projects/www/backend_rmi/vendor/laravel/framework/src/Illuminate/Pipeline/Pipeline.php(167): App\\Http\\Middleware\\CookieConsentMiddleware->handle(Object(Illuminate\\Http\\Request), Object(Closure))
#42 /Users/aldyhelix/Projects/www/backend_rmi/app/Http/Middleware/Language.php(64): Illuminate\\Pipeline\\Pipeline->Illuminate\\Pipeline\\{closure}(Object(Illuminate\\Http\\Request))
#43 /Users/aldyhelix/Projects/www/backend_rmi/vendor/laravel/framework/src/Illuminate/Pipeline/Pipeline.php(167): App\\Http\\Middleware\\Language->handle(Object(Illuminate\\Http\\Request), Object(Closure))
#44 /Users/aldyhelix/Projects/www/backend_rmi/app/Http/Middleware/InitSettings.php(8): Illuminate\\Pipeline\\Pipeline->Illuminate\\Pipeline\\{closure}(Object(Illuminate\\Http\\Request))
#45 /Users/aldyhelix/Projects/www/backend_rmi/vendor/laravel/framework/src/Illuminate/Pipeline/Pipeline.php(167): App\\Http\\Middleware\\InitSettings->handle(Object(Illuminate\\Http\\Request), Object(Closure))
#46 /Users/aldyhelix/Projects/www/backend_rmi/vendor/laravel/framework/src/Illuminate/Routing/Middleware/SubstituteBindings.php(50): Illuminate\\Pipeline\\Pipeline->Illuminate\\Pipeline\\{closure}(Object(Illuminate\\Http\\Request))
#47 /Users/aldyhelix/Projects/www/backend_rmi/vendor/laravel/framework/src/Illuminate/Pipeline/Pipeline.php(167): Illuminate\\Routing\\Middleware\\SubstituteBindings->handle(Object(Illuminate\\Http\\Request), Object(Closure))
#48 /Users/aldyhelix/Projects/www/backend_rmi/vendor/laravel/framework/src/Illuminate/Auth/Middleware/Authenticate.php(44): Illuminate\\Pipeline\\Pipeline->Illuminate\\Pipeline\\{closure}(Object(Illuminate\\Http\\Request))
#49 /Users/aldyhelix/Projects/www/backend_rmi/vendor/laravel/framework/src/Illuminate/Pipeline/Pipeline.php(167): Illuminate\\Auth\\Middleware\\Authenticate->handle(Object(Illuminate\\Http\\Request), Object(Closure))
#50 /Users/aldyhelix/Projects/www/backend_rmi/vendor/laravel/framework/src/Illuminate/Foundation/Http/Middleware/VerifyCsrfToken.php(78): Illuminate\\Pipeline\\Pipeline->Illuminate\\Pipeline\\{closure}(Object(Illuminate\\Http\\Request))
#51 /Users/aldyhelix/Projects/www/backend_rmi/vendor/laravel/framework/src/Illuminate/Pipeline/Pipeline.php(167): Illuminate\\Foundation\\Http\\Middleware\\VerifyCsrfToken->handle(Object(Illuminate\\Http\\Request), Object(Closure))
#52 /Users/aldyhelix/Projects/www/backend_rmi/vendor/laravel/framework/src/Illuminate/View/Middleware/ShareErrorsFromSession.php(49): Illuminate\\Pipeline\\Pipeline->Illuminate\\Pipeline\\{closure}(Object(Illuminate\\Http\\Request))
#53 /Users/aldyhelix/Projects/www/backend_rmi/vendor/laravel/framework/src/Illuminate/Pipeline/Pipeline.php(167): Illuminate\\View\\Middleware\\ShareErrorsFromSession->handle(Object(Illuminate\\Http\\Request), Object(Closure))
#54 /Users/aldyhelix/Projects/www/backend_rmi/vendor/laravel/framework/src/Illuminate/Session/Middleware/StartSession.php(121): Illuminate\\Pipeline\\Pipeline->Illuminate\\Pipeline\\{closure}(Object(Illuminate\\Http\\Request))
#55 /Users/aldyhelix/Projects/www/backend_rmi/vendor/laravel/framework/src/Illuminate/Session/Middleware/StartSession.php(64): Illuminate\\Session\\Middleware\\StartSession->handleStatefulRequest(Object(Illuminate\\Http\\Request), Object(Illuminate\\Session\\EncryptedStore), Object(Closure))
#56 /Users/aldyhelix/Projects/www/backend_rmi/vendor/laravel/framework/src/Illuminate/Pipeline/Pipeline.php(167): Illuminate\\Session\\Middleware\\StartSession->handle(Object(Illuminate\\Http\\Request), Object(Closure))
#57 /Users/aldyhelix/Projects/www/backend_rmi/vendor/laravel/framework/src/Illuminate/Cookie/Middleware/AddQueuedCookiesToResponse.php(37): Illuminate\\Pipeline\\Pipeline->Illuminate\\Pipeline\\{closure}(Object(Illuminate\\Http\\Request))
#58 /Users/aldyhelix/Projects/www/backend_rmi/vendor/laravel/framework/src/Illuminate/Pipeline/Pipeline.php(167): Illuminate\\Cookie\\Middleware\\AddQueuedCookiesToResponse->handle(Object(Illuminate\\Http\\Request), Object(Closure))
#59 /Users/aldyhelix/Projects/www/backend_rmi/vendor/laravel/framework/src/Illuminate/Cookie/Middleware/EncryptCookies.php(67): Illuminate\\Pipeline\\Pipeline->Illuminate\\Pipeline\\{closure}(Object(Illuminate\\Http\\Request))
#60 /Users/aldyhelix/Projects/www/backend_rmi/vendor/laravel/framework/src/Illuminate/Pipeline/Pipeline.php(167): Illuminate\\Cookie\\Middleware\\EncryptCookies->handle(Object(Illuminate\\Http\\Request), Object(Closure))
#61 /Users/aldyhelix/Projects/www/backend_rmi/vendor/laravel/framework/src/Illuminate/Pipeline/Pipeline.php(103): Illuminate\\Pipeline\\Pipeline->Illuminate\\Pipeline\\{closure}(Object(Illuminate\\Http\\Request))
#62 /Users/aldyhelix/Projects/www/backend_rmi/vendor/laravel/framework/src/Illuminate/Routing/Router.php(719): Illuminate\\Pipeline\\Pipeline->then(Object(Closure))
#63 /Users/aldyhelix/Projects/www/backend_rmi/vendor/laravel/framework/src/Illuminate/Routing/Router.php(698): Illuminate\\Routing\\Router->runRouteWithinStack(Object(Illuminate\\Routing\\Route), Object(Illuminate\\Http\\Request))
#64 /Users/aldyhelix/Projects/www/backend_rmi/vendor/laravel/framework/src/Illuminate/Routing/Router.php(662): Illuminate\\Routing\\Router->runRoute(Object(Illuminate\\Http\\Request), Object(Illuminate\\Routing\\Route))
#65 /Users/aldyhelix/Projects/www/backend_rmi/vendor/laravel/framework/src/Illuminate/Routing/Router.php(651): Illuminate\\Routing\\Router->dispatchToRoute(Object(Illuminate\\Http\\Request))
#66 /Users/aldyhelix/Projects/www/backend_rmi/vendor/laravel/framework/src/Illuminate/Foundation/Http/Kernel.php(167): Illuminate\\Routing\\Router->dispatch(Object(Illuminate\\Http\\Request))
#67 /Users/aldyhelix/Projects/www/backend_rmi/vendor/laravel/framework/src/Illuminate/Pipeline/Pipeline.php(128): Illuminate\\Foundation\\Http\\Kernel->Illuminate\\Foundation\\Http\\{closure}(Object(Illuminate\\Http\\Request))
#68 /Users/aldyhelix/Projects/www/backend_rmi/vendor/livewire/livewire/src/DisableBrowserCache.php(19): Illuminate\\Pipeline\\Pipeline->Illuminate\\Pipeline\\{closure}(Object(Illuminate\\Http\\Request))
#69 /Users/aldyhelix/Projects/www/backend_rmi/vendor/laravel/framework/src/Illuminate/Pipeline/Pipeline.php(167): Livewire\\DisableBrowserCache->handle(Object(Illuminate\\Http\\Request), Object(Closure))
#70 /Users/aldyhelix/Projects/www/backend_rmi/vendor/barryvdh/laravel-debugbar/src/Middleware/InjectDebugbar.php(66): Illuminate\\Pipeline\\Pipeline->Illuminate\\Pipeline\\{closure}(Object(Illuminate\\Http\\Request))
#71 /Users/aldyhelix/Projects/www/backend_rmi/vendor/laravel/framework/src/Illuminate/Pipeline/Pipeline.php(167): Barryvdh\\Debugbar\\Middleware\\InjectDebugbar->handle(Object(Illuminate\\Http\\Request), Object(Closure))
#72 /Users/aldyhelix/Projects/www/backend_rmi/app/Http/Middleware/CheckForInstallation.php(19): Illuminate\\Pipeline\\Pipeline->Illuminate\\Pipeline\\{closure}(Object(Illuminate\\Http\\Request))
#73 /Users/aldyhelix/Projects/www/backend_rmi/vendor/laravel/framework/src/Illuminate/Pipeline/Pipeline.php(167): App\\Http\\Middleware\\CheckForInstallation->handle(Object(Illuminate\\Http\\Request), Object(Closure))
#74 /Users/aldyhelix/Projects/www/backend_rmi/vendor/laravel/framework/src/Illuminate/Foundation/Http/Middleware/TransformsRequest.php(21): Illuminate\\Pipeline\\Pipeline->Illuminate\\Pipeline\\{closure}(Object(Illuminate\\Http\\Request))
#75 /Users/aldyhelix/Projects/www/backend_rmi/vendor/laravel/framework/src/Illuminate/Foundation/Http/Middleware/ConvertEmptyStringsToNull.php(31): Illuminate\\Foundation\\Http\\Middleware\\TransformsRequest->handle(Object(Illuminate\\Http\\Request), Object(Closure))
#76 /Users/aldyhelix/Projects/www/backend_rmi/vendor/laravel/framework/src/Illuminate/Pipeline/Pipeline.php(167): Illuminate\\Foundation\\Http\\Middleware\\ConvertEmptyStringsToNull->handle(Object(Illuminate\\Http\\Request), Object(Closure))
#77 /Users/aldyhelix/Projects/www/backend_rmi/vendor/laravel/framework/src/Illuminate/Foundation/Http/Middleware/TransformsRequest.php(21): Illuminate\\Pipeline\\Pipeline->Illuminate\\Pipeline\\{closure}(Object(Illuminate\\Http\\Request))
#78 /Users/aldyhelix/Projects/www/backend_rmi/vendor/laravel/framework/src/Illuminate/Foundation/Http/Middleware/TrimStrings.php(40): Illuminate\\Foundation\\Http\\Middleware\\TransformsRequest->handle(Object(Illuminate\\Http\\Request), Object(Closure))
#79 /Users/aldyhelix/Projects/www/backend_rmi/vendor/laravel/framework/src/Illuminate/Pipeline/Pipeline.php(167): Illuminate\\Foundation\\Http\\Middleware\\TrimStrings->handle(Object(Illuminate\\Http\\Request), Object(Closure))
#80 /Users/aldyhelix/Projects/www/backend_rmi/vendor/laravel/framework/src/Illuminate/Foundation/Http/Middleware/ValidatePostSize.php(27): Illuminate\\Pipeline\\Pipeline->Illuminate\\Pipeline\\{closure}(Object(Illuminate\\Http\\Request))
#81 /Users/aldyhelix/Projects/www/backend_rmi/vendor/laravel/framework/src/Illuminate/Pipeline/Pipeline.php(167): Illuminate\\Foundation\\Http\\Middleware\\ValidatePostSize->handle(Object(Illuminate\\Http\\Request), Object(Closure))
#82 /Users/aldyhelix/Projects/www/backend_rmi/vendor/laravel/framework/src/Illuminate/Foundation/Http/Middleware/PreventRequestsDuringMaintenance.php(86): Illuminate\\Pipeline\\Pipeline->Illuminate\\Pipeline\\{closure}(Object(Illuminate\\Http\\Request))
#83 /Users/aldyhelix/Projects/www/backend_rmi/vendor/laravel/framework/src/Illuminate/Pipeline/Pipeline.php(167): Illuminate\\Foundation\\Http\\Middleware\\PreventRequestsDuringMaintenance->handle(Object(Illuminate\\Http\\Request), Object(Closure))
#84 /Users/aldyhelix/Projects/www/backend_rmi/vendor/fruitcake/laravel-cors/src/HandleCors.php(38): Illuminate\\Pipeline\\Pipeline->Illuminate\\Pipeline\\{closure}(Object(Illuminate\\Http\\Request))
#85 /Users/aldyhelix/Projects/www/backend_rmi/vendor/laravel/framework/src/Illuminate/Pipeline/Pipeline.php(167): Fruitcake\\Cors\\HandleCors->handle(Object(Illuminate\\Http\\Request), Object(Closure))
#86 /Users/aldyhelix/Projects/www/backend_rmi/vendor/laravel/framework/src/Illuminate/Http/Middleware/TrustProxies.php(39): Illuminate\\Pipeline\\Pipeline->Illuminate\\Pipeline\\{closure}(Object(Illuminate\\Http\\Request))
#87 /Users/aldyhelix/Projects/www/backend_rmi/vendor/laravel/framework/src/Illuminate/Pipeline/Pipeline.php(167): Illuminate\\Http\\Middleware\\TrustProxies->handle(Object(Illuminate\\Http\\Request), Object(Closure))
#88 /Users/aldyhelix/Projects/www/backend_rmi/vendor/laravel/framework/src/Illuminate/Pipeline/Pipeline.php(103): Illuminate\\Pipeline\\Pipeline->Illuminate\\Pipeline\\{closure}(Object(Illuminate\\Http\\Request))
#89 /Users/aldyhelix/Projects/www/backend_rmi/vendor/laravel/framework/src/Illuminate/Foundation/Http/Kernel.php(142): Illuminate\\Pipeline\\Pipeline->then(Object(Closure))
#90 /Users/aldyhelix/Projects/www/backend_rmi/vendor/laravel/framework/src/Illuminate/Foundation/Http/Kernel.php(111): Illuminate\\Foundation\\Http\\Kernel->sendRequestThroughRouter(Object(Illuminate\\Http\\Request))
#91 /Users/aldyhelix/Projects/www/backend_rmi/public/index.php(58): Illuminate\\Foundation\\Http\\Kernel->handle(Object(Illuminate\\Http\\Request))
#92 /Applications/Herd.app/Contents/Resources/valet/server.php(153): require('/Users/aldyheli...')
#93 {main}
"} 
[2024-06-09 14:38:30] production.ERROR: Undefined variable $totalProfit (View: /Users/aldyhelix/Projects/www/backend_rmi/resources/views/admin/dashboard/platform.blade.php) {"view":{"view":"/Users/aldyhelix/Projects/www/backend_rmi/app/Http/Livewire/Dashboard.php","data":[]},"userId":1,"exception":"[object] (Facade\\Ignition\\Exceptions\\ViewException(code: 0): Undefined variable $totalProfit (View: /Users/aldyhelix/Projects/www/backend_rmi/resources/views/admin/dashboard/platform.blade.php) at /Users/aldyhelix/Projects/www/backend_rmi/app/Http/Livewire/Dashboard.php:139)
[stacktrace]
#0 /Users/aldyhelix/Projects/www/backend_rmi/app/Http/Livewire/Dashboard.php(139): Illuminate\\Foundation\\Bootstrap\\HandleExceptions->handleError(2, 'Undefined varia...', '/Users/aldyheli...', 139)
#1 /Users/aldyhelix/Projects/www/backend_rmi/vendor/laravel/framework/src/Illuminate/Container/BoundMethod.php(36): App\\Http\\Livewire\\Dashboard->mount(9, 0, 7, 3, 16, 0, 0, 0, 0, 0, 0, 0, 0, 0)
#2 /Users/aldyhelix/Projects/www/backend_rmi/vendor/laravel/framework/src/Illuminate/Container/Util.php(40): Illuminate\\Container\\BoundMethod::Illuminate\\Container\\{closure}()
#3 /Users/aldyhelix/Projects/www/backend_rmi/vendor/laravel/framework/src/Illuminate/Container/BoundMethod.php(93): Illuminate\\Container\\Util::unwrapIfClosure(Object(Closure))
#4 /Users/aldyhelix/Projects/www/backend_rmi/vendor/laravel/framework/src/Illuminate/Container/BoundMethod.php(35): Illuminate\\Container\\BoundMethod::callBoundMethod(Object(Illuminate\\Foundation\\Application), Array, Object(Closure))
#5 /Users/aldyhelix/Projects/www/backend_rmi/vendor/livewire/livewire/src/LifecycleManager.php(114): Illuminate\\Container\\BoundMethod::call(Object(Illuminate\\Foundation\\Application), Array, Array)
#6 /Users/aldyhelix/Projects/www/backend_rmi/vendor/livewire/livewire/src/LivewireManager.php(130): Livewire\\LifecycleManager->mount(Array)
#7 /Users/aldyhelix/Projects/www/backend_rmi/vendor/laravel/framework/src/Illuminate/Support/Facades/Facade.php(261): Livewire\\LivewireManager->mount('dashboard', Array)
#8 /Users/aldyhelix/Projects/www/backend_rmi/resources/views/admin/dashboard/platform.blade.php(13): Illuminate\\Support\\Facades\\Facade::__callStatic('mount', Array)
#9 /Users/aldyhelix/Projects/www/backend_rmi/vendor/laravel/framework/src/Illuminate/Filesystem/Filesystem.php(107): require('/Users/aldyheli...')
#10 /Users/aldyhelix/Projects/www/backend_rmi/vendor/laravel/framework/src/Illuminate/Filesystem/Filesystem.php(108): Illuminate\\Filesystem\\Filesystem::Illuminate\\Filesystem\\{closure}()
#11 /Users/aldyhelix/Projects/www/backend_rmi/vendor/laravel/framework/src/Illuminate/View/Engines/PhpEngine.php(58): Illuminate\\Filesystem\\Filesystem->getRequire('/Users/aldyheli...', Array)
#12 /Users/aldyhelix/Projects/www/backend_rmi/vendor/livewire/livewire/src/ComponentConcerns/RendersLivewireComponents.php(69): Illuminate\\View\\Engines\\PhpEngine->evaluatePath('/Users/aldyheli...', Array)
#13 /Users/aldyhelix/Projects/www/backend_rmi/vendor/laravel/framework/src/Illuminate/View/Engines/CompilerEngine.php(61): Livewire\\CompilerEngineForIgnition->evaluatePath('/Users/aldyheli...', Array)
#14 /Users/aldyhelix/Projects/www/backend_rmi/vendor/facade/ignition/src/Views/Engines/CompilerEngine.php(37): Illuminate\\View\\Engines\\CompilerEngine->get('/Users/aldyheli...', Array)
#15 /Users/aldyhelix/Projects/www/backend_rmi/vendor/livewire/livewire/src/ComponentConcerns/RendersLivewireComponents.php(35): Facade\\Ignition\\Views\\Engines\\CompilerEngine->get('/Users/aldyheli...', Array)
#16 /Users/aldyhelix/Projects/www/backend_rmi/vendor/laravel/framework/src/Illuminate/View/View.php(139): Livewire\\CompilerEngineForIgnition->get('/Users/aldyheli...', Array)
#17 /Users/aldyhelix/Projects/www/backend_rmi/vendor/laravel/framework/src/Illuminate/View/View.php(122): Illuminate\\View\\View->getContents()
#18 /Users/aldyhelix/Projects/www/backend_rmi/vendor/laravel/framework/src/Illuminate/View/View.php(91): Illuminate\\View\\View->renderContents()
#19 /Users/aldyhelix/Projects/www/backend_rmi/vendor/laravel/framework/src/Illuminate/Http/Response.php(69): Illuminate\\View\\View->render()
#20 /Users/aldyhelix/Projects/www/backend_rmi/vendor/laravel/framework/src/Illuminate/Http/Response.php(35): Illuminate\\Http\\Response->setContent(Object(Illuminate\\View\\View))
#21 /Users/aldyhelix/Projects/www/backend_rmi/vendor/laravel/framework/src/Illuminate/Routing/Router.php(820): Illuminate\\Http\\Response->__construct(Object(Illuminate\\View\\View), 200, Array)
#22 /Users/aldyhelix/Projects/www/backend_rmi/vendor/laravel/framework/src/Illuminate/Routing/Router.php(789): Illuminate\\Routing\\Router::toResponse(Object(Illuminate\\Http\\Request), Object(Illuminate\\View\\View))
#23 /Users/aldyhelix/Projects/www/backend_rmi/vendor/laravel/framework/src/Illuminate/Routing/Router.php(720): Illuminate\\Routing\\Router->prepareResponse(Object(Illuminate\\Http\\Request), Object(Illuminate\\View\\View))
#24 /Users/aldyhelix/Projects/www/backend_rmi/vendor/laravel/framework/src/Illuminate/Pipeline/Pipeline.php(128): Illuminate\\Routing\\Router->Illuminate\\Routing\\{closure}(Object(Illuminate\\Http\\Request))
#25 /Users/aldyhelix/Projects/www/backend_rmi/app/Http/Middleware/DashboardSetup.php(22): Illuminate\\Pipeline\\Pipeline->Illuminate\\Pipeline\\{closure}(Object(Illuminate\\Http\\Request))
#26 /Users/aldyhelix/Projects/www/backend_rmi/vendor/laravel/framework/src/Illuminate/Pipeline/Pipeline.php(167): App\\Http\\Middleware\\DashboardSetup->handle(Object(Illuminate\\Http\\Request), Object(Closure))
#27 /Users/aldyhelix/Projects/www/backend_rmi/app/Http/Middleware/CheckIfBillingInfoRequired.php(24): Illuminate\\Pipeline\\Pipeline->Illuminate\\Pipeline\\{closure}(Object(Illuminate\\Http\\Request))
#28 /Users/aldyhelix/Projects/www/backend_rmi/vendor/laravel/framework/src/Illuminate/Pipeline/Pipeline.php(167): App\\Http\\Middleware\\CheckIfBillingInfoRequired->handle(Object(Illuminate\\Http\\Request), Object(Closure))
#29 /Users/aldyhelix/Projects/www/backend_rmi/app/Http/Middleware/VerifyUserIsSubscribed.php(25): Illuminate\\Pipeline\\Pipeline->Illuminate\\Pipeline\\{closure}(Object(Illuminate\\Http\\Request))
#30 /Users/aldyhelix/Projects/www/backend_rmi/vendor/laravel/framework/src/Illuminate/Pipeline/Pipeline.php(167): App\\Http\\Middleware\\VerifyUserIsSubscribed->handle(Object(Illuminate\\Http\\Request), Object(Closure))
#31 /Users/aldyhelix/Projects/www/backend_rmi/app/Http/Middleware/CookieConsentMiddleware.php(21): Illuminate\\Pipeline\\Pipeline->Illuminate\\Pipeline\\{closure}(Object(Illuminate\\Http\\Request))
#32 /Users/aldyhelix/Projects/www/backend_rmi/vendor/laravel/framework/src/Illuminate/Pipeline/Pipeline.php(167): App\\Http\\Middleware\\CookieConsentMiddleware->handle(Object(Illuminate\\Http\\Request), Object(Closure))
#33 /Users/aldyhelix/Projects/www/backend_rmi/app/Http/Middleware/Language.php(64): Illuminate\\Pipeline\\Pipeline->Illuminate\\Pipeline\\{closure}(Object(Illuminate\\Http\\Request))
#34 /Users/aldyhelix/Projects/www/backend_rmi/vendor/laravel/framework/src/Illuminate/Pipeline/Pipeline.php(167): App\\Http\\Middleware\\Language->handle(Object(Illuminate\\Http\\Request), Object(Closure))
#35 /Users/aldyhelix/Projects/www/backend_rmi/app/Http/Middleware/InitSettings.php(8): Illuminate\\Pipeline\\Pipeline->Illuminate\\Pipeline\\{closure}(Object(Illuminate\\Http\\Request))
#36 /Users/aldyhelix/Projects/www/backend_rmi/vendor/laravel/framework/src/Illuminate/Pipeline/Pipeline.php(167): App\\Http\\Middleware\\InitSettings->handle(Object(Illuminate\\Http\\Request), Object(Closure))
#37 /Users/aldyhelix/Projects/www/backend_rmi/vendor/laravel/framework/src/Illuminate/Routing/Middleware/SubstituteBindings.php(50): Illuminate\\Pipeline\\Pipeline->Illuminate\\Pipeline\\{closure}(Object(Illuminate\\Http\\Request))
#38 /Users/aldyhelix/Projects/www/backend_rmi/vendor/laravel/framework/src/Illuminate/Pipeline/Pipeline.php(167): Illuminate\\Routing\\Middleware\\SubstituteBindings->handle(Object(Illuminate\\Http\\Request), Object(Closure))
#39 /Users/aldyhelix/Projects/www/backend_rmi/vendor/laravel/framework/src/Illuminate/Auth/Middleware/Authenticate.php(44): Illuminate\\Pipeline\\Pipeline->Illuminate\\Pipeline\\{closure}(Object(Illuminate\\Http\\Request))
#40 /Users/aldyhelix/Projects/www/backend_rmi/vendor/laravel/framework/src/Illuminate/Pipeline/Pipeline.php(167): Illuminate\\Auth\\Middleware\\Authenticate->handle(Object(Illuminate\\Http\\Request), Object(Closure))
#41 /Users/aldyhelix/Projects/www/backend_rmi/vendor/laravel/framework/src/Illuminate/Foundation/Http/Middleware/VerifyCsrfToken.php(78): Illuminate\\Pipeline\\Pipeline->Illuminate\\Pipeline\\{closure}(Object(Illuminate\\Http\\Request))
#42 /Users/aldyhelix/Projects/www/backend_rmi/vendor/laravel/framework/src/Illuminate/Pipeline/Pipeline.php(167): Illuminate\\Foundation\\Http\\Middleware\\VerifyCsrfToken->handle(Object(Illuminate\\Http\\Request), Object(Closure))
#43 /Users/aldyhelix/Projects/www/backend_rmi/vendor/laravel/framework/src/Illuminate/View/Middleware/ShareErrorsFromSession.php(49): Illuminate\\Pipeline\\Pipeline->Illuminate\\Pipeline\\{closure}(Object(Illuminate\\Http\\Request))
#44 /Users/aldyhelix/Projects/www/backend_rmi/vendor/laravel/framework/src/Illuminate/Pipeline/Pipeline.php(167): Illuminate\\View\\Middleware\\ShareErrorsFromSession->handle(Object(Illuminate\\Http\\Request), Object(Closure))
#45 /Users/aldyhelix/Projects/www/backend_rmi/vendor/laravel/framework/src/Illuminate/Session/Middleware/StartSession.php(121): Illuminate\\Pipeline\\Pipeline->Illuminate\\Pipeline\\{closure}(Object(Illuminate\\Http\\Request))
#46 /Users/aldyhelix/Projects/www/backend_rmi/vendor/laravel/framework/src/Illuminate/Session/Middleware/StartSession.php(64): Illuminate\\Session\\Middleware\\StartSession->handleStatefulRequest(Object(Illuminate\\Http\\Request), Object(Illuminate\\Session\\EncryptedStore), Object(Closure))
#47 /Users/aldyhelix/Projects/www/backend_rmi/vendor/laravel/framework/src/Illuminate/Pipeline/Pipeline.php(167): Illuminate\\Session\\Middleware\\StartSession->handle(Object(Illuminate\\Http\\Request), Object(Closure))
#48 /Users/aldyhelix/Projects/www/backend_rmi/vendor/laravel/framework/src/Illuminate/Cookie/Middleware/AddQueuedCookiesToResponse.php(37): Illuminate\\Pipeline\\Pipeline->Illuminate\\Pipeline\\{closure}(Object(Illuminate\\Http\\Request))
#49 /Users/aldyhelix/Projects/www/backend_rmi/vendor/laravel/framework/src/Illuminate/Pipeline/Pipeline.php(167): Illuminate\\Cookie\\Middleware\\AddQueuedCookiesToResponse->handle(Object(Illuminate\\Http\\Request), Object(Closure))
#50 /Users/aldyhelix/Projects/www/backend_rmi/vendor/laravel/framework/src/Illuminate/Cookie/Middleware/EncryptCookies.php(67): Illuminate\\Pipeline\\Pipeline->Illuminate\\Pipeline\\{closure}(Object(Illuminate\\Http\\Request))
#51 /Users/aldyhelix/Projects/www/backend_rmi/vendor/laravel/framework/src/Illuminate/Pipeline/Pipeline.php(167): Illuminate\\Cookie\\Middleware\\EncryptCookies->handle(Object(Illuminate\\Http\\Request), Object(Closure))
#52 /Users/aldyhelix/Projects/www/backend_rmi/vendor/laravel/framework/src/Illuminate/Pipeline/Pipeline.php(103): Illuminate\\Pipeline\\Pipeline->Illuminate\\Pipeline\\{closure}(Object(Illuminate\\Http\\Request))
#53 /Users/aldyhelix/Projects/www/backend_rmi/vendor/laravel/framework/src/Illuminate/Routing/Router.php(719): Illuminate\\Pipeline\\Pipeline->then(Object(Closure))
#54 /Users/aldyhelix/Projects/www/backend_rmi/vendor/laravel/framework/src/Illuminate/Routing/Router.php(698): Illuminate\\Routing\\Router->runRouteWithinStack(Object(Illuminate\\Routing\\Route), Object(Illuminate\\Http\\Request))
#55 /Users/aldyhelix/Projects/www/backend_rmi/vendor/laravel/framework/src/Illuminate/Routing/Router.php(662): Illuminate\\Routing\\Router->runRoute(Object(Illuminate\\Http\\Request), Object(Illuminate\\Routing\\Route))
#56 /Users/aldyhelix/Projects/www/backend_rmi/vendor/laravel/framework/src/Illuminate/Routing/Router.php(651): Illuminate\\Routing\\Router->dispatchToRoute(Object(Illuminate\\Http\\Request))
#57 /Users/aldyhelix/Projects/www/backend_rmi/vendor/laravel/framework/src/Illuminate/Foundation/Http/Kernel.php(167): Illuminate\\Routing\\Router->dispatch(Object(Illuminate\\Http\\Request))
#58 /Users/aldyhelix/Projects/www/backend_rmi/vendor/laravel/framework/src/Illuminate/Pipeline/Pipeline.php(128): Illuminate\\Foundation\\Http\\Kernel->Illuminate\\Foundation\\Http\\{closure}(Object(Illuminate\\Http\\Request))
#59 /Users/aldyhelix/Projects/www/backend_rmi/vendor/livewire/livewire/src/DisableBrowserCache.php(19): Illuminate\\Pipeline\\Pipeline->Illuminate\\Pipeline\\{closure}(Object(Illuminate\\Http\\Request))
#60 /Users/aldyhelix/Projects/www/backend_rmi/vendor/laravel/framework/src/Illuminate/Pipeline/Pipeline.php(167): Livewire\\DisableBrowserCache->handle(Object(Illuminate\\Http\\Request), Object(Closure))
#61 /Users/aldyhelix/Projects/www/backend_rmi/vendor/barryvdh/laravel-debugbar/src/Middleware/InjectDebugbar.php(66): Illuminate\\Pipeline\\Pipeline->Illuminate\\Pipeline\\{closure}(Object(Illuminate\\Http\\Request))
#62 /Users/aldyhelix/Projects/www/backend_rmi/vendor/laravel/framework/src/Illuminate/Pipeline/Pipeline.php(167): Barryvdh\\Debugbar\\Middleware\\InjectDebugbar->handle(Object(Illuminate\\Http\\Request), Object(Closure))
#63 /Users/aldyhelix/Projects/www/backend_rmi/app/Http/Middleware/CheckForInstallation.php(19): Illuminate\\Pipeline\\Pipeline->Illuminate\\Pipeline\\{closure}(Object(Illuminate\\Http\\Request))
#64 /Users/aldyhelix/Projects/www/backend_rmi/vendor/laravel/framework/src/Illuminate/Pipeline/Pipeline.php(167): App\\Http\\Middleware\\CheckForInstallation->handle(Object(Illuminate\\Http\\Request), Object(Closure))
#65 /Users/aldyhelix/Projects/www/backend_rmi/vendor/laravel/framework/src/Illuminate/Foundation/Http/Middleware/TransformsRequest.php(21): Illuminate\\Pipeline\\Pipeline->Illuminate\\Pipeline\\{closure}(Object(Illuminate\\Http\\Request))
#66 /Users/aldyhelix/Projects/www/backend_rmi/vendor/laravel/framework/src/Illuminate/Foundation/Http/Middleware/ConvertEmptyStringsToNull.php(31): Illuminate\\Foundation\\Http\\Middleware\\TransformsRequest->handle(Object(Illuminate\\Http\\Request), Object(Closure))
#67 /Users/aldyhelix/Projects/www/backend_rmi/vendor/laravel/framework/src/Illuminate/Pipeline/Pipeline.php(167): Illuminate\\Foundation\\Http\\Middleware\\ConvertEmptyStringsToNull->handle(Object(Illuminate\\Http\\Request), Object(Closure))
#68 /Users/aldyhelix/Projects/www/backend_rmi/vendor/laravel/framework/src/Illuminate/Foundation/Http/Middleware/TransformsRequest.php(21): Illuminate\\Pipeline\\Pipeline->Illuminate\\Pipeline\\{closure}(Object(Illuminate\\Http\\Request))
#69 /Users/aldyhelix/Projects/www/backend_rmi/vendor/laravel/framework/src/Illuminate/Foundation/Http/Middleware/TrimStrings.php(40): Illuminate\\Foundation\\Http\\Middleware\\TransformsRequest->handle(Object(Illuminate\\Http\\Request), Object(Closure))
#70 /Users/aldyhelix/Projects/www/backend_rmi/vendor/laravel/framework/src/Illuminate/Pipeline/Pipeline.php(167): Illuminate\\Foundation\\Http\\Middleware\\TrimStrings->handle(Object(Illuminate\\Http\\Request), Object(Closure))
#71 /Users/aldyhelix/Projects/www/backend_rmi/vendor/laravel/framework/src/Illuminate/Foundation/Http/Middleware/ValidatePostSize.php(27): Illuminate\\Pipeline\\Pipeline->Illuminate\\Pipeline\\{closure}(Object(Illuminate\\Http\\Request))
#72 /Users/aldyhelix/Projects/www/backend_rmi/vendor/laravel/framework/src/Illuminate/Pipeline/Pipeline.php(167): Illuminate\\Foundation\\Http\\Middleware\\ValidatePostSize->handle(Object(Illuminate\\Http\\Request), Object(Closure))
#73 /Users/aldyhelix/Projects/www/backend_rmi/vendor/laravel/framework/src/Illuminate/Foundation/Http/Middleware/PreventRequestsDuringMaintenance.php(86): Illuminate\\Pipeline\\Pipeline->Illuminate\\Pipeline\\{closure}(Object(Illuminate\\Http\\Request))
#74 /Users/aldyhelix/Projects/www/backend_rmi/vendor/laravel/framework/src/Illuminate/Pipeline/Pipeline.php(167): Illuminate\\Foundation\\Http\\Middleware\\PreventRequestsDuringMaintenance->handle(Object(Illuminate\\Http\\Request), Object(Closure))
#75 /Users/aldyhelix/Projects/www/backend_rmi/vendor/fruitcake/laravel-cors/src/HandleCors.php(38): Illuminate\\Pipeline\\Pipeline->Illuminate\\Pipeline\\{closure}(Object(Illuminate\\Http\\Request))
#76 /Users/aldyhelix/Projects/www/backend_rmi/vendor/laravel/framework/src/Illuminate/Pipeline/Pipeline.php(167): Fruitcake\\Cors\\HandleCors->handle(Object(Illuminate\\Http\\Request), Object(Closure))
#77 /Users/aldyhelix/Projects/www/backend_rmi/vendor/laravel/framework/src/Illuminate/Http/Middleware/TrustProxies.php(39): Illuminate\\Pipeline\\Pipeline->Illuminate\\Pipeline\\{closure}(Object(Illuminate\\Http\\Request))
#78 /Users/aldyhelix/Projects/www/backend_rmi/vendor/laravel/framework/src/Illuminate/Pipeline/Pipeline.php(167): Illuminate\\Http\\Middleware\\TrustProxies->handle(Object(Illuminate\\Http\\Request), Object(Closure))
#79 /Users/aldyhelix/Projects/www/backend_rmi/vendor/laravel/framework/src/Illuminate/Pipeline/Pipeline.php(103): Illuminate\\Pipeline\\Pipeline->Illuminate\\Pipeline\\{closure}(Object(Illuminate\\Http\\Request))
#80 /Users/aldyhelix/Projects/www/backend_rmi/vendor/laravel/framework/src/Illuminate/Foundation/Http/Kernel.php(142): Illuminate\\Pipeline\\Pipeline->then(Object(Closure))
#81 /Users/aldyhelix/Projects/www/backend_rmi/vendor/laravel/framework/src/Illuminate/Foundation/Http/Kernel.php(111): Illuminate\\Foundation\\Http\\Kernel->sendRequestThroughRouter(Object(Illuminate\\Http\\Request))
#82 /Users/aldyhelix/Projects/www/backend_rmi/public/index.php(58): Illuminate\\Foundation\\Http\\Kernel->handle(Object(Illuminate\\Http\\Request))
#83 /Applications/Herd.app/Contents/Resources/valet/server.php(153): require('/Users/aldyheli...')
#84 {main}

[previous exception] [object] (ErrorException(code: 0): Undefined variable $totalProfit at /Users/aldyhelix/Projects/www/backend_rmi/app/Http/Livewire/Dashboard.php:139)
[stacktrace]
#0 /Users/aldyhelix/Projects/www/backend_rmi/app/Http/Livewire/Dashboard.php(139): Illuminate\\Foundation\\Bootstrap\\HandleExceptions->handleError(2, 'Undefined varia...', '/Users/aldyheli...', 139)
#1 /Users/aldyhelix/Projects/www/backend_rmi/vendor/laravel/framework/src/Illuminate/Container/BoundMethod.php(36): App\\Http\\Livewire\\Dashboard->mount(9, 0, 7, 3, 16, 0, 0, 0, 0, 0, 0, 0, 0, 0)
#2 /Users/aldyhelix/Projects/www/backend_rmi/vendor/laravel/framework/src/Illuminate/Container/Util.php(40): Illuminate\\Container\\BoundMethod::Illuminate\\Container\\{closure}()
#3 /Users/aldyhelix/Projects/www/backend_rmi/vendor/laravel/framework/src/Illuminate/Container/BoundMethod.php(93): Illuminate\\Container\\Util::unwrapIfClosure(Object(Closure))
#4 /Users/aldyhelix/Projects/www/backend_rmi/vendor/laravel/framework/src/Illuminate/Container/BoundMethod.php(35): Illuminate\\Container\\BoundMethod::callBoundMethod(Object(Illuminate\\Foundation\\Application), Array, Object(Closure))
#5 /Users/aldyhelix/Projects/www/backend_rmi/vendor/livewire/livewire/src/LifecycleManager.php(114): Illuminate\\Container\\BoundMethod::call(Object(Illuminate\\Foundation\\Application), Array, Array)
#6 /Users/aldyhelix/Projects/www/backend_rmi/vendor/livewire/livewire/src/LivewireManager.php(130): Livewire\\LifecycleManager->mount(Array)
#7 /Users/aldyhelix/Projects/www/backend_rmi/vendor/laravel/framework/src/Illuminate/Support/Facades/Facade.php(261): Livewire\\LivewireManager->mount('dashboard', Array)
#8 /Users/aldyhelix/Projects/www/backend_rmi/storage/framework/views/7614a377bf597da1c7ed67416eae576b7feee755.php(13): Illuminate\\Support\\Facades\\Facade::__callStatic('mount', Array)
#9 /Users/aldyhelix/Projects/www/backend_rmi/vendor/laravel/framework/src/Illuminate/Filesystem/Filesystem.php(107): require('/Users/aldyheli...')
#10 /Users/aldyhelix/Projects/www/backend_rmi/vendor/laravel/framework/src/Illuminate/Filesystem/Filesystem.php(108): Illuminate\\Filesystem\\Filesystem::Illuminate\\Filesystem\\{closure}()
#11 /Users/aldyhelix/Projects/www/backend_rmi/vendor/laravel/framework/src/Illuminate/View/Engines/PhpEngine.php(58): Illuminate\\Filesystem\\Filesystem->getRequire('/Users/aldyheli...', Array)
#12 /Users/aldyhelix/Projects/www/backend_rmi/vendor/livewire/livewire/src/ComponentConcerns/RendersLivewireComponents.php(69): Illuminate\\View\\Engines\\PhpEngine->evaluatePath('/Users/aldyheli...', Array)
#13 /Users/aldyhelix/Projects/www/backend_rmi/vendor/laravel/framework/src/Illuminate/View/Engines/CompilerEngine.php(61): Livewire\\CompilerEngineForIgnition->evaluatePath('/Users/aldyheli...', Array)
#14 /Users/aldyhelix/Projects/www/backend_rmi/vendor/facade/ignition/src/Views/Engines/CompilerEngine.php(37): Illuminate\\View\\Engines\\CompilerEngine->get('/Users/aldyheli...', Array)
#15 /Users/aldyhelix/Projects/www/backend_rmi/vendor/livewire/livewire/src/ComponentConcerns/RendersLivewireComponents.php(35): Facade\\Ignition\\Views\\Engines\\CompilerEngine->get('/Users/aldyheli...', Array)
#16 /Users/aldyhelix/Projects/www/backend_rmi/vendor/laravel/framework/src/Illuminate/View/View.php(139): Livewire\\CompilerEngineForIgnition->get('/Users/aldyheli...', Array)
#17 /Users/aldyhelix/Projects/www/backend_rmi/vendor/laravel/framework/src/Illuminate/View/View.php(122): Illuminate\\View\\View->getContents()
#18 /Users/aldyhelix/Projects/www/backend_rmi/vendor/laravel/framework/src/Illuminate/View/View.php(91): Illuminate\\View\\View->renderContents()
#19 /Users/aldyhelix/Projects/www/backend_rmi/vendor/laravel/framework/src/Illuminate/Http/Response.php(69): Illuminate\\View\\View->render()
#20 /Users/aldyhelix/Projects/www/backend_rmi/vendor/laravel/framework/src/Illuminate/Http/Response.php(35): Illuminate\\Http\\Response->setContent(Object(Illuminate\\View\\View))
#21 /Users/aldyhelix/Projects/www/backend_rmi/vendor/laravel/framework/src/Illuminate/Routing/Router.php(820): Illuminate\\Http\\Response->__construct(Object(Illuminate\\View\\View), 200, Array)
#22 /Users/aldyhelix/Projects/www/backend_rmi/vendor/laravel/framework/src/Illuminate/Routing/Router.php(789): Illuminate\\Routing\\Router::toResponse(Object(Illuminate\\Http\\Request), Object(Illuminate\\View\\View))
#23 /Users/aldyhelix/Projects/www/backend_rmi/vendor/laravel/framework/src/Illuminate/Routing/Router.php(720): Illuminate\\Routing\\Router->prepareResponse(Object(Illuminate\\Http\\Request), Object(Illuminate\\View\\View))
#24 /Users/aldyhelix/Projects/www/backend_rmi/vendor/laravel/framework/src/Illuminate/Pipeline/Pipeline.php(128): Illuminate\\Routing\\Router->Illuminate\\Routing\\{closure}(Object(Illuminate\\Http\\Request))
#25 /Users/aldyhelix/Projects/www/backend_rmi/app/Http/Middleware/DashboardSetup.php(22): Illuminate\\Pipeline\\Pipeline->Illuminate\\Pipeline\\{closure}(Object(Illuminate\\Http\\Request))
#26 /Users/aldyhelix/Projects/www/backend_rmi/vendor/laravel/framework/src/Illuminate/Pipeline/Pipeline.php(167): App\\Http\\Middleware\\DashboardSetup->handle(Object(Illuminate\\Http\\Request), Object(Closure))
#27 /Users/aldyhelix/Projects/www/backend_rmi/app/Http/Middleware/CheckIfBillingInfoRequired.php(24): Illuminate\\Pipeline\\Pipeline->Illuminate\\Pipeline\\{closure}(Object(Illuminate\\Http\\Request))
#28 /Users/aldyhelix/Projects/www/backend_rmi/vendor/laravel/framework/src/Illuminate/Pipeline/Pipeline.php(167): App\\Http\\Middleware\\CheckIfBillingInfoRequired->handle(Object(Illuminate\\Http\\Request), Object(Closure))
#29 /Users/aldyhelix/Projects/www/backend_rmi/app/Http/Middleware/VerifyUserIsSubscribed.php(25): Illuminate\\Pipeline\\Pipeline->Illuminate\\Pipeline\\{closure}(Object(Illuminate\\Http\\Request))
#30 /Users/aldyhelix/Projects/www/backend_rmi/vendor/laravel/framework/src/Illuminate/Pipeline/Pipeline.php(167): App\\Http\\Middleware\\VerifyUserIsSubscribed->handle(Object(Illuminate\\Http\\Request), Object(Closure))
#31 /Users/aldyhelix/Projects/www/backend_rmi/app/Http/Middleware/CookieConsentMiddleware.php(21): Illuminate\\Pipeline\\Pipeline->Illuminate\\Pipeline\\{closure}(Object(Illuminate\\Http\\Request))
#32 /Users/aldyhelix/Projects/www/backend_rmi/vendor/laravel/framework/src/Illuminate/Pipeline/Pipeline.php(167): App\\Http\\Middleware\\CookieConsentMiddleware->handle(Object(Illuminate\\Http\\Request), Object(Closure))
#33 /Users/aldyhelix/Projects/www/backend_rmi/app/Http/Middleware/Language.php(64): Illuminate\\Pipeline\\Pipeline->Illuminate\\Pipeline\\{closure}(Object(Illuminate\\Http\\Request))
#34 /Users/aldyhelix/Projects/www/backend_rmi/vendor/laravel/framework/src/Illuminate/Pipeline/Pipeline.php(167): App\\Http\\Middleware\\Language->handle(Object(Illuminate\\Http\\Request), Object(Closure))
#35 /Users/aldyhelix/Projects/www/backend_rmi/app/Http/Middleware/InitSettings.php(8): Illuminate\\Pipeline\\Pipeline->Illuminate\\Pipeline\\{closure}(Object(Illuminate\\Http\\Request))
#36 /Users/aldyhelix/Projects/www/backend_rmi/vendor/laravel/framework/src/Illuminate/Pipeline/Pipeline.php(167): App\\Http\\Middleware\\InitSettings->handle(Object(Illuminate\\Http\\Request), Object(Closure))
#37 /Users/aldyhelix/Projects/www/backend_rmi/vendor/laravel/framework/src/Illuminate/Routing/Middleware/SubstituteBindings.php(50): Illuminate\\Pipeline\\Pipeline->Illuminate\\Pipeline\\{closure}(Object(Illuminate\\Http\\Request))
#38 /Users/aldyhelix/Projects/www/backend_rmi/vendor/laravel/framework/src/Illuminate/Pipeline/Pipeline.php(167): Illuminate\\Routing\\Middleware\\SubstituteBindings->handle(Object(Illuminate\\Http\\Request), Object(Closure))
#39 /Users/aldyhelix/Projects/www/backend_rmi/vendor/laravel/framework/src/Illuminate/Auth/Middleware/Authenticate.php(44): Illuminate\\Pipeline\\Pipeline->Illuminate\\Pipeline\\{closure}(Object(Illuminate\\Http\\Request))
#40 /Users/aldyhelix/Projects/www/backend_rmi/vendor/laravel/framework/src/Illuminate/Pipeline/Pipeline.php(167): Illuminate\\Auth\\Middleware\\Authenticate->handle(Object(Illuminate\\Http\\Request), Object(Closure))
#41 /Users/aldyhelix/Projects/www/backend_rmi/vendor/laravel/framework/src/Illuminate/Foundation/Http/Middleware/VerifyCsrfToken.php(78): Illuminate\\Pipeline\\Pipeline->Illuminate\\Pipeline\\{closure}(Object(Illuminate\\Http\\Request))
#42 /Users/aldyhelix/Projects/www/backend_rmi/vendor/laravel/framework/src/Illuminate/Pipeline/Pipeline.php(167): Illuminate\\Foundation\\Http\\Middleware\\VerifyCsrfToken->handle(Object(Illuminate\\Http\\Request), Object(Closure))
#43 /Users/aldyhelix/Projects/www/backend_rmi/vendor/laravel/framework/src/Illuminate/View/Middleware/ShareErrorsFromSession.php(49): Illuminate\\Pipeline\\Pipeline->Illuminate\\Pipeline\\{closure}(Object(Illuminate\\Http\\Request))
#44 /Users/aldyhelix/Projects/www/backend_rmi/vendor/laravel/framework/src/Illuminate/Pipeline/Pipeline.php(167): Illuminate\\View\\Middleware\\ShareErrorsFromSession->handle(Object(Illuminate\\Http\\Request), Object(Closure))
#45 /Users/aldyhelix/Projects/www/backend_rmi/vendor/laravel/framework/src/Illuminate/Session/Middleware/StartSession.php(121): Illuminate\\Pipeline\\Pipeline->Illuminate\\Pipeline\\{closure}(Object(Illuminate\\Http\\Request))
#46 /Users/aldyhelix/Projects/www/backend_rmi/vendor/laravel/framework/src/Illuminate/Session/Middleware/StartSession.php(64): Illuminate\\Session\\Middleware\\StartSession->handleStatefulRequest(Object(Illuminate\\Http\\Request), Object(Illuminate\\Session\\EncryptedStore), Object(Closure))
#47 /Users/aldyhelix/Projects/www/backend_rmi/vendor/laravel/framework/src/Illuminate/Pipeline/Pipeline.php(167): Illuminate\\Session\\Middleware\\StartSession->handle(Object(Illuminate\\Http\\Request), Object(Closure))
#48 /Users/aldyhelix/Projects/www/backend_rmi/vendor/laravel/framework/src/Illuminate/Cookie/Middleware/AddQueuedCookiesToResponse.php(37): Illuminate\\Pipeline\\Pipeline->Illuminate\\Pipeline\\{closure}(Object(Illuminate\\Http\\Request))
#49 /Users/aldyhelix/Projects/www/backend_rmi/vendor/laravel/framework/src/Illuminate/Pipeline/Pipeline.php(167): Illuminate\\Cookie\\Middleware\\AddQueuedCookiesToResponse->handle(Object(Illuminate\\Http\\Request), Object(Closure))
#50 /Users/aldyhelix/Projects/www/backend_rmi/vendor/laravel/framework/src/Illuminate/Cookie/Middleware/EncryptCookies.php(67): Illuminate\\Pipeline\\Pipeline->Illuminate\\Pipeline\\{closure}(Object(Illuminate\\Http\\Request))
#51 /Users/aldyhelix/Projects/www/backend_rmi/vendor/laravel/framework/src/Illuminate/Pipeline/Pipeline.php(167): Illuminate\\Cookie\\Middleware\\EncryptCookies->handle(Object(Illuminate\\Http\\Request), Object(Closure))
#52 /Users/aldyhelix/Projects/www/backend_rmi/vendor/laravel/framework/src/Illuminate/Pipeline/Pipeline.php(103): Illuminate\\Pipeline\\Pipeline->Illuminate\\Pipeline\\{closure}(Object(Illuminate\\Http\\Request))
#53 /Users/aldyhelix/Projects/www/backend_rmi/vendor/laravel/framework/src/Illuminate/Routing/Router.php(719): Illuminate\\Pipeline\\Pipeline->then(Object(Closure))
#54 /Users/aldyhelix/Projects/www/backend_rmi/vendor/laravel/framework/src/Illuminate/Routing/Router.php(698): Illuminate\\Routing\\Router->runRouteWithinStack(Object(Illuminate\\Routing\\Route), Object(Illuminate\\Http\\Request))
#55 /Users/aldyhelix/Projects/www/backend_rmi/vendor/laravel/framework/src/Illuminate/Routing/Router.php(662): Illuminate\\Routing\\Router->runRoute(Object(Illuminate\\Http\\Request), Object(Illuminate\\Routing\\Route))
#56 /Users/aldyhelix/Projects/www/backend_rmi/vendor/laravel/framework/src/Illuminate/Routing/Router.php(651): Illuminate\\Routing\\Router->dispatchToRoute(Object(Illuminate\\Http\\Request))
#57 /Users/aldyhelix/Projects/www/backend_rmi/vendor/laravel/framework/src/Illuminate/Foundation/Http/Kernel.php(167): Illuminate\\Routing\\Router->dispatch(Object(Illuminate\\Http\\Request))
#58 /Users/aldyhelix/Projects/www/backend_rmi/vendor/laravel/framework/src/Illuminate/Pipeline/Pipeline.php(128): Illuminate\\Foundation\\Http\\Kernel->Illuminate\\Foundation\\Http\\{closure}(Object(Illuminate\\Http\\Request))
#59 /Users/aldyhelix/Projects/www/backend_rmi/vendor/livewire/livewire/src/DisableBrowserCache.php(19): Illuminate\\Pipeline\\Pipeline->Illuminate\\Pipeline\\{closure}(Object(Illuminate\\Http\\Request))
#60 /Users/aldyhelix/Projects/www/backend_rmi/vendor/laravel/framework/src/Illuminate/Pipeline/Pipeline.php(167): Livewire\\DisableBrowserCache->handle(Object(Illuminate\\Http\\Request), Object(Closure))
#61 /Users/aldyhelix/Projects/www/backend_rmi/vendor/barryvdh/laravel-debugbar/src/Middleware/InjectDebugbar.php(66): Illuminate\\Pipeline\\Pipeline->Illuminate\\Pipeline\\{closure}(Object(Illuminate\\Http\\Request))
#62 /Users/aldyhelix/Projects/www/backend_rmi/vendor/laravel/framework/src/Illuminate/Pipeline/Pipeline.php(167): Barryvdh\\Debugbar\\Middleware\\InjectDebugbar->handle(Object(Illuminate\\Http\\Request), Object(Closure))
#63 /Users/aldyhelix/Projects/www/backend_rmi/app/Http/Middleware/CheckForInstallation.php(19): Illuminate\\Pipeline\\Pipeline->Illuminate\\Pipeline\\{closure}(Object(Illuminate\\Http\\Request))
#64 /Users/aldyhelix/Projects/www/backend_rmi/vendor/laravel/framework/src/Illuminate/Pipeline/Pipeline.php(167): App\\Http\\Middleware\\CheckForInstallation->handle(Object(Illuminate\\Http\\Request), Object(Closure))
#65 /Users/aldyhelix/Projects/www/backend_rmi/vendor/laravel/framework/src/Illuminate/Foundation/Http/Middleware/TransformsRequest.php(21): Illuminate\\Pipeline\\Pipeline->Illuminate\\Pipeline\\{closure}(Object(Illuminate\\Http\\Request))
#66 /Users/aldyhelix/Projects/www/backend_rmi/vendor/laravel/framework/src/Illuminate/Foundation/Http/Middleware/ConvertEmptyStringsToNull.php(31): Illuminate\\Foundation\\Http\\Middleware\\TransformsRequest->handle(Object(Illuminate\\Http\\Request), Object(Closure))
#67 /Users/aldyhelix/Projects/www/backend_rmi/vendor/laravel/framework/src/Illuminate/Pipeline/Pipeline.php(167): Illuminate\\Foundation\\Http\\Middleware\\ConvertEmptyStringsToNull->handle(Object(Illuminate\\Http\\Request), Object(Closure))
#68 /Users/aldyhelix/Projects/www/backend_rmi/vendor/laravel/framework/src/Illuminate/Foundation/Http/Middleware/TransformsRequest.php(21): Illuminate\\Pipeline\\Pipeline->Illuminate\\Pipeline\\{closure}(Object(Illuminate\\Http\\Request))
#69 /Users/aldyhelix/Projects/www/backend_rmi/vendor/laravel/framework/src/Illuminate/Foundation/Http/Middleware/TrimStrings.php(40): Illuminate\\Foundation\\Http\\Middleware\\TransformsRequest->handle(Object(Illuminate\\Http\\Request), Object(Closure))
#70 /Users/aldyhelix/Projects/www/backend_rmi/vendor/laravel/framework/src/Illuminate/Pipeline/Pipeline.php(167): Illuminate\\Foundation\\Http\\Middleware\\TrimStrings->handle(Object(Illuminate\\Http\\Request), Object(Closure))
#71 /Users/aldyhelix/Projects/www/backend_rmi/vendor/laravel/framework/src/Illuminate/Foundation/Http/Middleware/ValidatePostSize.php(27): Illuminate\\Pipeline\\Pipeline->Illuminate\\Pipeline\\{closure}(Object(Illuminate\\Http\\Request))
#72 /Users/aldyhelix/Projects/www/backend_rmi/vendor/laravel/framework/src/Illuminate/Pipeline/Pipeline.php(167): Illuminate\\Foundation\\Http\\Middleware\\ValidatePostSize->handle(Object(Illuminate\\Http\\Request), Object(Closure))
#73 /Users/aldyhelix/Projects/www/backend_rmi/vendor/laravel/framework/src/Illuminate/Foundation/Http/Middleware/PreventRequestsDuringMaintenance.php(86): Illuminate\\Pipeline\\Pipeline->Illuminate\\Pipeline\\{closure}(Object(Illuminate\\Http\\Request))
#74 /Users/aldyhelix/Projects/www/backend_rmi/vendor/laravel/framework/src/Illuminate/Pipeline/Pipeline.php(167): Illuminate\\Foundation\\Http\\Middleware\\PreventRequestsDuringMaintenance->handle(Object(Illuminate\\Http\\Request), Object(Closure))
#75 /Users/aldyhelix/Projects/www/backend_rmi/vendor/fruitcake/laravel-cors/src/HandleCors.php(38): Illuminate\\Pipeline\\Pipeline->Illuminate\\Pipeline\\{closure}(Object(Illuminate\\Http\\Request))
#76 /Users/aldyhelix/Projects/www/backend_rmi/vendor/laravel/framework/src/Illuminate/Pipeline/Pipeline.php(167): Fruitcake\\Cors\\HandleCors->handle(Object(Illuminate\\Http\\Request), Object(Closure))
#77 /Users/aldyhelix/Projects/www/backend_rmi/vendor/laravel/framework/src/Illuminate/Http/Middleware/TrustProxies.php(39): Illuminate\\Pipeline\\Pipeline->Illuminate\\Pipeline\\{closure}(Object(Illuminate\\Http\\Request))
#78 /Users/aldyhelix/Projects/www/backend_rmi/vendor/laravel/framework/src/Illuminate/Pipeline/Pipeline.php(167): Illuminate\\Http\\Middleware\\TrustProxies->handle(Object(Illuminate\\Http\\Request), Object(Closure))
#79 /Users/aldyhelix/Projects/www/backend_rmi/vendor/laravel/framework/src/Illuminate/Pipeline/Pipeline.php(103): Illuminate\\Pipeline\\Pipeline->Illuminate\\Pipeline\\{closure}(Object(Illuminate\\Http\\Request))
#80 /Users/aldyhelix/Projects/www/backend_rmi/vendor/laravel/framework/src/Illuminate/Foundation/Http/Kernel.php(142): Illuminate\\Pipeline\\Pipeline->then(Object(Closure))
#81 /Users/aldyhelix/Projects/www/backend_rmi/vendor/laravel/framework/src/Illuminate/Foundation/Http/Kernel.php(111): Illuminate\\Foundation\\Http\\Kernel->sendRequestThroughRouter(Object(Illuminate\\Http\\Request))
#82 /Users/aldyhelix/Projects/www/backend_rmi/public/index.php(58): Illuminate\\Foundation\\Http\\Kernel->handle(Object(Illuminate\\Http\\Request))
#83 /Applications/Herd.app/Contents/Resources/valet/server.php(153): require('/Users/aldyheli...')
#84 {main}
"} 
[2024-06-09 14:38:46] production.ERROR: Unsupported operand types: stdClass - float (View: /Users/aldyhelix/Projects/www/backend_rmi/resources/views/admin/dashboard/platform.blade.php) {"view":{"view":"/Users/aldyhelix/Projects/www/backend_rmi/app/Http/Livewire/Dashboard.php","data":[]},"userId":1,"exception":"[object] (Facade\\Ignition\\Exceptions\\ViewException(code: 0): Unsupported operand types: stdClass - float (View: /Users/aldyhelix/Projects/www/backend_rmi/resources/views/admin/dashboard/platform.blade.php) at /Users/aldyhelix/Projects/www/backend_rmi/app/Http/Livewire/Dashboard.php:139)
[stacktrace]
#0 /Users/aldyhelix/Projects/www/backend_rmi/vendor/laravel/framework/src/Illuminate/Container/BoundMethod.php(36): App\\Http\\Livewire\\Dashboard->mount(9, 0, 7, 3, 16, 0, 0, 0, 0, 0, 0, 0, 0, 0)
#1 /Users/aldyhelix/Projects/www/backend_rmi/vendor/laravel/framework/src/Illuminate/Container/Util.php(40): Illuminate\\Container\\BoundMethod::Illuminate\\Container\\{closure}()
#2 /Users/aldyhelix/Projects/www/backend_rmi/vendor/laravel/framework/src/Illuminate/Container/BoundMethod.php(93): Illuminate\\Container\\Util::unwrapIfClosure(Object(Closure))
#3 /Users/aldyhelix/Projects/www/backend_rmi/vendor/laravel/framework/src/Illuminate/Container/BoundMethod.php(35): Illuminate\\Container\\BoundMethod::callBoundMethod(Object(Illuminate\\Foundation\\Application), Array, Object(Closure))
#4 /Users/aldyhelix/Projects/www/backend_rmi/vendor/livewire/livewire/src/LifecycleManager.php(114): Illuminate\\Container\\BoundMethod::call(Object(Illuminate\\Foundation\\Application), Array, Array)
#5 /Users/aldyhelix/Projects/www/backend_rmi/vendor/livewire/livewire/src/LivewireManager.php(130): Livewire\\LifecycleManager->mount(Array)
#6 /Users/aldyhelix/Projects/www/backend_rmi/vendor/laravel/framework/src/Illuminate/Support/Facades/Facade.php(261): Livewire\\LivewireManager->mount('dashboard', Array)
#7 /Users/aldyhelix/Projects/www/backend_rmi/resources/views/admin/dashboard/platform.blade.php(13): Illuminate\\Support\\Facades\\Facade::__callStatic('mount', Array)
#8 /Users/aldyhelix/Projects/www/backend_rmi/vendor/laravel/framework/src/Illuminate/Filesystem/Filesystem.php(107): require('/Users/aldyheli...')
#9 /Users/aldyhelix/Projects/www/backend_rmi/vendor/laravel/framework/src/Illuminate/Filesystem/Filesystem.php(108): Illuminate\\Filesystem\\Filesystem::Illuminate\\Filesystem\\{closure}()
#10 /Users/aldyhelix/Projects/www/backend_rmi/vendor/laravel/framework/src/Illuminate/View/Engines/PhpEngine.php(58): Illuminate\\Filesystem\\Filesystem->getRequire('/Users/aldyheli...', Array)
#11 /Users/aldyhelix/Projects/www/backend_rmi/vendor/livewire/livewire/src/ComponentConcerns/RendersLivewireComponents.php(69): Illuminate\\View\\Engines\\PhpEngine->evaluatePath('/Users/aldyheli...', Array)
#12 /Users/aldyhelix/Projects/www/backend_rmi/vendor/laravel/framework/src/Illuminate/View/Engines/CompilerEngine.php(61): Livewire\\CompilerEngineForIgnition->evaluatePath('/Users/aldyheli...', Array)
#13 /Users/aldyhelix/Projects/www/backend_rmi/vendor/facade/ignition/src/Views/Engines/CompilerEngine.php(37): Illuminate\\View\\Engines\\CompilerEngine->get('/Users/aldyheli...', Array)
#14 /Users/aldyhelix/Projects/www/backend_rmi/vendor/livewire/livewire/src/ComponentConcerns/RendersLivewireComponents.php(35): Facade\\Ignition\\Views\\Engines\\CompilerEngine->get('/Users/aldyheli...', Array)
#15 /Users/aldyhelix/Projects/www/backend_rmi/vendor/laravel/framework/src/Illuminate/View/View.php(139): Livewire\\CompilerEngineForIgnition->get('/Users/aldyheli...', Array)
#16 /Users/aldyhelix/Projects/www/backend_rmi/vendor/laravel/framework/src/Illuminate/View/View.php(122): Illuminate\\View\\View->getContents()
#17 /Users/aldyhelix/Projects/www/backend_rmi/vendor/laravel/framework/src/Illuminate/View/View.php(91): Illuminate\\View\\View->renderContents()
#18 /Users/aldyhelix/Projects/www/backend_rmi/vendor/laravel/framework/src/Illuminate/Http/Response.php(69): Illuminate\\View\\View->render()
#19 /Users/aldyhelix/Projects/www/backend_rmi/vendor/laravel/framework/src/Illuminate/Http/Response.php(35): Illuminate\\Http\\Response->setContent(Object(Illuminate\\View\\View))
#20 /Users/aldyhelix/Projects/www/backend_rmi/vendor/laravel/framework/src/Illuminate/Routing/Router.php(820): Illuminate\\Http\\Response->__construct(Object(Illuminate\\View\\View), 200, Array)
#21 /Users/aldyhelix/Projects/www/backend_rmi/vendor/laravel/framework/src/Illuminate/Routing/Router.php(789): Illuminate\\Routing\\Router::toResponse(Object(Illuminate\\Http\\Request), Object(Illuminate\\View\\View))
#22 /Users/aldyhelix/Projects/www/backend_rmi/vendor/laravel/framework/src/Illuminate/Routing/Router.php(720): Illuminate\\Routing\\Router->prepareResponse(Object(Illuminate\\Http\\Request), Object(Illuminate\\View\\View))
#23 /Users/aldyhelix/Projects/www/backend_rmi/vendor/laravel/framework/src/Illuminate/Pipeline/Pipeline.php(128): Illuminate\\Routing\\Router->Illuminate\\Routing\\{closure}(Object(Illuminate\\Http\\Request))
#24 /Users/aldyhelix/Projects/www/backend_rmi/app/Http/Middleware/DashboardSetup.php(22): Illuminate\\Pipeline\\Pipeline->Illuminate\\Pipeline\\{closure}(Object(Illuminate\\Http\\Request))
#25 /Users/aldyhelix/Projects/www/backend_rmi/vendor/laravel/framework/src/Illuminate/Pipeline/Pipeline.php(167): App\\Http\\Middleware\\DashboardSetup->handle(Object(Illuminate\\Http\\Request), Object(Closure))
#26 /Users/aldyhelix/Projects/www/backend_rmi/app/Http/Middleware/CheckIfBillingInfoRequired.php(24): Illuminate\\Pipeline\\Pipeline->Illuminate\\Pipeline\\{closure}(Object(Illuminate\\Http\\Request))
#27 /Users/aldyhelix/Projects/www/backend_rmi/vendor/laravel/framework/src/Illuminate/Pipeline/Pipeline.php(167): App\\Http\\Middleware\\CheckIfBillingInfoRequired->handle(Object(Illuminate\\Http\\Request), Object(Closure))
#28 /Users/aldyhelix/Projects/www/backend_rmi/app/Http/Middleware/VerifyUserIsSubscribed.php(25): Illuminate\\Pipeline\\Pipeline->Illuminate\\Pipeline\\{closure}(Object(Illuminate\\Http\\Request))
#29 /Users/aldyhelix/Projects/www/backend_rmi/vendor/laravel/framework/src/Illuminate/Pipeline/Pipeline.php(167): App\\Http\\Middleware\\VerifyUserIsSubscribed->handle(Object(Illuminate\\Http\\Request), Object(Closure))
#30 /Users/aldyhelix/Projects/www/backend_rmi/app/Http/Middleware/CookieConsentMiddleware.php(21): Illuminate\\Pipeline\\Pipeline->Illuminate\\Pipeline\\{closure}(Object(Illuminate\\Http\\Request))
#31 /Users/aldyhelix/Projects/www/backend_rmi/vendor/laravel/framework/src/Illuminate/Pipeline/Pipeline.php(167): App\\Http\\Middleware\\CookieConsentMiddleware->handle(Object(Illuminate\\Http\\Request), Object(Closure))
#32 /Users/aldyhelix/Projects/www/backend_rmi/app/Http/Middleware/Language.php(64): Illuminate\\Pipeline\\Pipeline->Illuminate\\Pipeline\\{closure}(Object(Illuminate\\Http\\Request))
#33 /Users/aldyhelix/Projects/www/backend_rmi/vendor/laravel/framework/src/Illuminate/Pipeline/Pipeline.php(167): App\\Http\\Middleware\\Language->handle(Object(Illuminate\\Http\\Request), Object(Closure))
#34 /Users/aldyhelix/Projects/www/backend_rmi/app/Http/Middleware/InitSettings.php(8): Illuminate\\Pipeline\\Pipeline->Illuminate\\Pipeline\\{closure}(Object(Illuminate\\Http\\Request))
#35 /Users/aldyhelix/Projects/www/backend_rmi/vendor/laravel/framework/src/Illuminate/Pipeline/Pipeline.php(167): App\\Http\\Middleware\\InitSettings->handle(Object(Illuminate\\Http\\Request), Object(Closure))
#36 /Users/aldyhelix/Projects/www/backend_rmi/vendor/laravel/framework/src/Illuminate/Routing/Middleware/SubstituteBindings.php(50): Illuminate\\Pipeline\\Pipeline->Illuminate\\Pipeline\\{closure}(Object(Illuminate\\Http\\Request))
#37 /Users/aldyhelix/Projects/www/backend_rmi/vendor/laravel/framework/src/Illuminate/Pipeline/Pipeline.php(167): Illuminate\\Routing\\Middleware\\SubstituteBindings->handle(Object(Illuminate\\Http\\Request), Object(Closure))
#38 /Users/aldyhelix/Projects/www/backend_rmi/vendor/laravel/framework/src/Illuminate/Auth/Middleware/Authenticate.php(44): Illuminate\\Pipeline\\Pipeline->Illuminate\\Pipeline\\{closure}(Object(Illuminate\\Http\\Request))
#39 /Users/aldyhelix/Projects/www/backend_rmi/vendor/laravel/framework/src/Illuminate/Pipeline/Pipeline.php(167): Illuminate\\Auth\\Middleware\\Authenticate->handle(Object(Illuminate\\Http\\Request), Object(Closure))
#40 /Users/aldyhelix/Projects/www/backend_rmi/vendor/laravel/framework/src/Illuminate/Foundation/Http/Middleware/VerifyCsrfToken.php(78): Illuminate\\Pipeline\\Pipeline->Illuminate\\Pipeline\\{closure}(Object(Illuminate\\Http\\Request))
#41 /Users/aldyhelix/Projects/www/backend_rmi/vendor/laravel/framework/src/Illuminate/Pipeline/Pipeline.php(167): Illuminate\\Foundation\\Http\\Middleware\\VerifyCsrfToken->handle(Object(Illuminate\\Http\\Request), Object(Closure))
#42 /Users/aldyhelix/Projects/www/backend_rmi/vendor/laravel/framework/src/Illuminate/View/Middleware/ShareErrorsFromSession.php(49): Illuminate\\Pipeline\\Pipeline->Illuminate\\Pipeline\\{closure}(Object(Illuminate\\Http\\Request))
#43 /Users/aldyhelix/Projects/www/backend_rmi/vendor/laravel/framework/src/Illuminate/Pipeline/Pipeline.php(167): Illuminate\\View\\Middleware\\ShareErrorsFromSession->handle(Object(Illuminate\\Http\\Request), Object(Closure))
#44 /Users/aldyhelix/Projects/www/backend_rmi/vendor/laravel/framework/src/Illuminate/Session/Middleware/StartSession.php(121): Illuminate\\Pipeline\\Pipeline->Illuminate\\Pipeline\\{closure}(Object(Illuminate\\Http\\Request))
#45 /Users/aldyhelix/Projects/www/backend_rmi/vendor/laravel/framework/src/Illuminate/Session/Middleware/StartSession.php(64): Illuminate\\Session\\Middleware\\StartSession->handleStatefulRequest(Object(Illuminate\\Http\\Request), Object(Illuminate\\Session\\EncryptedStore), Object(Closure))
#46 /Users/aldyhelix/Projects/www/backend_rmi/vendor/laravel/framework/src/Illuminate/Pipeline/Pipeline.php(167): Illuminate\\Session\\Middleware\\StartSession->handle(Object(Illuminate\\Http\\Request), Object(Closure))
#47 /Users/aldyhelix/Projects/www/backend_rmi/vendor/laravel/framework/src/Illuminate/Cookie/Middleware/AddQueuedCookiesToResponse.php(37): Illuminate\\Pipeline\\Pipeline->Illuminate\\Pipeline\\{closure}(Object(Illuminate\\Http\\Request))
#48 /Users/aldyhelix/Projects/www/backend_rmi/vendor/laravel/framework/src/Illuminate/Pipeline/Pipeline.php(167): Illuminate\\Cookie\\Middleware\\AddQueuedCookiesToResponse->handle(Object(Illuminate\\Http\\Request), Object(Closure))
#49 /Users/aldyhelix/Projects/www/backend_rmi/vendor/laravel/framework/src/Illuminate/Cookie/Middleware/EncryptCookies.php(67): Illuminate\\Pipeline\\Pipeline->Illuminate\\Pipeline\\{closure}(Object(Illuminate\\Http\\Request))
#50 /Users/aldyhelix/Projects/www/backend_rmi/vendor/laravel/framework/src/Illuminate/Pipeline/Pipeline.php(167): Illuminate\\Cookie\\Middleware\\EncryptCookies->handle(Object(Illuminate\\Http\\Request), Object(Closure))
#51 /Users/aldyhelix/Projects/www/backend_rmi/vendor/laravel/framework/src/Illuminate/Pipeline/Pipeline.php(103): Illuminate\\Pipeline\\Pipeline->Illuminate\\Pipeline\\{closure}(Object(Illuminate\\Http\\Request))
#52 /Users/aldyhelix/Projects/www/backend_rmi/vendor/laravel/framework/src/Illuminate/Routing/Router.php(719): Illuminate\\Pipeline\\Pipeline->then(Object(Closure))
#53 /Users/aldyhelix/Projects/www/backend_rmi/vendor/laravel/framework/src/Illuminate/Routing/Router.php(698): Illuminate\\Routing\\Router->runRouteWithinStack(Object(Illuminate\\Routing\\Route), Object(Illuminate\\Http\\Request))
#54 /Users/aldyhelix/Projects/www/backend_rmi/vendor/laravel/framework/src/Illuminate/Routing/Router.php(662): Illuminate\\Routing\\Router->runRoute(Object(Illuminate\\Http\\Request), Object(Illuminate\\Routing\\Route))
#55 /Users/aldyhelix/Projects/www/backend_rmi/vendor/laravel/framework/src/Illuminate/Routing/Router.php(651): Illuminate\\Routing\\Router->dispatchToRoute(Object(Illuminate\\Http\\Request))
#56 /Users/aldyhelix/Projects/www/backend_rmi/vendor/laravel/framework/src/Illuminate/Foundation/Http/Kernel.php(167): Illuminate\\Routing\\Router->dispatch(Object(Illuminate\\Http\\Request))
#57 /Users/aldyhelix/Projects/www/backend_rmi/vendor/laravel/framework/src/Illuminate/Pipeline/Pipeline.php(128): Illuminate\\Foundation\\Http\\Kernel->Illuminate\\Foundation\\Http\\{closure}(Object(Illuminate\\Http\\Request))
#58 /Users/aldyhelix/Projects/www/backend_rmi/vendor/livewire/livewire/src/DisableBrowserCache.php(19): Illuminate\\Pipeline\\Pipeline->Illuminate\\Pipeline\\{closure}(Object(Illuminate\\Http\\Request))
#59 /Users/aldyhelix/Projects/www/backend_rmi/vendor/laravel/framework/src/Illuminate/Pipeline/Pipeline.php(167): Livewire\\DisableBrowserCache->handle(Object(Illuminate\\Http\\Request), Object(Closure))
#60 /Users/aldyhelix/Projects/www/backend_rmi/vendor/barryvdh/laravel-debugbar/src/Middleware/InjectDebugbar.php(66): Illuminate\\Pipeline\\Pipeline->Illuminate\\Pipeline\\{closure}(Object(Illuminate\\Http\\Request))
#61 /Users/aldyhelix/Projects/www/backend_rmi/vendor/laravel/framework/src/Illuminate/Pipeline/Pipeline.php(167): Barryvdh\\Debugbar\\Middleware\\InjectDebugbar->handle(Object(Illuminate\\Http\\Request), Object(Closure))
#62 /Users/aldyhelix/Projects/www/backend_rmi/app/Http/Middleware/CheckForInstallation.php(19): Illuminate\\Pipeline\\Pipeline->Illuminate\\Pipeline\\{closure}(Object(Illuminate\\Http\\Request))
#63 /Users/aldyhelix/Projects/www/backend_rmi/vendor/laravel/framework/src/Illuminate/Pipeline/Pipeline.php(167): App\\Http\\Middleware\\CheckForInstallation->handle(Object(Illuminate\\Http\\Request), Object(Closure))
#64 /Users/aldyhelix/Projects/www/backend_rmi/vendor/laravel/framework/src/Illuminate/Foundation/Http/Middleware/TransformsRequest.php(21): Illuminate\\Pipeline\\Pipeline->Illuminate\\Pipeline\\{closure}(Object(Illuminate\\Http\\Request))
#65 /Users/aldyhelix/Projects/www/backend_rmi/vendor/laravel/framework/src/Illuminate/Foundation/Http/Middleware/ConvertEmptyStringsToNull.php(31): Illuminate\\Foundation\\Http\\Middleware\\TransformsRequest->handle(Object(Illuminate\\Http\\Request), Object(Closure))
#66 /Users/aldyhelix/Projects/www/backend_rmi/vendor/laravel/framework/src/Illuminate/Pipeline/Pipeline.php(167): Illuminate\\Foundation\\Http\\Middleware\\ConvertEmptyStringsToNull->handle(Object(Illuminate\\Http\\Request), Object(Closure))
#67 /Users/aldyhelix/Projects/www/backend_rmi/vendor/laravel/framework/src/Illuminate/Foundation/Http/Middleware/TransformsRequest.php(21): Illuminate\\Pipeline\\Pipeline->Illuminate\\Pipeline\\{closure}(Object(Illuminate\\Http\\Request))
#68 /Users/aldyhelix/Projects/www/backend_rmi/vendor/laravel/framework/src/Illuminate/Foundation/Http/Middleware/TrimStrings.php(40): Illuminate\\Foundation\\Http\\Middleware\\TransformsRequest->handle(Object(Illuminate\\Http\\Request), Object(Closure))
#69 /Users/aldyhelix/Projects/www/backend_rmi/vendor/laravel/framework/src/Illuminate/Pipeline/Pipeline.php(167): Illuminate\\Foundation\\Http\\Middleware\\TrimStrings->handle(Object(Illuminate\\Http\\Request), Object(Closure))
#70 /Users/aldyhelix/Projects/www/backend_rmi/vendor/laravel/framework/src/Illuminate/Foundation/Http/Middleware/ValidatePostSize.php(27): Illuminate\\Pipeline\\Pipeline->Illuminate\\Pipeline\\{closure}(Object(Illuminate\\Http\\Request))
#71 /Users/aldyhelix/Projects/www/backend_rmi/vendor/laravel/framework/src/Illuminate/Pipeline/Pipeline.php(167): Illuminate\\Foundation\\Http\\Middleware\\ValidatePostSize->handle(Object(Illuminate\\Http\\Request), Object(Closure))
#72 /Users/aldyhelix/Projects/www/backend_rmi/vendor/laravel/framework/src/Illuminate/Foundation/Http/Middleware/PreventRequestsDuringMaintenance.php(86): Illuminate\\Pipeline\\Pipeline->Illuminate\\Pipeline\\{closure}(Object(Illuminate\\Http\\Request))
#73 /Users/aldyhelix/Projects/www/backend_rmi/vendor/laravel/framework/src/Illuminate/Pipeline/Pipeline.php(167): Illuminate\\Foundation\\Http\\Middleware\\PreventRequestsDuringMaintenance->handle(Object(Illuminate\\Http\\Request), Object(Closure))
#74 /Users/aldyhelix/Projects/www/backend_rmi/vendor/fruitcake/laravel-cors/src/HandleCors.php(38): Illuminate\\Pipeline\\Pipeline->Illuminate\\Pipeline\\{closure}(Object(Illuminate\\Http\\Request))
#75 /Users/aldyhelix/Projects/www/backend_rmi/vendor/laravel/framework/src/Illuminate/Pipeline/Pipeline.php(167): Fruitcake\\Cors\\HandleCors->handle(Object(Illuminate\\Http\\Request), Object(Closure))
#76 /Users/aldyhelix/Projects/www/backend_rmi/vendor/laravel/framework/src/Illuminate/Http/Middleware/TrustProxies.php(39): Illuminate\\Pipeline\\Pipeline->Illuminate\\Pipeline\\{closure}(Object(Illuminate\\Http\\Request))
#77 /Users/aldyhelix/Projects/www/backend_rmi/vendor/laravel/framework/src/Illuminate/Pipeline/Pipeline.php(167): Illuminate\\Http\\Middleware\\TrustProxies->handle(Object(Illuminate\\Http\\Request), Object(Closure))
#78 /Users/aldyhelix/Projects/www/backend_rmi/vendor/laravel/framework/src/Illuminate/Pipeline/Pipeline.php(103): Illuminate\\Pipeline\\Pipeline->Illuminate\\Pipeline\\{closure}(Object(Illuminate\\Http\\Request))
#79 /Users/aldyhelix/Projects/www/backend_rmi/vendor/laravel/framework/src/Illuminate/Foundation/Http/Kernel.php(142): Illuminate\\Pipeline\\Pipeline->then(Object(Closure))
#80 /Users/aldyhelix/Projects/www/backend_rmi/vendor/laravel/framework/src/Illuminate/Foundation/Http/Kernel.php(111): Illuminate\\Foundation\\Http\\Kernel->sendRequestThroughRouter(Object(Illuminate\\Http\\Request))
#81 /Users/aldyhelix/Projects/www/backend_rmi/public/index.php(58): Illuminate\\Foundation\\Http\\Kernel->handle(Object(Illuminate\\Http\\Request))
#82 /Applications/Herd.app/Contents/Resources/valet/server.php(153): require('/Users/aldyheli...')
#83 {main}

[previous exception] [object] (TypeError(code: 0): Unsupported operand types: stdClass - float at /Users/aldyhelix/Projects/www/backend_rmi/app/Http/Livewire/Dashboard.php:139)
[stacktrace]
#0 /Users/aldyhelix/Projects/www/backend_rmi/vendor/laravel/framework/src/Illuminate/Container/BoundMethod.php(36): App\\Http\\Livewire\\Dashboard->mount(9, 0, 7, 3, 16, 0, 0, 0, 0, 0, 0, 0, 0, 0)
#1 /Users/aldyhelix/Projects/www/backend_rmi/vendor/laravel/framework/src/Illuminate/Container/Util.php(40): Illuminate\\Container\\BoundMethod::Illuminate\\Container\\{closure}()
#2 /Users/aldyhelix/Projects/www/backend_rmi/vendor/laravel/framework/src/Illuminate/Container/BoundMethod.php(93): Illuminate\\Container\\Util::unwrapIfClosure(Object(Closure))
#3 /Users/aldyhelix/Projects/www/backend_rmi/vendor/laravel/framework/src/Illuminate/Container/BoundMethod.php(35): Illuminate\\Container\\BoundMethod::callBoundMethod(Object(Illuminate\\Foundation\\Application), Array, Object(Closure))
#4 /Users/aldyhelix/Projects/www/backend_rmi/vendor/livewire/livewire/src/LifecycleManager.php(114): Illuminate\\Container\\BoundMethod::call(Object(Illuminate\\Foundation\\Application), Array, Array)
#5 /Users/aldyhelix/Projects/www/backend_rmi/vendor/livewire/livewire/src/LivewireManager.php(130): Livewire\\LifecycleManager->mount(Array)
#6 /Users/aldyhelix/Projects/www/backend_rmi/vendor/laravel/framework/src/Illuminate/Support/Facades/Facade.php(261): Livewire\\LivewireManager->mount('dashboard', Array)
#7 /Users/aldyhelix/Projects/www/backend_rmi/storage/framework/views/7614a377bf597da1c7ed67416eae576b7feee755.php(13): Illuminate\\Support\\Facades\\Facade::__callStatic('mount', Array)
#8 /Users/aldyhelix/Projects/www/backend_rmi/vendor/laravel/framework/src/Illuminate/Filesystem/Filesystem.php(107): require('/Users/aldyheli...')
#9 /Users/aldyhelix/Projects/www/backend_rmi/vendor/laravel/framework/src/Illuminate/Filesystem/Filesystem.php(108): Illuminate\\Filesystem\\Filesystem::Illuminate\\Filesystem\\{closure}()
#10 /Users/aldyhelix/Projects/www/backend_rmi/vendor/laravel/framework/src/Illuminate/View/Engines/PhpEngine.php(58): Illuminate\\Filesystem\\Filesystem->getRequire('/Users/aldyheli...', Array)
#11 /Users/aldyhelix/Projects/www/backend_rmi/vendor/livewire/livewire/src/ComponentConcerns/RendersLivewireComponents.php(69): Illuminate\\View\\Engines\\PhpEngine->evaluatePath('/Users/aldyheli...', Array)
#12 /Users/aldyhelix/Projects/www/backend_rmi/vendor/laravel/framework/src/Illuminate/View/Engines/CompilerEngine.php(61): Livewire\\CompilerEngineForIgnition->evaluatePath('/Users/aldyheli...', Array)
#13 /Users/aldyhelix/Projects/www/backend_rmi/vendor/facade/ignition/src/Views/Engines/CompilerEngine.php(37): Illuminate\\View\\Engines\\CompilerEngine->get('/Users/aldyheli...', Array)
#14 /Users/aldyhelix/Projects/www/backend_rmi/vendor/livewire/livewire/src/ComponentConcerns/RendersLivewireComponents.php(35): Facade\\Ignition\\Views\\Engines\\CompilerEngine->get('/Users/aldyheli...', Array)
#15 /Users/aldyhelix/Projects/www/backend_rmi/vendor/laravel/framework/src/Illuminate/View/View.php(139): Livewire\\CompilerEngineForIgnition->get('/Users/aldyheli...', Array)
#16 /Users/aldyhelix/Projects/www/backend_rmi/vendor/laravel/framework/src/Illuminate/View/View.php(122): Illuminate\\View\\View->getContents()
#17 /Users/aldyhelix/Projects/www/backend_rmi/vendor/laravel/framework/src/Illuminate/View/View.php(91): Illuminate\\View\\View->renderContents()
#18 /Users/aldyhelix/Projects/www/backend_rmi/vendor/laravel/framework/src/Illuminate/Http/Response.php(69): Illuminate\\View\\View->render()
#19 /Users/aldyhelix/Projects/www/backend_rmi/vendor/laravel/framework/src/Illuminate/Http/Response.php(35): Illuminate\\Http\\Response->setContent(Object(Illuminate\\View\\View))
#20 /Users/aldyhelix/Projects/www/backend_rmi/vendor/laravel/framework/src/Illuminate/Routing/Router.php(820): Illuminate\\Http\\Response->__construct(Object(Illuminate\\View\\View), 200, Array)
#21 /Users/aldyhelix/Projects/www/backend_rmi/vendor/laravel/framework/src/Illuminate/Routing/Router.php(789): Illuminate\\Routing\\Router::toResponse(Object(Illuminate\\Http\\Request), Object(Illuminate\\View\\View))
#22 /Users/aldyhelix/Projects/www/backend_rmi/vendor/laravel/framework/src/Illuminate/Routing/Router.php(720): Illuminate\\Routing\\Router->prepareResponse(Object(Illuminate\\Http\\Request), Object(Illuminate\\View\\View))
#23 /Users/aldyhelix/Projects/www/backend_rmi/vendor/laravel/framework/src/Illuminate/Pipeline/Pipeline.php(128): Illuminate\\Routing\\Router->Illuminate\\Routing\\{closure}(Object(Illuminate\\Http\\Request))
#24 /Users/aldyhelix/Projects/www/backend_rmi/app/Http/Middleware/DashboardSetup.php(22): Illuminate\\Pipeline\\Pipeline->Illuminate\\Pipeline\\{closure}(Object(Illuminate\\Http\\Request))
#25 /Users/aldyhelix/Projects/www/backend_rmi/vendor/laravel/framework/src/Illuminate/Pipeline/Pipeline.php(167): App\\Http\\Middleware\\DashboardSetup->handle(Object(Illuminate\\Http\\Request), Object(Closure))
#26 /Users/aldyhelix/Projects/www/backend_rmi/app/Http/Middleware/CheckIfBillingInfoRequired.php(24): Illuminate\\Pipeline\\Pipeline->Illuminate\\Pipeline\\{closure}(Object(Illuminate\\Http\\Request))
#27 /Users/aldyhelix/Projects/www/backend_rmi/vendor/laravel/framework/src/Illuminate/Pipeline/Pipeline.php(167): App\\Http\\Middleware\\CheckIfBillingInfoRequired->handle(Object(Illuminate\\Http\\Request), Object(Closure))
#28 /Users/aldyhelix/Projects/www/backend_rmi/app/Http/Middleware/VerifyUserIsSubscribed.php(25): Illuminate\\Pipeline\\Pipeline->Illuminate\\Pipeline\\{closure}(Object(Illuminate\\Http\\Request))
#29 /Users/aldyhelix/Projects/www/backend_rmi/vendor/laravel/framework/src/Illuminate/Pipeline/Pipeline.php(167): App\\Http\\Middleware\\VerifyUserIsSubscribed->handle(Object(Illuminate\\Http\\Request), Object(Closure))
#30 /Users/aldyhelix/Projects/www/backend_rmi/app/Http/Middleware/CookieConsentMiddleware.php(21): Illuminate\\Pipeline\\Pipeline->Illuminate\\Pipeline\\{closure}(Object(Illuminate\\Http\\Request))
#31 /Users/aldyhelix/Projects/www/backend_rmi/vendor/laravel/framework/src/Illuminate/Pipeline/Pipeline.php(167): App\\Http\\Middleware\\CookieConsentMiddleware->handle(Object(Illuminate\\Http\\Request), Object(Closure))
#32 /Users/aldyhelix/Projects/www/backend_rmi/app/Http/Middleware/Language.php(64): Illuminate\\Pipeline\\Pipeline->Illuminate\\Pipeline\\{closure}(Object(Illuminate\\Http\\Request))
#33 /Users/aldyhelix/Projects/www/backend_rmi/vendor/laravel/framework/src/Illuminate/Pipeline/Pipeline.php(167): App\\Http\\Middleware\\Language->handle(Object(Illuminate\\Http\\Request), Object(Closure))
#34 /Users/aldyhelix/Projects/www/backend_rmi/app/Http/Middleware/InitSettings.php(8): Illuminate\\Pipeline\\Pipeline->Illuminate\\Pipeline\\{closure}(Object(Illuminate\\Http\\Request))
#35 /Users/aldyhelix/Projects/www/backend_rmi/vendor/laravel/framework/src/Illuminate/Pipeline/Pipeline.php(167): App\\Http\\Middleware\\InitSettings->handle(Object(Illuminate\\Http\\Request), Object(Closure))
#36 /Users/aldyhelix/Projects/www/backend_rmi/vendor/laravel/framework/src/Illuminate/Routing/Middleware/SubstituteBindings.php(50): Illuminate\\Pipeline\\Pipeline->Illuminate\\Pipeline\\{closure}(Object(Illuminate\\Http\\Request))
#37 /Users/aldyhelix/Projects/www/backend_rmi/vendor/laravel/framework/src/Illuminate/Pipeline/Pipeline.php(167): Illuminate\\Routing\\Middleware\\SubstituteBindings->handle(Object(Illuminate\\Http\\Request), Object(Closure))
#38 /Users/aldyhelix/Projects/www/backend_rmi/vendor/laravel/framework/src/Illuminate/Auth/Middleware/Authenticate.php(44): Illuminate\\Pipeline\\Pipeline->Illuminate\\Pipeline\\{closure}(Object(Illuminate\\Http\\Request))
#39 /Users/aldyhelix/Projects/www/backend_rmi/vendor/laravel/framework/src/Illuminate/Pipeline/Pipeline.php(167): Illuminate\\Auth\\Middleware\\Authenticate->handle(Object(Illuminate\\Http\\Request), Object(Closure))
#40 /Users/aldyhelix/Projects/www/backend_rmi/vendor/laravel/framework/src/Illuminate/Foundation/Http/Middleware/VerifyCsrfToken.php(78): Illuminate\\Pipeline\\Pipeline->Illuminate\\Pipeline\\{closure}(Object(Illuminate\\Http\\Request))
#41 /Users/aldyhelix/Projects/www/backend_rmi/vendor/laravel/framework/src/Illuminate/Pipeline/Pipeline.php(167): Illuminate\\Foundation\\Http\\Middleware\\VerifyCsrfToken->handle(Object(Illuminate\\Http\\Request), Object(Closure))
#42 /Users/aldyhelix/Projects/www/backend_rmi/vendor/laravel/framework/src/Illuminate/View/Middleware/ShareErrorsFromSession.php(49): Illuminate\\Pipeline\\Pipeline->Illuminate\\Pipeline\\{closure}(Object(Illuminate\\Http\\Request))
#43 /Users/aldyhelix/Projects/www/backend_rmi/vendor/laravel/framework/src/Illuminate/Pipeline/Pipeline.php(167): Illuminate\\View\\Middleware\\ShareErrorsFromSession->handle(Object(Illuminate\\Http\\Request), Object(Closure))
#44 /Users/aldyhelix/Projects/www/backend_rmi/vendor/laravel/framework/src/Illuminate/Session/Middleware/StartSession.php(121): Illuminate\\Pipeline\\Pipeline->Illuminate\\Pipeline\\{closure}(Object(Illuminate\\Http\\Request))
#45 /Users/aldyhelix/Projects/www/backend_rmi/vendor/laravel/framework/src/Illuminate/Session/Middleware/StartSession.php(64): Illuminate\\Session\\Middleware\\StartSession->handleStatefulRequest(Object(Illuminate\\Http\\Request), Object(Illuminate\\Session\\EncryptedStore), Object(Closure))
#46 /Users/aldyhelix/Projects/www/backend_rmi/vendor/laravel/framework/src/Illuminate/Pipeline/Pipeline.php(167): Illuminate\\Session\\Middleware\\StartSession->handle(Object(Illuminate\\Http\\Request), Object(Closure))
#47 /Users/aldyhelix/Projects/www/backend_rmi/vendor/laravel/framework/src/Illuminate/Cookie/Middleware/AddQueuedCookiesToResponse.php(37): Illuminate\\Pipeline\\Pipeline->Illuminate\\Pipeline\\{closure}(Object(Illuminate\\Http\\Request))
#48 /Users/aldyhelix/Projects/www/backend_rmi/vendor/laravel/framework/src/Illuminate/Pipeline/Pipeline.php(167): Illuminate\\Cookie\\Middleware\\AddQueuedCookiesToResponse->handle(Object(Illuminate\\Http\\Request), Object(Closure))
#49 /Users/aldyhelix/Projects/www/backend_rmi/vendor/laravel/framework/src/Illuminate/Cookie/Middleware/EncryptCookies.php(67): Illuminate\\Pipeline\\Pipeline->Illuminate\\Pipeline\\{closure}(Object(Illuminate\\Http\\Request))
#50 /Users/aldyhelix/Projects/www/backend_rmi/vendor/laravel/framework/src/Illuminate/Pipeline/Pipeline.php(167): Illuminate\\Cookie\\Middleware\\EncryptCookies->handle(Object(Illuminate\\Http\\Request), Object(Closure))
#51 /Users/aldyhelix/Projects/www/backend_rmi/vendor/laravel/framework/src/Illuminate/Pipeline/Pipeline.php(103): Illuminate\\Pipeline\\Pipeline->Illuminate\\Pipeline\\{closure}(Object(Illuminate\\Http\\Request))
#52 /Users/aldyhelix/Projects/www/backend_rmi/vendor/laravel/framework/src/Illuminate/Routing/Router.php(719): Illuminate\\Pipeline\\Pipeline->then(Object(Closure))
#53 /Users/aldyhelix/Projects/www/backend_rmi/vendor/laravel/framework/src/Illuminate/Routing/Router.php(698): Illuminate\\Routing\\Router->runRouteWithinStack(Object(Illuminate\\Routing\\Route), Object(Illuminate\\Http\\Request))
#54 /Users/aldyhelix/Projects/www/backend_rmi/vendor/laravel/framework/src/Illuminate/Routing/Router.php(662): Illuminate\\Routing\\Router->runRoute(Object(Illuminate\\Http\\Request), Object(Illuminate\\Routing\\Route))
#55 /Users/aldyhelix/Projects/www/backend_rmi/vendor/laravel/framework/src/Illuminate/Routing/Router.php(651): Illuminate\\Routing\\Router->dispatchToRoute(Object(Illuminate\\Http\\Request))
#56 /Users/aldyhelix/Projects/www/backend_rmi/vendor/laravel/framework/src/Illuminate/Foundation/Http/Kernel.php(167): Illuminate\\Routing\\Router->dispatch(Object(Illuminate\\Http\\Request))
#57 /Users/aldyhelix/Projects/www/backend_rmi/vendor/laravel/framework/src/Illuminate/Pipeline/Pipeline.php(128): Illuminate\\Foundation\\Http\\Kernel->Illuminate\\Foundation\\Http\\{closure}(Object(Illuminate\\Http\\Request))
#58 /Users/aldyhelix/Projects/www/backend_rmi/vendor/livewire/livewire/src/DisableBrowserCache.php(19): Illuminate\\Pipeline\\Pipeline->Illuminate\\Pipeline\\{closure}(Object(Illuminate\\Http\\Request))
#59 /Users/aldyhelix/Projects/www/backend_rmi/vendor/laravel/framework/src/Illuminate/Pipeline/Pipeline.php(167): Livewire\\DisableBrowserCache->handle(Object(Illuminate\\Http\\Request), Object(Closure))
#60 /Users/aldyhelix/Projects/www/backend_rmi/vendor/barryvdh/laravel-debugbar/src/Middleware/InjectDebugbar.php(66): Illuminate\\Pipeline\\Pipeline->Illuminate\\Pipeline\\{closure}(Object(Illuminate\\Http\\Request))
#61 /Users/aldyhelix/Projects/www/backend_rmi/vendor/laravel/framework/src/Illuminate/Pipeline/Pipeline.php(167): Barryvdh\\Debugbar\\Middleware\\InjectDebugbar->handle(Object(Illuminate\\Http\\Request), Object(Closure))
#62 /Users/aldyhelix/Projects/www/backend_rmi/app/Http/Middleware/CheckForInstallation.php(19): Illuminate\\Pipeline\\Pipeline->Illuminate\\Pipeline\\{closure}(Object(Illuminate\\Http\\Request))
#63 /Users/aldyhelix/Projects/www/backend_rmi/vendor/laravel/framework/src/Illuminate/Pipeline/Pipeline.php(167): App\\Http\\Middleware\\CheckForInstallation->handle(Object(Illuminate\\Http\\Request), Object(Closure))
#64 /Users/aldyhelix/Projects/www/backend_rmi/vendor/laravel/framework/src/Illuminate/Foundation/Http/Middleware/TransformsRequest.php(21): Illuminate\\Pipeline\\Pipeline->Illuminate\\Pipeline\\{closure}(Object(Illuminate\\Http\\Request))
#65 /Users/aldyhelix/Projects/www/backend_rmi/vendor/laravel/framework/src/Illuminate/Foundation/Http/Middleware/ConvertEmptyStringsToNull.php(31): Illuminate\\Foundation\\Http\\Middleware\\TransformsRequest->handle(Object(Illuminate\\Http\\Request), Object(Closure))
#66 /Users/aldyhelix/Projects/www/backend_rmi/vendor/laravel/framework/src/Illuminate/Pipeline/Pipeline.php(167): Illuminate\\Foundation\\Http\\Middleware\\ConvertEmptyStringsToNull->handle(Object(Illuminate\\Http\\Request), Object(Closure))
#67 /Users/aldyhelix/Projects/www/backend_rmi/vendor/laravel/framework/src/Illuminate/Foundation/Http/Middleware/TransformsRequest.php(21): Illuminate\\Pipeline\\Pipeline->Illuminate\\Pipeline\\{closure}(Object(Illuminate\\Http\\Request))
#68 /Users/aldyhelix/Projects/www/backend_rmi/vendor/laravel/framework/src/Illuminate/Foundation/Http/Middleware/TrimStrings.php(40): Illuminate\\Foundation\\Http\\Middleware\\TransformsRequest->handle(Object(Illuminate\\Http\\Request), Object(Closure))
#69 /Users/aldyhelix/Projects/www/backend_rmi/vendor/laravel/framework/src/Illuminate/Pipeline/Pipeline.php(167): Illuminate\\Foundation\\Http\\Middleware\\TrimStrings->handle(Object(Illuminate\\Http\\Request), Object(Closure))
#70 /Users/aldyhelix/Projects/www/backend_rmi/vendor/laravel/framework/src/Illuminate/Foundation/Http/Middleware/ValidatePostSize.php(27): Illuminate\\Pipeline\\Pipeline->Illuminate\\Pipeline\\{closure}(Object(Illuminate\\Http\\Request))
#71 /Users/aldyhelix/Projects/www/backend_rmi/vendor/laravel/framework/src/Illuminate/Pipeline/Pipeline.php(167): Illuminate\\Foundation\\Http\\Middleware\\ValidatePostSize->handle(Object(Illuminate\\Http\\Request), Object(Closure))
#72 /Users/aldyhelix/Projects/www/backend_rmi/vendor/laravel/framework/src/Illuminate/Foundation/Http/Middleware/PreventRequestsDuringMaintenance.php(86): Illuminate\\Pipeline\\Pipeline->Illuminate\\Pipeline\\{closure}(Object(Illuminate\\Http\\Request))
#73 /Users/aldyhelix/Projects/www/backend_rmi/vendor/laravel/framework/src/Illuminate/Pipeline/Pipeline.php(167): Illuminate\\Foundation\\Http\\Middleware\\PreventRequestsDuringMaintenance->handle(Object(Illuminate\\Http\\Request), Object(Closure))
#74 /Users/aldyhelix/Projects/www/backend_rmi/vendor/fruitcake/laravel-cors/src/HandleCors.php(38): Illuminate\\Pipeline\\Pipeline->Illuminate\\Pipeline\\{closure}(Object(Illuminate\\Http\\Request))
#75 /Users/aldyhelix/Projects/www/backend_rmi/vendor/laravel/framework/src/Illuminate/Pipeline/Pipeline.php(167): Fruitcake\\Cors\\HandleCors->handle(Object(Illuminate\\Http\\Request), Object(Closure))
#76 /Users/aldyhelix/Projects/www/backend_rmi/vendor/laravel/framework/src/Illuminate/Http/Middleware/TrustProxies.php(39): Illuminate\\Pipeline\\Pipeline->Illuminate\\Pipeline\\{closure}(Object(Illuminate\\Http\\Request))
#77 /Users/aldyhelix/Projects/www/backend_rmi/vendor/laravel/framework/src/Illuminate/Pipeline/Pipeline.php(167): Illuminate\\Http\\Middleware\\TrustProxies->handle(Object(Illuminate\\Http\\Request), Object(Closure))
#78 /Users/aldyhelix/Projects/www/backend_rmi/vendor/laravel/framework/src/Illuminate/Pipeline/Pipeline.php(103): Illuminate\\Pipeline\\Pipeline->Illuminate\\Pipeline\\{closure}(Object(Illuminate\\Http\\Request))
#79 /Users/aldyhelix/Projects/www/backend_rmi/vendor/laravel/framework/src/Illuminate/Foundation/Http/Kernel.php(142): Illuminate\\Pipeline\\Pipeline->then(Object(Closure))
#80 /Users/aldyhelix/Projects/www/backend_rmi/vendor/laravel/framework/src/Illuminate/Foundation/Http/Kernel.php(111): Illuminate\\Foundation\\Http\\Kernel->sendRequestThroughRouter(Object(Illuminate\\Http\\Request))
#81 /Users/aldyhelix/Projects/www/backend_rmi/public/index.php(58): Illuminate\\Foundation\\Http\\Kernel->handle(Object(Illuminate\\Http\\Request))
#82 /Applications/Herd.app/Contents/Resources/valet/server.php(153): require('/Users/aldyheli...')
#83 {main}
"} 
[2024-06-09 14:39:10] production.ERROR: Object of class stdClass could not be converted to int (View: /Users/aldyhelix/Projects/www/backend_rmi/resources/views/admin/dashboard/platform.blade.php) {"view":{"view":"/Users/aldyhelix/Projects/www/backend_rmi/app/Http/Livewire/Dashboard.php","data":[]},"userId":1,"exception":"[object] (Facade\\Ignition\\Exceptions\\ViewException(code: 0): Object of class stdClass could not be converted to int (View: /Users/aldyhelix/Projects/www/backend_rmi/resources/views/admin/dashboard/platform.blade.php) at /Users/aldyhelix/Projects/www/backend_rmi/app/Http/Livewire/Dashboard.php:139)
[stacktrace]
#0 [internal function]: Illuminate\\Foundation\\Bootstrap\\HandleExceptions->handleError(2, 'Object of class...', '/Users/aldyheli...', 139)
#1 /Users/aldyhelix/Projects/www/backend_rmi/app/Http/Livewire/Dashboard.php(139): intval(Object(stdClass))
#2 /Users/aldyhelix/Projects/www/backend_rmi/vendor/laravel/framework/src/Illuminate/Container/BoundMethod.php(36): App\\Http\\Livewire\\Dashboard->mount(9, 0, 7, 3, 16, 0, 0, 0, 0, 0, 0, 0, 0, 0)
#3 /Users/aldyhelix/Projects/www/backend_rmi/vendor/laravel/framework/src/Illuminate/Container/Util.php(40): Illuminate\\Container\\BoundMethod::Illuminate\\Container\\{closure}()
#4 /Users/aldyhelix/Projects/www/backend_rmi/vendor/laravel/framework/src/Illuminate/Container/BoundMethod.php(93): Illuminate\\Container\\Util::unwrapIfClosure(Object(Closure))
#5 /Users/aldyhelix/Projects/www/backend_rmi/vendor/laravel/framework/src/Illuminate/Container/BoundMethod.php(35): Illuminate\\Container\\BoundMethod::callBoundMethod(Object(Illuminate\\Foundation\\Application), Array, Object(Closure))
#6 /Users/aldyhelix/Projects/www/backend_rmi/vendor/livewire/livewire/src/LifecycleManager.php(114): Illuminate\\Container\\BoundMethod::call(Object(Illuminate\\Foundation\\Application), Array, Array)
#7 /Users/aldyhelix/Projects/www/backend_rmi/vendor/livewire/livewire/src/LivewireManager.php(130): Livewire\\LifecycleManager->mount(Array)
#8 /Users/aldyhelix/Projects/www/backend_rmi/vendor/laravel/framework/src/Illuminate/Support/Facades/Facade.php(261): Livewire\\LivewireManager->mount('dashboard', Array)
#9 /Users/aldyhelix/Projects/www/backend_rmi/resources/views/admin/dashboard/platform.blade.php(13): Illuminate\\Support\\Facades\\Facade::__callStatic('mount', Array)
#10 /Users/aldyhelix/Projects/www/backend_rmi/vendor/laravel/framework/src/Illuminate/Filesystem/Filesystem.php(107): require('/Users/aldyheli...')
#11 /Users/aldyhelix/Projects/www/backend_rmi/vendor/laravel/framework/src/Illuminate/Filesystem/Filesystem.php(108): Illuminate\\Filesystem\\Filesystem::Illuminate\\Filesystem\\{closure}()
#12 /Users/aldyhelix/Projects/www/backend_rmi/vendor/laravel/framework/src/Illuminate/View/Engines/PhpEngine.php(58): Illuminate\\Filesystem\\Filesystem->getRequire('/Users/aldyheli...', Array)
#13 /Users/aldyhelix/Projects/www/backend_rmi/vendor/livewire/livewire/src/ComponentConcerns/RendersLivewireComponents.php(69): Illuminate\\View\\Engines\\PhpEngine->evaluatePath('/Users/aldyheli...', Array)
#14 /Users/aldyhelix/Projects/www/backend_rmi/vendor/laravel/framework/src/Illuminate/View/Engines/CompilerEngine.php(61): Livewire\\CompilerEngineForIgnition->evaluatePath('/Users/aldyheli...', Array)
#15 /Users/aldyhelix/Projects/www/backend_rmi/vendor/facade/ignition/src/Views/Engines/CompilerEngine.php(37): Illuminate\\View\\Engines\\CompilerEngine->get('/Users/aldyheli...', Array)
#16 /Users/aldyhelix/Projects/www/backend_rmi/vendor/livewire/livewire/src/ComponentConcerns/RendersLivewireComponents.php(35): Facade\\Ignition\\Views\\Engines\\CompilerEngine->get('/Users/aldyheli...', Array)
#17 /Users/aldyhelix/Projects/www/backend_rmi/vendor/laravel/framework/src/Illuminate/View/View.php(139): Livewire\\CompilerEngineForIgnition->get('/Users/aldyheli...', Array)
#18 /Users/aldyhelix/Projects/www/backend_rmi/vendor/laravel/framework/src/Illuminate/View/View.php(122): Illuminate\\View\\View->getContents()
#19 /Users/aldyhelix/Projects/www/backend_rmi/vendor/laravel/framework/src/Illuminate/View/View.php(91): Illuminate\\View\\View->renderContents()
#20 /Users/aldyhelix/Projects/www/backend_rmi/vendor/laravel/framework/src/Illuminate/Http/Response.php(69): Illuminate\\View\\View->render()
#21 /Users/aldyhelix/Projects/www/backend_rmi/vendor/laravel/framework/src/Illuminate/Http/Response.php(35): Illuminate\\Http\\Response->setContent(Object(Illuminate\\View\\View))
#22 /Users/aldyhelix/Projects/www/backend_rmi/vendor/laravel/framework/src/Illuminate/Routing/Router.php(820): Illuminate\\Http\\Response->__construct(Object(Illuminate\\View\\View), 200, Array)
#23 /Users/aldyhelix/Projects/www/backend_rmi/vendor/laravel/framework/src/Illuminate/Routing/Router.php(789): Illuminate\\Routing\\Router::toResponse(Object(Illuminate\\Http\\Request), Object(Illuminate\\View\\View))
#24 /Users/aldyhelix/Projects/www/backend_rmi/vendor/laravel/framework/src/Illuminate/Routing/Router.php(720): Illuminate\\Routing\\Router->prepareResponse(Object(Illuminate\\Http\\Request), Object(Illuminate\\View\\View))
#25 /Users/aldyhelix/Projects/www/backend_rmi/vendor/laravel/framework/src/Illuminate/Pipeline/Pipeline.php(128): Illuminate\\Routing\\Router->Illuminate\\Routing\\{closure}(Object(Illuminate\\Http\\Request))
#26 /Users/aldyhelix/Projects/www/backend_rmi/app/Http/Middleware/DashboardSetup.php(22): Illuminate\\Pipeline\\Pipeline->Illuminate\\Pipeline\\{closure}(Object(Illuminate\\Http\\Request))
#27 /Users/aldyhelix/Projects/www/backend_rmi/vendor/laravel/framework/src/Illuminate/Pipeline/Pipeline.php(167): App\\Http\\Middleware\\DashboardSetup->handle(Object(Illuminate\\Http\\Request), Object(Closure))
#28 /Users/aldyhelix/Projects/www/backend_rmi/app/Http/Middleware/CheckIfBillingInfoRequired.php(24): Illuminate\\Pipeline\\Pipeline->Illuminate\\Pipeline\\{closure}(Object(Illuminate\\Http\\Request))
#29 /Users/aldyhelix/Projects/www/backend_rmi/vendor/laravel/framework/src/Illuminate/Pipeline/Pipeline.php(167): App\\Http\\Middleware\\CheckIfBillingInfoRequired->handle(Object(Illuminate\\Http\\Request), Object(Closure))
#30 /Users/aldyhelix/Projects/www/backend_rmi/app/Http/Middleware/VerifyUserIsSubscribed.php(25): Illuminate\\Pipeline\\Pipeline->Illuminate\\Pipeline\\{closure}(Object(Illuminate\\Http\\Request))
#31 /Users/aldyhelix/Projects/www/backend_rmi/vendor/laravel/framework/src/Illuminate/Pipeline/Pipeline.php(167): App\\Http\\Middleware\\VerifyUserIsSubscribed->handle(Object(Illuminate\\Http\\Request), Object(Closure))
#32 /Users/aldyhelix/Projects/www/backend_rmi/app/Http/Middleware/CookieConsentMiddleware.php(21): Illuminate\\Pipeline\\Pipeline->Illuminate\\Pipeline\\{closure}(Object(Illuminate\\Http\\Request))
#33 /Users/aldyhelix/Projects/www/backend_rmi/vendor/laravel/framework/src/Illuminate/Pipeline/Pipeline.php(167): App\\Http\\Middleware\\CookieConsentMiddleware->handle(Object(Illuminate\\Http\\Request), Object(Closure))
#34 /Users/aldyhelix/Projects/www/backend_rmi/app/Http/Middleware/Language.php(64): Illuminate\\Pipeline\\Pipeline->Illuminate\\Pipeline\\{closure}(Object(Illuminate\\Http\\Request))
#35 /Users/aldyhelix/Projects/www/backend_rmi/vendor/laravel/framework/src/Illuminate/Pipeline/Pipeline.php(167): App\\Http\\Middleware\\Language->handle(Object(Illuminate\\Http\\Request), Object(Closure))
#36 /Users/aldyhelix/Projects/www/backend_rmi/app/Http/Middleware/InitSettings.php(8): Illuminate\\Pipeline\\Pipeline->Illuminate\\Pipeline\\{closure}(Object(Illuminate\\Http\\Request))
#37 /Users/aldyhelix/Projects/www/backend_rmi/vendor/laravel/framework/src/Illuminate/Pipeline/Pipeline.php(167): App\\Http\\Middleware\\InitSettings->handle(Object(Illuminate\\Http\\Request), Object(Closure))
#38 /Users/aldyhelix/Projects/www/backend_rmi/vendor/laravel/framework/src/Illuminate/Routing/Middleware/SubstituteBindings.php(50): Illuminate\\Pipeline\\Pipeline->Illuminate\\Pipeline\\{closure}(Object(Illuminate\\Http\\Request))
#39 /Users/aldyhelix/Projects/www/backend_rmi/vendor/laravel/framework/src/Illuminate/Pipeline/Pipeline.php(167): Illuminate\\Routing\\Middleware\\SubstituteBindings->handle(Object(Illuminate\\Http\\Request), Object(Closure))
#40 /Users/aldyhelix/Projects/www/backend_rmi/vendor/laravel/framework/src/Illuminate/Auth/Middleware/Authenticate.php(44): Illuminate\\Pipeline\\Pipeline->Illuminate\\Pipeline\\{closure}(Object(Illuminate\\Http\\Request))
#41 /Users/aldyhelix/Projects/www/backend_rmi/vendor/laravel/framework/src/Illuminate/Pipeline/Pipeline.php(167): Illuminate\\Auth\\Middleware\\Authenticate->handle(Object(Illuminate\\Http\\Request), Object(Closure))
#42 /Users/aldyhelix/Projects/www/backend_rmi/vendor/laravel/framework/src/Illuminate/Foundation/Http/Middleware/VerifyCsrfToken.php(78): Illuminate\\Pipeline\\Pipeline->Illuminate\\Pipeline\\{closure}(Object(Illuminate\\Http\\Request))
#43 /Users/aldyhelix/Projects/www/backend_rmi/vendor/laravel/framework/src/Illuminate/Pipeline/Pipeline.php(167): Illuminate\\Foundation\\Http\\Middleware\\VerifyCsrfToken->handle(Object(Illuminate\\Http\\Request), Object(Closure))
#44 /Users/aldyhelix/Projects/www/backend_rmi/vendor/laravel/framework/src/Illuminate/View/Middleware/ShareErrorsFromSession.php(49): Illuminate\\Pipeline\\Pipeline->Illuminate\\Pipeline\\{closure}(Object(Illuminate\\Http\\Request))
#45 /Users/aldyhelix/Projects/www/backend_rmi/vendor/laravel/framework/src/Illuminate/Pipeline/Pipeline.php(167): Illuminate\\View\\Middleware\\ShareErrorsFromSession->handle(Object(Illuminate\\Http\\Request), Object(Closure))
#46 /Users/aldyhelix/Projects/www/backend_rmi/vendor/laravel/framework/src/Illuminate/Session/Middleware/StartSession.php(121): Illuminate\\Pipeline\\Pipeline->Illuminate\\Pipeline\\{closure}(Object(Illuminate\\Http\\Request))
#47 /Users/aldyhelix/Projects/www/backend_rmi/vendor/laravel/framework/src/Illuminate/Session/Middleware/StartSession.php(64): Illuminate\\Session\\Middleware\\StartSession->handleStatefulRequest(Object(Illuminate\\Http\\Request), Object(Illuminate\\Session\\EncryptedStore), Object(Closure))
#48 /Users/aldyhelix/Projects/www/backend_rmi/vendor/laravel/framework/src/Illuminate/Pipeline/Pipeline.php(167): Illuminate\\Session\\Middleware\\StartSession->handle(Object(Illuminate\\Http\\Request), Object(Closure))
#49 /Users/aldyhelix/Projects/www/backend_rmi/vendor/laravel/framework/src/Illuminate/Cookie/Middleware/AddQueuedCookiesToResponse.php(37): Illuminate\\Pipeline\\Pipeline->Illuminate\\Pipeline\\{closure}(Object(Illuminate\\Http\\Request))
#50 /Users/aldyhelix/Projects/www/backend_rmi/vendor/laravel/framework/src/Illuminate/Pipeline/Pipeline.php(167): Illuminate\\Cookie\\Middleware\\AddQueuedCookiesToResponse->handle(Object(Illuminate\\Http\\Request), Object(Closure))
#51 /Users/aldyhelix/Projects/www/backend_rmi/vendor/laravel/framework/src/Illuminate/Cookie/Middleware/EncryptCookies.php(67): Illuminate\\Pipeline\\Pipeline->Illuminate\\Pipeline\\{closure}(Object(Illuminate\\Http\\Request))
#52 /Users/aldyhelix/Projects/www/backend_rmi/vendor/laravel/framework/src/Illuminate/Pipeline/Pipeline.php(167): Illuminate\\Cookie\\Middleware\\EncryptCookies->handle(Object(Illuminate\\Http\\Request), Object(Closure))
#53 /Users/aldyhelix/Projects/www/backend_rmi/vendor/laravel/framework/src/Illuminate/Pipeline/Pipeline.php(103): Illuminate\\Pipeline\\Pipeline->Illuminate\\Pipeline\\{closure}(Object(Illuminate\\Http\\Request))
#54 /Users/aldyhelix/Projects/www/backend_rmi/vendor/laravel/framework/src/Illuminate/Routing/Router.php(719): Illuminate\\Pipeline\\Pipeline->then(Object(Closure))
#55 /Users/aldyhelix/Projects/www/backend_rmi/vendor/laravel/framework/src/Illuminate/Routing/Router.php(698): Illuminate\\Routing\\Router->runRouteWithinStack(Object(Illuminate\\Routing\\Route), Object(Illuminate\\Http\\Request))
#56 /Users/aldyhelix/Projects/www/backend_rmi/vendor/laravel/framework/src/Illuminate/Routing/Router.php(662): Illuminate\\Routing\\Router->runRoute(Object(Illuminate\\Http\\Request), Object(Illuminate\\Routing\\Route))
#57 /Users/aldyhelix/Projects/www/backend_rmi/vendor/laravel/framework/src/Illuminate/Routing/Router.php(651): Illuminate\\Routing\\Router->dispatchToRoute(Object(Illuminate\\Http\\Request))
#58 /Users/aldyhelix/Projects/www/backend_rmi/vendor/laravel/framework/src/Illuminate/Foundation/Http/Kernel.php(167): Illuminate\\Routing\\Router->dispatch(Object(Illuminate\\Http\\Request))
#59 /Users/aldyhelix/Projects/www/backend_rmi/vendor/laravel/framework/src/Illuminate/Pipeline/Pipeline.php(128): Illuminate\\Foundation\\Http\\Kernel->Illuminate\\Foundation\\Http\\{closure}(Object(Illuminate\\Http\\Request))
#60 /Users/aldyhelix/Projects/www/backend_rmi/vendor/livewire/livewire/src/DisableBrowserCache.php(19): Illuminate\\Pipeline\\Pipeline->Illuminate\\Pipeline\\{closure}(Object(Illuminate\\Http\\Request))
#61 /Users/aldyhelix/Projects/www/backend_rmi/vendor/laravel/framework/src/Illuminate/Pipeline/Pipeline.php(167): Livewire\\DisableBrowserCache->handle(Object(Illuminate\\Http\\Request), Object(Closure))
#62 /Users/aldyhelix/Projects/www/backend_rmi/vendor/barryvdh/laravel-debugbar/src/Middleware/InjectDebugbar.php(66): Illuminate\\Pipeline\\Pipeline->Illuminate\\Pipeline\\{closure}(Object(Illuminate\\Http\\Request))
#63 /Users/aldyhelix/Projects/www/backend_rmi/vendor/laravel/framework/src/Illuminate/Pipeline/Pipeline.php(167): Barryvdh\\Debugbar\\Middleware\\InjectDebugbar->handle(Object(Illuminate\\Http\\Request), Object(Closure))
#64 /Users/aldyhelix/Projects/www/backend_rmi/app/Http/Middleware/CheckForInstallation.php(19): Illuminate\\Pipeline\\Pipeline->Illuminate\\Pipeline\\{closure}(Object(Illuminate\\Http\\Request))
#65 /Users/aldyhelix/Projects/www/backend_rmi/vendor/laravel/framework/src/Illuminate/Pipeline/Pipeline.php(167): App\\Http\\Middleware\\CheckForInstallation->handle(Object(Illuminate\\Http\\Request), Object(Closure))
#66 /Users/aldyhelix/Projects/www/backend_rmi/vendor/laravel/framework/src/Illuminate/Foundation/Http/Middleware/TransformsRequest.php(21): Illuminate\\Pipeline\\Pipeline->Illuminate\\Pipeline\\{closure}(Object(Illuminate\\Http\\Request))
#67 /Users/aldyhelix/Projects/www/backend_rmi/vendor/laravel/framework/src/Illuminate/Foundation/Http/Middleware/ConvertEmptyStringsToNull.php(31): Illuminate\\Foundation\\Http\\Middleware\\TransformsRequest->handle(Object(Illuminate\\Http\\Request), Object(Closure))
#68 /Users/aldyhelix/Projects/www/backend_rmi/vendor/laravel/framework/src/Illuminate/Pipeline/Pipeline.php(167): Illuminate\\Foundation\\Http\\Middleware\\ConvertEmptyStringsToNull->handle(Object(Illuminate\\Http\\Request), Object(Closure))
#69 /Users/aldyhelix/Projects/www/backend_rmi/vendor/laravel/framework/src/Illuminate/Foundation/Http/Middleware/TransformsRequest.php(21): Illuminate\\Pipeline\\Pipeline->Illuminate\\Pipeline\\{closure}(Object(Illuminate\\Http\\Request))
#70 /Users/aldyhelix/Projects/www/backend_rmi/vendor/laravel/framework/src/Illuminate/Foundation/Http/Middleware/TrimStrings.php(40): Illuminate\\Foundation\\Http\\Middleware\\TransformsRequest->handle(Object(Illuminate\\Http\\Request), Object(Closure))
#71 /Users/aldyhelix/Projects/www/backend_rmi/vendor/laravel/framework/src/Illuminate/Pipeline/Pipeline.php(167): Illuminate\\Foundation\\Http\\Middleware\\TrimStrings->handle(Object(Illuminate\\Http\\Request), Object(Closure))
#72 /Users/aldyhelix/Projects/www/backend_rmi/vendor/laravel/framework/src/Illuminate/Foundation/Http/Middleware/ValidatePostSize.php(27): Illuminate\\Pipeline\\Pipeline->Illuminate\\Pipeline\\{closure}(Object(Illuminate\\Http\\Request))
#73 /Users/aldyhelix/Projects/www/backend_rmi/vendor/laravel/framework/src/Illuminate/Pipeline/Pipeline.php(167): Illuminate\\Foundation\\Http\\Middleware\\ValidatePostSize->handle(Object(Illuminate\\Http\\Request), Object(Closure))
#74 /Users/aldyhelix/Projects/www/backend_rmi/vendor/laravel/framework/src/Illuminate/Foundation/Http/Middleware/PreventRequestsDuringMaintenance.php(86): Illuminate\\Pipeline\\Pipeline->Illuminate\\Pipeline\\{closure}(Object(Illuminate\\Http\\Request))
#75 /Users/aldyhelix/Projects/www/backend_rmi/vendor/laravel/framework/src/Illuminate/Pipeline/Pipeline.php(167): Illuminate\\Foundation\\Http\\Middleware\\PreventRequestsDuringMaintenance->handle(Object(Illuminate\\Http\\Request), Object(Closure))
#76 /Users/aldyhelix/Projects/www/backend_rmi/vendor/fruitcake/laravel-cors/src/HandleCors.php(38): Illuminate\\Pipeline\\Pipeline->Illuminate\\Pipeline\\{closure}(Object(Illuminate\\Http\\Request))
#77 /Users/aldyhelix/Projects/www/backend_rmi/vendor/laravel/framework/src/Illuminate/Pipeline/Pipeline.php(167): Fruitcake\\Cors\\HandleCors->handle(Object(Illuminate\\Http\\Request), Object(Closure))
#78 /Users/aldyhelix/Projects/www/backend_rmi/vendor/laravel/framework/src/Illuminate/Http/Middleware/TrustProxies.php(39): Illuminate\\Pipeline\\Pipeline->Illuminate\\Pipeline\\{closure}(Object(Illuminate\\Http\\Request))
#79 /Users/aldyhelix/Projects/www/backend_rmi/vendor/laravel/framework/src/Illuminate/Pipeline/Pipeline.php(167): Illuminate\\Http\\Middleware\\TrustProxies->handle(Object(Illuminate\\Http\\Request), Object(Closure))
#80 /Users/aldyhelix/Projects/www/backend_rmi/vendor/laravel/framework/src/Illuminate/Pipeline/Pipeline.php(103): Illuminate\\Pipeline\\Pipeline->Illuminate\\Pipeline\\{closure}(Object(Illuminate\\Http\\Request))
#81 /Users/aldyhelix/Projects/www/backend_rmi/vendor/laravel/framework/src/Illuminate/Foundation/Http/Kernel.php(142): Illuminate\\Pipeline\\Pipeline->then(Object(Closure))
#82 /Users/aldyhelix/Projects/www/backend_rmi/vendor/laravel/framework/src/Illuminate/Foundation/Http/Kernel.php(111): Illuminate\\Foundation\\Http\\Kernel->sendRequestThroughRouter(Object(Illuminate\\Http\\Request))
#83 /Users/aldyhelix/Projects/www/backend_rmi/public/index.php(58): Illuminate\\Foundation\\Http\\Kernel->handle(Object(Illuminate\\Http\\Request))
#84 /Applications/Herd.app/Contents/Resources/valet/server.php(153): require('/Users/aldyheli...')
#85 {main}

[previous exception] [object] (ErrorException(code: 0): Object of class stdClass could not be converted to int at /Users/aldyhelix/Projects/www/backend_rmi/app/Http/Livewire/Dashboard.php:139)
[stacktrace]
#0 [internal function]: Illuminate\\Foundation\\Bootstrap\\HandleExceptions->handleError(2, 'Object of class...', '/Users/aldyheli...', 139)
#1 /Users/aldyhelix/Projects/www/backend_rmi/app/Http/Livewire/Dashboard.php(139): intval(Object(stdClass))
#2 /Users/aldyhelix/Projects/www/backend_rmi/vendor/laravel/framework/src/Illuminate/Container/BoundMethod.php(36): App\\Http\\Livewire\\Dashboard->mount(9, 0, 7, 3, 16, 0, 0, 0, 0, 0, 0, 0, 0, 0)
#3 /Users/aldyhelix/Projects/www/backend_rmi/vendor/laravel/framework/src/Illuminate/Container/Util.php(40): Illuminate\\Container\\BoundMethod::Illuminate\\Container\\{closure}()
#4 /Users/aldyhelix/Projects/www/backend_rmi/vendor/laravel/framework/src/Illuminate/Container/BoundMethod.php(93): Illuminate\\Container\\Util::unwrapIfClosure(Object(Closure))
#5 /Users/aldyhelix/Projects/www/backend_rmi/vendor/laravel/framework/src/Illuminate/Container/BoundMethod.php(35): Illuminate\\Container\\BoundMethod::callBoundMethod(Object(Illuminate\\Foundation\\Application), Array, Object(Closure))
#6 /Users/aldyhelix/Projects/www/backend_rmi/vendor/livewire/livewire/src/LifecycleManager.php(114): Illuminate\\Container\\BoundMethod::call(Object(Illuminate\\Foundation\\Application), Array, Array)
#7 /Users/aldyhelix/Projects/www/backend_rmi/vendor/livewire/livewire/src/LivewireManager.php(130): Livewire\\LifecycleManager->mount(Array)
#8 /Users/aldyhelix/Projects/www/backend_rmi/vendor/laravel/framework/src/Illuminate/Support/Facades/Facade.php(261): Livewire\\LivewireManager->mount('dashboard', Array)
#9 /Users/aldyhelix/Projects/www/backend_rmi/storage/framework/views/7614a377bf597da1c7ed67416eae576b7feee755.php(13): Illuminate\\Support\\Facades\\Facade::__callStatic('mount', Array)
#10 /Users/aldyhelix/Projects/www/backend_rmi/vendor/laravel/framework/src/Illuminate/Filesystem/Filesystem.php(107): require('/Users/aldyheli...')
#11 /Users/aldyhelix/Projects/www/backend_rmi/vendor/laravel/framework/src/Illuminate/Filesystem/Filesystem.php(108): Illuminate\\Filesystem\\Filesystem::Illuminate\\Filesystem\\{closure}()
#12 /Users/aldyhelix/Projects/www/backend_rmi/vendor/laravel/framework/src/Illuminate/View/Engines/PhpEngine.php(58): Illuminate\\Filesystem\\Filesystem->getRequire('/Users/aldyheli...', Array)
#13 /Users/aldyhelix/Projects/www/backend_rmi/vendor/livewire/livewire/src/ComponentConcerns/RendersLivewireComponents.php(69): Illuminate\\View\\Engines\\PhpEngine->evaluatePath('/Users/aldyheli...', Array)
#14 /Users/aldyhelix/Projects/www/backend_rmi/vendor/laravel/framework/src/Illuminate/View/Engines/CompilerEngine.php(61): Livewire\\CompilerEngineForIgnition->evaluatePath('/Users/aldyheli...', Array)
#15 /Users/aldyhelix/Projects/www/backend_rmi/vendor/facade/ignition/src/Views/Engines/CompilerEngine.php(37): Illuminate\\View\\Engines\\CompilerEngine->get('/Users/aldyheli...', Array)
#16 /Users/aldyhelix/Projects/www/backend_rmi/vendor/livewire/livewire/src/ComponentConcerns/RendersLivewireComponents.php(35): Facade\\Ignition\\Views\\Engines\\CompilerEngine->get('/Users/aldyheli...', Array)
#17 /Users/aldyhelix/Projects/www/backend_rmi/vendor/laravel/framework/src/Illuminate/View/View.php(139): Livewire\\CompilerEngineForIgnition->get('/Users/aldyheli...', Array)
#18 /Users/aldyhelix/Projects/www/backend_rmi/vendor/laravel/framework/src/Illuminate/View/View.php(122): Illuminate\\View\\View->getContents()
#19 /Users/aldyhelix/Projects/www/backend_rmi/vendor/laravel/framework/src/Illuminate/View/View.php(91): Illuminate\\View\\View->renderContents()
#20 /Users/aldyhelix/Projects/www/backend_rmi/vendor/laravel/framework/src/Illuminate/Http/Response.php(69): Illuminate\\View\\View->render()
#21 /Users/aldyhelix/Projects/www/backend_rmi/vendor/laravel/framework/src/Illuminate/Http/Response.php(35): Illuminate\\Http\\Response->setContent(Object(Illuminate\\View\\View))
#22 /Users/aldyhelix/Projects/www/backend_rmi/vendor/laravel/framework/src/Illuminate/Routing/Router.php(820): Illuminate\\Http\\Response->__construct(Object(Illuminate\\View\\View), 200, Array)
#23 /Users/aldyhelix/Projects/www/backend_rmi/vendor/laravel/framework/src/Illuminate/Routing/Router.php(789): Illuminate\\Routing\\Router::toResponse(Object(Illuminate\\Http\\Request), Object(Illuminate\\View\\View))
#24 /Users/aldyhelix/Projects/www/backend_rmi/vendor/laravel/framework/src/Illuminate/Routing/Router.php(720): Illuminate\\Routing\\Router->prepareResponse(Object(Illuminate\\Http\\Request), Object(Illuminate\\View\\View))
#25 /Users/aldyhelix/Projects/www/backend_rmi/vendor/laravel/framework/src/Illuminate/Pipeline/Pipeline.php(128): Illuminate\\Routing\\Router->Illuminate\\Routing\\{closure}(Object(Illuminate\\Http\\Request))
#26 /Users/aldyhelix/Projects/www/backend_rmi/app/Http/Middleware/DashboardSetup.php(22): Illuminate\\Pipeline\\Pipeline->Illuminate\\Pipeline\\{closure}(Object(Illuminate\\Http\\Request))
#27 /Users/aldyhelix/Projects/www/backend_rmi/vendor/laravel/framework/src/Illuminate/Pipeline/Pipeline.php(167): App\\Http\\Middleware\\DashboardSetup->handle(Object(Illuminate\\Http\\Request), Object(Closure))
#28 /Users/aldyhelix/Projects/www/backend_rmi/app/Http/Middleware/CheckIfBillingInfoRequired.php(24): Illuminate\\Pipeline\\Pipeline->Illuminate\\Pipeline\\{closure}(Object(Illuminate\\Http\\Request))
#29 /Users/aldyhelix/Projects/www/backend_rmi/vendor/laravel/framework/src/Illuminate/Pipeline/Pipeline.php(167): App\\Http\\Middleware\\CheckIfBillingInfoRequired->handle(Object(Illuminate\\Http\\Request), Object(Closure))
#30 /Users/aldyhelix/Projects/www/backend_rmi/app/Http/Middleware/VerifyUserIsSubscribed.php(25): Illuminate\\Pipeline\\Pipeline->Illuminate\\Pipeline\\{closure}(Object(Illuminate\\Http\\Request))
#31 /Users/aldyhelix/Projects/www/backend_rmi/vendor/laravel/framework/src/Illuminate/Pipeline/Pipeline.php(167): App\\Http\\Middleware\\VerifyUserIsSubscribed->handle(Object(Illuminate\\Http\\Request), Object(Closure))
#32 /Users/aldyhelix/Projects/www/backend_rmi/app/Http/Middleware/CookieConsentMiddleware.php(21): Illuminate\\Pipeline\\Pipeline->Illuminate\\Pipeline\\{closure}(Object(Illuminate\\Http\\Request))
#33 /Users/aldyhelix/Projects/www/backend_rmi/vendor/laravel/framework/src/Illuminate/Pipeline/Pipeline.php(167): App\\Http\\Middleware\\CookieConsentMiddleware->handle(Object(Illuminate\\Http\\Request), Object(Closure))
#34 /Users/aldyhelix/Projects/www/backend_rmi/app/Http/Middleware/Language.php(64): Illuminate\\Pipeline\\Pipeline->Illuminate\\Pipeline\\{closure}(Object(Illuminate\\Http\\Request))
#35 /Users/aldyhelix/Projects/www/backend_rmi/vendor/laravel/framework/src/Illuminate/Pipeline/Pipeline.php(167): App\\Http\\Middleware\\Language->handle(Object(Illuminate\\Http\\Request), Object(Closure))
#36 /Users/aldyhelix/Projects/www/backend_rmi/app/Http/Middleware/InitSettings.php(8): Illuminate\\Pipeline\\Pipeline->Illuminate\\Pipeline\\{closure}(Object(Illuminate\\Http\\Request))
#37 /Users/aldyhelix/Projects/www/backend_rmi/vendor/laravel/framework/src/Illuminate/Pipeline/Pipeline.php(167): App\\Http\\Middleware\\InitSettings->handle(Object(Illuminate\\Http\\Request), Object(Closure))
#38 /Users/aldyhelix/Projects/www/backend_rmi/vendor/laravel/framework/src/Illuminate/Routing/Middleware/SubstituteBindings.php(50): Illuminate\\Pipeline\\Pipeline->Illuminate\\Pipeline\\{closure}(Object(Illuminate\\Http\\Request))
#39 /Users/aldyhelix/Projects/www/backend_rmi/vendor/laravel/framework/src/Illuminate/Pipeline/Pipeline.php(167): Illuminate\\Routing\\Middleware\\SubstituteBindings->handle(Object(Illuminate\\Http\\Request), Object(Closure))
#40 /Users/aldyhelix/Projects/www/backend_rmi/vendor/laravel/framework/src/Illuminate/Auth/Middleware/Authenticate.php(44): Illuminate\\Pipeline\\Pipeline->Illuminate\\Pipeline\\{closure}(Object(Illuminate\\Http\\Request))
#41 /Users/aldyhelix/Projects/www/backend_rmi/vendor/laravel/framework/src/Illuminate/Pipeline/Pipeline.php(167): Illuminate\\Auth\\Middleware\\Authenticate->handle(Object(Illuminate\\Http\\Request), Object(Closure))
#42 /Users/aldyhelix/Projects/www/backend_rmi/vendor/laravel/framework/src/Illuminate/Foundation/Http/Middleware/VerifyCsrfToken.php(78): Illuminate\\Pipeline\\Pipeline->Illuminate\\Pipeline\\{closure}(Object(Illuminate\\Http\\Request))
#43 /Users/aldyhelix/Projects/www/backend_rmi/vendor/laravel/framework/src/Illuminate/Pipeline/Pipeline.php(167): Illuminate\\Foundation\\Http\\Middleware\\VerifyCsrfToken->handle(Object(Illuminate\\Http\\Request), Object(Closure))
#44 /Users/aldyhelix/Projects/www/backend_rmi/vendor/laravel/framework/src/Illuminate/View/Middleware/ShareErrorsFromSession.php(49): Illuminate\\Pipeline\\Pipeline->Illuminate\\Pipeline\\{closure}(Object(Illuminate\\Http\\Request))
#45 /Users/aldyhelix/Projects/www/backend_rmi/vendor/laravel/framework/src/Illuminate/Pipeline/Pipeline.php(167): Illuminate\\View\\Middleware\\ShareErrorsFromSession->handle(Object(Illuminate\\Http\\Request), Object(Closure))
#46 /Users/aldyhelix/Projects/www/backend_rmi/vendor/laravel/framework/src/Illuminate/Session/Middleware/StartSession.php(121): Illuminate\\Pipeline\\Pipeline->Illuminate\\Pipeline\\{closure}(Object(Illuminate\\Http\\Request))
#47 /Users/aldyhelix/Projects/www/backend_rmi/vendor/laravel/framework/src/Illuminate/Session/Middleware/StartSession.php(64): Illuminate\\Session\\Middleware\\StartSession->handleStatefulRequest(Object(Illuminate\\Http\\Request), Object(Illuminate\\Session\\EncryptedStore), Object(Closure))
#48 /Users/aldyhelix/Projects/www/backend_rmi/vendor/laravel/framework/src/Illuminate/Pipeline/Pipeline.php(167): Illuminate\\Session\\Middleware\\StartSession->handle(Object(Illuminate\\Http\\Request), Object(Closure))
#49 /Users/aldyhelix/Projects/www/backend_rmi/vendor/laravel/framework/src/Illuminate/Cookie/Middleware/AddQueuedCookiesToResponse.php(37): Illuminate\\Pipeline\\Pipeline->Illuminate\\Pipeline\\{closure}(Object(Illuminate\\Http\\Request))
#50 /Users/aldyhelix/Projects/www/backend_rmi/vendor/laravel/framework/src/Illuminate/Pipeline/Pipeline.php(167): Illuminate\\Cookie\\Middleware\\AddQueuedCookiesToResponse->handle(Object(Illuminate\\Http\\Request), Object(Closure))
#51 /Users/aldyhelix/Projects/www/backend_rmi/vendor/laravel/framework/src/Illuminate/Cookie/Middleware/EncryptCookies.php(67): Illuminate\\Pipeline\\Pipeline->Illuminate\\Pipeline\\{closure}(Object(Illuminate\\Http\\Request))
#52 /Users/aldyhelix/Projects/www/backend_rmi/vendor/laravel/framework/src/Illuminate/Pipeline/Pipeline.php(167): Illuminate\\Cookie\\Middleware\\EncryptCookies->handle(Object(Illuminate\\Http\\Request), Object(Closure))
#53 /Users/aldyhelix/Projects/www/backend_rmi/vendor/laravel/framework/src/Illuminate/Pipeline/Pipeline.php(103): Illuminate\\Pipeline\\Pipeline->Illuminate\\Pipeline\\{closure}(Object(Illuminate\\Http\\Request))
#54 /Users/aldyhelix/Projects/www/backend_rmi/vendor/laravel/framework/src/Illuminate/Routing/Router.php(719): Illuminate\\Pipeline\\Pipeline->then(Object(Closure))
#55 /Users/aldyhelix/Projects/www/backend_rmi/vendor/laravel/framework/src/Illuminate/Routing/Router.php(698): Illuminate\\Routing\\Router->runRouteWithinStack(Object(Illuminate\\Routing\\Route), Object(Illuminate\\Http\\Request))
#56 /Users/aldyhelix/Projects/www/backend_rmi/vendor/laravel/framework/src/Illuminate/Routing/Router.php(662): Illuminate\\Routing\\Router->runRoute(Object(Illuminate\\Http\\Request), Object(Illuminate\\Routing\\Route))
#57 /Users/aldyhelix/Projects/www/backend_rmi/vendor/laravel/framework/src/Illuminate/Routing/Router.php(651): Illuminate\\Routing\\Router->dispatchToRoute(Object(Illuminate\\Http\\Request))
#58 /Users/aldyhelix/Projects/www/backend_rmi/vendor/laravel/framework/src/Illuminate/Foundation/Http/Kernel.php(167): Illuminate\\Routing\\Router->dispatch(Object(Illuminate\\Http\\Request))
#59 /Users/aldyhelix/Projects/www/backend_rmi/vendor/laravel/framework/src/Illuminate/Pipeline/Pipeline.php(128): Illuminate\\Foundation\\Http\\Kernel->Illuminate\\Foundation\\Http\\{closure}(Object(Illuminate\\Http\\Request))
#60 /Users/aldyhelix/Projects/www/backend_rmi/vendor/livewire/livewire/src/DisableBrowserCache.php(19): Illuminate\\Pipeline\\Pipeline->Illuminate\\Pipeline\\{closure}(Object(Illuminate\\Http\\Request))
#61 /Users/aldyhelix/Projects/www/backend_rmi/vendor/laravel/framework/src/Illuminate/Pipeline/Pipeline.php(167): Livewire\\DisableBrowserCache->handle(Object(Illuminate\\Http\\Request), Object(Closure))
#62 /Users/aldyhelix/Projects/www/backend_rmi/vendor/barryvdh/laravel-debugbar/src/Middleware/InjectDebugbar.php(66): Illuminate\\Pipeline\\Pipeline->Illuminate\\Pipeline\\{closure}(Object(Illuminate\\Http\\Request))
#63 /Users/aldyhelix/Projects/www/backend_rmi/vendor/laravel/framework/src/Illuminate/Pipeline/Pipeline.php(167): Barryvdh\\Debugbar\\Middleware\\InjectDebugbar->handle(Object(Illuminate\\Http\\Request), Object(Closure))
#64 /Users/aldyhelix/Projects/www/backend_rmi/app/Http/Middleware/CheckForInstallation.php(19): Illuminate\\Pipeline\\Pipeline->Illuminate\\Pipeline\\{closure}(Object(Illuminate\\Http\\Request))
#65 /Users/aldyhelix/Projects/www/backend_rmi/vendor/laravel/framework/src/Illuminate/Pipeline/Pipeline.php(167): App\\Http\\Middleware\\CheckForInstallation->handle(Object(Illuminate\\Http\\Request), Object(Closure))
#66 /Users/aldyhelix/Projects/www/backend_rmi/vendor/laravel/framework/src/Illuminate/Foundation/Http/Middleware/TransformsRequest.php(21): Illuminate\\Pipeline\\Pipeline->Illuminate\\Pipeline\\{closure}(Object(Illuminate\\Http\\Request))
#67 /Users/aldyhelix/Projects/www/backend_rmi/vendor/laravel/framework/src/Illuminate/Foundation/Http/Middleware/ConvertEmptyStringsToNull.php(31): Illuminate\\Foundation\\Http\\Middleware\\TransformsRequest->handle(Object(Illuminate\\Http\\Request), Object(Closure))
#68 /Users/aldyhelix/Projects/www/backend_rmi/vendor/laravel/framework/src/Illuminate/Pipeline/Pipeline.php(167): Illuminate\\Foundation\\Http\\Middleware\\ConvertEmptyStringsToNull->handle(Object(Illuminate\\Http\\Request), Object(Closure))
#69 /Users/aldyhelix/Projects/www/backend_rmi/vendor/laravel/framework/src/Illuminate/Foundation/Http/Middleware/TransformsRequest.php(21): Illuminate\\Pipeline\\Pipeline->Illuminate\\Pipeline\\{closure}(Object(Illuminate\\Http\\Request))
#70 /Users/aldyhelix/Projects/www/backend_rmi/vendor/laravel/framework/src/Illuminate/Foundation/Http/Middleware/TrimStrings.php(40): Illuminate\\Foundation\\Http\\Middleware\\TransformsRequest->handle(Object(Illuminate\\Http\\Request), Object(Closure))
#71 /Users/aldyhelix/Projects/www/backend_rmi/vendor/laravel/framework/src/Illuminate/Pipeline/Pipeline.php(167): Illuminate\\Foundation\\Http\\Middleware\\TrimStrings->handle(Object(Illuminate\\Http\\Request), Object(Closure))
#72 /Users/aldyhelix/Projects/www/backend_rmi/vendor/laravel/framework/src/Illuminate/Foundation/Http/Middleware/ValidatePostSize.php(27): Illuminate\\Pipeline\\Pipeline->Illuminate\\Pipeline\\{closure}(Object(Illuminate\\Http\\Request))
#73 /Users/aldyhelix/Projects/www/backend_rmi/vendor/laravel/framework/src/Illuminate/Pipeline/Pipeline.php(167): Illuminate\\Foundation\\Http\\Middleware\\ValidatePostSize->handle(Object(Illuminate\\Http\\Request), Object(Closure))
#74 /Users/aldyhelix/Projects/www/backend_rmi/vendor/laravel/framework/src/Illuminate/Foundation/Http/Middleware/PreventRequestsDuringMaintenance.php(86): Illuminate\\Pipeline\\Pipeline->Illuminate\\Pipeline\\{closure}(Object(Illuminate\\Http\\Request))
#75 /Users/aldyhelix/Projects/www/backend_rmi/vendor/laravel/framework/src/Illuminate/Pipeline/Pipeline.php(167): Illuminate\\Foundation\\Http\\Middleware\\PreventRequestsDuringMaintenance->handle(Object(Illuminate\\Http\\Request), Object(Closure))
#76 /Users/aldyhelix/Projects/www/backend_rmi/vendor/fruitcake/laravel-cors/src/HandleCors.php(38): Illuminate\\Pipeline\\Pipeline->Illuminate\\Pipeline\\{closure}(Object(Illuminate\\Http\\Request))
#77 /Users/aldyhelix/Projects/www/backend_rmi/vendor/laravel/framework/src/Illuminate/Pipeline/Pipeline.php(167): Fruitcake\\Cors\\HandleCors->handle(Object(Illuminate\\Http\\Request), Object(Closure))
#78 /Users/aldyhelix/Projects/www/backend_rmi/vendor/laravel/framework/src/Illuminate/Http/Middleware/TrustProxies.php(39): Illuminate\\Pipeline\\Pipeline->Illuminate\\Pipeline\\{closure}(Object(Illuminate\\Http\\Request))
#79 /Users/aldyhelix/Projects/www/backend_rmi/vendor/laravel/framework/src/Illuminate/Pipeline/Pipeline.php(167): Illuminate\\Http\\Middleware\\TrustProxies->handle(Object(Illuminate\\Http\\Request), Object(Closure))
#80 /Users/aldyhelix/Projects/www/backend_rmi/vendor/laravel/framework/src/Illuminate/Pipeline/Pipeline.php(103): Illuminate\\Pipeline\\Pipeline->Illuminate\\Pipeline\\{closure}(Object(Illuminate\\Http\\Request))
#81 /Users/aldyhelix/Projects/www/backend_rmi/vendor/laravel/framework/src/Illuminate/Foundation/Http/Kernel.php(142): Illuminate\\Pipeline\\Pipeline->then(Object(Closure))
#82 /Users/aldyhelix/Projects/www/backend_rmi/vendor/laravel/framework/src/Illuminate/Foundation/Http/Kernel.php(111): Illuminate\\Foundation\\Http\\Kernel->sendRequestThroughRouter(Object(Illuminate\\Http\\Request))
#83 /Users/aldyhelix/Projects/www/backend_rmi/public/index.php(58): Illuminate\\Foundation\\Http\\Kernel->handle(Object(Illuminate\\Http\\Request))
#84 /Applications/Herd.app/Contents/Resources/valet/server.php(153): require('/Users/aldyheli...')
#85 {main}
"} 
[2024-06-09 14:39:24] production.ERROR: Undefined property: stdClass::$grand_total (View: /Users/aldyhelix/Projects/www/backend_rmi/resources/views/admin/dashboard/platform.blade.php) {"view":{"view":"/Users/aldyhelix/Projects/www/backend_rmi/app/Http/Livewire/Dashboard.php","data":[]},"userId":1,"exception":"[object] (Facade\\Ignition\\Exceptions\\ViewException(code: 0): Undefined property: stdClass::$grand_total (View: /Users/aldyhelix/Projects/www/backend_rmi/resources/views/admin/dashboard/platform.blade.php) at /Users/aldyhelix/Projects/www/backend_rmi/app/Http/Livewire/Dashboard.php:139)
[stacktrace]
#0 /Users/aldyhelix/Projects/www/backend_rmi/app/Http/Livewire/Dashboard.php(139): Illuminate\\Foundation\\Bootstrap\\HandleExceptions->handleError(2, 'Undefined prope...', '/Users/aldyheli...', 139)
#1 /Users/aldyhelix/Projects/www/backend_rmi/vendor/laravel/framework/src/Illuminate/Container/BoundMethod.php(36): App\\Http\\Livewire\\Dashboard->mount(9, 0, 7, 3, 16, 0, 0, 0, 0, 0, 0, 0, 0, 0)
#2 /Users/aldyhelix/Projects/www/backend_rmi/vendor/laravel/framework/src/Illuminate/Container/Util.php(40): Illuminate\\Container\\BoundMethod::Illuminate\\Container\\{closure}()
#3 /Users/aldyhelix/Projects/www/backend_rmi/vendor/laravel/framework/src/Illuminate/Container/BoundMethod.php(93): Illuminate\\Container\\Util::unwrapIfClosure(Object(Closure))
#4 /Users/aldyhelix/Projects/www/backend_rmi/vendor/laravel/framework/src/Illuminate/Container/BoundMethod.php(35): Illuminate\\Container\\BoundMethod::callBoundMethod(Object(Illuminate\\Foundation\\Application), Array, Object(Closure))
#5 /Users/aldyhelix/Projects/www/backend_rmi/vendor/livewire/livewire/src/LifecycleManager.php(114): Illuminate\\Container\\BoundMethod::call(Object(Illuminate\\Foundation\\Application), Array, Array)
#6 /Users/aldyhelix/Projects/www/backend_rmi/vendor/livewire/livewire/src/LivewireManager.php(130): Livewire\\LifecycleManager->mount(Array)
#7 /Users/aldyhelix/Projects/www/backend_rmi/vendor/laravel/framework/src/Illuminate/Support/Facades/Facade.php(261): Livewire\\LivewireManager->mount('dashboard', Array)
#8 /Users/aldyhelix/Projects/www/backend_rmi/resources/views/admin/dashboard/platform.blade.php(13): Illuminate\\Support\\Facades\\Facade::__callStatic('mount', Array)
#9 /Users/aldyhelix/Projects/www/backend_rmi/vendor/laravel/framework/src/Illuminate/Filesystem/Filesystem.php(107): require('/Users/aldyheli...')
#10 /Users/aldyhelix/Projects/www/backend_rmi/vendor/laravel/framework/src/Illuminate/Filesystem/Filesystem.php(108): Illuminate\\Filesystem\\Filesystem::Illuminate\\Filesystem\\{closure}()
#11 /Users/aldyhelix/Projects/www/backend_rmi/vendor/laravel/framework/src/Illuminate/View/Engines/PhpEngine.php(58): Illuminate\\Filesystem\\Filesystem->getRequire('/Users/aldyheli...', Array)
#12 /Users/aldyhelix/Projects/www/backend_rmi/vendor/livewire/livewire/src/ComponentConcerns/RendersLivewireComponents.php(69): Illuminate\\View\\Engines\\PhpEngine->evaluatePath('/Users/aldyheli...', Array)
#13 /Users/aldyhelix/Projects/www/backend_rmi/vendor/laravel/framework/src/Illuminate/View/Engines/CompilerEngine.php(61): Livewire\\CompilerEngineForIgnition->evaluatePath('/Users/aldyheli...', Array)
#14 /Users/aldyhelix/Projects/www/backend_rmi/vendor/facade/ignition/src/Views/Engines/CompilerEngine.php(37): Illuminate\\View\\Engines\\CompilerEngine->get('/Users/aldyheli...', Array)
#15 /Users/aldyhelix/Projects/www/backend_rmi/vendor/livewire/livewire/src/ComponentConcerns/RendersLivewireComponents.php(35): Facade\\Ignition\\Views\\Engines\\CompilerEngine->get('/Users/aldyheli...', Array)
#16 /Users/aldyhelix/Projects/www/backend_rmi/vendor/laravel/framework/src/Illuminate/View/View.php(139): Livewire\\CompilerEngineForIgnition->get('/Users/aldyheli...', Array)
#17 /Users/aldyhelix/Projects/www/backend_rmi/vendor/laravel/framework/src/Illuminate/View/View.php(122): Illuminate\\View\\View->getContents()
#18 /Users/aldyhelix/Projects/www/backend_rmi/vendor/laravel/framework/src/Illuminate/View/View.php(91): Illuminate\\View\\View->renderContents()
#19 /Users/aldyhelix/Projects/www/backend_rmi/vendor/laravel/framework/src/Illuminate/Http/Response.php(69): Illuminate\\View\\View->render()
#20 /Users/aldyhelix/Projects/www/backend_rmi/vendor/laravel/framework/src/Illuminate/Http/Response.php(35): Illuminate\\Http\\Response->setContent(Object(Illuminate\\View\\View))
#21 /Users/aldyhelix/Projects/www/backend_rmi/vendor/laravel/framework/src/Illuminate/Routing/Router.php(820): Illuminate\\Http\\Response->__construct(Object(Illuminate\\View\\View), 200, Array)
#22 /Users/aldyhelix/Projects/www/backend_rmi/vendor/laravel/framework/src/Illuminate/Routing/Router.php(789): Illuminate\\Routing\\Router::toResponse(Object(Illuminate\\Http\\Request), Object(Illuminate\\View\\View))
#23 /Users/aldyhelix/Projects/www/backend_rmi/vendor/laravel/framework/src/Illuminate/Routing/Router.php(720): Illuminate\\Routing\\Router->prepareResponse(Object(Illuminate\\Http\\Request), Object(Illuminate\\View\\View))
#24 /Users/aldyhelix/Projects/www/backend_rmi/vendor/laravel/framework/src/Illuminate/Pipeline/Pipeline.php(128): Illuminate\\Routing\\Router->Illuminate\\Routing\\{closure}(Object(Illuminate\\Http\\Request))
#25 /Users/aldyhelix/Projects/www/backend_rmi/app/Http/Middleware/DashboardSetup.php(22): Illuminate\\Pipeline\\Pipeline->Illuminate\\Pipeline\\{closure}(Object(Illuminate\\Http\\Request))
#26 /Users/aldyhelix/Projects/www/backend_rmi/vendor/laravel/framework/src/Illuminate/Pipeline/Pipeline.php(167): App\\Http\\Middleware\\DashboardSetup->handle(Object(Illuminate\\Http\\Request), Object(Closure))
#27 /Users/aldyhelix/Projects/www/backend_rmi/app/Http/Middleware/CheckIfBillingInfoRequired.php(24): Illuminate\\Pipeline\\Pipeline->Illuminate\\Pipeline\\{closure}(Object(Illuminate\\Http\\Request))
#28 /Users/aldyhelix/Projects/www/backend_rmi/vendor/laravel/framework/src/Illuminate/Pipeline/Pipeline.php(167): App\\Http\\Middleware\\CheckIfBillingInfoRequired->handle(Object(Illuminate\\Http\\Request), Object(Closure))
#29 /Users/aldyhelix/Projects/www/backend_rmi/app/Http/Middleware/VerifyUserIsSubscribed.php(25): Illuminate\\Pipeline\\Pipeline->Illuminate\\Pipeline\\{closure}(Object(Illuminate\\Http\\Request))
#30 /Users/aldyhelix/Projects/www/backend_rmi/vendor/laravel/framework/src/Illuminate/Pipeline/Pipeline.php(167): App\\Http\\Middleware\\VerifyUserIsSubscribed->handle(Object(Illuminate\\Http\\Request), Object(Closure))
#31 /Users/aldyhelix/Projects/www/backend_rmi/app/Http/Middleware/CookieConsentMiddleware.php(21): Illuminate\\Pipeline\\Pipeline->Illuminate\\Pipeline\\{closure}(Object(Illuminate\\Http\\Request))
#32 /Users/aldyhelix/Projects/www/backend_rmi/vendor/laravel/framework/src/Illuminate/Pipeline/Pipeline.php(167): App\\Http\\Middleware\\CookieConsentMiddleware->handle(Object(Illuminate\\Http\\Request), Object(Closure))
#33 /Users/aldyhelix/Projects/www/backend_rmi/app/Http/Middleware/Language.php(64): Illuminate\\Pipeline\\Pipeline->Illuminate\\Pipeline\\{closure}(Object(Illuminate\\Http\\Request))
#34 /Users/aldyhelix/Projects/www/backend_rmi/vendor/laravel/framework/src/Illuminate/Pipeline/Pipeline.php(167): App\\Http\\Middleware\\Language->handle(Object(Illuminate\\Http\\Request), Object(Closure))
#35 /Users/aldyhelix/Projects/www/backend_rmi/app/Http/Middleware/InitSettings.php(8): Illuminate\\Pipeline\\Pipeline->Illuminate\\Pipeline\\{closure}(Object(Illuminate\\Http\\Request))
#36 /Users/aldyhelix/Projects/www/backend_rmi/vendor/laravel/framework/src/Illuminate/Pipeline/Pipeline.php(167): App\\Http\\Middleware\\InitSettings->handle(Object(Illuminate\\Http\\Request), Object(Closure))
#37 /Users/aldyhelix/Projects/www/backend_rmi/vendor/laravel/framework/src/Illuminate/Routing/Middleware/SubstituteBindings.php(50): Illuminate\\Pipeline\\Pipeline->Illuminate\\Pipeline\\{closure}(Object(Illuminate\\Http\\Request))
#38 /Users/aldyhelix/Projects/www/backend_rmi/vendor/laravel/framework/src/Illuminate/Pipeline/Pipeline.php(167): Illuminate\\Routing\\Middleware\\SubstituteBindings->handle(Object(Illuminate\\Http\\Request), Object(Closure))
#39 /Users/aldyhelix/Projects/www/backend_rmi/vendor/laravel/framework/src/Illuminate/Auth/Middleware/Authenticate.php(44): Illuminate\\Pipeline\\Pipeline->Illuminate\\Pipeline\\{closure}(Object(Illuminate\\Http\\Request))
#40 /Users/aldyhelix/Projects/www/backend_rmi/vendor/laravel/framework/src/Illuminate/Pipeline/Pipeline.php(167): Illuminate\\Auth\\Middleware\\Authenticate->handle(Object(Illuminate\\Http\\Request), Object(Closure))
#41 /Users/aldyhelix/Projects/www/backend_rmi/vendor/laravel/framework/src/Illuminate/Foundation/Http/Middleware/VerifyCsrfToken.php(78): Illuminate\\Pipeline\\Pipeline->Illuminate\\Pipeline\\{closure}(Object(Illuminate\\Http\\Request))
#42 /Users/aldyhelix/Projects/www/backend_rmi/vendor/laravel/framework/src/Illuminate/Pipeline/Pipeline.php(167): Illuminate\\Foundation\\Http\\Middleware\\VerifyCsrfToken->handle(Object(Illuminate\\Http\\Request), Object(Closure))
#43 /Users/aldyhelix/Projects/www/backend_rmi/vendor/laravel/framework/src/Illuminate/View/Middleware/ShareErrorsFromSession.php(49): Illuminate\\Pipeline\\Pipeline->Illuminate\\Pipeline\\{closure}(Object(Illuminate\\Http\\Request))
#44 /Users/aldyhelix/Projects/www/backend_rmi/vendor/laravel/framework/src/Illuminate/Pipeline/Pipeline.php(167): Illuminate\\View\\Middleware\\ShareErrorsFromSession->handle(Object(Illuminate\\Http\\Request), Object(Closure))
#45 /Users/aldyhelix/Projects/www/backend_rmi/vendor/laravel/framework/src/Illuminate/Session/Middleware/StartSession.php(121): Illuminate\\Pipeline\\Pipeline->Illuminate\\Pipeline\\{closure}(Object(Illuminate\\Http\\Request))
#46 /Users/aldyhelix/Projects/www/backend_rmi/vendor/laravel/framework/src/Illuminate/Session/Middleware/StartSession.php(64): Illuminate\\Session\\Middleware\\StartSession->handleStatefulRequest(Object(Illuminate\\Http\\Request), Object(Illuminate\\Session\\EncryptedStore), Object(Closure))
#47 /Users/aldyhelix/Projects/www/backend_rmi/vendor/laravel/framework/src/Illuminate/Pipeline/Pipeline.php(167): Illuminate\\Session\\Middleware\\StartSession->handle(Object(Illuminate\\Http\\Request), Object(Closure))
#48 /Users/aldyhelix/Projects/www/backend_rmi/vendor/laravel/framework/src/Illuminate/Cookie/Middleware/AddQueuedCookiesToResponse.php(37): Illuminate\\Pipeline\\Pipeline->Illuminate\\Pipeline\\{closure}(Object(Illuminate\\Http\\Request))
#49 /Users/aldyhelix/Projects/www/backend_rmi/vendor/laravel/framework/src/Illuminate/Pipeline/Pipeline.php(167): Illuminate\\Cookie\\Middleware\\AddQueuedCookiesToResponse->handle(Object(Illuminate\\Http\\Request), Object(Closure))
#50 /Users/aldyhelix/Projects/www/backend_rmi/vendor/laravel/framework/src/Illuminate/Cookie/Middleware/EncryptCookies.php(67): Illuminate\\Pipeline\\Pipeline->Illuminate\\Pipeline\\{closure}(Object(Illuminate\\Http\\Request))
#51 /Users/aldyhelix/Projects/www/backend_rmi/vendor/laravel/framework/src/Illuminate/Pipeline/Pipeline.php(167): Illuminate\\Cookie\\Middleware\\EncryptCookies->handle(Object(Illuminate\\Http\\Request), Object(Closure))
#52 /Users/aldyhelix/Projects/www/backend_rmi/vendor/laravel/framework/src/Illuminate/Pipeline/Pipeline.php(103): Illuminate\\Pipeline\\Pipeline->Illuminate\\Pipeline\\{closure}(Object(Illuminate\\Http\\Request))
#53 /Users/aldyhelix/Projects/www/backend_rmi/vendor/laravel/framework/src/Illuminate/Routing/Router.php(719): Illuminate\\Pipeline\\Pipeline->then(Object(Closure))
#54 /Users/aldyhelix/Projects/www/backend_rmi/vendor/laravel/framework/src/Illuminate/Routing/Router.php(698): Illuminate\\Routing\\Router->runRouteWithinStack(Object(Illuminate\\Routing\\Route), Object(Illuminate\\Http\\Request))
#55 /Users/aldyhelix/Projects/www/backend_rmi/vendor/laravel/framework/src/Illuminate/Routing/Router.php(662): Illuminate\\Routing\\Router->runRoute(Object(Illuminate\\Http\\Request), Object(Illuminate\\Routing\\Route))
#56 /Users/aldyhelix/Projects/www/backend_rmi/vendor/laravel/framework/src/Illuminate/Routing/Router.php(651): Illuminate\\Routing\\Router->dispatchToRoute(Object(Illuminate\\Http\\Request))
#57 /Users/aldyhelix/Projects/www/backend_rmi/vendor/laravel/framework/src/Illuminate/Foundation/Http/Kernel.php(167): Illuminate\\Routing\\Router->dispatch(Object(Illuminate\\Http\\Request))
#58 /Users/aldyhelix/Projects/www/backend_rmi/vendor/laravel/framework/src/Illuminate/Pipeline/Pipeline.php(128): Illuminate\\Foundation\\Http\\Kernel->Illuminate\\Foundation\\Http\\{closure}(Object(Illuminate\\Http\\Request))
#59 /Users/aldyhelix/Projects/www/backend_rmi/vendor/livewire/livewire/src/DisableBrowserCache.php(19): Illuminate\\Pipeline\\Pipeline->Illuminate\\Pipeline\\{closure}(Object(Illuminate\\Http\\Request))
#60 /Users/aldyhelix/Projects/www/backend_rmi/vendor/laravel/framework/src/Illuminate/Pipeline/Pipeline.php(167): Livewire\\DisableBrowserCache->handle(Object(Illuminate\\Http\\Request), Object(Closure))
#61 /Users/aldyhelix/Projects/www/backend_rmi/vendor/barryvdh/laravel-debugbar/src/Middleware/InjectDebugbar.php(66): Illuminate\\Pipeline\\Pipeline->Illuminate\\Pipeline\\{closure}(Object(Illuminate\\Http\\Request))
#62 /Users/aldyhelix/Projects/www/backend_rmi/vendor/laravel/framework/src/Illuminate/Pipeline/Pipeline.php(167): Barryvdh\\Debugbar\\Middleware\\InjectDebugbar->handle(Object(Illuminate\\Http\\Request), Object(Closure))
#63 /Users/aldyhelix/Projects/www/backend_rmi/app/Http/Middleware/CheckForInstallation.php(19): Illuminate\\Pipeline\\Pipeline->Illuminate\\Pipeline\\{closure}(Object(Illuminate\\Http\\Request))
#64 /Users/aldyhelix/Projects/www/backend_rmi/vendor/laravel/framework/src/Illuminate/Pipeline/Pipeline.php(167): App\\Http\\Middleware\\CheckForInstallation->handle(Object(Illuminate\\Http\\Request), Object(Closure))
#65 /Users/aldyhelix/Projects/www/backend_rmi/vendor/laravel/framework/src/Illuminate/Foundation/Http/Middleware/TransformsRequest.php(21): Illuminate\\Pipeline\\Pipeline->Illuminate\\Pipeline\\{closure}(Object(Illuminate\\Http\\Request))
#66 /Users/aldyhelix/Projects/www/backend_rmi/vendor/laravel/framework/src/Illuminate/Foundation/Http/Middleware/ConvertEmptyStringsToNull.php(31): Illuminate\\Foundation\\Http\\Middleware\\TransformsRequest->handle(Object(Illuminate\\Http\\Request), Object(Closure))
#67 /Users/aldyhelix/Projects/www/backend_rmi/vendor/laravel/framework/src/Illuminate/Pipeline/Pipeline.php(167): Illuminate\\Foundation\\Http\\Middleware\\ConvertEmptyStringsToNull->handle(Object(Illuminate\\Http\\Request), Object(Closure))
#68 /Users/aldyhelix/Projects/www/backend_rmi/vendor/laravel/framework/src/Illuminate/Foundation/Http/Middleware/TransformsRequest.php(21): Illuminate\\Pipeline\\Pipeline->Illuminate\\Pipeline\\{closure}(Object(Illuminate\\Http\\Request))
#69 /Users/aldyhelix/Projects/www/backend_rmi/vendor/laravel/framework/src/Illuminate/Foundation/Http/Middleware/TrimStrings.php(40): Illuminate\\Foundation\\Http\\Middleware\\TransformsRequest->handle(Object(Illuminate\\Http\\Request), Object(Closure))
#70 /Users/aldyhelix/Projects/www/backend_rmi/vendor/laravel/framework/src/Illuminate/Pipeline/Pipeline.php(167): Illuminate\\Foundation\\Http\\Middleware\\TrimStrings->handle(Object(Illuminate\\Http\\Request), Object(Closure))
#71 /Users/aldyhelix/Projects/www/backend_rmi/vendor/laravel/framework/src/Illuminate/Foundation/Http/Middleware/ValidatePostSize.php(27): Illuminate\\Pipeline\\Pipeline->Illuminate\\Pipeline\\{closure}(Object(Illuminate\\Http\\Request))
#72 /Users/aldyhelix/Projects/www/backend_rmi/vendor/laravel/framework/src/Illuminate/Pipeline/Pipeline.php(167): Illuminate\\Foundation\\Http\\Middleware\\ValidatePostSize->handle(Object(Illuminate\\Http\\Request), Object(Closure))
#73 /Users/aldyhelix/Projects/www/backend_rmi/vendor/laravel/framework/src/Illuminate/Foundation/Http/Middleware/PreventRequestsDuringMaintenance.php(86): Illuminate\\Pipeline\\Pipeline->Illuminate\\Pipeline\\{closure}(Object(Illuminate\\Http\\Request))
#74 /Users/aldyhelix/Projects/www/backend_rmi/vendor/laravel/framework/src/Illuminate/Pipeline/Pipeline.php(167): Illuminate\\Foundation\\Http\\Middleware\\PreventRequestsDuringMaintenance->handle(Object(Illuminate\\Http\\Request), Object(Closure))
#75 /Users/aldyhelix/Projects/www/backend_rmi/vendor/fruitcake/laravel-cors/src/HandleCors.php(38): Illuminate\\Pipeline\\Pipeline->Illuminate\\Pipeline\\{closure}(Object(Illuminate\\Http\\Request))
#76 /Users/aldyhelix/Projects/www/backend_rmi/vendor/laravel/framework/src/Illuminate/Pipeline/Pipeline.php(167): Fruitcake\\Cors\\HandleCors->handle(Object(Illuminate\\Http\\Request), Object(Closure))
#77 /Users/aldyhelix/Projects/www/backend_rmi/vendor/laravel/framework/src/Illuminate/Http/Middleware/TrustProxies.php(39): Illuminate\\Pipeline\\Pipeline->Illuminate\\Pipeline\\{closure}(Object(Illuminate\\Http\\Request))
#78 /Users/aldyhelix/Projects/www/backend_rmi/vendor/laravel/framework/src/Illuminate/Pipeline/Pipeline.php(167): Illuminate\\Http\\Middleware\\TrustProxies->handle(Object(Illuminate\\Http\\Request), Object(Closure))
#79 /Users/aldyhelix/Projects/www/backend_rmi/vendor/laravel/framework/src/Illuminate/Pipeline/Pipeline.php(103): Illuminate\\Pipeline\\Pipeline->Illuminate\\Pipeline\\{closure}(Object(Illuminate\\Http\\Request))
#80 /Users/aldyhelix/Projects/www/backend_rmi/vendor/laravel/framework/src/Illuminate/Foundation/Http/Kernel.php(142): Illuminate\\Pipeline\\Pipeline->then(Object(Closure))
#81 /Users/aldyhelix/Projects/www/backend_rmi/vendor/laravel/framework/src/Illuminate/Foundation/Http/Kernel.php(111): Illuminate\\Foundation\\Http\\Kernel->sendRequestThroughRouter(Object(Illuminate\\Http\\Request))
#82 /Users/aldyhelix/Projects/www/backend_rmi/public/index.php(58): Illuminate\\Foundation\\Http\\Kernel->handle(Object(Illuminate\\Http\\Request))
#83 /Applications/Herd.app/Contents/Resources/valet/server.php(153): require('/Users/aldyheli...')
#84 {main}

[previous exception] [object] (ErrorException(code: 0): Undefined property: stdClass::$grand_total at /Users/aldyhelix/Projects/www/backend_rmi/app/Http/Livewire/Dashboard.php:139)
[stacktrace]
#0 /Users/aldyhelix/Projects/www/backend_rmi/app/Http/Livewire/Dashboard.php(139): Illuminate\\Foundation\\Bootstrap\\HandleExceptions->handleError(2, 'Undefined prope...', '/Users/aldyheli...', 139)
#1 /Users/aldyhelix/Projects/www/backend_rmi/vendor/laravel/framework/src/Illuminate/Container/BoundMethod.php(36): App\\Http\\Livewire\\Dashboard->mount(9, 0, 7, 3, 16, 0, 0, 0, 0, 0, 0, 0, 0, 0)
#2 /Users/aldyhelix/Projects/www/backend_rmi/vendor/laravel/framework/src/Illuminate/Container/Util.php(40): Illuminate\\Container\\BoundMethod::Illuminate\\Container\\{closure}()
#3 /Users/aldyhelix/Projects/www/backend_rmi/vendor/laravel/framework/src/Illuminate/Container/BoundMethod.php(93): Illuminate\\Container\\Util::unwrapIfClosure(Object(Closure))
#4 /Users/aldyhelix/Projects/www/backend_rmi/vendor/laravel/framework/src/Illuminate/Container/BoundMethod.php(35): Illuminate\\Container\\BoundMethod::callBoundMethod(Object(Illuminate\\Foundation\\Application), Array, Object(Closure))
#5 /Users/aldyhelix/Projects/www/backend_rmi/vendor/livewire/livewire/src/LifecycleManager.php(114): Illuminate\\Container\\BoundMethod::call(Object(Illuminate\\Foundation\\Application), Array, Array)
#6 /Users/aldyhelix/Projects/www/backend_rmi/vendor/livewire/livewire/src/LivewireManager.php(130): Livewire\\LifecycleManager->mount(Array)
#7 /Users/aldyhelix/Projects/www/backend_rmi/vendor/laravel/framework/src/Illuminate/Support/Facades/Facade.php(261): Livewire\\LivewireManager->mount('dashboard', Array)
#8 /Users/aldyhelix/Projects/www/backend_rmi/storage/framework/views/7614a377bf597da1c7ed67416eae576b7feee755.php(13): Illuminate\\Support\\Facades\\Facade::__callStatic('mount', Array)
#9 /Users/aldyhelix/Projects/www/backend_rmi/vendor/laravel/framework/src/Illuminate/Filesystem/Filesystem.php(107): require('/Users/aldyheli...')
#10 /Users/aldyhelix/Projects/www/backend_rmi/vendor/laravel/framework/src/Illuminate/Filesystem/Filesystem.php(108): Illuminate\\Filesystem\\Filesystem::Illuminate\\Filesystem\\{closure}()
#11 /Users/aldyhelix/Projects/www/backend_rmi/vendor/laravel/framework/src/Illuminate/View/Engines/PhpEngine.php(58): Illuminate\\Filesystem\\Filesystem->getRequire('/Users/aldyheli...', Array)
#12 /Users/aldyhelix/Projects/www/backend_rmi/vendor/livewire/livewire/src/ComponentConcerns/RendersLivewireComponents.php(69): Illuminate\\View\\Engines\\PhpEngine->evaluatePath('/Users/aldyheli...', Array)
#13 /Users/aldyhelix/Projects/www/backend_rmi/vendor/laravel/framework/src/Illuminate/View/Engines/CompilerEngine.php(61): Livewire\\CompilerEngineForIgnition->evaluatePath('/Users/aldyheli...', Array)
#14 /Users/aldyhelix/Projects/www/backend_rmi/vendor/facade/ignition/src/Views/Engines/CompilerEngine.php(37): Illuminate\\View\\Engines\\CompilerEngine->get('/Users/aldyheli...', Array)
#15 /Users/aldyhelix/Projects/www/backend_rmi/vendor/livewire/livewire/src/ComponentConcerns/RendersLivewireComponents.php(35): Facade\\Ignition\\Views\\Engines\\CompilerEngine->get('/Users/aldyheli...', Array)
#16 /Users/aldyhelix/Projects/www/backend_rmi/vendor/laravel/framework/src/Illuminate/View/View.php(139): Livewire\\CompilerEngineForIgnition->get('/Users/aldyheli...', Array)
#17 /Users/aldyhelix/Projects/www/backend_rmi/vendor/laravel/framework/src/Illuminate/View/View.php(122): Illuminate\\View\\View->getContents()
#18 /Users/aldyhelix/Projects/www/backend_rmi/vendor/laravel/framework/src/Illuminate/View/View.php(91): Illuminate\\View\\View->renderContents()
#19 /Users/aldyhelix/Projects/www/backend_rmi/vendor/laravel/framework/src/Illuminate/Http/Response.php(69): Illuminate\\View\\View->render()
#20 /Users/aldyhelix/Projects/www/backend_rmi/vendor/laravel/framework/src/Illuminate/Http/Response.php(35): Illuminate\\Http\\Response->setContent(Object(Illuminate\\View\\View))
#21 /Users/aldyhelix/Projects/www/backend_rmi/vendor/laravel/framework/src/Illuminate/Routing/Router.php(820): Illuminate\\Http\\Response->__construct(Object(Illuminate\\View\\View), 200, Array)
#22 /Users/aldyhelix/Projects/www/backend_rmi/vendor/laravel/framework/src/Illuminate/Routing/Router.php(789): Illuminate\\Routing\\Router::toResponse(Object(Illuminate\\Http\\Request), Object(Illuminate\\View\\View))
#23 /Users/aldyhelix/Projects/www/backend_rmi/vendor/laravel/framework/src/Illuminate/Routing/Router.php(720): Illuminate\\Routing\\Router->prepareResponse(Object(Illuminate\\Http\\Request), Object(Illuminate\\View\\View))
#24 /Users/aldyhelix/Projects/www/backend_rmi/vendor/laravel/framework/src/Illuminate/Pipeline/Pipeline.php(128): Illuminate\\Routing\\Router->Illuminate\\Routing\\{closure}(Object(Illuminate\\Http\\Request))
#25 /Users/aldyhelix/Projects/www/backend_rmi/app/Http/Middleware/DashboardSetup.php(22): Illuminate\\Pipeline\\Pipeline->Illuminate\\Pipeline\\{closure}(Object(Illuminate\\Http\\Request))
#26 /Users/aldyhelix/Projects/www/backend_rmi/vendor/laravel/framework/src/Illuminate/Pipeline/Pipeline.php(167): App\\Http\\Middleware\\DashboardSetup->handle(Object(Illuminate\\Http\\Request), Object(Closure))
#27 /Users/aldyhelix/Projects/www/backend_rmi/app/Http/Middleware/CheckIfBillingInfoRequired.php(24): Illuminate\\Pipeline\\Pipeline->Illuminate\\Pipeline\\{closure}(Object(Illuminate\\Http\\Request))
#28 /Users/aldyhelix/Projects/www/backend_rmi/vendor/laravel/framework/src/Illuminate/Pipeline/Pipeline.php(167): App\\Http\\Middleware\\CheckIfBillingInfoRequired->handle(Object(Illuminate\\Http\\Request), Object(Closure))
#29 /Users/aldyhelix/Projects/www/backend_rmi/app/Http/Middleware/VerifyUserIsSubscribed.php(25): Illuminate\\Pipeline\\Pipeline->Illuminate\\Pipeline\\{closure}(Object(Illuminate\\Http\\Request))
#30 /Users/aldyhelix/Projects/www/backend_rmi/vendor/laravel/framework/src/Illuminate/Pipeline/Pipeline.php(167): App\\Http\\Middleware\\VerifyUserIsSubscribed->handle(Object(Illuminate\\Http\\Request), Object(Closure))
#31 /Users/aldyhelix/Projects/www/backend_rmi/app/Http/Middleware/CookieConsentMiddleware.php(21): Illuminate\\Pipeline\\Pipeline->Illuminate\\Pipeline\\{closure}(Object(Illuminate\\Http\\Request))
#32 /Users/aldyhelix/Projects/www/backend_rmi/vendor/laravel/framework/src/Illuminate/Pipeline/Pipeline.php(167): App\\Http\\Middleware\\CookieConsentMiddleware->handle(Object(Illuminate\\Http\\Request), Object(Closure))
#33 /Users/aldyhelix/Projects/www/backend_rmi/app/Http/Middleware/Language.php(64): Illuminate\\Pipeline\\Pipeline->Illuminate\\Pipeline\\{closure}(Object(Illuminate\\Http\\Request))
#34 /Users/aldyhelix/Projects/www/backend_rmi/vendor/laravel/framework/src/Illuminate/Pipeline/Pipeline.php(167): App\\Http\\Middleware\\Language->handle(Object(Illuminate\\Http\\Request), Object(Closure))
#35 /Users/aldyhelix/Projects/www/backend_rmi/app/Http/Middleware/InitSettings.php(8): Illuminate\\Pipeline\\Pipeline->Illuminate\\Pipeline\\{closure}(Object(Illuminate\\Http\\Request))
#36 /Users/aldyhelix/Projects/www/backend_rmi/vendor/laravel/framework/src/Illuminate/Pipeline/Pipeline.php(167): App\\Http\\Middleware\\InitSettings->handle(Object(Illuminate\\Http\\Request), Object(Closure))
#37 /Users/aldyhelix/Projects/www/backend_rmi/vendor/laravel/framework/src/Illuminate/Routing/Middleware/SubstituteBindings.php(50): Illuminate\\Pipeline\\Pipeline->Illuminate\\Pipeline\\{closure}(Object(Illuminate\\Http\\Request))
#38 /Users/aldyhelix/Projects/www/backend_rmi/vendor/laravel/framework/src/Illuminate/Pipeline/Pipeline.php(167): Illuminate\\Routing\\Middleware\\SubstituteBindings->handle(Object(Illuminate\\Http\\Request), Object(Closure))
#39 /Users/aldyhelix/Projects/www/backend_rmi/vendor/laravel/framework/src/Illuminate/Auth/Middleware/Authenticate.php(44): Illuminate\\Pipeline\\Pipeline->Illuminate\\Pipeline\\{closure}(Object(Illuminate\\Http\\Request))
#40 /Users/aldyhelix/Projects/www/backend_rmi/vendor/laravel/framework/src/Illuminate/Pipeline/Pipeline.php(167): Illuminate\\Auth\\Middleware\\Authenticate->handle(Object(Illuminate\\Http\\Request), Object(Closure))
#41 /Users/aldyhelix/Projects/www/backend_rmi/vendor/laravel/framework/src/Illuminate/Foundation/Http/Middleware/VerifyCsrfToken.php(78): Illuminate\\Pipeline\\Pipeline->Illuminate\\Pipeline\\{closure}(Object(Illuminate\\Http\\Request))
#42 /Users/aldyhelix/Projects/www/backend_rmi/vendor/laravel/framework/src/Illuminate/Pipeline/Pipeline.php(167): Illuminate\\Foundation\\Http\\Middleware\\VerifyCsrfToken->handle(Object(Illuminate\\Http\\Request), Object(Closure))
#43 /Users/aldyhelix/Projects/www/backend_rmi/vendor/laravel/framework/src/Illuminate/View/Middleware/ShareErrorsFromSession.php(49): Illuminate\\Pipeline\\Pipeline->Illuminate\\Pipeline\\{closure}(Object(Illuminate\\Http\\Request))
#44 /Users/aldyhelix/Projects/www/backend_rmi/vendor/laravel/framework/src/Illuminate/Pipeline/Pipeline.php(167): Illuminate\\View\\Middleware\\ShareErrorsFromSession->handle(Object(Illuminate\\Http\\Request), Object(Closure))
#45 /Users/aldyhelix/Projects/www/backend_rmi/vendor/laravel/framework/src/Illuminate/Session/Middleware/StartSession.php(121): Illuminate\\Pipeline\\Pipeline->Illuminate\\Pipeline\\{closure}(Object(Illuminate\\Http\\Request))
#46 /Users/aldyhelix/Projects/www/backend_rmi/vendor/laravel/framework/src/Illuminate/Session/Middleware/StartSession.php(64): Illuminate\\Session\\Middleware\\StartSession->handleStatefulRequest(Object(Illuminate\\Http\\Request), Object(Illuminate\\Session\\EncryptedStore), Object(Closure))
#47 /Users/aldyhelix/Projects/www/backend_rmi/vendor/laravel/framework/src/Illuminate/Pipeline/Pipeline.php(167): Illuminate\\Session\\Middleware\\StartSession->handle(Object(Illuminate\\Http\\Request), Object(Closure))
#48 /Users/aldyhelix/Projects/www/backend_rmi/vendor/laravel/framework/src/Illuminate/Cookie/Middleware/AddQueuedCookiesToResponse.php(37): Illuminate\\Pipeline\\Pipeline->Illuminate\\Pipeline\\{closure}(Object(Illuminate\\Http\\Request))
#49 /Users/aldyhelix/Projects/www/backend_rmi/vendor/laravel/framework/src/Illuminate/Pipeline/Pipeline.php(167): Illuminate\\Cookie\\Middleware\\AddQueuedCookiesToResponse->handle(Object(Illuminate\\Http\\Request), Object(Closure))
#50 /Users/aldyhelix/Projects/www/backend_rmi/vendor/laravel/framework/src/Illuminate/Cookie/Middleware/EncryptCookies.php(67): Illuminate\\Pipeline\\Pipeline->Illuminate\\Pipeline\\{closure}(Object(Illuminate\\Http\\Request))
#51 /Users/aldyhelix/Projects/www/backend_rmi/vendor/laravel/framework/src/Illuminate/Pipeline/Pipeline.php(167): Illuminate\\Cookie\\Middleware\\EncryptCookies->handle(Object(Illuminate\\Http\\Request), Object(Closure))
#52 /Users/aldyhelix/Projects/www/backend_rmi/vendor/laravel/framework/src/Illuminate/Pipeline/Pipeline.php(103): Illuminate\\Pipeline\\Pipeline->Illuminate\\Pipeline\\{closure}(Object(Illuminate\\Http\\Request))
#53 /Users/aldyhelix/Projects/www/backend_rmi/vendor/laravel/framework/src/Illuminate/Routing/Router.php(719): Illuminate\\Pipeline\\Pipeline->then(Object(Closure))
#54 /Users/aldyhelix/Projects/www/backend_rmi/vendor/laravel/framework/src/Illuminate/Routing/Router.php(698): Illuminate\\Routing\\Router->runRouteWithinStack(Object(Illuminate\\Routing\\Route), Object(Illuminate\\Http\\Request))
#55 /Users/aldyhelix/Projects/www/backend_rmi/vendor/laravel/framework/src/Illuminate/Routing/Router.php(662): Illuminate\\Routing\\Router->runRoute(Object(Illuminate\\Http\\Request), Object(Illuminate\\Routing\\Route))
#56 /Users/aldyhelix/Projects/www/backend_rmi/vendor/laravel/framework/src/Illuminate/Routing/Router.php(651): Illuminate\\Routing\\Router->dispatchToRoute(Object(Illuminate\\Http\\Request))
#57 /Users/aldyhelix/Projects/www/backend_rmi/vendor/laravel/framework/src/Illuminate/Foundation/Http/Kernel.php(167): Illuminate\\Routing\\Router->dispatch(Object(Illuminate\\Http\\Request))
#58 /Users/aldyhelix/Projects/www/backend_rmi/vendor/laravel/framework/src/Illuminate/Pipeline/Pipeline.php(128): Illuminate\\Foundation\\Http\\Kernel->Illuminate\\Foundation\\Http\\{closure}(Object(Illuminate\\Http\\Request))
#59 /Users/aldyhelix/Projects/www/backend_rmi/vendor/livewire/livewire/src/DisableBrowserCache.php(19): Illuminate\\Pipeline\\Pipeline->Illuminate\\Pipeline\\{closure}(Object(Illuminate\\Http\\Request))
#60 /Users/aldyhelix/Projects/www/backend_rmi/vendor/laravel/framework/src/Illuminate/Pipeline/Pipeline.php(167): Livewire\\DisableBrowserCache->handle(Object(Illuminate\\Http\\Request), Object(Closure))
#61 /Users/aldyhelix/Projects/www/backend_rmi/vendor/barryvdh/laravel-debugbar/src/Middleware/InjectDebugbar.php(66): Illuminate\\Pipeline\\Pipeline->Illuminate\\Pipeline\\{closure}(Object(Illuminate\\Http\\Request))
#62 /Users/aldyhelix/Projects/www/backend_rmi/vendor/laravel/framework/src/Illuminate/Pipeline/Pipeline.php(167): Barryvdh\\Debugbar\\Middleware\\InjectDebugbar->handle(Object(Illuminate\\Http\\Request), Object(Closure))
#63 /Users/aldyhelix/Projects/www/backend_rmi/app/Http/Middleware/CheckForInstallation.php(19): Illuminate\\Pipeline\\Pipeline->Illuminate\\Pipeline\\{closure}(Object(Illuminate\\Http\\Request))
#64 /Users/aldyhelix/Projects/www/backend_rmi/vendor/laravel/framework/src/Illuminate/Pipeline/Pipeline.php(167): App\\Http\\Middleware\\CheckForInstallation->handle(Object(Illuminate\\Http\\Request), Object(Closure))
#65 /Users/aldyhelix/Projects/www/backend_rmi/vendor/laravel/framework/src/Illuminate/Foundation/Http/Middleware/TransformsRequest.php(21): Illuminate\\Pipeline\\Pipeline->Illuminate\\Pipeline\\{closure}(Object(Illuminate\\Http\\Request))
#66 /Users/aldyhelix/Projects/www/backend_rmi/vendor/laravel/framework/src/Illuminate/Foundation/Http/Middleware/ConvertEmptyStringsToNull.php(31): Illuminate\\Foundation\\Http\\Middleware\\TransformsRequest->handle(Object(Illuminate\\Http\\Request), Object(Closure))
#67 /Users/aldyhelix/Projects/www/backend_rmi/vendor/laravel/framework/src/Illuminate/Pipeline/Pipeline.php(167): Illuminate\\Foundation\\Http\\Middleware\\ConvertEmptyStringsToNull->handle(Object(Illuminate\\Http\\Request), Object(Closure))
#68 /Users/aldyhelix/Projects/www/backend_rmi/vendor/laravel/framework/src/Illuminate/Foundation/Http/Middleware/TransformsRequest.php(21): Illuminate\\Pipeline\\Pipeline->Illuminate\\Pipeline\\{closure}(Object(Illuminate\\Http\\Request))
#69 /Users/aldyhelix/Projects/www/backend_rmi/vendor/laravel/framework/src/Illuminate/Foundation/Http/Middleware/TrimStrings.php(40): Illuminate\\Foundation\\Http\\Middleware\\TransformsRequest->handle(Object(Illuminate\\Http\\Request), Object(Closure))
#70 /Users/aldyhelix/Projects/www/backend_rmi/vendor/laravel/framework/src/Illuminate/Pipeline/Pipeline.php(167): Illuminate\\Foundation\\Http\\Middleware\\TrimStrings->handle(Object(Illuminate\\Http\\Request), Object(Closure))
#71 /Users/aldyhelix/Projects/www/backend_rmi/vendor/laravel/framework/src/Illuminate/Foundation/Http/Middleware/ValidatePostSize.php(27): Illuminate\\Pipeline\\Pipeline->Illuminate\\Pipeline\\{closure}(Object(Illuminate\\Http\\Request))
#72 /Users/aldyhelix/Projects/www/backend_rmi/vendor/laravel/framework/src/Illuminate/Pipeline/Pipeline.php(167): Illuminate\\Foundation\\Http\\Middleware\\ValidatePostSize->handle(Object(Illuminate\\Http\\Request), Object(Closure))
#73 /Users/aldyhelix/Projects/www/backend_rmi/vendor/laravel/framework/src/Illuminate/Foundation/Http/Middleware/PreventRequestsDuringMaintenance.php(86): Illuminate\\Pipeline\\Pipeline->Illuminate\\Pipeline\\{closure}(Object(Illuminate\\Http\\Request))
#74 /Users/aldyhelix/Projects/www/backend_rmi/vendor/laravel/framework/src/Illuminate/Pipeline/Pipeline.php(167): Illuminate\\Foundation\\Http\\Middleware\\PreventRequestsDuringMaintenance->handle(Object(Illuminate\\Http\\Request), Object(Closure))
#75 /Users/aldyhelix/Projects/www/backend_rmi/vendor/fruitcake/laravel-cors/src/HandleCors.php(38): Illuminate\\Pipeline\\Pipeline->Illuminate\\Pipeline\\{closure}(Object(Illuminate\\Http\\Request))
#76 /Users/aldyhelix/Projects/www/backend_rmi/vendor/laravel/framework/src/Illuminate/Pipeline/Pipeline.php(167): Fruitcake\\Cors\\HandleCors->handle(Object(Illuminate\\Http\\Request), Object(Closure))
#77 /Users/aldyhelix/Projects/www/backend_rmi/vendor/laravel/framework/src/Illuminate/Http/Middleware/TrustProxies.php(39): Illuminate\\Pipeline\\Pipeline->Illuminate\\Pipeline\\{closure}(Object(Illuminate\\Http\\Request))
#78 /Users/aldyhelix/Projects/www/backend_rmi/vendor/laravel/framework/src/Illuminate/Pipeline/Pipeline.php(167): Illuminate\\Http\\Middleware\\TrustProxies->handle(Object(Illuminate\\Http\\Request), Object(Closure))
#79 /Users/aldyhelix/Projects/www/backend_rmi/vendor/laravel/framework/src/Illuminate/Pipeline/Pipeline.php(103): Illuminate\\Pipeline\\Pipeline->Illuminate\\Pipeline\\{closure}(Object(Illuminate\\Http\\Request))
#80 /Users/aldyhelix/Projects/www/backend_rmi/vendor/laravel/framework/src/Illuminate/Foundation/Http/Kernel.php(142): Illuminate\\Pipeline\\Pipeline->then(Object(Closure))
#81 /Users/aldyhelix/Projects/www/backend_rmi/vendor/laravel/framework/src/Illuminate/Foundation/Http/Kernel.php(111): Illuminate\\Foundation\\Http\\Kernel->sendRequestThroughRouter(Object(Illuminate\\Http\\Request))
#82 /Users/aldyhelix/Projects/www/backend_rmi/public/index.php(58): Illuminate\\Foundation\\Http\\Kernel->handle(Object(Illuminate\\Http\\Request))
#83 /Applications/Herd.app/Contents/Resources/valet/server.php(153): require('/Users/aldyheli...')
#84 {main}
"} 
[2024-06-09 17:02:11] production.ERROR: Undefined variable $data (View: /Users/aldyhelix/Projects/www/backend_rmi/resources/views/components/table.blade.php) {"view":{"view":"/Users/aldyhelix/Projects/www/backend_rmi/storage/framework/views/6db3cb686217efb2acc5368dcf387cd0bf47d72a.php","data":[]},"userId":1,"exception":"[object] (Facade\\Ignition\\Exceptions\\ViewException(code: 0): Undefined variable $data (View: /Users/aldyhelix/Projects/www/backend_rmi/resources/views/components/table.blade.php) at /Users/aldyhelix/Projects/www/backend_rmi/storage/framework/views/6db3cb686217efb2acc5368dcf387cd0bf47d72a.php:13)
[stacktrace]
#0 /Users/aldyhelix/Projects/www/backend_rmi/storage/framework/views/6db3cb686217efb2acc5368dcf387cd0bf47d72a.php(13): Illuminate\\Foundation\\Bootstrap\\HandleExceptions->handleError(2, 'Undefined varia...', '/Users/aldyheli...', 13)
#1 /Users/aldyhelix/Projects/www/backend_rmi/vendor/livewire/livewire/src/ComponentConcerns/RendersLivewireComponents.php(83): include('/Users/aldyheli...')
#2 /Users/aldyhelix/Projects/www/backend_rmi/vendor/livewire/livewire/src/ComponentConcerns/RendersLivewireComponents.php(84): App\\Http\\Livewire\\Dashboard->Livewire\\ComponentConcerns\\{closure}()
#3 /Users/aldyhelix/Projects/www/backend_rmi/vendor/livewire/livewire/src/ComponentConcerns/RendersLivewireComponents.php(59): Livewire\\CompilerEngineForIgnition->evaluatePath('/Users/aldyheli...', Array)
#4 /Users/aldyhelix/Projects/www/backend_rmi/vendor/laravel/framework/src/Illuminate/View/View.php(139): Livewire\\CompilerEngineForIgnition->get('/Users/aldyheli...', Array)
#5 /Users/aldyhelix/Projects/www/backend_rmi/vendor/laravel/framework/src/Illuminate/View/View.php(122): Illuminate\\View\\View->getContents()
#6 /Users/aldyhelix/Projects/www/backend_rmi/vendor/laravel/framework/src/Illuminate/View/View.php(91): Illuminate\\View\\View->renderContents()
#7 /Users/aldyhelix/Projects/www/backend_rmi/vendor/laravel/framework/src/Illuminate/View/Concerns/ManagesComponents.php(100): Illuminate\\View\\View->render()
#8 /Users/aldyhelix/Projects/www/backend_rmi/storage/framework/views/f4899b702c6a16f1c873549d32bc50b1e46a780c.php(522): Illuminate\\View\\Factory->renderComponent()
#9 /Users/aldyhelix/Projects/www/backend_rmi/vendor/livewire/livewire/src/ComponentConcerns/RendersLivewireComponents.php(83): include('/Users/aldyheli...')
#10 /Users/aldyhelix/Projects/www/backend_rmi/vendor/livewire/livewire/src/ComponentConcerns/RendersLivewireComponents.php(84): App\\Http\\Livewire\\Dashboard->Livewire\\ComponentConcerns\\{closure}()
#11 /Users/aldyhelix/Projects/www/backend_rmi/vendor/livewire/livewire/src/ComponentConcerns/RendersLivewireComponents.php(59): Livewire\\CompilerEngineForIgnition->evaluatePath('/Users/aldyheli...', Array)
#12 /Users/aldyhelix/Projects/www/backend_rmi/vendor/laravel/framework/src/Illuminate/View/View.php(139): Livewire\\CompilerEngineForIgnition->get('/Users/aldyheli...', Array)
#13 /Users/aldyhelix/Projects/www/backend_rmi/vendor/laravel/framework/src/Illuminate/View/View.php(122): Illuminate\\View\\View->getContents()
#14 /Users/aldyhelix/Projects/www/backend_rmi/vendor/laravel/framework/src/Illuminate/View/View.php(91): Illuminate\\View\\View->renderContents()
#15 /Users/aldyhelix/Projects/www/backend_rmi/vendor/livewire/livewire/src/Component.php(235): Illuminate\\View\\View->render()
#16 /Users/aldyhelix/Projects/www/backend_rmi/vendor/livewire/livewire/src/HydrationMiddleware/RenderView.php(14): Livewire\\Component->output()
#17 /Users/aldyhelix/Projects/www/backend_rmi/vendor/livewire/livewire/src/LifecycleManager.php(141): Livewire\\HydrationMiddleware\\RenderView::dehydrate(Object(App\\Http\\Livewire\\Dashboard), Object(Livewire\\Response))
#18 /Users/aldyhelix/Projects/www/backend_rmi/vendor/livewire/livewire/src/LivewireManager.php(132): Livewire\\LifecycleManager->initialDehydrate()
#19 /Users/aldyhelix/Projects/www/backend_rmi/vendor/laravel/framework/src/Illuminate/Support/Facades/Facade.php(261): Livewire\\LivewireManager->mount('dashboard', Array)
#20 /Users/aldyhelix/Projects/www/backend_rmi/resources/views/admin/dashboard/platform.blade.php(13): Illuminate\\Support\\Facades\\Facade::__callStatic('mount', Array)
#21 /Users/aldyhelix/Projects/www/backend_rmi/vendor/laravel/framework/src/Illuminate/Filesystem/Filesystem.php(107): require('/Users/aldyheli...')
#22 /Users/aldyhelix/Projects/www/backend_rmi/vendor/laravel/framework/src/Illuminate/Filesystem/Filesystem.php(108): Illuminate\\Filesystem\\Filesystem::Illuminate\\Filesystem\\{closure}()
#23 /Users/aldyhelix/Projects/www/backend_rmi/vendor/laravel/framework/src/Illuminate/View/Engines/PhpEngine.php(58): Illuminate\\Filesystem\\Filesystem->getRequire('/Users/aldyheli...', Array)
#24 /Users/aldyhelix/Projects/www/backend_rmi/vendor/livewire/livewire/src/ComponentConcerns/RendersLivewireComponents.php(69): Illuminate\\View\\Engines\\PhpEngine->evaluatePath('/Users/aldyheli...', Array)
#25 /Users/aldyhelix/Projects/www/backend_rmi/vendor/laravel/framework/src/Illuminate/View/Engines/CompilerEngine.php(61): Livewire\\CompilerEngineForIgnition->evaluatePath('/Users/aldyheli...', Array)
#26 /Users/aldyhelix/Projects/www/backend_rmi/vendor/facade/ignition/src/Views/Engines/CompilerEngine.php(37): Illuminate\\View\\Engines\\CompilerEngine->get('/Users/aldyheli...', Array)
#27 /Users/aldyhelix/Projects/www/backend_rmi/vendor/livewire/livewire/src/ComponentConcerns/RendersLivewireComponents.php(35): Facade\\Ignition\\Views\\Engines\\CompilerEngine->get('/Users/aldyheli...', Array)
#28 /Users/aldyhelix/Projects/www/backend_rmi/vendor/laravel/framework/src/Illuminate/View/View.php(139): Livewire\\CompilerEngineForIgnition->get('/Users/aldyheli...', Array)
#29 /Users/aldyhelix/Projects/www/backend_rmi/vendor/laravel/framework/src/Illuminate/View/View.php(122): Illuminate\\View\\View->getContents()
#30 /Users/aldyhelix/Projects/www/backend_rmi/vendor/laravel/framework/src/Illuminate/View/View.php(91): Illuminate\\View\\View->renderContents()
#31 /Users/aldyhelix/Projects/www/backend_rmi/vendor/laravel/framework/src/Illuminate/Http/Response.php(69): Illuminate\\View\\View->render()
#32 /Users/aldyhelix/Projects/www/backend_rmi/vendor/laravel/framework/src/Illuminate/Http/Response.php(35): Illuminate\\Http\\Response->setContent(Object(Illuminate\\View\\View))
#33 /Users/aldyhelix/Projects/www/backend_rmi/vendor/laravel/framework/src/Illuminate/Routing/Router.php(820): Illuminate\\Http\\Response->__construct(Object(Illuminate\\View\\View), 200, Array)
#34 /Users/aldyhelix/Projects/www/backend_rmi/vendor/laravel/framework/src/Illuminate/Routing/Router.php(789): Illuminate\\Routing\\Router::toResponse(Object(Illuminate\\Http\\Request), Object(Illuminate\\View\\View))
#35 /Users/aldyhelix/Projects/www/backend_rmi/vendor/laravel/framework/src/Illuminate/Routing/Router.php(720): Illuminate\\Routing\\Router->prepareResponse(Object(Illuminate\\Http\\Request), Object(Illuminate\\View\\View))
#36 /Users/aldyhelix/Projects/www/backend_rmi/vendor/laravel/framework/src/Illuminate/Pipeline/Pipeline.php(128): Illuminate\\Routing\\Router->Illuminate\\Routing\\{closure}(Object(Illuminate\\Http\\Request))
#37 /Users/aldyhelix/Projects/www/backend_rmi/app/Http/Middleware/DashboardSetup.php(22): Illuminate\\Pipeline\\Pipeline->Illuminate\\Pipeline\\{closure}(Object(Illuminate\\Http\\Request))
#38 /Users/aldyhelix/Projects/www/backend_rmi/vendor/laravel/framework/src/Illuminate/Pipeline/Pipeline.php(167): App\\Http\\Middleware\\DashboardSetup->handle(Object(Illuminate\\Http\\Request), Object(Closure))
#39 /Users/aldyhelix/Projects/www/backend_rmi/app/Http/Middleware/CheckIfBillingInfoRequired.php(24): Illuminate\\Pipeline\\Pipeline->Illuminate\\Pipeline\\{closure}(Object(Illuminate\\Http\\Request))
#40 /Users/aldyhelix/Projects/www/backend_rmi/vendor/laravel/framework/src/Illuminate/Pipeline/Pipeline.php(167): App\\Http\\Middleware\\CheckIfBillingInfoRequired->handle(Object(Illuminate\\Http\\Request), Object(Closure))
#41 /Users/aldyhelix/Projects/www/backend_rmi/app/Http/Middleware/VerifyUserIsSubscribed.php(25): Illuminate\\Pipeline\\Pipeline->Illuminate\\Pipeline\\{closure}(Object(Illuminate\\Http\\Request))
#42 /Users/aldyhelix/Projects/www/backend_rmi/vendor/laravel/framework/src/Illuminate/Pipeline/Pipeline.php(167): App\\Http\\Middleware\\VerifyUserIsSubscribed->handle(Object(Illuminate\\Http\\Request), Object(Closure))
#43 /Users/aldyhelix/Projects/www/backend_rmi/app/Http/Middleware/CookieConsentMiddleware.php(21): Illuminate\\Pipeline\\Pipeline->Illuminate\\Pipeline\\{closure}(Object(Illuminate\\Http\\Request))
#44 /Users/aldyhelix/Projects/www/backend_rmi/vendor/laravel/framework/src/Illuminate/Pipeline/Pipeline.php(167): App\\Http\\Middleware\\CookieConsentMiddleware->handle(Object(Illuminate\\Http\\Request), Object(Closure))
#45 /Users/aldyhelix/Projects/www/backend_rmi/app/Http/Middleware/Language.php(64): Illuminate\\Pipeline\\Pipeline->Illuminate\\Pipeline\\{closure}(Object(Illuminate\\Http\\Request))
#46 /Users/aldyhelix/Projects/www/backend_rmi/vendor/laravel/framework/src/Illuminate/Pipeline/Pipeline.php(167): App\\Http\\Middleware\\Language->handle(Object(Illuminate\\Http\\Request), Object(Closure))
#47 /Users/aldyhelix/Projects/www/backend_rmi/app/Http/Middleware/InitSettings.php(8): Illuminate\\Pipeline\\Pipeline->Illuminate\\Pipeline\\{closure}(Object(Illuminate\\Http\\Request))
#48 /Users/aldyhelix/Projects/www/backend_rmi/vendor/laravel/framework/src/Illuminate/Pipeline/Pipeline.php(167): App\\Http\\Middleware\\InitSettings->handle(Object(Illuminate\\Http\\Request), Object(Closure))
#49 /Users/aldyhelix/Projects/www/backend_rmi/vendor/laravel/framework/src/Illuminate/Routing/Middleware/SubstituteBindings.php(50): Illuminate\\Pipeline\\Pipeline->Illuminate\\Pipeline\\{closure}(Object(Illuminate\\Http\\Request))
#50 /Users/aldyhelix/Projects/www/backend_rmi/vendor/laravel/framework/src/Illuminate/Pipeline/Pipeline.php(167): Illuminate\\Routing\\Middleware\\SubstituteBindings->handle(Object(Illuminate\\Http\\Request), Object(Closure))
#51 /Users/aldyhelix/Projects/www/backend_rmi/vendor/laravel/framework/src/Illuminate/Auth/Middleware/Authenticate.php(44): Illuminate\\Pipeline\\Pipeline->Illuminate\\Pipeline\\{closure}(Object(Illuminate\\Http\\Request))
#52 /Users/aldyhelix/Projects/www/backend_rmi/vendor/laravel/framework/src/Illuminate/Pipeline/Pipeline.php(167): Illuminate\\Auth\\Middleware\\Authenticate->handle(Object(Illuminate\\Http\\Request), Object(Closure))
#53 /Users/aldyhelix/Projects/www/backend_rmi/vendor/laravel/framework/src/Illuminate/Foundation/Http/Middleware/VerifyCsrfToken.php(78): Illuminate\\Pipeline\\Pipeline->Illuminate\\Pipeline\\{closure}(Object(Illuminate\\Http\\Request))
#54 /Users/aldyhelix/Projects/www/backend_rmi/vendor/laravel/framework/src/Illuminate/Pipeline/Pipeline.php(167): Illuminate\\Foundation\\Http\\Middleware\\VerifyCsrfToken->handle(Object(Illuminate\\Http\\Request), Object(Closure))
#55 /Users/aldyhelix/Projects/www/backend_rmi/vendor/laravel/framework/src/Illuminate/View/Middleware/ShareErrorsFromSession.php(49): Illuminate\\Pipeline\\Pipeline->Illuminate\\Pipeline\\{closure}(Object(Illuminate\\Http\\Request))
#56 /Users/aldyhelix/Projects/www/backend_rmi/vendor/laravel/framework/src/Illuminate/Pipeline/Pipeline.php(167): Illuminate\\View\\Middleware\\ShareErrorsFromSession->handle(Object(Illuminate\\Http\\Request), Object(Closure))
#57 /Users/aldyhelix/Projects/www/backend_rmi/vendor/laravel/framework/src/Illuminate/Session/Middleware/StartSession.php(121): Illuminate\\Pipeline\\Pipeline->Illuminate\\Pipeline\\{closure}(Object(Illuminate\\Http\\Request))
#58 /Users/aldyhelix/Projects/www/backend_rmi/vendor/laravel/framework/src/Illuminate/Session/Middleware/StartSession.php(64): Illuminate\\Session\\Middleware\\StartSession->handleStatefulRequest(Object(Illuminate\\Http\\Request), Object(Illuminate\\Session\\EncryptedStore), Object(Closure))
#59 /Users/aldyhelix/Projects/www/backend_rmi/vendor/laravel/framework/src/Illuminate/Pipeline/Pipeline.php(167): Illuminate\\Session\\Middleware\\StartSession->handle(Object(Illuminate\\Http\\Request), Object(Closure))
#60 /Users/aldyhelix/Projects/www/backend_rmi/vendor/laravel/framework/src/Illuminate/Cookie/Middleware/AddQueuedCookiesToResponse.php(37): Illuminate\\Pipeline\\Pipeline->Illuminate\\Pipeline\\{closure}(Object(Illuminate\\Http\\Request))
#61 /Users/aldyhelix/Projects/www/backend_rmi/vendor/laravel/framework/src/Illuminate/Pipeline/Pipeline.php(167): Illuminate\\Cookie\\Middleware\\AddQueuedCookiesToResponse->handle(Object(Illuminate\\Http\\Request), Object(Closure))
#62 /Users/aldyhelix/Projects/www/backend_rmi/vendor/laravel/framework/src/Illuminate/Cookie/Middleware/EncryptCookies.php(67): Illuminate\\Pipeline\\Pipeline->Illuminate\\Pipeline\\{closure}(Object(Illuminate\\Http\\Request))
#63 /Users/aldyhelix/Projects/www/backend_rmi/vendor/laravel/framework/src/Illuminate/Pipeline/Pipeline.php(167): Illuminate\\Cookie\\Middleware\\EncryptCookies->handle(Object(Illuminate\\Http\\Request), Object(Closure))
#64 /Users/aldyhelix/Projects/www/backend_rmi/vendor/laravel/framework/src/Illuminate/Pipeline/Pipeline.php(103): Illuminate\\Pipeline\\Pipeline->Illuminate\\Pipeline\\{closure}(Object(Illuminate\\Http\\Request))
#65 /Users/aldyhelix/Projects/www/backend_rmi/vendor/laravel/framework/src/Illuminate/Routing/Router.php(719): Illuminate\\Pipeline\\Pipeline->then(Object(Closure))
#66 /Users/aldyhelix/Projects/www/backend_rmi/vendor/laravel/framework/src/Illuminate/Routing/Router.php(698): Illuminate\\Routing\\Router->runRouteWithinStack(Object(Illuminate\\Routing\\Route), Object(Illuminate\\Http\\Request))
#67 /Users/aldyhelix/Projects/www/backend_rmi/vendor/laravel/framework/src/Illuminate/Routing/Router.php(662): Illuminate\\Routing\\Router->runRoute(Object(Illuminate\\Http\\Request), Object(Illuminate\\Routing\\Route))
#68 /Users/aldyhelix/Projects/www/backend_rmi/vendor/laravel/framework/src/Illuminate/Routing/Router.php(651): Illuminate\\Routing\\Router->dispatchToRoute(Object(Illuminate\\Http\\Request))
#69 /Users/aldyhelix/Projects/www/backend_rmi/vendor/laravel/framework/src/Illuminate/Foundation/Http/Kernel.php(167): Illuminate\\Routing\\Router->dispatch(Object(Illuminate\\Http\\Request))
#70 /Users/aldyhelix/Projects/www/backend_rmi/vendor/laravel/framework/src/Illuminate/Pipeline/Pipeline.php(128): Illuminate\\Foundation\\Http\\Kernel->Illuminate\\Foundation\\Http\\{closure}(Object(Illuminate\\Http\\Request))
#71 /Users/aldyhelix/Projects/www/backend_rmi/vendor/livewire/livewire/src/DisableBrowserCache.php(19): Illuminate\\Pipeline\\Pipeline->Illuminate\\Pipeline\\{closure}(Object(Illuminate\\Http\\Request))
#72 /Users/aldyhelix/Projects/www/backend_rmi/vendor/laravel/framework/src/Illuminate/Pipeline/Pipeline.php(167): Livewire\\DisableBrowserCache->handle(Object(Illuminate\\Http\\Request), Object(Closure))
#73 /Users/aldyhelix/Projects/www/backend_rmi/vendor/barryvdh/laravel-debugbar/src/Middleware/InjectDebugbar.php(66): Illuminate\\Pipeline\\Pipeline->Illuminate\\Pipeline\\{closure}(Object(Illuminate\\Http\\Request))
#74 /Users/aldyhelix/Projects/www/backend_rmi/vendor/laravel/framework/src/Illuminate/Pipeline/Pipeline.php(167): Barryvdh\\Debugbar\\Middleware\\InjectDebugbar->handle(Object(Illuminate\\Http\\Request), Object(Closure))
#75 /Users/aldyhelix/Projects/www/backend_rmi/app/Http/Middleware/CheckForInstallation.php(19): Illuminate\\Pipeline\\Pipeline->Illuminate\\Pipeline\\{closure}(Object(Illuminate\\Http\\Request))
#76 /Users/aldyhelix/Projects/www/backend_rmi/vendor/laravel/framework/src/Illuminate/Pipeline/Pipeline.php(167): App\\Http\\Middleware\\CheckForInstallation->handle(Object(Illuminate\\Http\\Request), Object(Closure))
#77 /Users/aldyhelix/Projects/www/backend_rmi/vendor/laravel/framework/src/Illuminate/Foundation/Http/Middleware/TransformsRequest.php(21): Illuminate\\Pipeline\\Pipeline->Illuminate\\Pipeline\\{closure}(Object(Illuminate\\Http\\Request))
#78 /Users/aldyhelix/Projects/www/backend_rmi/vendor/laravel/framework/src/Illuminate/Foundation/Http/Middleware/ConvertEmptyStringsToNull.php(31): Illuminate\\Foundation\\Http\\Middleware\\TransformsRequest->handle(Object(Illuminate\\Http\\Request), Object(Closure))
#79 /Users/aldyhelix/Projects/www/backend_rmi/vendor/laravel/framework/src/Illuminate/Pipeline/Pipeline.php(167): Illuminate\\Foundation\\Http\\Middleware\\ConvertEmptyStringsToNull->handle(Object(Illuminate\\Http\\Request), Object(Closure))
#80 /Users/aldyhelix/Projects/www/backend_rmi/vendor/laravel/framework/src/Illuminate/Foundation/Http/Middleware/TransformsRequest.php(21): Illuminate\\Pipeline\\Pipeline->Illuminate\\Pipeline\\{closure}(Object(Illuminate\\Http\\Request))
#81 /Users/aldyhelix/Projects/www/backend_rmi/vendor/laravel/framework/src/Illuminate/Foundation/Http/Middleware/TrimStrings.php(40): Illuminate\\Foundation\\Http\\Middleware\\TransformsRequest->handle(Object(Illuminate\\Http\\Request), Object(Closure))
#82 /Users/aldyhelix/Projects/www/backend_rmi/vendor/laravel/framework/src/Illuminate/Pipeline/Pipeline.php(167): Illuminate\\Foundation\\Http\\Middleware\\TrimStrings->handle(Object(Illuminate\\Http\\Request), Object(Closure))
#83 /Users/aldyhelix/Projects/www/backend_rmi/vendor/laravel/framework/src/Illuminate/Foundation/Http/Middleware/ValidatePostSize.php(27): Illuminate\\Pipeline\\Pipeline->Illuminate\\Pipeline\\{closure}(Object(Illuminate\\Http\\Request))
#84 /Users/aldyhelix/Projects/www/backend_rmi/vendor/laravel/framework/src/Illuminate/Pipeline/Pipeline.php(167): Illuminate\\Foundation\\Http\\Middleware\\ValidatePostSize->handle(Object(Illuminate\\Http\\Request), Object(Closure))
#85 /Users/aldyhelix/Projects/www/backend_rmi/vendor/laravel/framework/src/Illuminate/Foundation/Http/Middleware/PreventRequestsDuringMaintenance.php(86): Illuminate\\Pipeline\\Pipeline->Illuminate\\Pipeline\\{closure}(Object(Illuminate\\Http\\Request))
#86 /Users/aldyhelix/Projects/www/backend_rmi/vendor/laravel/framework/src/Illuminate/Pipeline/Pipeline.php(167): Illuminate\\Foundation\\Http\\Middleware\\PreventRequestsDuringMaintenance->handle(Object(Illuminate\\Http\\Request), Object(Closure))
#87 /Users/aldyhelix/Projects/www/backend_rmi/vendor/fruitcake/laravel-cors/src/HandleCors.php(38): Illuminate\\Pipeline\\Pipeline->Illuminate\\Pipeline\\{closure}(Object(Illuminate\\Http\\Request))
#88 /Users/aldyhelix/Projects/www/backend_rmi/vendor/laravel/framework/src/Illuminate/Pipeline/Pipeline.php(167): Fruitcake\\Cors\\HandleCors->handle(Object(Illuminate\\Http\\Request), Object(Closure))
#89 /Users/aldyhelix/Projects/www/backend_rmi/vendor/laravel/framework/src/Illuminate/Http/Middleware/TrustProxies.php(39): Illuminate\\Pipeline\\Pipeline->Illuminate\\Pipeline\\{closure}(Object(Illuminate\\Http\\Request))
#90 /Users/aldyhelix/Projects/www/backend_rmi/vendor/laravel/framework/src/Illuminate/Pipeline/Pipeline.php(167): Illuminate\\Http\\Middleware\\TrustProxies->handle(Object(Illuminate\\Http\\Request), Object(Closure))
#91 /Users/aldyhelix/Projects/www/backend_rmi/vendor/laravel/framework/src/Illuminate/Pipeline/Pipeline.php(103): Illuminate\\Pipeline\\Pipeline->Illuminate\\Pipeline\\{closure}(Object(Illuminate\\Http\\Request))
#92 /Users/aldyhelix/Projects/www/backend_rmi/vendor/laravel/framework/src/Illuminate/Foundation/Http/Kernel.php(142): Illuminate\\Pipeline\\Pipeline->then(Object(Closure))
#93 /Users/aldyhelix/Projects/www/backend_rmi/vendor/laravel/framework/src/Illuminate/Foundation/Http/Kernel.php(111): Illuminate\\Foundation\\Http\\Kernel->sendRequestThroughRouter(Object(Illuminate\\Http\\Request))
#94 /Users/aldyhelix/Projects/www/backend_rmi/public/index.php(58): Illuminate\\Foundation\\Http\\Kernel->handle(Object(Illuminate\\Http\\Request))
#95 /Applications/Herd.app/Contents/Resources/valet/server.php(153): require('/Users/aldyheli...')
#96 {main}

[previous exception] [object] (ErrorException(code: 0): Undefined variable $data at /Users/aldyhelix/Projects/www/backend_rmi/storage/framework/views/6db3cb686217efb2acc5368dcf387cd0bf47d72a.php:13)
[stacktrace]
#0 /Users/aldyhelix/Projects/www/backend_rmi/storage/framework/views/6db3cb686217efb2acc5368dcf387cd0bf47d72a.php(13): Illuminate\\Foundation\\Bootstrap\\HandleExceptions->handleError(2, 'Undefined varia...', '/Users/aldyheli...', 13)
#1 /Users/aldyhelix/Projects/www/backend_rmi/vendor/livewire/livewire/src/ComponentConcerns/RendersLivewireComponents.php(83): include('/Users/aldyheli...')
#2 /Users/aldyhelix/Projects/www/backend_rmi/vendor/livewire/livewire/src/ComponentConcerns/RendersLivewireComponents.php(84): App\\Http\\Livewire\\Dashboard->Livewire\\ComponentConcerns\\{closure}()
#3 /Users/aldyhelix/Projects/www/backend_rmi/vendor/livewire/livewire/src/ComponentConcerns/RendersLivewireComponents.php(59): Livewire\\CompilerEngineForIgnition->evaluatePath('/Users/aldyheli...', Array)
#4 /Users/aldyhelix/Projects/www/backend_rmi/vendor/laravel/framework/src/Illuminate/View/View.php(139): Livewire\\CompilerEngineForIgnition->get('/Users/aldyheli...', Array)
#5 /Users/aldyhelix/Projects/www/backend_rmi/vendor/laravel/framework/src/Illuminate/View/View.php(122): Illuminate\\View\\View->getContents()
#6 /Users/aldyhelix/Projects/www/backend_rmi/vendor/laravel/framework/src/Illuminate/View/View.php(91): Illuminate\\View\\View->renderContents()
#7 /Users/aldyhelix/Projects/www/backend_rmi/vendor/laravel/framework/src/Illuminate/View/Concerns/ManagesComponents.php(100): Illuminate\\View\\View->render()
#8 /Users/aldyhelix/Projects/www/backend_rmi/storage/framework/views/f4899b702c6a16f1c873549d32bc50b1e46a780c.php(522): Illuminate\\View\\Factory->renderComponent()
#9 /Users/aldyhelix/Projects/www/backend_rmi/vendor/livewire/livewire/src/ComponentConcerns/RendersLivewireComponents.php(83): include('/Users/aldyheli...')
#10 /Users/aldyhelix/Projects/www/backend_rmi/vendor/livewire/livewire/src/ComponentConcerns/RendersLivewireComponents.php(84): App\\Http\\Livewire\\Dashboard->Livewire\\ComponentConcerns\\{closure}()
#11 /Users/aldyhelix/Projects/www/backend_rmi/vendor/livewire/livewire/src/ComponentConcerns/RendersLivewireComponents.php(59): Livewire\\CompilerEngineForIgnition->evaluatePath('/Users/aldyheli...', Array)
#12 /Users/aldyhelix/Projects/www/backend_rmi/vendor/laravel/framework/src/Illuminate/View/View.php(139): Livewire\\CompilerEngineForIgnition->get('/Users/aldyheli...', Array)
#13 /Users/aldyhelix/Projects/www/backend_rmi/vendor/laravel/framework/src/Illuminate/View/View.php(122): Illuminate\\View\\View->getContents()
#14 /Users/aldyhelix/Projects/www/backend_rmi/vendor/laravel/framework/src/Illuminate/View/View.php(91): Illuminate\\View\\View->renderContents()
#15 /Users/aldyhelix/Projects/www/backend_rmi/vendor/livewire/livewire/src/Component.php(235): Illuminate\\View\\View->render()
#16 /Users/aldyhelix/Projects/www/backend_rmi/vendor/livewire/livewire/src/HydrationMiddleware/RenderView.php(14): Livewire\\Component->output()
#17 /Users/aldyhelix/Projects/www/backend_rmi/vendor/livewire/livewire/src/LifecycleManager.php(141): Livewire\\HydrationMiddleware\\RenderView::dehydrate(Object(App\\Http\\Livewire\\Dashboard), Object(Livewire\\Response))
#18 /Users/aldyhelix/Projects/www/backend_rmi/vendor/livewire/livewire/src/LivewireManager.php(132): Livewire\\LifecycleManager->initialDehydrate()
#19 /Users/aldyhelix/Projects/www/backend_rmi/vendor/laravel/framework/src/Illuminate/Support/Facades/Facade.php(261): Livewire\\LivewireManager->mount('dashboard', Array)
#20 /Users/aldyhelix/Projects/www/backend_rmi/storage/framework/views/7614a377bf597da1c7ed67416eae576b7feee755.php(13): Illuminate\\Support\\Facades\\Facade::__callStatic('mount', Array)
#21 /Users/aldyhelix/Projects/www/backend_rmi/vendor/laravel/framework/src/Illuminate/Filesystem/Filesystem.php(107): require('/Users/aldyheli...')
#22 /Users/aldyhelix/Projects/www/backend_rmi/vendor/laravel/framework/src/Illuminate/Filesystem/Filesystem.php(108): Illuminate\\Filesystem\\Filesystem::Illuminate\\Filesystem\\{closure}()
#23 /Users/aldyhelix/Projects/www/backend_rmi/vendor/laravel/framework/src/Illuminate/View/Engines/PhpEngine.php(58): Illuminate\\Filesystem\\Filesystem->getRequire('/Users/aldyheli...', Array)
#24 /Users/aldyhelix/Projects/www/backend_rmi/vendor/livewire/livewire/src/ComponentConcerns/RendersLivewireComponents.php(69): Illuminate\\View\\Engines\\PhpEngine->evaluatePath('/Users/aldyheli...', Array)
#25 /Users/aldyhelix/Projects/www/backend_rmi/vendor/laravel/framework/src/Illuminate/View/Engines/CompilerEngine.php(61): Livewire\\CompilerEngineForIgnition->evaluatePath('/Users/aldyheli...', Array)
#26 /Users/aldyhelix/Projects/www/backend_rmi/vendor/facade/ignition/src/Views/Engines/CompilerEngine.php(37): Illuminate\\View\\Engines\\CompilerEngine->get('/Users/aldyheli...', Array)
#27 /Users/aldyhelix/Projects/www/backend_rmi/vendor/livewire/livewire/src/ComponentConcerns/RendersLivewireComponents.php(35): Facade\\Ignition\\Views\\Engines\\CompilerEngine->get('/Users/aldyheli...', Array)
#28 /Users/aldyhelix/Projects/www/backend_rmi/vendor/laravel/framework/src/Illuminate/View/View.php(139): Livewire\\CompilerEngineForIgnition->get('/Users/aldyheli...', Array)
#29 /Users/aldyhelix/Projects/www/backend_rmi/vendor/laravel/framework/src/Illuminate/View/View.php(122): Illuminate\\View\\View->getContents()
#30 /Users/aldyhelix/Projects/www/backend_rmi/vendor/laravel/framework/src/Illuminate/View/View.php(91): Illuminate\\View\\View->renderContents()
#31 /Users/aldyhelix/Projects/www/backend_rmi/vendor/laravel/framework/src/Illuminate/Http/Response.php(69): Illuminate\\View\\View->render()
#32 /Users/aldyhelix/Projects/www/backend_rmi/vendor/laravel/framework/src/Illuminate/Http/Response.php(35): Illuminate\\Http\\Response->setContent(Object(Illuminate\\View\\View))
#33 /Users/aldyhelix/Projects/www/backend_rmi/vendor/laravel/framework/src/Illuminate/Routing/Router.php(820): Illuminate\\Http\\Response->__construct(Object(Illuminate\\View\\View), 200, Array)
#34 /Users/aldyhelix/Projects/www/backend_rmi/vendor/laravel/framework/src/Illuminate/Routing/Router.php(789): Illuminate\\Routing\\Router::toResponse(Object(Illuminate\\Http\\Request), Object(Illuminate\\View\\View))
#35 /Users/aldyhelix/Projects/www/backend_rmi/vendor/laravel/framework/src/Illuminate/Routing/Router.php(720): Illuminate\\Routing\\Router->prepareResponse(Object(Illuminate\\Http\\Request), Object(Illuminate\\View\\View))
#36 /Users/aldyhelix/Projects/www/backend_rmi/vendor/laravel/framework/src/Illuminate/Pipeline/Pipeline.php(128): Illuminate\\Routing\\Router->Illuminate\\Routing\\{closure}(Object(Illuminate\\Http\\Request))
#37 /Users/aldyhelix/Projects/www/backend_rmi/app/Http/Middleware/DashboardSetup.php(22): Illuminate\\Pipeline\\Pipeline->Illuminate\\Pipeline\\{closure}(Object(Illuminate\\Http\\Request))
#38 /Users/aldyhelix/Projects/www/backend_rmi/vendor/laravel/framework/src/Illuminate/Pipeline/Pipeline.php(167): App\\Http\\Middleware\\DashboardSetup->handle(Object(Illuminate\\Http\\Request), Object(Closure))
#39 /Users/aldyhelix/Projects/www/backend_rmi/app/Http/Middleware/CheckIfBillingInfoRequired.php(24): Illuminate\\Pipeline\\Pipeline->Illuminate\\Pipeline\\{closure}(Object(Illuminate\\Http\\Request))
#40 /Users/aldyhelix/Projects/www/backend_rmi/vendor/laravel/framework/src/Illuminate/Pipeline/Pipeline.php(167): App\\Http\\Middleware\\CheckIfBillingInfoRequired->handle(Object(Illuminate\\Http\\Request), Object(Closure))
#41 /Users/aldyhelix/Projects/www/backend_rmi/app/Http/Middleware/VerifyUserIsSubscribed.php(25): Illuminate\\Pipeline\\Pipeline->Illuminate\\Pipeline\\{closure}(Object(Illuminate\\Http\\Request))
#42 /Users/aldyhelix/Projects/www/backend_rmi/vendor/laravel/framework/src/Illuminate/Pipeline/Pipeline.php(167): App\\Http\\Middleware\\VerifyUserIsSubscribed->handle(Object(Illuminate\\Http\\Request), Object(Closure))
#43 /Users/aldyhelix/Projects/www/backend_rmi/app/Http/Middleware/CookieConsentMiddleware.php(21): Illuminate\\Pipeline\\Pipeline->Illuminate\\Pipeline\\{closure}(Object(Illuminate\\Http\\Request))
#44 /Users/aldyhelix/Projects/www/backend_rmi/vendor/laravel/framework/src/Illuminate/Pipeline/Pipeline.php(167): App\\Http\\Middleware\\CookieConsentMiddleware->handle(Object(Illuminate\\Http\\Request), Object(Closure))
#45 /Users/aldyhelix/Projects/www/backend_rmi/app/Http/Middleware/Language.php(64): Illuminate\\Pipeline\\Pipeline->Illuminate\\Pipeline\\{closure}(Object(Illuminate\\Http\\Request))
#46 /Users/aldyhelix/Projects/www/backend_rmi/vendor/laravel/framework/src/Illuminate/Pipeline/Pipeline.php(167): App\\Http\\Middleware\\Language->handle(Object(Illuminate\\Http\\Request), Object(Closure))
#47 /Users/aldyhelix/Projects/www/backend_rmi/app/Http/Middleware/InitSettings.php(8): Illuminate\\Pipeline\\Pipeline->Illuminate\\Pipeline\\{closure}(Object(Illuminate\\Http\\Request))
#48 /Users/aldyhelix/Projects/www/backend_rmi/vendor/laravel/framework/src/Illuminate/Pipeline/Pipeline.php(167): App\\Http\\Middleware\\InitSettings->handle(Object(Illuminate\\Http\\Request), Object(Closure))
#49 /Users/aldyhelix/Projects/www/backend_rmi/vendor/laravel/framework/src/Illuminate/Routing/Middleware/SubstituteBindings.php(50): Illuminate\\Pipeline\\Pipeline->Illuminate\\Pipeline\\{closure}(Object(Illuminate\\Http\\Request))
#50 /Users/aldyhelix/Projects/www/backend_rmi/vendor/laravel/framework/src/Illuminate/Pipeline/Pipeline.php(167): Illuminate\\Routing\\Middleware\\SubstituteBindings->handle(Object(Illuminate\\Http\\Request), Object(Closure))
#51 /Users/aldyhelix/Projects/www/backend_rmi/vendor/laravel/framework/src/Illuminate/Auth/Middleware/Authenticate.php(44): Illuminate\\Pipeline\\Pipeline->Illuminate\\Pipeline\\{closure}(Object(Illuminate\\Http\\Request))
#52 /Users/aldyhelix/Projects/www/backend_rmi/vendor/laravel/framework/src/Illuminate/Pipeline/Pipeline.php(167): Illuminate\\Auth\\Middleware\\Authenticate->handle(Object(Illuminate\\Http\\Request), Object(Closure))
#53 /Users/aldyhelix/Projects/www/backend_rmi/vendor/laravel/framework/src/Illuminate/Foundation/Http/Middleware/VerifyCsrfToken.php(78): Illuminate\\Pipeline\\Pipeline->Illuminate\\Pipeline\\{closure}(Object(Illuminate\\Http\\Request))
#54 /Users/aldyhelix/Projects/www/backend_rmi/vendor/laravel/framework/src/Illuminate/Pipeline/Pipeline.php(167): Illuminate\\Foundation\\Http\\Middleware\\VerifyCsrfToken->handle(Object(Illuminate\\Http\\Request), Object(Closure))
#55 /Users/aldyhelix/Projects/www/backend_rmi/vendor/laravel/framework/src/Illuminate/View/Middleware/ShareErrorsFromSession.php(49): Illuminate\\Pipeline\\Pipeline->Illuminate\\Pipeline\\{closure}(Object(Illuminate\\Http\\Request))
#56 /Users/aldyhelix/Projects/www/backend_rmi/vendor/laravel/framework/src/Illuminate/Pipeline/Pipeline.php(167): Illuminate\\View\\Middleware\\ShareErrorsFromSession->handle(Object(Illuminate\\Http\\Request), Object(Closure))
#57 /Users/aldyhelix/Projects/www/backend_rmi/vendor/laravel/framework/src/Illuminate/Session/Middleware/StartSession.php(121): Illuminate\\Pipeline\\Pipeline->Illuminate\\Pipeline\\{closure}(Object(Illuminate\\Http\\Request))
#58 /Users/aldyhelix/Projects/www/backend_rmi/vendor/laravel/framework/src/Illuminate/Session/Middleware/StartSession.php(64): Illuminate\\Session\\Middleware\\StartSession->handleStatefulRequest(Object(Illuminate\\Http\\Request), Object(Illuminate\\Session\\EncryptedStore), Object(Closure))
#59 /Users/aldyhelix/Projects/www/backend_rmi/vendor/laravel/framework/src/Illuminate/Pipeline/Pipeline.php(167): Illuminate\\Session\\Middleware\\StartSession->handle(Object(Illuminate\\Http\\Request), Object(Closure))
#60 /Users/aldyhelix/Projects/www/backend_rmi/vendor/laravel/framework/src/Illuminate/Cookie/Middleware/AddQueuedCookiesToResponse.php(37): Illuminate\\Pipeline\\Pipeline->Illuminate\\Pipeline\\{closure}(Object(Illuminate\\Http\\Request))
#61 /Users/aldyhelix/Projects/www/backend_rmi/vendor/laravel/framework/src/Illuminate/Pipeline/Pipeline.php(167): Illuminate\\Cookie\\Middleware\\AddQueuedCookiesToResponse->handle(Object(Illuminate\\Http\\Request), Object(Closure))
#62 /Users/aldyhelix/Projects/www/backend_rmi/vendor/laravel/framework/src/Illuminate/Cookie/Middleware/EncryptCookies.php(67): Illuminate\\Pipeline\\Pipeline->Illuminate\\Pipeline\\{closure}(Object(Illuminate\\Http\\Request))
#63 /Users/aldyhelix/Projects/www/backend_rmi/vendor/laravel/framework/src/Illuminate/Pipeline/Pipeline.php(167): Illuminate\\Cookie\\Middleware\\EncryptCookies->handle(Object(Illuminate\\Http\\Request), Object(Closure))
#64 /Users/aldyhelix/Projects/www/backend_rmi/vendor/laravel/framework/src/Illuminate/Pipeline/Pipeline.php(103): Illuminate\\Pipeline\\Pipeline->Illuminate\\Pipeline\\{closure}(Object(Illuminate\\Http\\Request))
#65 /Users/aldyhelix/Projects/www/backend_rmi/vendor/laravel/framework/src/Illuminate/Routing/Router.php(719): Illuminate\\Pipeline\\Pipeline->then(Object(Closure))
#66 /Users/aldyhelix/Projects/www/backend_rmi/vendor/laravel/framework/src/Illuminate/Routing/Router.php(698): Illuminate\\Routing\\Router->runRouteWithinStack(Object(Illuminate\\Routing\\Route), Object(Illuminate\\Http\\Request))
#67 /Users/aldyhelix/Projects/www/backend_rmi/vendor/laravel/framework/src/Illuminate/Routing/Router.php(662): Illuminate\\Routing\\Router->runRoute(Object(Illuminate\\Http\\Request), Object(Illuminate\\Routing\\Route))
#68 /Users/aldyhelix/Projects/www/backend_rmi/vendor/laravel/framework/src/Illuminate/Routing/Router.php(651): Illuminate\\Routing\\Router->dispatchToRoute(Object(Illuminate\\Http\\Request))
#69 /Users/aldyhelix/Projects/www/backend_rmi/vendor/laravel/framework/src/Illuminate/Foundation/Http/Kernel.php(167): Illuminate\\Routing\\Router->dispatch(Object(Illuminate\\Http\\Request))
#70 /Users/aldyhelix/Projects/www/backend_rmi/vendor/laravel/framework/src/Illuminate/Pipeline/Pipeline.php(128): Illuminate\\Foundation\\Http\\Kernel->Illuminate\\Foundation\\Http\\{closure}(Object(Illuminate\\Http\\Request))
#71 /Users/aldyhelix/Projects/www/backend_rmi/vendor/livewire/livewire/src/DisableBrowserCache.php(19): Illuminate\\Pipeline\\Pipeline->Illuminate\\Pipeline\\{closure}(Object(Illuminate\\Http\\Request))
#72 /Users/aldyhelix/Projects/www/backend_rmi/vendor/laravel/framework/src/Illuminate/Pipeline/Pipeline.php(167): Livewire\\DisableBrowserCache->handle(Object(Illuminate\\Http\\Request), Object(Closure))
#73 /Users/aldyhelix/Projects/www/backend_rmi/vendor/barryvdh/laravel-debugbar/src/Middleware/InjectDebugbar.php(66): Illuminate\\Pipeline\\Pipeline->Illuminate\\Pipeline\\{closure}(Object(Illuminate\\Http\\Request))
#74 /Users/aldyhelix/Projects/www/backend_rmi/vendor/laravel/framework/src/Illuminate/Pipeline/Pipeline.php(167): Barryvdh\\Debugbar\\Middleware\\InjectDebugbar->handle(Object(Illuminate\\Http\\Request), Object(Closure))
#75 /Users/aldyhelix/Projects/www/backend_rmi/app/Http/Middleware/CheckForInstallation.php(19): Illuminate\\Pipeline\\Pipeline->Illuminate\\Pipeline\\{closure}(Object(Illuminate\\Http\\Request))
#76 /Users/aldyhelix/Projects/www/backend_rmi/vendor/laravel/framework/src/Illuminate/Pipeline/Pipeline.php(167): App\\Http\\Middleware\\CheckForInstallation->handle(Object(Illuminate\\Http\\Request), Object(Closure))
#77 /Users/aldyhelix/Projects/www/backend_rmi/vendor/laravel/framework/src/Illuminate/Foundation/Http/Middleware/TransformsRequest.php(21): Illuminate\\Pipeline\\Pipeline->Illuminate\\Pipeline\\{closure}(Object(Illuminate\\Http\\Request))
#78 /Users/aldyhelix/Projects/www/backend_rmi/vendor/laravel/framework/src/Illuminate/Foundation/Http/Middleware/ConvertEmptyStringsToNull.php(31): Illuminate\\Foundation\\Http\\Middleware\\TransformsRequest->handle(Object(Illuminate\\Http\\Request), Object(Closure))
#79 /Users/aldyhelix/Projects/www/backend_rmi/vendor/laravel/framework/src/Illuminate/Pipeline/Pipeline.php(167): Illuminate\\Foundation\\Http\\Middleware\\ConvertEmptyStringsToNull->handle(Object(Illuminate\\Http\\Request), Object(Closure))
#80 /Users/aldyhelix/Projects/www/backend_rmi/vendor/laravel/framework/src/Illuminate/Foundation/Http/Middleware/TransformsRequest.php(21): Illuminate\\Pipeline\\Pipeline->Illuminate\\Pipeline\\{closure}(Object(Illuminate\\Http\\Request))
#81 /Users/aldyhelix/Projects/www/backend_rmi/vendor/laravel/framework/src/Illuminate/Foundation/Http/Middleware/TrimStrings.php(40): Illuminate\\Foundation\\Http\\Middleware\\TransformsRequest->handle(Object(Illuminate\\Http\\Request), Object(Closure))
#82 /Users/aldyhelix/Projects/www/backend_rmi/vendor/laravel/framework/src/Illuminate/Pipeline/Pipeline.php(167): Illuminate\\Foundation\\Http\\Middleware\\TrimStrings->handle(Object(Illuminate\\Http\\Request), Object(Closure))
#83 /Users/aldyhelix/Projects/www/backend_rmi/vendor/laravel/framework/src/Illuminate/Foundation/Http/Middleware/ValidatePostSize.php(27): Illuminate\\Pipeline\\Pipeline->Illuminate\\Pipeline\\{closure}(Object(Illuminate\\Http\\Request))
#84 /Users/aldyhelix/Projects/www/backend_rmi/vendor/laravel/framework/src/Illuminate/Pipeline/Pipeline.php(167): Illuminate\\Foundation\\Http\\Middleware\\ValidatePostSize->handle(Object(Illuminate\\Http\\Request), Object(Closure))
#85 /Users/aldyhelix/Projects/www/backend_rmi/vendor/laravel/framework/src/Illuminate/Foundation/Http/Middleware/PreventRequestsDuringMaintenance.php(86): Illuminate\\Pipeline\\Pipeline->Illuminate\\Pipeline\\{closure}(Object(Illuminate\\Http\\Request))
#86 /Users/aldyhelix/Projects/www/backend_rmi/vendor/laravel/framework/src/Illuminate/Pipeline/Pipeline.php(167): Illuminate\\Foundation\\Http\\Middleware\\PreventRequestsDuringMaintenance->handle(Object(Illuminate\\Http\\Request), Object(Closure))
#87 /Users/aldyhelix/Projects/www/backend_rmi/vendor/fruitcake/laravel-cors/src/HandleCors.php(38): Illuminate\\Pipeline\\Pipeline->Illuminate\\Pipeline\\{closure}(Object(Illuminate\\Http\\Request))
#88 /Users/aldyhelix/Projects/www/backend_rmi/vendor/laravel/framework/src/Illuminate/Pipeline/Pipeline.php(167): Fruitcake\\Cors\\HandleCors->handle(Object(Illuminate\\Http\\Request), Object(Closure))
#89 /Users/aldyhelix/Projects/www/backend_rmi/vendor/laravel/framework/src/Illuminate/Http/Middleware/TrustProxies.php(39): Illuminate\\Pipeline\\Pipeline->Illuminate\\Pipeline\\{closure}(Object(Illuminate\\Http\\Request))
#90 /Users/aldyhelix/Projects/www/backend_rmi/vendor/laravel/framework/src/Illuminate/Pipeline/Pipeline.php(167): Illuminate\\Http\\Middleware\\TrustProxies->handle(Object(Illuminate\\Http\\Request), Object(Closure))
#91 /Users/aldyhelix/Projects/www/backend_rmi/vendor/laravel/framework/src/Illuminate/Pipeline/Pipeline.php(103): Illuminate\\Pipeline\\Pipeline->Illuminate\\Pipeline\\{closure}(Object(Illuminate\\Http\\Request))
#92 /Users/aldyhelix/Projects/www/backend_rmi/vendor/laravel/framework/src/Illuminate/Foundation/Http/Kernel.php(142): Illuminate\\Pipeline\\Pipeline->then(Object(Closure))
#93 /Users/aldyhelix/Projects/www/backend_rmi/vendor/laravel/framework/src/Illuminate/Foundation/Http/Kernel.php(111): Illuminate\\Foundation\\Http\\Kernel->sendRequestThroughRouter(Object(Illuminate\\Http\\Request))
#94 /Users/aldyhelix/Projects/www/backend_rmi/public/index.php(58): Illuminate\\Foundation\\Http\\Kernel->handle(Object(Illuminate\\Http\\Request))
#95 /Applications/Herd.app/Contents/Resources/valet/server.php(153): require('/Users/aldyheli...')
#96 {main}
"} 
[2024-06-09 17:02:52] production.ERROR: Undefined variable $data (View: /Users/aldyhelix/Projects/www/backend_rmi/resources/views/components/table.blade.php) {"view":{"view":"/Users/aldyhelix/Projects/www/backend_rmi/storage/framework/views/6db3cb686217efb2acc5368dcf387cd0bf47d72a.php","data":[]},"userId":1,"exception":"[object] (Facade\\Ignition\\Exceptions\\ViewException(code: 0): Undefined variable $data (View: /Users/aldyhelix/Projects/www/backend_rmi/resources/views/components/table.blade.php) at /Users/aldyhelix/Projects/www/backend_rmi/storage/framework/views/6db3cb686217efb2acc5368dcf387cd0bf47d72a.php:13)
[stacktrace]
#0 /Users/aldyhelix/Projects/www/backend_rmi/storage/framework/views/6db3cb686217efb2acc5368dcf387cd0bf47d72a.php(13): Illuminate\\Foundation\\Bootstrap\\HandleExceptions->handleError(2, 'Undefined varia...', '/Users/aldyheli...', 13)
#1 /Users/aldyhelix/Projects/www/backend_rmi/vendor/livewire/livewire/src/ComponentConcerns/RendersLivewireComponents.php(83): include('/Users/aldyheli...')
#2 /Users/aldyhelix/Projects/www/backend_rmi/vendor/livewire/livewire/src/ComponentConcerns/RendersLivewireComponents.php(84): App\\Http\\Livewire\\Dashboard->Livewire\\ComponentConcerns\\{closure}()
#3 /Users/aldyhelix/Projects/www/backend_rmi/vendor/livewire/livewire/src/ComponentConcerns/RendersLivewireComponents.php(59): Livewire\\CompilerEngineForIgnition->evaluatePath('/Users/aldyheli...', Array)
#4 /Users/aldyhelix/Projects/www/backend_rmi/vendor/laravel/framework/src/Illuminate/View/View.php(139): Livewire\\CompilerEngineForIgnition->get('/Users/aldyheli...', Array)
#5 /Users/aldyhelix/Projects/www/backend_rmi/vendor/laravel/framework/src/Illuminate/View/View.php(122): Illuminate\\View\\View->getContents()
#6 /Users/aldyhelix/Projects/www/backend_rmi/vendor/laravel/framework/src/Illuminate/View/View.php(91): Illuminate\\View\\View->renderContents()
#7 /Users/aldyhelix/Projects/www/backend_rmi/vendor/laravel/framework/src/Illuminate/View/Concerns/ManagesComponents.php(100): Illuminate\\View\\View->render()
#8 /Users/aldyhelix/Projects/www/backend_rmi/storage/framework/views/f4899b702c6a16f1c873549d32bc50b1e46a780c.php(522): Illuminate\\View\\Factory->renderComponent()
#9 /Users/aldyhelix/Projects/www/backend_rmi/vendor/livewire/livewire/src/ComponentConcerns/RendersLivewireComponents.php(83): include('/Users/aldyheli...')
#10 /Users/aldyhelix/Projects/www/backend_rmi/vendor/livewire/livewire/src/ComponentConcerns/RendersLivewireComponents.php(84): App\\Http\\Livewire\\Dashboard->Livewire\\ComponentConcerns\\{closure}()
#11 /Users/aldyhelix/Projects/www/backend_rmi/vendor/livewire/livewire/src/ComponentConcerns/RendersLivewireComponents.php(59): Livewire\\CompilerEngineForIgnition->evaluatePath('/Users/aldyheli...', Array)
#12 /Users/aldyhelix/Projects/www/backend_rmi/vendor/laravel/framework/src/Illuminate/View/View.php(139): Livewire\\CompilerEngineForIgnition->get('/Users/aldyheli...', Array)
#13 /Users/aldyhelix/Projects/www/backend_rmi/vendor/laravel/framework/src/Illuminate/View/View.php(122): Illuminate\\View\\View->getContents()
#14 /Users/aldyhelix/Projects/www/backend_rmi/vendor/laravel/framework/src/Illuminate/View/View.php(91): Illuminate\\View\\View->renderContents()
#15 /Users/aldyhelix/Projects/www/backend_rmi/vendor/livewire/livewire/src/Component.php(235): Illuminate\\View\\View->render()
#16 /Users/aldyhelix/Projects/www/backend_rmi/vendor/livewire/livewire/src/HydrationMiddleware/RenderView.php(14): Livewire\\Component->output()
#17 /Users/aldyhelix/Projects/www/backend_rmi/vendor/livewire/livewire/src/LifecycleManager.php(141): Livewire\\HydrationMiddleware\\RenderView::dehydrate(Object(App\\Http\\Livewire\\Dashboard), Object(Livewire\\Response))
#18 /Users/aldyhelix/Projects/www/backend_rmi/vendor/livewire/livewire/src/LivewireManager.php(132): Livewire\\LifecycleManager->initialDehydrate()
#19 /Users/aldyhelix/Projects/www/backend_rmi/vendor/laravel/framework/src/Illuminate/Support/Facades/Facade.php(261): Livewire\\LivewireManager->mount('dashboard', Array)
#20 /Users/aldyhelix/Projects/www/backend_rmi/resources/views/admin/dashboard/platform.blade.php(13): Illuminate\\Support\\Facades\\Facade::__callStatic('mount', Array)
#21 /Users/aldyhelix/Projects/www/backend_rmi/vendor/laravel/framework/src/Illuminate/Filesystem/Filesystem.php(107): require('/Users/aldyheli...')
#22 /Users/aldyhelix/Projects/www/backend_rmi/vendor/laravel/framework/src/Illuminate/Filesystem/Filesystem.php(108): Illuminate\\Filesystem\\Filesystem::Illuminate\\Filesystem\\{closure}()
#23 /Users/aldyhelix/Projects/www/backend_rmi/vendor/laravel/framework/src/Illuminate/View/Engines/PhpEngine.php(58): Illuminate\\Filesystem\\Filesystem->getRequire('/Users/aldyheli...', Array)
#24 /Users/aldyhelix/Projects/www/backend_rmi/vendor/livewire/livewire/src/ComponentConcerns/RendersLivewireComponents.php(69): Illuminate\\View\\Engines\\PhpEngine->evaluatePath('/Users/aldyheli...', Array)
#25 /Users/aldyhelix/Projects/www/backend_rmi/vendor/laravel/framework/src/Illuminate/View/Engines/CompilerEngine.php(61): Livewire\\CompilerEngineForIgnition->evaluatePath('/Users/aldyheli...', Array)
#26 /Users/aldyhelix/Projects/www/backend_rmi/vendor/facade/ignition/src/Views/Engines/CompilerEngine.php(37): Illuminate\\View\\Engines\\CompilerEngine->get('/Users/aldyheli...', Array)
#27 /Users/aldyhelix/Projects/www/backend_rmi/vendor/livewire/livewire/src/ComponentConcerns/RendersLivewireComponents.php(35): Facade\\Ignition\\Views\\Engines\\CompilerEngine->get('/Users/aldyheli...', Array)
#28 /Users/aldyhelix/Projects/www/backend_rmi/vendor/laravel/framework/src/Illuminate/View/View.php(139): Livewire\\CompilerEngineForIgnition->get('/Users/aldyheli...', Array)
#29 /Users/aldyhelix/Projects/www/backend_rmi/vendor/laravel/framework/src/Illuminate/View/View.php(122): Illuminate\\View\\View->getContents()
#30 /Users/aldyhelix/Projects/www/backend_rmi/vendor/laravel/framework/src/Illuminate/View/View.php(91): Illuminate\\View\\View->renderContents()
#31 /Users/aldyhelix/Projects/www/backend_rmi/vendor/laravel/framework/src/Illuminate/Http/Response.php(69): Illuminate\\View\\View->render()
#32 /Users/aldyhelix/Projects/www/backend_rmi/vendor/laravel/framework/src/Illuminate/Http/Response.php(35): Illuminate\\Http\\Response->setContent(Object(Illuminate\\View\\View))
#33 /Users/aldyhelix/Projects/www/backend_rmi/vendor/laravel/framework/src/Illuminate/Routing/Router.php(820): Illuminate\\Http\\Response->__construct(Object(Illuminate\\View\\View), 200, Array)
#34 /Users/aldyhelix/Projects/www/backend_rmi/vendor/laravel/framework/src/Illuminate/Routing/Router.php(789): Illuminate\\Routing\\Router::toResponse(Object(Illuminate\\Http\\Request), Object(Illuminate\\View\\View))
#35 /Users/aldyhelix/Projects/www/backend_rmi/vendor/laravel/framework/src/Illuminate/Routing/Router.php(720): Illuminate\\Routing\\Router->prepareResponse(Object(Illuminate\\Http\\Request), Object(Illuminate\\View\\View))
#36 /Users/aldyhelix/Projects/www/backend_rmi/vendor/laravel/framework/src/Illuminate/Pipeline/Pipeline.php(128): Illuminate\\Routing\\Router->Illuminate\\Routing\\{closure}(Object(Illuminate\\Http\\Request))
#37 /Users/aldyhelix/Projects/www/backend_rmi/app/Http/Middleware/DashboardSetup.php(22): Illuminate\\Pipeline\\Pipeline->Illuminate\\Pipeline\\{closure}(Object(Illuminate\\Http\\Request))
#38 /Users/aldyhelix/Projects/www/backend_rmi/vendor/laravel/framework/src/Illuminate/Pipeline/Pipeline.php(167): App\\Http\\Middleware\\DashboardSetup->handle(Object(Illuminate\\Http\\Request), Object(Closure))
#39 /Users/aldyhelix/Projects/www/backend_rmi/app/Http/Middleware/CheckIfBillingInfoRequired.php(24): Illuminate\\Pipeline\\Pipeline->Illuminate\\Pipeline\\{closure}(Object(Illuminate\\Http\\Request))
#40 /Users/aldyhelix/Projects/www/backend_rmi/vendor/laravel/framework/src/Illuminate/Pipeline/Pipeline.php(167): App\\Http\\Middleware\\CheckIfBillingInfoRequired->handle(Object(Illuminate\\Http\\Request), Object(Closure))
#41 /Users/aldyhelix/Projects/www/backend_rmi/app/Http/Middleware/VerifyUserIsSubscribed.php(25): Illuminate\\Pipeline\\Pipeline->Illuminate\\Pipeline\\{closure}(Object(Illuminate\\Http\\Request))
#42 /Users/aldyhelix/Projects/www/backend_rmi/vendor/laravel/framework/src/Illuminate/Pipeline/Pipeline.php(167): App\\Http\\Middleware\\VerifyUserIsSubscribed->handle(Object(Illuminate\\Http\\Request), Object(Closure))
#43 /Users/aldyhelix/Projects/www/backend_rmi/app/Http/Middleware/CookieConsentMiddleware.php(21): Illuminate\\Pipeline\\Pipeline->Illuminate\\Pipeline\\{closure}(Object(Illuminate\\Http\\Request))
#44 /Users/aldyhelix/Projects/www/backend_rmi/vendor/laravel/framework/src/Illuminate/Pipeline/Pipeline.php(167): App\\Http\\Middleware\\CookieConsentMiddleware->handle(Object(Illuminate\\Http\\Request), Object(Closure))
#45 /Users/aldyhelix/Projects/www/backend_rmi/app/Http/Middleware/Language.php(64): Illuminate\\Pipeline\\Pipeline->Illuminate\\Pipeline\\{closure}(Object(Illuminate\\Http\\Request))
#46 /Users/aldyhelix/Projects/www/backend_rmi/vendor/laravel/framework/src/Illuminate/Pipeline/Pipeline.php(167): App\\Http\\Middleware\\Language->handle(Object(Illuminate\\Http\\Request), Object(Closure))
#47 /Users/aldyhelix/Projects/www/backend_rmi/app/Http/Middleware/InitSettings.php(8): Illuminate\\Pipeline\\Pipeline->Illuminate\\Pipeline\\{closure}(Object(Illuminate\\Http\\Request))
#48 /Users/aldyhelix/Projects/www/backend_rmi/vendor/laravel/framework/src/Illuminate/Pipeline/Pipeline.php(167): App\\Http\\Middleware\\InitSettings->handle(Object(Illuminate\\Http\\Request), Object(Closure))
#49 /Users/aldyhelix/Projects/www/backend_rmi/vendor/laravel/framework/src/Illuminate/Routing/Middleware/SubstituteBindings.php(50): Illuminate\\Pipeline\\Pipeline->Illuminate\\Pipeline\\{closure}(Object(Illuminate\\Http\\Request))
#50 /Users/aldyhelix/Projects/www/backend_rmi/vendor/laravel/framework/src/Illuminate/Pipeline/Pipeline.php(167): Illuminate\\Routing\\Middleware\\SubstituteBindings->handle(Object(Illuminate\\Http\\Request), Object(Closure))
#51 /Users/aldyhelix/Projects/www/backend_rmi/vendor/laravel/framework/src/Illuminate/Auth/Middleware/Authenticate.php(44): Illuminate\\Pipeline\\Pipeline->Illuminate\\Pipeline\\{closure}(Object(Illuminate\\Http\\Request))
#52 /Users/aldyhelix/Projects/www/backend_rmi/vendor/laravel/framework/src/Illuminate/Pipeline/Pipeline.php(167): Illuminate\\Auth\\Middleware\\Authenticate->handle(Object(Illuminate\\Http\\Request), Object(Closure))
#53 /Users/aldyhelix/Projects/www/backend_rmi/vendor/laravel/framework/src/Illuminate/Foundation/Http/Middleware/VerifyCsrfToken.php(78): Illuminate\\Pipeline\\Pipeline->Illuminate\\Pipeline\\{closure}(Object(Illuminate\\Http\\Request))
#54 /Users/aldyhelix/Projects/www/backend_rmi/vendor/laravel/framework/src/Illuminate/Pipeline/Pipeline.php(167): Illuminate\\Foundation\\Http\\Middleware\\VerifyCsrfToken->handle(Object(Illuminate\\Http\\Request), Object(Closure))
#55 /Users/aldyhelix/Projects/www/backend_rmi/vendor/laravel/framework/src/Illuminate/View/Middleware/ShareErrorsFromSession.php(49): Illuminate\\Pipeline\\Pipeline->Illuminate\\Pipeline\\{closure}(Object(Illuminate\\Http\\Request))
#56 /Users/aldyhelix/Projects/www/backend_rmi/vendor/laravel/framework/src/Illuminate/Pipeline/Pipeline.php(167): Illuminate\\View\\Middleware\\ShareErrorsFromSession->handle(Object(Illuminate\\Http\\Request), Object(Closure))
#57 /Users/aldyhelix/Projects/www/backend_rmi/vendor/laravel/framework/src/Illuminate/Session/Middleware/StartSession.php(121): Illuminate\\Pipeline\\Pipeline->Illuminate\\Pipeline\\{closure}(Object(Illuminate\\Http\\Request))
#58 /Users/aldyhelix/Projects/www/backend_rmi/vendor/laravel/framework/src/Illuminate/Session/Middleware/StartSession.php(64): Illuminate\\Session\\Middleware\\StartSession->handleStatefulRequest(Object(Illuminate\\Http\\Request), Object(Illuminate\\Session\\EncryptedStore), Object(Closure))
#59 /Users/aldyhelix/Projects/www/backend_rmi/vendor/laravel/framework/src/Illuminate/Pipeline/Pipeline.php(167): Illuminate\\Session\\Middleware\\StartSession->handle(Object(Illuminate\\Http\\Request), Object(Closure))
#60 /Users/aldyhelix/Projects/www/backend_rmi/vendor/laravel/framework/src/Illuminate/Cookie/Middleware/AddQueuedCookiesToResponse.php(37): Illuminate\\Pipeline\\Pipeline->Illuminate\\Pipeline\\{closure}(Object(Illuminate\\Http\\Request))
#61 /Users/aldyhelix/Projects/www/backend_rmi/vendor/laravel/framework/src/Illuminate/Pipeline/Pipeline.php(167): Illuminate\\Cookie\\Middleware\\AddQueuedCookiesToResponse->handle(Object(Illuminate\\Http\\Request), Object(Closure))
#62 /Users/aldyhelix/Projects/www/backend_rmi/vendor/laravel/framework/src/Illuminate/Cookie/Middleware/EncryptCookies.php(67): Illuminate\\Pipeline\\Pipeline->Illuminate\\Pipeline\\{closure}(Object(Illuminate\\Http\\Request))
#63 /Users/aldyhelix/Projects/www/backend_rmi/vendor/laravel/framework/src/Illuminate/Pipeline/Pipeline.php(167): Illuminate\\Cookie\\Middleware\\EncryptCookies->handle(Object(Illuminate\\Http\\Request), Object(Closure))
#64 /Users/aldyhelix/Projects/www/backend_rmi/vendor/laravel/framework/src/Illuminate/Pipeline/Pipeline.php(103): Illuminate\\Pipeline\\Pipeline->Illuminate\\Pipeline\\{closure}(Object(Illuminate\\Http\\Request))
#65 /Users/aldyhelix/Projects/www/backend_rmi/vendor/laravel/framework/src/Illuminate/Routing/Router.php(719): Illuminate\\Pipeline\\Pipeline->then(Object(Closure))
#66 /Users/aldyhelix/Projects/www/backend_rmi/vendor/laravel/framework/src/Illuminate/Routing/Router.php(698): Illuminate\\Routing\\Router->runRouteWithinStack(Object(Illuminate\\Routing\\Route), Object(Illuminate\\Http\\Request))
#67 /Users/aldyhelix/Projects/www/backend_rmi/vendor/laravel/framework/src/Illuminate/Routing/Router.php(662): Illuminate\\Routing\\Router->runRoute(Object(Illuminate\\Http\\Request), Object(Illuminate\\Routing\\Route))
#68 /Users/aldyhelix/Projects/www/backend_rmi/vendor/laravel/framework/src/Illuminate/Routing/Router.php(651): Illuminate\\Routing\\Router->dispatchToRoute(Object(Illuminate\\Http\\Request))
#69 /Users/aldyhelix/Projects/www/backend_rmi/vendor/laravel/framework/src/Illuminate/Foundation/Http/Kernel.php(167): Illuminate\\Routing\\Router->dispatch(Object(Illuminate\\Http\\Request))
#70 /Users/aldyhelix/Projects/www/backend_rmi/vendor/laravel/framework/src/Illuminate/Pipeline/Pipeline.php(128): Illuminate\\Foundation\\Http\\Kernel->Illuminate\\Foundation\\Http\\{closure}(Object(Illuminate\\Http\\Request))
#71 /Users/aldyhelix/Projects/www/backend_rmi/vendor/livewire/livewire/src/DisableBrowserCache.php(19): Illuminate\\Pipeline\\Pipeline->Illuminate\\Pipeline\\{closure}(Object(Illuminate\\Http\\Request))
#72 /Users/aldyhelix/Projects/www/backend_rmi/vendor/laravel/framework/src/Illuminate/Pipeline/Pipeline.php(167): Livewire\\DisableBrowserCache->handle(Object(Illuminate\\Http\\Request), Object(Closure))
#73 /Users/aldyhelix/Projects/www/backend_rmi/vendor/barryvdh/laravel-debugbar/src/Middleware/InjectDebugbar.php(66): Illuminate\\Pipeline\\Pipeline->Illuminate\\Pipeline\\{closure}(Object(Illuminate\\Http\\Request))
#74 /Users/aldyhelix/Projects/www/backend_rmi/vendor/laravel/framework/src/Illuminate/Pipeline/Pipeline.php(167): Barryvdh\\Debugbar\\Middleware\\InjectDebugbar->handle(Object(Illuminate\\Http\\Request), Object(Closure))
#75 /Users/aldyhelix/Projects/www/backend_rmi/app/Http/Middleware/CheckForInstallation.php(19): Illuminate\\Pipeline\\Pipeline->Illuminate\\Pipeline\\{closure}(Object(Illuminate\\Http\\Request))
#76 /Users/aldyhelix/Projects/www/backend_rmi/vendor/laravel/framework/src/Illuminate/Pipeline/Pipeline.php(167): App\\Http\\Middleware\\CheckForInstallation->handle(Object(Illuminate\\Http\\Request), Object(Closure))
#77 /Users/aldyhelix/Projects/www/backend_rmi/vendor/laravel/framework/src/Illuminate/Foundation/Http/Middleware/TransformsRequest.php(21): Illuminate\\Pipeline\\Pipeline->Illuminate\\Pipeline\\{closure}(Object(Illuminate\\Http\\Request))
#78 /Users/aldyhelix/Projects/www/backend_rmi/vendor/laravel/framework/src/Illuminate/Foundation/Http/Middleware/ConvertEmptyStringsToNull.php(31): Illuminate\\Foundation\\Http\\Middleware\\TransformsRequest->handle(Object(Illuminate\\Http\\Request), Object(Closure))
#79 /Users/aldyhelix/Projects/www/backend_rmi/vendor/laravel/framework/src/Illuminate/Pipeline/Pipeline.php(167): Illuminate\\Foundation\\Http\\Middleware\\ConvertEmptyStringsToNull->handle(Object(Illuminate\\Http\\Request), Object(Closure))
#80 /Users/aldyhelix/Projects/www/backend_rmi/vendor/laravel/framework/src/Illuminate/Foundation/Http/Middleware/TransformsRequest.php(21): Illuminate\\Pipeline\\Pipeline->Illuminate\\Pipeline\\{closure}(Object(Illuminate\\Http\\Request))
#81 /Users/aldyhelix/Projects/www/backend_rmi/vendor/laravel/framework/src/Illuminate/Foundation/Http/Middleware/TrimStrings.php(40): Illuminate\\Foundation\\Http\\Middleware\\TransformsRequest->handle(Object(Illuminate\\Http\\Request), Object(Closure))
#82 /Users/aldyhelix/Projects/www/backend_rmi/vendor/laravel/framework/src/Illuminate/Pipeline/Pipeline.php(167): Illuminate\\Foundation\\Http\\Middleware\\TrimStrings->handle(Object(Illuminate\\Http\\Request), Object(Closure))
#83 /Users/aldyhelix/Projects/www/backend_rmi/vendor/laravel/framework/src/Illuminate/Foundation/Http/Middleware/ValidatePostSize.php(27): Illuminate\\Pipeline\\Pipeline->Illuminate\\Pipeline\\{closure}(Object(Illuminate\\Http\\Request))
#84 /Users/aldyhelix/Projects/www/backend_rmi/vendor/laravel/framework/src/Illuminate/Pipeline/Pipeline.php(167): Illuminate\\Foundation\\Http\\Middleware\\ValidatePostSize->handle(Object(Illuminate\\Http\\Request), Object(Closure))
#85 /Users/aldyhelix/Projects/www/backend_rmi/vendor/laravel/framework/src/Illuminate/Foundation/Http/Middleware/PreventRequestsDuringMaintenance.php(86): Illuminate\\Pipeline\\Pipeline->Illuminate\\Pipeline\\{closure}(Object(Illuminate\\Http\\Request))
#86 /Users/aldyhelix/Projects/www/backend_rmi/vendor/laravel/framework/src/Illuminate/Pipeline/Pipeline.php(167): Illuminate\\Foundation\\Http\\Middleware\\PreventRequestsDuringMaintenance->handle(Object(Illuminate\\Http\\Request), Object(Closure))
#87 /Users/aldyhelix/Projects/www/backend_rmi/vendor/fruitcake/laravel-cors/src/HandleCors.php(38): Illuminate\\Pipeline\\Pipeline->Illuminate\\Pipeline\\{closure}(Object(Illuminate\\Http\\Request))
#88 /Users/aldyhelix/Projects/www/backend_rmi/vendor/laravel/framework/src/Illuminate/Pipeline/Pipeline.php(167): Fruitcake\\Cors\\HandleCors->handle(Object(Illuminate\\Http\\Request), Object(Closure))
#89 /Users/aldyhelix/Projects/www/backend_rmi/vendor/laravel/framework/src/Illuminate/Http/Middleware/TrustProxies.php(39): Illuminate\\Pipeline\\Pipeline->Illuminate\\Pipeline\\{closure}(Object(Illuminate\\Http\\Request))
#90 /Users/aldyhelix/Projects/www/backend_rmi/vendor/laravel/framework/src/Illuminate/Pipeline/Pipeline.php(167): Illuminate\\Http\\Middleware\\TrustProxies->handle(Object(Illuminate\\Http\\Request), Object(Closure))
#91 /Users/aldyhelix/Projects/www/backend_rmi/vendor/laravel/framework/src/Illuminate/Pipeline/Pipeline.php(103): Illuminate\\Pipeline\\Pipeline->Illuminate\\Pipeline\\{closure}(Object(Illuminate\\Http\\Request))
#92 /Users/aldyhelix/Projects/www/backend_rmi/vendor/laravel/framework/src/Illuminate/Foundation/Http/Kernel.php(142): Illuminate\\Pipeline\\Pipeline->then(Object(Closure))
#93 /Users/aldyhelix/Projects/www/backend_rmi/vendor/laravel/framework/src/Illuminate/Foundation/Http/Kernel.php(111): Illuminate\\Foundation\\Http\\Kernel->sendRequestThroughRouter(Object(Illuminate\\Http\\Request))
#94 /Users/aldyhelix/Projects/www/backend_rmi/public/index.php(58): Illuminate\\Foundation\\Http\\Kernel->handle(Object(Illuminate\\Http\\Request))
#95 /Applications/Herd.app/Contents/Resources/valet/server.php(153): require('/Users/aldyheli...')
#96 {main}

[previous exception] [object] (ErrorException(code: 0): Undefined variable $data at /Users/aldyhelix/Projects/www/backend_rmi/storage/framework/views/6db3cb686217efb2acc5368dcf387cd0bf47d72a.php:13)
[stacktrace]
#0 /Users/aldyhelix/Projects/www/backend_rmi/storage/framework/views/6db3cb686217efb2acc5368dcf387cd0bf47d72a.php(13): Illuminate\\Foundation\\Bootstrap\\HandleExceptions->handleError(2, 'Undefined varia...', '/Users/aldyheli...', 13)
#1 /Users/aldyhelix/Projects/www/backend_rmi/vendor/livewire/livewire/src/ComponentConcerns/RendersLivewireComponents.php(83): include('/Users/aldyheli...')
#2 /Users/aldyhelix/Projects/www/backend_rmi/vendor/livewire/livewire/src/ComponentConcerns/RendersLivewireComponents.php(84): App\\Http\\Livewire\\Dashboard->Livewire\\ComponentConcerns\\{closure}()
#3 /Users/aldyhelix/Projects/www/backend_rmi/vendor/livewire/livewire/src/ComponentConcerns/RendersLivewireComponents.php(59): Livewire\\CompilerEngineForIgnition->evaluatePath('/Users/aldyheli...', Array)
#4 /Users/aldyhelix/Projects/www/backend_rmi/vendor/laravel/framework/src/Illuminate/View/View.php(139): Livewire\\CompilerEngineForIgnition->get('/Users/aldyheli...', Array)
#5 /Users/aldyhelix/Projects/www/backend_rmi/vendor/laravel/framework/src/Illuminate/View/View.php(122): Illuminate\\View\\View->getContents()
#6 /Users/aldyhelix/Projects/www/backend_rmi/vendor/laravel/framework/src/Illuminate/View/View.php(91): Illuminate\\View\\View->renderContents()
#7 /Users/aldyhelix/Projects/www/backend_rmi/vendor/laravel/framework/src/Illuminate/View/Concerns/ManagesComponents.php(100): Illuminate\\View\\View->render()
#8 /Users/aldyhelix/Projects/www/backend_rmi/storage/framework/views/f4899b702c6a16f1c873549d32bc50b1e46a780c.php(522): Illuminate\\View\\Factory->renderComponent()
#9 /Users/aldyhelix/Projects/www/backend_rmi/vendor/livewire/livewire/src/ComponentConcerns/RendersLivewireComponents.php(83): include('/Users/aldyheli...')
#10 /Users/aldyhelix/Projects/www/backend_rmi/vendor/livewire/livewire/src/ComponentConcerns/RendersLivewireComponents.php(84): App\\Http\\Livewire\\Dashboard->Livewire\\ComponentConcerns\\{closure}()
#11 /Users/aldyhelix/Projects/www/backend_rmi/vendor/livewire/livewire/src/ComponentConcerns/RendersLivewireComponents.php(59): Livewire\\CompilerEngineForIgnition->evaluatePath('/Users/aldyheli...', Array)
#12 /Users/aldyhelix/Projects/www/backend_rmi/vendor/laravel/framework/src/Illuminate/View/View.php(139): Livewire\\CompilerEngineForIgnition->get('/Users/aldyheli...', Array)
#13 /Users/aldyhelix/Projects/www/backend_rmi/vendor/laravel/framework/src/Illuminate/View/View.php(122): Illuminate\\View\\View->getContents()
#14 /Users/aldyhelix/Projects/www/backend_rmi/vendor/laravel/framework/src/Illuminate/View/View.php(91): Illuminate\\View\\View->renderContents()
#15 /Users/aldyhelix/Projects/www/backend_rmi/vendor/livewire/livewire/src/Component.php(235): Illuminate\\View\\View->render()
#16 /Users/aldyhelix/Projects/www/backend_rmi/vendor/livewire/livewire/src/HydrationMiddleware/RenderView.php(14): Livewire\\Component->output()
#17 /Users/aldyhelix/Projects/www/backend_rmi/vendor/livewire/livewire/src/LifecycleManager.php(141): Livewire\\HydrationMiddleware\\RenderView::dehydrate(Object(App\\Http\\Livewire\\Dashboard), Object(Livewire\\Response))
#18 /Users/aldyhelix/Projects/www/backend_rmi/vendor/livewire/livewire/src/LivewireManager.php(132): Livewire\\LifecycleManager->initialDehydrate()
#19 /Users/aldyhelix/Projects/www/backend_rmi/vendor/laravel/framework/src/Illuminate/Support/Facades/Facade.php(261): Livewire\\LivewireManager->mount('dashboard', Array)
#20 /Users/aldyhelix/Projects/www/backend_rmi/storage/framework/views/7614a377bf597da1c7ed67416eae576b7feee755.php(13): Illuminate\\Support\\Facades\\Facade::__callStatic('mount', Array)
#21 /Users/aldyhelix/Projects/www/backend_rmi/vendor/laravel/framework/src/Illuminate/Filesystem/Filesystem.php(107): require('/Users/aldyheli...')
#22 /Users/aldyhelix/Projects/www/backend_rmi/vendor/laravel/framework/src/Illuminate/Filesystem/Filesystem.php(108): Illuminate\\Filesystem\\Filesystem::Illuminate\\Filesystem\\{closure}()
#23 /Users/aldyhelix/Projects/www/backend_rmi/vendor/laravel/framework/src/Illuminate/View/Engines/PhpEngine.php(58): Illuminate\\Filesystem\\Filesystem->getRequire('/Users/aldyheli...', Array)
#24 /Users/aldyhelix/Projects/www/backend_rmi/vendor/livewire/livewire/src/ComponentConcerns/RendersLivewireComponents.php(69): Illuminate\\View\\Engines\\PhpEngine->evaluatePath('/Users/aldyheli...', Array)
#25 /Users/aldyhelix/Projects/www/backend_rmi/vendor/laravel/framework/src/Illuminate/View/Engines/CompilerEngine.php(61): Livewire\\CompilerEngineForIgnition->evaluatePath('/Users/aldyheli...', Array)
#26 /Users/aldyhelix/Projects/www/backend_rmi/vendor/facade/ignition/src/Views/Engines/CompilerEngine.php(37): Illuminate\\View\\Engines\\CompilerEngine->get('/Users/aldyheli...', Array)
#27 /Users/aldyhelix/Projects/www/backend_rmi/vendor/livewire/livewire/src/ComponentConcerns/RendersLivewireComponents.php(35): Facade\\Ignition\\Views\\Engines\\CompilerEngine->get('/Users/aldyheli...', Array)
#28 /Users/aldyhelix/Projects/www/backend_rmi/vendor/laravel/framework/src/Illuminate/View/View.php(139): Livewire\\CompilerEngineForIgnition->get('/Users/aldyheli...', Array)
#29 /Users/aldyhelix/Projects/www/backend_rmi/vendor/laravel/framework/src/Illuminate/View/View.php(122): Illuminate\\View\\View->getContents()
#30 /Users/aldyhelix/Projects/www/backend_rmi/vendor/laravel/framework/src/Illuminate/View/View.php(91): Illuminate\\View\\View->renderContents()
#31 /Users/aldyhelix/Projects/www/backend_rmi/vendor/laravel/framework/src/Illuminate/Http/Response.php(69): Illuminate\\View\\View->render()
#32 /Users/aldyhelix/Projects/www/backend_rmi/vendor/laravel/framework/src/Illuminate/Http/Response.php(35): Illuminate\\Http\\Response->setContent(Object(Illuminate\\View\\View))
#33 /Users/aldyhelix/Projects/www/backend_rmi/vendor/laravel/framework/src/Illuminate/Routing/Router.php(820): Illuminate\\Http\\Response->__construct(Object(Illuminate\\View\\View), 200, Array)
#34 /Users/aldyhelix/Projects/www/backend_rmi/vendor/laravel/framework/src/Illuminate/Routing/Router.php(789): Illuminate\\Routing\\Router::toResponse(Object(Illuminate\\Http\\Request), Object(Illuminate\\View\\View))
#35 /Users/aldyhelix/Projects/www/backend_rmi/vendor/laravel/framework/src/Illuminate/Routing/Router.php(720): Illuminate\\Routing\\Router->prepareResponse(Object(Illuminate\\Http\\Request), Object(Illuminate\\View\\View))
#36 /Users/aldyhelix/Projects/www/backend_rmi/vendor/laravel/framework/src/Illuminate/Pipeline/Pipeline.php(128): Illuminate\\Routing\\Router->Illuminate\\Routing\\{closure}(Object(Illuminate\\Http\\Request))
#37 /Users/aldyhelix/Projects/www/backend_rmi/app/Http/Middleware/DashboardSetup.php(22): Illuminate\\Pipeline\\Pipeline->Illuminate\\Pipeline\\{closure}(Object(Illuminate\\Http\\Request))
#38 /Users/aldyhelix/Projects/www/backend_rmi/vendor/laravel/framework/src/Illuminate/Pipeline/Pipeline.php(167): App\\Http\\Middleware\\DashboardSetup->handle(Object(Illuminate\\Http\\Request), Object(Closure))
#39 /Users/aldyhelix/Projects/www/backend_rmi/app/Http/Middleware/CheckIfBillingInfoRequired.php(24): Illuminate\\Pipeline\\Pipeline->Illuminate\\Pipeline\\{closure}(Object(Illuminate\\Http\\Request))
#40 /Users/aldyhelix/Projects/www/backend_rmi/vendor/laravel/framework/src/Illuminate/Pipeline/Pipeline.php(167): App\\Http\\Middleware\\CheckIfBillingInfoRequired->handle(Object(Illuminate\\Http\\Request), Object(Closure))
#41 /Users/aldyhelix/Projects/www/backend_rmi/app/Http/Middleware/VerifyUserIsSubscribed.php(25): Illuminate\\Pipeline\\Pipeline->Illuminate\\Pipeline\\{closure}(Object(Illuminate\\Http\\Request))
#42 /Users/aldyhelix/Projects/www/backend_rmi/vendor/laravel/framework/src/Illuminate/Pipeline/Pipeline.php(167): App\\Http\\Middleware\\VerifyUserIsSubscribed->handle(Object(Illuminate\\Http\\Request), Object(Closure))
#43 /Users/aldyhelix/Projects/www/backend_rmi/app/Http/Middleware/CookieConsentMiddleware.php(21): Illuminate\\Pipeline\\Pipeline->Illuminate\\Pipeline\\{closure}(Object(Illuminate\\Http\\Request))
#44 /Users/aldyhelix/Projects/www/backend_rmi/vendor/laravel/framework/src/Illuminate/Pipeline/Pipeline.php(167): App\\Http\\Middleware\\CookieConsentMiddleware->handle(Object(Illuminate\\Http\\Request), Object(Closure))
#45 /Users/aldyhelix/Projects/www/backend_rmi/app/Http/Middleware/Language.php(64): Illuminate\\Pipeline\\Pipeline->Illuminate\\Pipeline\\{closure}(Object(Illuminate\\Http\\Request))
#46 /Users/aldyhelix/Projects/www/backend_rmi/vendor/laravel/framework/src/Illuminate/Pipeline/Pipeline.php(167): App\\Http\\Middleware\\Language->handle(Object(Illuminate\\Http\\Request), Object(Closure))
#47 /Users/aldyhelix/Projects/www/backend_rmi/app/Http/Middleware/InitSettings.php(8): Illuminate\\Pipeline\\Pipeline->Illuminate\\Pipeline\\{closure}(Object(Illuminate\\Http\\Request))
#48 /Users/aldyhelix/Projects/www/backend_rmi/vendor/laravel/framework/src/Illuminate/Pipeline/Pipeline.php(167): App\\Http\\Middleware\\InitSettings->handle(Object(Illuminate\\Http\\Request), Object(Closure))
#49 /Users/aldyhelix/Projects/www/backend_rmi/vendor/laravel/framework/src/Illuminate/Routing/Middleware/SubstituteBindings.php(50): Illuminate\\Pipeline\\Pipeline->Illuminate\\Pipeline\\{closure}(Object(Illuminate\\Http\\Request))
#50 /Users/aldyhelix/Projects/www/backend_rmi/vendor/laravel/framework/src/Illuminate/Pipeline/Pipeline.php(167): Illuminate\\Routing\\Middleware\\SubstituteBindings->handle(Object(Illuminate\\Http\\Request), Object(Closure))
#51 /Users/aldyhelix/Projects/www/backend_rmi/vendor/laravel/framework/src/Illuminate/Auth/Middleware/Authenticate.php(44): Illuminate\\Pipeline\\Pipeline->Illuminate\\Pipeline\\{closure}(Object(Illuminate\\Http\\Request))
#52 /Users/aldyhelix/Projects/www/backend_rmi/vendor/laravel/framework/src/Illuminate/Pipeline/Pipeline.php(167): Illuminate\\Auth\\Middleware\\Authenticate->handle(Object(Illuminate\\Http\\Request), Object(Closure))
#53 /Users/aldyhelix/Projects/www/backend_rmi/vendor/laravel/framework/src/Illuminate/Foundation/Http/Middleware/VerifyCsrfToken.php(78): Illuminate\\Pipeline\\Pipeline->Illuminate\\Pipeline\\{closure}(Object(Illuminate\\Http\\Request))
#54 /Users/aldyhelix/Projects/www/backend_rmi/vendor/laravel/framework/src/Illuminate/Pipeline/Pipeline.php(167): Illuminate\\Foundation\\Http\\Middleware\\VerifyCsrfToken->handle(Object(Illuminate\\Http\\Request), Object(Closure))
#55 /Users/aldyhelix/Projects/www/backend_rmi/vendor/laravel/framework/src/Illuminate/View/Middleware/ShareErrorsFromSession.php(49): Illuminate\\Pipeline\\Pipeline->Illuminate\\Pipeline\\{closure}(Object(Illuminate\\Http\\Request))
#56 /Users/aldyhelix/Projects/www/backend_rmi/vendor/laravel/framework/src/Illuminate/Pipeline/Pipeline.php(167): Illuminate\\View\\Middleware\\ShareErrorsFromSession->handle(Object(Illuminate\\Http\\Request), Object(Closure))
#57 /Users/aldyhelix/Projects/www/backend_rmi/vendor/laravel/framework/src/Illuminate/Session/Middleware/StartSession.php(121): Illuminate\\Pipeline\\Pipeline->Illuminate\\Pipeline\\{closure}(Object(Illuminate\\Http\\Request))
#58 /Users/aldyhelix/Projects/www/backend_rmi/vendor/laravel/framework/src/Illuminate/Session/Middleware/StartSession.php(64): Illuminate\\Session\\Middleware\\StartSession->handleStatefulRequest(Object(Illuminate\\Http\\Request), Object(Illuminate\\Session\\EncryptedStore), Object(Closure))
#59 /Users/aldyhelix/Projects/www/backend_rmi/vendor/laravel/framework/src/Illuminate/Pipeline/Pipeline.php(167): Illuminate\\Session\\Middleware\\StartSession->handle(Object(Illuminate\\Http\\Request), Object(Closure))
#60 /Users/aldyhelix/Projects/www/backend_rmi/vendor/laravel/framework/src/Illuminate/Cookie/Middleware/AddQueuedCookiesToResponse.php(37): Illuminate\\Pipeline\\Pipeline->Illuminate\\Pipeline\\{closure}(Object(Illuminate\\Http\\Request))
#61 /Users/aldyhelix/Projects/www/backend_rmi/vendor/laravel/framework/src/Illuminate/Pipeline/Pipeline.php(167): Illuminate\\Cookie\\Middleware\\AddQueuedCookiesToResponse->handle(Object(Illuminate\\Http\\Request), Object(Closure))
#62 /Users/aldyhelix/Projects/www/backend_rmi/vendor/laravel/framework/src/Illuminate/Cookie/Middleware/EncryptCookies.php(67): Illuminate\\Pipeline\\Pipeline->Illuminate\\Pipeline\\{closure}(Object(Illuminate\\Http\\Request))
#63 /Users/aldyhelix/Projects/www/backend_rmi/vendor/laravel/framework/src/Illuminate/Pipeline/Pipeline.php(167): Illuminate\\Cookie\\Middleware\\EncryptCookies->handle(Object(Illuminate\\Http\\Request), Object(Closure))
#64 /Users/aldyhelix/Projects/www/backend_rmi/vendor/laravel/framework/src/Illuminate/Pipeline/Pipeline.php(103): Illuminate\\Pipeline\\Pipeline->Illuminate\\Pipeline\\{closure}(Object(Illuminate\\Http\\Request))
#65 /Users/aldyhelix/Projects/www/backend_rmi/vendor/laravel/framework/src/Illuminate/Routing/Router.php(719): Illuminate\\Pipeline\\Pipeline->then(Object(Closure))
#66 /Users/aldyhelix/Projects/www/backend_rmi/vendor/laravel/framework/src/Illuminate/Routing/Router.php(698): Illuminate\\Routing\\Router->runRouteWithinStack(Object(Illuminate\\Routing\\Route), Object(Illuminate\\Http\\Request))
#67 /Users/aldyhelix/Projects/www/backend_rmi/vendor/laravel/framework/src/Illuminate/Routing/Router.php(662): Illuminate\\Routing\\Router->runRoute(Object(Illuminate\\Http\\Request), Object(Illuminate\\Routing\\Route))
#68 /Users/aldyhelix/Projects/www/backend_rmi/vendor/laravel/framework/src/Illuminate/Routing/Router.php(651): Illuminate\\Routing\\Router->dispatchToRoute(Object(Illuminate\\Http\\Request))
#69 /Users/aldyhelix/Projects/www/backend_rmi/vendor/laravel/framework/src/Illuminate/Foundation/Http/Kernel.php(167): Illuminate\\Routing\\Router->dispatch(Object(Illuminate\\Http\\Request))
#70 /Users/aldyhelix/Projects/www/backend_rmi/vendor/laravel/framework/src/Illuminate/Pipeline/Pipeline.php(128): Illuminate\\Foundation\\Http\\Kernel->Illuminate\\Foundation\\Http\\{closure}(Object(Illuminate\\Http\\Request))
#71 /Users/aldyhelix/Projects/www/backend_rmi/vendor/livewire/livewire/src/DisableBrowserCache.php(19): Illuminate\\Pipeline\\Pipeline->Illuminate\\Pipeline\\{closure}(Object(Illuminate\\Http\\Request))
#72 /Users/aldyhelix/Projects/www/backend_rmi/vendor/laravel/framework/src/Illuminate/Pipeline/Pipeline.php(167): Livewire\\DisableBrowserCache->handle(Object(Illuminate\\Http\\Request), Object(Closure))
#73 /Users/aldyhelix/Projects/www/backend_rmi/vendor/barryvdh/laravel-debugbar/src/Middleware/InjectDebugbar.php(66): Illuminate\\Pipeline\\Pipeline->Illuminate\\Pipeline\\{closure}(Object(Illuminate\\Http\\Request))
#74 /Users/aldyhelix/Projects/www/backend_rmi/vendor/laravel/framework/src/Illuminate/Pipeline/Pipeline.php(167): Barryvdh\\Debugbar\\Middleware\\InjectDebugbar->handle(Object(Illuminate\\Http\\Request), Object(Closure))
#75 /Users/aldyhelix/Projects/www/backend_rmi/app/Http/Middleware/CheckForInstallation.php(19): Illuminate\\Pipeline\\Pipeline->Illuminate\\Pipeline\\{closure}(Object(Illuminate\\Http\\Request))
#76 /Users/aldyhelix/Projects/www/backend_rmi/vendor/laravel/framework/src/Illuminate/Pipeline/Pipeline.php(167): App\\Http\\Middleware\\CheckForInstallation->handle(Object(Illuminate\\Http\\Request), Object(Closure))
#77 /Users/aldyhelix/Projects/www/backend_rmi/vendor/laravel/framework/src/Illuminate/Foundation/Http/Middleware/TransformsRequest.php(21): Illuminate\\Pipeline\\Pipeline->Illuminate\\Pipeline\\{closure}(Object(Illuminate\\Http\\Request))
#78 /Users/aldyhelix/Projects/www/backend_rmi/vendor/laravel/framework/src/Illuminate/Foundation/Http/Middleware/ConvertEmptyStringsToNull.php(31): Illuminate\\Foundation\\Http\\Middleware\\TransformsRequest->handle(Object(Illuminate\\Http\\Request), Object(Closure))
#79 /Users/aldyhelix/Projects/www/backend_rmi/vendor/laravel/framework/src/Illuminate/Pipeline/Pipeline.php(167): Illuminate\\Foundation\\Http\\Middleware\\ConvertEmptyStringsToNull->handle(Object(Illuminate\\Http\\Request), Object(Closure))
#80 /Users/aldyhelix/Projects/www/backend_rmi/vendor/laravel/framework/src/Illuminate/Foundation/Http/Middleware/TransformsRequest.php(21): Illuminate\\Pipeline\\Pipeline->Illuminate\\Pipeline\\{closure}(Object(Illuminate\\Http\\Request))
#81 /Users/aldyhelix/Projects/www/backend_rmi/vendor/laravel/framework/src/Illuminate/Foundation/Http/Middleware/TrimStrings.php(40): Illuminate\\Foundation\\Http\\Middleware\\TransformsRequest->handle(Object(Illuminate\\Http\\Request), Object(Closure))
#82 /Users/aldyhelix/Projects/www/backend_rmi/vendor/laravel/framework/src/Illuminate/Pipeline/Pipeline.php(167): Illuminate\\Foundation\\Http\\Middleware\\TrimStrings->handle(Object(Illuminate\\Http\\Request), Object(Closure))
#83 /Users/aldyhelix/Projects/www/backend_rmi/vendor/laravel/framework/src/Illuminate/Foundation/Http/Middleware/ValidatePostSize.php(27): Illuminate\\Pipeline\\Pipeline->Illuminate\\Pipeline\\{closure}(Object(Illuminate\\Http\\Request))
#84 /Users/aldyhelix/Projects/www/backend_rmi/vendor/laravel/framework/src/Illuminate/Pipeline/Pipeline.php(167): Illuminate\\Foundation\\Http\\Middleware\\ValidatePostSize->handle(Object(Illuminate\\Http\\Request), Object(Closure))
#85 /Users/aldyhelix/Projects/www/backend_rmi/vendor/laravel/framework/src/Illuminate/Foundation/Http/Middleware/PreventRequestsDuringMaintenance.php(86): Illuminate\\Pipeline\\Pipeline->Illuminate\\Pipeline\\{closure}(Object(Illuminate\\Http\\Request))
#86 /Users/aldyhelix/Projects/www/backend_rmi/vendor/laravel/framework/src/Illuminate/Pipeline/Pipeline.php(167): Illuminate\\Foundation\\Http\\Middleware\\PreventRequestsDuringMaintenance->handle(Object(Illuminate\\Http\\Request), Object(Closure))
#87 /Users/aldyhelix/Projects/www/backend_rmi/vendor/fruitcake/laravel-cors/src/HandleCors.php(38): Illuminate\\Pipeline\\Pipeline->Illuminate\\Pipeline\\{closure}(Object(Illuminate\\Http\\Request))
#88 /Users/aldyhelix/Projects/www/backend_rmi/vendor/laravel/framework/src/Illuminate/Pipeline/Pipeline.php(167): Fruitcake\\Cors\\HandleCors->handle(Object(Illuminate\\Http\\Request), Object(Closure))
#89 /Users/aldyhelix/Projects/www/backend_rmi/vendor/laravel/framework/src/Illuminate/Http/Middleware/TrustProxies.php(39): Illuminate\\Pipeline\\Pipeline->Illuminate\\Pipeline\\{closure}(Object(Illuminate\\Http\\Request))
#90 /Users/aldyhelix/Projects/www/backend_rmi/vendor/laravel/framework/src/Illuminate/Pipeline/Pipeline.php(167): Illuminate\\Http\\Middleware\\TrustProxies->handle(Object(Illuminate\\Http\\Request), Object(Closure))
#91 /Users/aldyhelix/Projects/www/backend_rmi/vendor/laravel/framework/src/Illuminate/Pipeline/Pipeline.php(103): Illuminate\\Pipeline\\Pipeline->Illuminate\\Pipeline\\{closure}(Object(Illuminate\\Http\\Request))
#92 /Users/aldyhelix/Projects/www/backend_rmi/vendor/laravel/framework/src/Illuminate/Foundation/Http/Kernel.php(142): Illuminate\\Pipeline\\Pipeline->then(Object(Closure))
#93 /Users/aldyhelix/Projects/www/backend_rmi/vendor/laravel/framework/src/Illuminate/Foundation/Http/Kernel.php(111): Illuminate\\Foundation\\Http\\Kernel->sendRequestThroughRouter(Object(Illuminate\\Http\\Request))
#94 /Users/aldyhelix/Projects/www/backend_rmi/public/index.php(58): Illuminate\\Foundation\\Http\\Kernel->handle(Object(Illuminate\\Http\\Request))
#95 /Applications/Herd.app/Contents/Resources/valet/server.php(153): require('/Users/aldyheli...')
#96 {main}
"} 
[2024-06-09 17:04:16] production.ERROR: Undefined variable $data (View: /Users/aldyhelix/Projects/www/backend_rmi/resources/views/components/table.blade.php) {"view":{"view":"/Users/aldyhelix/Projects/www/backend_rmi/storage/framework/views/6db3cb686217efb2acc5368dcf387cd0bf47d72a.php","data":[]},"userId":1,"exception":"[object] (Facade\\Ignition\\Exceptions\\ViewException(code: 0): Undefined variable $data (View: /Users/aldyhelix/Projects/www/backend_rmi/resources/views/components/table.blade.php) at /Users/aldyhelix/Projects/www/backend_rmi/storage/framework/views/6db3cb686217efb2acc5368dcf387cd0bf47d72a.php:14)
[stacktrace]
#0 /Users/aldyhelix/Projects/www/backend_rmi/storage/framework/views/6db3cb686217efb2acc5368dcf387cd0bf47d72a.php(14): Illuminate\\Foundation\\Bootstrap\\HandleExceptions->handleError(2, 'Undefined varia...', '/Users/aldyheli...', 14)
#1 /Users/aldyhelix/Projects/www/backend_rmi/vendor/livewire/livewire/src/ComponentConcerns/RendersLivewireComponents.php(83): include('/Users/aldyheli...')
#2 /Users/aldyhelix/Projects/www/backend_rmi/vendor/livewire/livewire/src/ComponentConcerns/RendersLivewireComponents.php(84): App\\Http\\Livewire\\Dashboard->Livewire\\ComponentConcerns\\{closure}()
#3 /Users/aldyhelix/Projects/www/backend_rmi/vendor/livewire/livewire/src/ComponentConcerns/RendersLivewireComponents.php(59): Livewire\\CompilerEngineForIgnition->evaluatePath('/Users/aldyheli...', Array)
#4 /Users/aldyhelix/Projects/www/backend_rmi/vendor/laravel/framework/src/Illuminate/View/View.php(139): Livewire\\CompilerEngineForIgnition->get('/Users/aldyheli...', Array)
#5 /Users/aldyhelix/Projects/www/backend_rmi/vendor/laravel/framework/src/Illuminate/View/View.php(122): Illuminate\\View\\View->getContents()
#6 /Users/aldyhelix/Projects/www/backend_rmi/vendor/laravel/framework/src/Illuminate/View/View.php(91): Illuminate\\View\\View->renderContents()
#7 /Users/aldyhelix/Projects/www/backend_rmi/vendor/laravel/framework/src/Illuminate/View/Concerns/ManagesComponents.php(100): Illuminate\\View\\View->render()
#8 /Users/aldyhelix/Projects/www/backend_rmi/storage/framework/views/f4899b702c6a16f1c873549d32bc50b1e46a780c.php(522): Illuminate\\View\\Factory->renderComponent()
#9 /Users/aldyhelix/Projects/www/backend_rmi/vendor/livewire/livewire/src/ComponentConcerns/RendersLivewireComponents.php(83): include('/Users/aldyheli...')
#10 /Users/aldyhelix/Projects/www/backend_rmi/vendor/livewire/livewire/src/ComponentConcerns/RendersLivewireComponents.php(84): App\\Http\\Livewire\\Dashboard->Livewire\\ComponentConcerns\\{closure}()
#11 /Users/aldyhelix/Projects/www/backend_rmi/vendor/livewire/livewire/src/ComponentConcerns/RendersLivewireComponents.php(59): Livewire\\CompilerEngineForIgnition->evaluatePath('/Users/aldyheli...', Array)
#12 /Users/aldyhelix/Projects/www/backend_rmi/vendor/laravel/framework/src/Illuminate/View/View.php(139): Livewire\\CompilerEngineForIgnition->get('/Users/aldyheli...', Array)
#13 /Users/aldyhelix/Projects/www/backend_rmi/vendor/laravel/framework/src/Illuminate/View/View.php(122): Illuminate\\View\\View->getContents()
#14 /Users/aldyhelix/Projects/www/backend_rmi/vendor/laravel/framework/src/Illuminate/View/View.php(91): Illuminate\\View\\View->renderContents()
#15 /Users/aldyhelix/Projects/www/backend_rmi/vendor/livewire/livewire/src/Component.php(235): Illuminate\\View\\View->render()
#16 /Users/aldyhelix/Projects/www/backend_rmi/vendor/livewire/livewire/src/HydrationMiddleware/RenderView.php(14): Livewire\\Component->output()
#17 /Users/aldyhelix/Projects/www/backend_rmi/vendor/livewire/livewire/src/LifecycleManager.php(141): Livewire\\HydrationMiddleware\\RenderView::dehydrate(Object(App\\Http\\Livewire\\Dashboard), Object(Livewire\\Response))
#18 /Users/aldyhelix/Projects/www/backend_rmi/vendor/livewire/livewire/src/LivewireManager.php(132): Livewire\\LifecycleManager->initialDehydrate()
#19 /Users/aldyhelix/Projects/www/backend_rmi/vendor/laravel/framework/src/Illuminate/Support/Facades/Facade.php(261): Livewire\\LivewireManager->mount('dashboard', Array)
#20 /Users/aldyhelix/Projects/www/backend_rmi/resources/views/admin/dashboard/platform.blade.php(13): Illuminate\\Support\\Facades\\Facade::__callStatic('mount', Array)
#21 /Users/aldyhelix/Projects/www/backend_rmi/vendor/laravel/framework/src/Illuminate/Filesystem/Filesystem.php(107): require('/Users/aldyheli...')
#22 /Users/aldyhelix/Projects/www/backend_rmi/vendor/laravel/framework/src/Illuminate/Filesystem/Filesystem.php(108): Illuminate\\Filesystem\\Filesystem::Illuminate\\Filesystem\\{closure}()
#23 /Users/aldyhelix/Projects/www/backend_rmi/vendor/laravel/framework/src/Illuminate/View/Engines/PhpEngine.php(58): Illuminate\\Filesystem\\Filesystem->getRequire('/Users/aldyheli...', Array)
#24 /Users/aldyhelix/Projects/www/backend_rmi/vendor/livewire/livewire/src/ComponentConcerns/RendersLivewireComponents.php(69): Illuminate\\View\\Engines\\PhpEngine->evaluatePath('/Users/aldyheli...', Array)
#25 /Users/aldyhelix/Projects/www/backend_rmi/vendor/laravel/framework/src/Illuminate/View/Engines/CompilerEngine.php(61): Livewire\\CompilerEngineForIgnition->evaluatePath('/Users/aldyheli...', Array)
#26 /Users/aldyhelix/Projects/www/backend_rmi/vendor/facade/ignition/src/Views/Engines/CompilerEngine.php(37): Illuminate\\View\\Engines\\CompilerEngine->get('/Users/aldyheli...', Array)
#27 /Users/aldyhelix/Projects/www/backend_rmi/vendor/livewire/livewire/src/ComponentConcerns/RendersLivewireComponents.php(35): Facade\\Ignition\\Views\\Engines\\CompilerEngine->get('/Users/aldyheli...', Array)
#28 /Users/aldyhelix/Projects/www/backend_rmi/vendor/laravel/framework/src/Illuminate/View/View.php(139): Livewire\\CompilerEngineForIgnition->get('/Users/aldyheli...', Array)
#29 /Users/aldyhelix/Projects/www/backend_rmi/vendor/laravel/framework/src/Illuminate/View/View.php(122): Illuminate\\View\\View->getContents()
#30 /Users/aldyhelix/Projects/www/backend_rmi/vendor/laravel/framework/src/Illuminate/View/View.php(91): Illuminate\\View\\View->renderContents()
#31 /Users/aldyhelix/Projects/www/backend_rmi/vendor/laravel/framework/src/Illuminate/Http/Response.php(69): Illuminate\\View\\View->render()
#32 /Users/aldyhelix/Projects/www/backend_rmi/vendor/laravel/framework/src/Illuminate/Http/Response.php(35): Illuminate\\Http\\Response->setContent(Object(Illuminate\\View\\View))
#33 /Users/aldyhelix/Projects/www/backend_rmi/vendor/laravel/framework/src/Illuminate/Routing/Router.php(820): Illuminate\\Http\\Response->__construct(Object(Illuminate\\View\\View), 200, Array)
#34 /Users/aldyhelix/Projects/www/backend_rmi/vendor/laravel/framework/src/Illuminate/Routing/Router.php(789): Illuminate\\Routing\\Router::toResponse(Object(Illuminate\\Http\\Request), Object(Illuminate\\View\\View))
#35 /Users/aldyhelix/Projects/www/backend_rmi/vendor/laravel/framework/src/Illuminate/Routing/Router.php(720): Illuminate\\Routing\\Router->prepareResponse(Object(Illuminate\\Http\\Request), Object(Illuminate\\View\\View))
#36 /Users/aldyhelix/Projects/www/backend_rmi/vendor/laravel/framework/src/Illuminate/Pipeline/Pipeline.php(128): Illuminate\\Routing\\Router->Illuminate\\Routing\\{closure}(Object(Illuminate\\Http\\Request))
#37 /Users/aldyhelix/Projects/www/backend_rmi/app/Http/Middleware/DashboardSetup.php(22): Illuminate\\Pipeline\\Pipeline->Illuminate\\Pipeline\\{closure}(Object(Illuminate\\Http\\Request))
#38 /Users/aldyhelix/Projects/www/backend_rmi/vendor/laravel/framework/src/Illuminate/Pipeline/Pipeline.php(167): App\\Http\\Middleware\\DashboardSetup->handle(Object(Illuminate\\Http\\Request), Object(Closure))
#39 /Users/aldyhelix/Projects/www/backend_rmi/app/Http/Middleware/CheckIfBillingInfoRequired.php(24): Illuminate\\Pipeline\\Pipeline->Illuminate\\Pipeline\\{closure}(Object(Illuminate\\Http\\Request))
#40 /Users/aldyhelix/Projects/www/backend_rmi/vendor/laravel/framework/src/Illuminate/Pipeline/Pipeline.php(167): App\\Http\\Middleware\\CheckIfBillingInfoRequired->handle(Object(Illuminate\\Http\\Request), Object(Closure))
#41 /Users/aldyhelix/Projects/www/backend_rmi/app/Http/Middleware/VerifyUserIsSubscribed.php(25): Illuminate\\Pipeline\\Pipeline->Illuminate\\Pipeline\\{closure}(Object(Illuminate\\Http\\Request))
#42 /Users/aldyhelix/Projects/www/backend_rmi/vendor/laravel/framework/src/Illuminate/Pipeline/Pipeline.php(167): App\\Http\\Middleware\\VerifyUserIsSubscribed->handle(Object(Illuminate\\Http\\Request), Object(Closure))
#43 /Users/aldyhelix/Projects/www/backend_rmi/app/Http/Middleware/CookieConsentMiddleware.php(21): Illuminate\\Pipeline\\Pipeline->Illuminate\\Pipeline\\{closure}(Object(Illuminate\\Http\\Request))
#44 /Users/aldyhelix/Projects/www/backend_rmi/vendor/laravel/framework/src/Illuminate/Pipeline/Pipeline.php(167): App\\Http\\Middleware\\CookieConsentMiddleware->handle(Object(Illuminate\\Http\\Request), Object(Closure))
#45 /Users/aldyhelix/Projects/www/backend_rmi/app/Http/Middleware/Language.php(64): Illuminate\\Pipeline\\Pipeline->Illuminate\\Pipeline\\{closure}(Object(Illuminate\\Http\\Request))
#46 /Users/aldyhelix/Projects/www/backend_rmi/vendor/laravel/framework/src/Illuminate/Pipeline/Pipeline.php(167): App\\Http\\Middleware\\Language->handle(Object(Illuminate\\Http\\Request), Object(Closure))
#47 /Users/aldyhelix/Projects/www/backend_rmi/app/Http/Middleware/InitSettings.php(8): Illuminate\\Pipeline\\Pipeline->Illuminate\\Pipeline\\{closure}(Object(Illuminate\\Http\\Request))
#48 /Users/aldyhelix/Projects/www/backend_rmi/vendor/laravel/framework/src/Illuminate/Pipeline/Pipeline.php(167): App\\Http\\Middleware\\InitSettings->handle(Object(Illuminate\\Http\\Request), Object(Closure))
#49 /Users/aldyhelix/Projects/www/backend_rmi/vendor/laravel/framework/src/Illuminate/Routing/Middleware/SubstituteBindings.php(50): Illuminate\\Pipeline\\Pipeline->Illuminate\\Pipeline\\{closure}(Object(Illuminate\\Http\\Request))
#50 /Users/aldyhelix/Projects/www/backend_rmi/vendor/laravel/framework/src/Illuminate/Pipeline/Pipeline.php(167): Illuminate\\Routing\\Middleware\\SubstituteBindings->handle(Object(Illuminate\\Http\\Request), Object(Closure))
#51 /Users/aldyhelix/Projects/www/backend_rmi/vendor/laravel/framework/src/Illuminate/Auth/Middleware/Authenticate.php(44): Illuminate\\Pipeline\\Pipeline->Illuminate\\Pipeline\\{closure}(Object(Illuminate\\Http\\Request))
#52 /Users/aldyhelix/Projects/www/backend_rmi/vendor/laravel/framework/src/Illuminate/Pipeline/Pipeline.php(167): Illuminate\\Auth\\Middleware\\Authenticate->handle(Object(Illuminate\\Http\\Request), Object(Closure))
#53 /Users/aldyhelix/Projects/www/backend_rmi/vendor/laravel/framework/src/Illuminate/Foundation/Http/Middleware/VerifyCsrfToken.php(78): Illuminate\\Pipeline\\Pipeline->Illuminate\\Pipeline\\{closure}(Object(Illuminate\\Http\\Request))
#54 /Users/aldyhelix/Projects/www/backend_rmi/vendor/laravel/framework/src/Illuminate/Pipeline/Pipeline.php(167): Illuminate\\Foundation\\Http\\Middleware\\VerifyCsrfToken->handle(Object(Illuminate\\Http\\Request), Object(Closure))
#55 /Users/aldyhelix/Projects/www/backend_rmi/vendor/laravel/framework/src/Illuminate/View/Middleware/ShareErrorsFromSession.php(49): Illuminate\\Pipeline\\Pipeline->Illuminate\\Pipeline\\{closure}(Object(Illuminate\\Http\\Request))
#56 /Users/aldyhelix/Projects/www/backend_rmi/vendor/laravel/framework/src/Illuminate/Pipeline/Pipeline.php(167): Illuminate\\View\\Middleware\\ShareErrorsFromSession->handle(Object(Illuminate\\Http\\Request), Object(Closure))
#57 /Users/aldyhelix/Projects/www/backend_rmi/vendor/laravel/framework/src/Illuminate/Session/Middleware/StartSession.php(121): Illuminate\\Pipeline\\Pipeline->Illuminate\\Pipeline\\{closure}(Object(Illuminate\\Http\\Request))
#58 /Users/aldyhelix/Projects/www/backend_rmi/vendor/laravel/framework/src/Illuminate/Session/Middleware/StartSession.php(64): Illuminate\\Session\\Middleware\\StartSession->handleStatefulRequest(Object(Illuminate\\Http\\Request), Object(Illuminate\\Session\\EncryptedStore), Object(Closure))
#59 /Users/aldyhelix/Projects/www/backend_rmi/vendor/laravel/framework/src/Illuminate/Pipeline/Pipeline.php(167): Illuminate\\Session\\Middleware\\StartSession->handle(Object(Illuminate\\Http\\Request), Object(Closure))
#60 /Users/aldyhelix/Projects/www/backend_rmi/vendor/laravel/framework/src/Illuminate/Cookie/Middleware/AddQueuedCookiesToResponse.php(37): Illuminate\\Pipeline\\Pipeline->Illuminate\\Pipeline\\{closure}(Object(Illuminate\\Http\\Request))
#61 /Users/aldyhelix/Projects/www/backend_rmi/vendor/laravel/framework/src/Illuminate/Pipeline/Pipeline.php(167): Illuminate\\Cookie\\Middleware\\AddQueuedCookiesToResponse->handle(Object(Illuminate\\Http\\Request), Object(Closure))
#62 /Users/aldyhelix/Projects/www/backend_rmi/vendor/laravel/framework/src/Illuminate/Cookie/Middleware/EncryptCookies.php(67): Illuminate\\Pipeline\\Pipeline->Illuminate\\Pipeline\\{closure}(Object(Illuminate\\Http\\Request))
#63 /Users/aldyhelix/Projects/www/backend_rmi/vendor/laravel/framework/src/Illuminate/Pipeline/Pipeline.php(167): Illuminate\\Cookie\\Middleware\\EncryptCookies->handle(Object(Illuminate\\Http\\Request), Object(Closure))
#64 /Users/aldyhelix/Projects/www/backend_rmi/vendor/laravel/framework/src/Illuminate/Pipeline/Pipeline.php(103): Illuminate\\Pipeline\\Pipeline->Illuminate\\Pipeline\\{closure}(Object(Illuminate\\Http\\Request))
#65 /Users/aldyhelix/Projects/www/backend_rmi/vendor/laravel/framework/src/Illuminate/Routing/Router.php(719): Illuminate\\Pipeline\\Pipeline->then(Object(Closure))
#66 /Users/aldyhelix/Projects/www/backend_rmi/vendor/laravel/framework/src/Illuminate/Routing/Router.php(698): Illuminate\\Routing\\Router->runRouteWithinStack(Object(Illuminate\\Routing\\Route), Object(Illuminate\\Http\\Request))
#67 /Users/aldyhelix/Projects/www/backend_rmi/vendor/laravel/framework/src/Illuminate/Routing/Router.php(662): Illuminate\\Routing\\Router->runRoute(Object(Illuminate\\Http\\Request), Object(Illuminate\\Routing\\Route))
#68 /Users/aldyhelix/Projects/www/backend_rmi/vendor/laravel/framework/src/Illuminate/Routing/Router.php(651): Illuminate\\Routing\\Router->dispatchToRoute(Object(Illuminate\\Http\\Request))
#69 /Users/aldyhelix/Projects/www/backend_rmi/vendor/laravel/framework/src/Illuminate/Foundation/Http/Kernel.php(167): Illuminate\\Routing\\Router->dispatch(Object(Illuminate\\Http\\Request))
#70 /Users/aldyhelix/Projects/www/backend_rmi/vendor/laravel/framework/src/Illuminate/Pipeline/Pipeline.php(128): Illuminate\\Foundation\\Http\\Kernel->Illuminate\\Foundation\\Http\\{closure}(Object(Illuminate\\Http\\Request))
#71 /Users/aldyhelix/Projects/www/backend_rmi/vendor/livewire/livewire/src/DisableBrowserCache.php(19): Illuminate\\Pipeline\\Pipeline->Illuminate\\Pipeline\\{closure}(Object(Illuminate\\Http\\Request))
#72 /Users/aldyhelix/Projects/www/backend_rmi/vendor/laravel/framework/src/Illuminate/Pipeline/Pipeline.php(167): Livewire\\DisableBrowserCache->handle(Object(Illuminate\\Http\\Request), Object(Closure))
#73 /Users/aldyhelix/Projects/www/backend_rmi/vendor/barryvdh/laravel-debugbar/src/Middleware/InjectDebugbar.php(66): Illuminate\\Pipeline\\Pipeline->Illuminate\\Pipeline\\{closure}(Object(Illuminate\\Http\\Request))
#74 /Users/aldyhelix/Projects/www/backend_rmi/vendor/laravel/framework/src/Illuminate/Pipeline/Pipeline.php(167): Barryvdh\\Debugbar\\Middleware\\InjectDebugbar->handle(Object(Illuminate\\Http\\Request), Object(Closure))
#75 /Users/aldyhelix/Projects/www/backend_rmi/app/Http/Middleware/CheckForInstallation.php(19): Illuminate\\Pipeline\\Pipeline->Illuminate\\Pipeline\\{closure}(Object(Illuminate\\Http\\Request))
#76 /Users/aldyhelix/Projects/www/backend_rmi/vendor/laravel/framework/src/Illuminate/Pipeline/Pipeline.php(167): App\\Http\\Middleware\\CheckForInstallation->handle(Object(Illuminate\\Http\\Request), Object(Closure))
#77 /Users/aldyhelix/Projects/www/backend_rmi/vendor/laravel/framework/src/Illuminate/Foundation/Http/Middleware/TransformsRequest.php(21): Illuminate\\Pipeline\\Pipeline->Illuminate\\Pipeline\\{closure}(Object(Illuminate\\Http\\Request))
#78 /Users/aldyhelix/Projects/www/backend_rmi/vendor/laravel/framework/src/Illuminate/Foundation/Http/Middleware/ConvertEmptyStringsToNull.php(31): Illuminate\\Foundation\\Http\\Middleware\\TransformsRequest->handle(Object(Illuminate\\Http\\Request), Object(Closure))
#79 /Users/aldyhelix/Projects/www/backend_rmi/vendor/laravel/framework/src/Illuminate/Pipeline/Pipeline.php(167): Illuminate\\Foundation\\Http\\Middleware\\ConvertEmptyStringsToNull->handle(Object(Illuminate\\Http\\Request), Object(Closure))
#80 /Users/aldyhelix/Projects/www/backend_rmi/vendor/laravel/framework/src/Illuminate/Foundation/Http/Middleware/TransformsRequest.php(21): Illuminate\\Pipeline\\Pipeline->Illuminate\\Pipeline\\{closure}(Object(Illuminate\\Http\\Request))
#81 /Users/aldyhelix/Projects/www/backend_rmi/vendor/laravel/framework/src/Illuminate/Foundation/Http/Middleware/TrimStrings.php(40): Illuminate\\Foundation\\Http\\Middleware\\TransformsRequest->handle(Object(Illuminate\\Http\\Request), Object(Closure))
#82 /Users/aldyhelix/Projects/www/backend_rmi/vendor/laravel/framework/src/Illuminate/Pipeline/Pipeline.php(167): Illuminate\\Foundation\\Http\\Middleware\\TrimStrings->handle(Object(Illuminate\\Http\\Request), Object(Closure))
#83 /Users/aldyhelix/Projects/www/backend_rmi/vendor/laravel/framework/src/Illuminate/Foundation/Http/Middleware/ValidatePostSize.php(27): Illuminate\\Pipeline\\Pipeline->Illuminate\\Pipeline\\{closure}(Object(Illuminate\\Http\\Request))
#84 /Users/aldyhelix/Projects/www/backend_rmi/vendor/laravel/framework/src/Illuminate/Pipeline/Pipeline.php(167): Illuminate\\Foundation\\Http\\Middleware\\ValidatePostSize->handle(Object(Illuminate\\Http\\Request), Object(Closure))
#85 /Users/aldyhelix/Projects/www/backend_rmi/vendor/laravel/framework/src/Illuminate/Foundation/Http/Middleware/PreventRequestsDuringMaintenance.php(86): Illuminate\\Pipeline\\Pipeline->Illuminate\\Pipeline\\{closure}(Object(Illuminate\\Http\\Request))
#86 /Users/aldyhelix/Projects/www/backend_rmi/vendor/laravel/framework/src/Illuminate/Pipeline/Pipeline.php(167): Illuminate\\Foundation\\Http\\Middleware\\PreventRequestsDuringMaintenance->handle(Object(Illuminate\\Http\\Request), Object(Closure))
#87 /Users/aldyhelix/Projects/www/backend_rmi/vendor/fruitcake/laravel-cors/src/HandleCors.php(38): Illuminate\\Pipeline\\Pipeline->Illuminate\\Pipeline\\{closure}(Object(Illuminate\\Http\\Request))
#88 /Users/aldyhelix/Projects/www/backend_rmi/vendor/laravel/framework/src/Illuminate/Pipeline/Pipeline.php(167): Fruitcake\\Cors\\HandleCors->handle(Object(Illuminate\\Http\\Request), Object(Closure))
#89 /Users/aldyhelix/Projects/www/backend_rmi/vendor/laravel/framework/src/Illuminate/Http/Middleware/TrustProxies.php(39): Illuminate\\Pipeline\\Pipeline->Illuminate\\Pipeline\\{closure}(Object(Illuminate\\Http\\Request))
#90 /Users/aldyhelix/Projects/www/backend_rmi/vendor/laravel/framework/src/Illuminate/Pipeline/Pipeline.php(167): Illuminate\\Http\\Middleware\\TrustProxies->handle(Object(Illuminate\\Http\\Request), Object(Closure))
#91 /Users/aldyhelix/Projects/www/backend_rmi/vendor/laravel/framework/src/Illuminate/Pipeline/Pipeline.php(103): Illuminate\\Pipeline\\Pipeline->Illuminate\\Pipeline\\{closure}(Object(Illuminate\\Http\\Request))
#92 /Users/aldyhelix/Projects/www/backend_rmi/vendor/laravel/framework/src/Illuminate/Foundation/Http/Kernel.php(142): Illuminate\\Pipeline\\Pipeline->then(Object(Closure))
#93 /Users/aldyhelix/Projects/www/backend_rmi/vendor/laravel/framework/src/Illuminate/Foundation/Http/Kernel.php(111): Illuminate\\Foundation\\Http\\Kernel->sendRequestThroughRouter(Object(Illuminate\\Http\\Request))
#94 /Users/aldyhelix/Projects/www/backend_rmi/public/index.php(58): Illuminate\\Foundation\\Http\\Kernel->handle(Object(Illuminate\\Http\\Request))
#95 /Applications/Herd.app/Contents/Resources/valet/server.php(153): require('/Users/aldyheli...')
#96 {main}

[previous exception] [object] (ErrorException(code: 0): Undefined variable $data at /Users/aldyhelix/Projects/www/backend_rmi/storage/framework/views/6db3cb686217efb2acc5368dcf387cd0bf47d72a.php:14)
[stacktrace]
#0 /Users/aldyhelix/Projects/www/backend_rmi/storage/framework/views/6db3cb686217efb2acc5368dcf387cd0bf47d72a.php(14): Illuminate\\Foundation\\Bootstrap\\HandleExceptions->handleError(2, 'Undefined varia...', '/Users/aldyheli...', 14)
#1 /Users/aldyhelix/Projects/www/backend_rmi/vendor/livewire/livewire/src/ComponentConcerns/RendersLivewireComponents.php(83): include('/Users/aldyheli...')
#2 /Users/aldyhelix/Projects/www/backend_rmi/vendor/livewire/livewire/src/ComponentConcerns/RendersLivewireComponents.php(84): App\\Http\\Livewire\\Dashboard->Livewire\\ComponentConcerns\\{closure}()
#3 /Users/aldyhelix/Projects/www/backend_rmi/vendor/livewire/livewire/src/ComponentConcerns/RendersLivewireComponents.php(59): Livewire\\CompilerEngineForIgnition->evaluatePath('/Users/aldyheli...', Array)
#4 /Users/aldyhelix/Projects/www/backend_rmi/vendor/laravel/framework/src/Illuminate/View/View.php(139): Livewire\\CompilerEngineForIgnition->get('/Users/aldyheli...', Array)
#5 /Users/aldyhelix/Projects/www/backend_rmi/vendor/laravel/framework/src/Illuminate/View/View.php(122): Illuminate\\View\\View->getContents()
#6 /Users/aldyhelix/Projects/www/backend_rmi/vendor/laravel/framework/src/Illuminate/View/View.php(91): Illuminate\\View\\View->renderContents()
#7 /Users/aldyhelix/Projects/www/backend_rmi/vendor/laravel/framework/src/Illuminate/View/Concerns/ManagesComponents.php(100): Illuminate\\View\\View->render()
#8 /Users/aldyhelix/Projects/www/backend_rmi/storage/framework/views/f4899b702c6a16f1c873549d32bc50b1e46a780c.php(522): Illuminate\\View\\Factory->renderComponent()
#9 /Users/aldyhelix/Projects/www/backend_rmi/vendor/livewire/livewire/src/ComponentConcerns/RendersLivewireComponents.php(83): include('/Users/aldyheli...')
#10 /Users/aldyhelix/Projects/www/backend_rmi/vendor/livewire/livewire/src/ComponentConcerns/RendersLivewireComponents.php(84): App\\Http\\Livewire\\Dashboard->Livewire\\ComponentConcerns\\{closure}()
#11 /Users/aldyhelix/Projects/www/backend_rmi/vendor/livewire/livewire/src/ComponentConcerns/RendersLivewireComponents.php(59): Livewire\\CompilerEngineForIgnition->evaluatePath('/Users/aldyheli...', Array)
#12 /Users/aldyhelix/Projects/www/backend_rmi/vendor/laravel/framework/src/Illuminate/View/View.php(139): Livewire\\CompilerEngineForIgnition->get('/Users/aldyheli...', Array)
#13 /Users/aldyhelix/Projects/www/backend_rmi/vendor/laravel/framework/src/Illuminate/View/View.php(122): Illuminate\\View\\View->getContents()
#14 /Users/aldyhelix/Projects/www/backend_rmi/vendor/laravel/framework/src/Illuminate/View/View.php(91): Illuminate\\View\\View->renderContents()
#15 /Users/aldyhelix/Projects/www/backend_rmi/vendor/livewire/livewire/src/Component.php(235): Illuminate\\View\\View->render()
#16 /Users/aldyhelix/Projects/www/backend_rmi/vendor/livewire/livewire/src/HydrationMiddleware/RenderView.php(14): Livewire\\Component->output()
#17 /Users/aldyhelix/Projects/www/backend_rmi/vendor/livewire/livewire/src/LifecycleManager.php(141): Livewire\\HydrationMiddleware\\RenderView::dehydrate(Object(App\\Http\\Livewire\\Dashboard), Object(Livewire\\Response))
#18 /Users/aldyhelix/Projects/www/backend_rmi/vendor/livewire/livewire/src/LivewireManager.php(132): Livewire\\LifecycleManager->initialDehydrate()
#19 /Users/aldyhelix/Projects/www/backend_rmi/vendor/laravel/framework/src/Illuminate/Support/Facades/Facade.php(261): Livewire\\LivewireManager->mount('dashboard', Array)
#20 /Users/aldyhelix/Projects/www/backend_rmi/storage/framework/views/7614a377bf597da1c7ed67416eae576b7feee755.php(13): Illuminate\\Support\\Facades\\Facade::__callStatic('mount', Array)
#21 /Users/aldyhelix/Projects/www/backend_rmi/vendor/laravel/framework/src/Illuminate/Filesystem/Filesystem.php(107): require('/Users/aldyheli...')
#22 /Users/aldyhelix/Projects/www/backend_rmi/vendor/laravel/framework/src/Illuminate/Filesystem/Filesystem.php(108): Illuminate\\Filesystem\\Filesystem::Illuminate\\Filesystem\\{closure}()
#23 /Users/aldyhelix/Projects/www/backend_rmi/vendor/laravel/framework/src/Illuminate/View/Engines/PhpEngine.php(58): Illuminate\\Filesystem\\Filesystem->getRequire('/Users/aldyheli...', Array)
#24 /Users/aldyhelix/Projects/www/backend_rmi/vendor/livewire/livewire/src/ComponentConcerns/RendersLivewireComponents.php(69): Illuminate\\View\\Engines\\PhpEngine->evaluatePath('/Users/aldyheli...', Array)
#25 /Users/aldyhelix/Projects/www/backend_rmi/vendor/laravel/framework/src/Illuminate/View/Engines/CompilerEngine.php(61): Livewire\\CompilerEngineForIgnition->evaluatePath('/Users/aldyheli...', Array)
#26 /Users/aldyhelix/Projects/www/backend_rmi/vendor/facade/ignition/src/Views/Engines/CompilerEngine.php(37): Illuminate\\View\\Engines\\CompilerEngine->get('/Users/aldyheli...', Array)
#27 /Users/aldyhelix/Projects/www/backend_rmi/vendor/livewire/livewire/src/ComponentConcerns/RendersLivewireComponents.php(35): Facade\\Ignition\\Views\\Engines\\CompilerEngine->get('/Users/aldyheli...', Array)
#28 /Users/aldyhelix/Projects/www/backend_rmi/vendor/laravel/framework/src/Illuminate/View/View.php(139): Livewire\\CompilerEngineForIgnition->get('/Users/aldyheli...', Array)
#29 /Users/aldyhelix/Projects/www/backend_rmi/vendor/laravel/framework/src/Illuminate/View/View.php(122): Illuminate\\View\\View->getContents()
#30 /Users/aldyhelix/Projects/www/backend_rmi/vendor/laravel/framework/src/Illuminate/View/View.php(91): Illuminate\\View\\View->renderContents()
#31 /Users/aldyhelix/Projects/www/backend_rmi/vendor/laravel/framework/src/Illuminate/Http/Response.php(69): Illuminate\\View\\View->render()
#32 /Users/aldyhelix/Projects/www/backend_rmi/vendor/laravel/framework/src/Illuminate/Http/Response.php(35): Illuminate\\Http\\Response->setContent(Object(Illuminate\\View\\View))
#33 /Users/aldyhelix/Projects/www/backend_rmi/vendor/laravel/framework/src/Illuminate/Routing/Router.php(820): Illuminate\\Http\\Response->__construct(Object(Illuminate\\View\\View), 200, Array)
#34 /Users/aldyhelix/Projects/www/backend_rmi/vendor/laravel/framework/src/Illuminate/Routing/Router.php(789): Illuminate\\Routing\\Router::toResponse(Object(Illuminate\\Http\\Request), Object(Illuminate\\View\\View))
#35 /Users/aldyhelix/Projects/www/backend_rmi/vendor/laravel/framework/src/Illuminate/Routing/Router.php(720): Illuminate\\Routing\\Router->prepareResponse(Object(Illuminate\\Http\\Request), Object(Illuminate\\View\\View))
#36 /Users/aldyhelix/Projects/www/backend_rmi/vendor/laravel/framework/src/Illuminate/Pipeline/Pipeline.php(128): Illuminate\\Routing\\Router->Illuminate\\Routing\\{closure}(Object(Illuminate\\Http\\Request))
#37 /Users/aldyhelix/Projects/www/backend_rmi/app/Http/Middleware/DashboardSetup.php(22): Illuminate\\Pipeline\\Pipeline->Illuminate\\Pipeline\\{closure}(Object(Illuminate\\Http\\Request))
#38 /Users/aldyhelix/Projects/www/backend_rmi/vendor/laravel/framework/src/Illuminate/Pipeline/Pipeline.php(167): App\\Http\\Middleware\\DashboardSetup->handle(Object(Illuminate\\Http\\Request), Object(Closure))
#39 /Users/aldyhelix/Projects/www/backend_rmi/app/Http/Middleware/CheckIfBillingInfoRequired.php(24): Illuminate\\Pipeline\\Pipeline->Illuminate\\Pipeline\\{closure}(Object(Illuminate\\Http\\Request))
#40 /Users/aldyhelix/Projects/www/backend_rmi/vendor/laravel/framework/src/Illuminate/Pipeline/Pipeline.php(167): App\\Http\\Middleware\\CheckIfBillingInfoRequired->handle(Object(Illuminate\\Http\\Request), Object(Closure))
#41 /Users/aldyhelix/Projects/www/backend_rmi/app/Http/Middleware/VerifyUserIsSubscribed.php(25): Illuminate\\Pipeline\\Pipeline->Illuminate\\Pipeline\\{closure}(Object(Illuminate\\Http\\Request))
#42 /Users/aldyhelix/Projects/www/backend_rmi/vendor/laravel/framework/src/Illuminate/Pipeline/Pipeline.php(167): App\\Http\\Middleware\\VerifyUserIsSubscribed->handle(Object(Illuminate\\Http\\Request), Object(Closure))
#43 /Users/aldyhelix/Projects/www/backend_rmi/app/Http/Middleware/CookieConsentMiddleware.php(21): Illuminate\\Pipeline\\Pipeline->Illuminate\\Pipeline\\{closure}(Object(Illuminate\\Http\\Request))
#44 /Users/aldyhelix/Projects/www/backend_rmi/vendor/laravel/framework/src/Illuminate/Pipeline/Pipeline.php(167): App\\Http\\Middleware\\CookieConsentMiddleware->handle(Object(Illuminate\\Http\\Request), Object(Closure))
#45 /Users/aldyhelix/Projects/www/backend_rmi/app/Http/Middleware/Language.php(64): Illuminate\\Pipeline\\Pipeline->Illuminate\\Pipeline\\{closure}(Object(Illuminate\\Http\\Request))
#46 /Users/aldyhelix/Projects/www/backend_rmi/vendor/laravel/framework/src/Illuminate/Pipeline/Pipeline.php(167): App\\Http\\Middleware\\Language->handle(Object(Illuminate\\Http\\Request), Object(Closure))
#47 /Users/aldyhelix/Projects/www/backend_rmi/app/Http/Middleware/InitSettings.php(8): Illuminate\\Pipeline\\Pipeline->Illuminate\\Pipeline\\{closure}(Object(Illuminate\\Http\\Request))
#48 /Users/aldyhelix/Projects/www/backend_rmi/vendor/laravel/framework/src/Illuminate/Pipeline/Pipeline.php(167): App\\Http\\Middleware\\InitSettings->handle(Object(Illuminate\\Http\\Request), Object(Closure))
#49 /Users/aldyhelix/Projects/www/backend_rmi/vendor/laravel/framework/src/Illuminate/Routing/Middleware/SubstituteBindings.php(50): Illuminate\\Pipeline\\Pipeline->Illuminate\\Pipeline\\{closure}(Object(Illuminate\\Http\\Request))
#50 /Users/aldyhelix/Projects/www/backend_rmi/vendor/laravel/framework/src/Illuminate/Pipeline/Pipeline.php(167): Illuminate\\Routing\\Middleware\\SubstituteBindings->handle(Object(Illuminate\\Http\\Request), Object(Closure))
#51 /Users/aldyhelix/Projects/www/backend_rmi/vendor/laravel/framework/src/Illuminate/Auth/Middleware/Authenticate.php(44): Illuminate\\Pipeline\\Pipeline->Illuminate\\Pipeline\\{closure}(Object(Illuminate\\Http\\Request))
#52 /Users/aldyhelix/Projects/www/backend_rmi/vendor/laravel/framework/src/Illuminate/Pipeline/Pipeline.php(167): Illuminate\\Auth\\Middleware\\Authenticate->handle(Object(Illuminate\\Http\\Request), Object(Closure))
#53 /Users/aldyhelix/Projects/www/backend_rmi/vendor/laravel/framework/src/Illuminate/Foundation/Http/Middleware/VerifyCsrfToken.php(78): Illuminate\\Pipeline\\Pipeline->Illuminate\\Pipeline\\{closure}(Object(Illuminate\\Http\\Request))
#54 /Users/aldyhelix/Projects/www/backend_rmi/vendor/laravel/framework/src/Illuminate/Pipeline/Pipeline.php(167): Illuminate\\Foundation\\Http\\Middleware\\VerifyCsrfToken->handle(Object(Illuminate\\Http\\Request), Object(Closure))
#55 /Users/aldyhelix/Projects/www/backend_rmi/vendor/laravel/framework/src/Illuminate/View/Middleware/ShareErrorsFromSession.php(49): Illuminate\\Pipeline\\Pipeline->Illuminate\\Pipeline\\{closure}(Object(Illuminate\\Http\\Request))
#56 /Users/aldyhelix/Projects/www/backend_rmi/vendor/laravel/framework/src/Illuminate/Pipeline/Pipeline.php(167): Illuminate\\View\\Middleware\\ShareErrorsFromSession->handle(Object(Illuminate\\Http\\Request), Object(Closure))
#57 /Users/aldyhelix/Projects/www/backend_rmi/vendor/laravel/framework/src/Illuminate/Session/Middleware/StartSession.php(121): Illuminate\\Pipeline\\Pipeline->Illuminate\\Pipeline\\{closure}(Object(Illuminate\\Http\\Request))
#58 /Users/aldyhelix/Projects/www/backend_rmi/vendor/laravel/framework/src/Illuminate/Session/Middleware/StartSession.php(64): Illuminate\\Session\\Middleware\\StartSession->handleStatefulRequest(Object(Illuminate\\Http\\Request), Object(Illuminate\\Session\\EncryptedStore), Object(Closure))
#59 /Users/aldyhelix/Projects/www/backend_rmi/vendor/laravel/framework/src/Illuminate/Pipeline/Pipeline.php(167): Illuminate\\Session\\Middleware\\StartSession->handle(Object(Illuminate\\Http\\Request), Object(Closure))
#60 /Users/aldyhelix/Projects/www/backend_rmi/vendor/laravel/framework/src/Illuminate/Cookie/Middleware/AddQueuedCookiesToResponse.php(37): Illuminate\\Pipeline\\Pipeline->Illuminate\\Pipeline\\{closure}(Object(Illuminate\\Http\\Request))
#61 /Users/aldyhelix/Projects/www/backend_rmi/vendor/laravel/framework/src/Illuminate/Pipeline/Pipeline.php(167): Illuminate\\Cookie\\Middleware\\AddQueuedCookiesToResponse->handle(Object(Illuminate\\Http\\Request), Object(Closure))
#62 /Users/aldyhelix/Projects/www/backend_rmi/vendor/laravel/framework/src/Illuminate/Cookie/Middleware/EncryptCookies.php(67): Illuminate\\Pipeline\\Pipeline->Illuminate\\Pipeline\\{closure}(Object(Illuminate\\Http\\Request))
#63 /Users/aldyhelix/Projects/www/backend_rmi/vendor/laravel/framework/src/Illuminate/Pipeline/Pipeline.php(167): Illuminate\\Cookie\\Middleware\\EncryptCookies->handle(Object(Illuminate\\Http\\Request), Object(Closure))
#64 /Users/aldyhelix/Projects/www/backend_rmi/vendor/laravel/framework/src/Illuminate/Pipeline/Pipeline.php(103): Illuminate\\Pipeline\\Pipeline->Illuminate\\Pipeline\\{closure}(Object(Illuminate\\Http\\Request))
#65 /Users/aldyhelix/Projects/www/backend_rmi/vendor/laravel/framework/src/Illuminate/Routing/Router.php(719): Illuminate\\Pipeline\\Pipeline->then(Object(Closure))
#66 /Users/aldyhelix/Projects/www/backend_rmi/vendor/laravel/framework/src/Illuminate/Routing/Router.php(698): Illuminate\\Routing\\Router->runRouteWithinStack(Object(Illuminate\\Routing\\Route), Object(Illuminate\\Http\\Request))
#67 /Users/aldyhelix/Projects/www/backend_rmi/vendor/laravel/framework/src/Illuminate/Routing/Router.php(662): Illuminate\\Routing\\Router->runRoute(Object(Illuminate\\Http\\Request), Object(Illuminate\\Routing\\Route))
#68 /Users/aldyhelix/Projects/www/backend_rmi/vendor/laravel/framework/src/Illuminate/Routing/Router.php(651): Illuminate\\Routing\\Router->dispatchToRoute(Object(Illuminate\\Http\\Request))
#69 /Users/aldyhelix/Projects/www/backend_rmi/vendor/laravel/framework/src/Illuminate/Foundation/Http/Kernel.php(167): Illuminate\\Routing\\Router->dispatch(Object(Illuminate\\Http\\Request))
#70 /Users/aldyhelix/Projects/www/backend_rmi/vendor/laravel/framework/src/Illuminate/Pipeline/Pipeline.php(128): Illuminate\\Foundation\\Http\\Kernel->Illuminate\\Foundation\\Http\\{closure}(Object(Illuminate\\Http\\Request))
#71 /Users/aldyhelix/Projects/www/backend_rmi/vendor/livewire/livewire/src/DisableBrowserCache.php(19): Illuminate\\Pipeline\\Pipeline->Illuminate\\Pipeline\\{closure}(Object(Illuminate\\Http\\Request))
#72 /Users/aldyhelix/Projects/www/backend_rmi/vendor/laravel/framework/src/Illuminate/Pipeline/Pipeline.php(167): Livewire\\DisableBrowserCache->handle(Object(Illuminate\\Http\\Request), Object(Closure))
#73 /Users/aldyhelix/Projects/www/backend_rmi/vendor/barryvdh/laravel-debugbar/src/Middleware/InjectDebugbar.php(66): Illuminate\\Pipeline\\Pipeline->Illuminate\\Pipeline\\{closure}(Object(Illuminate\\Http\\Request))
#74 /Users/aldyhelix/Projects/www/backend_rmi/vendor/laravel/framework/src/Illuminate/Pipeline/Pipeline.php(167): Barryvdh\\Debugbar\\Middleware\\InjectDebugbar->handle(Object(Illuminate\\Http\\Request), Object(Closure))
#75 /Users/aldyhelix/Projects/www/backend_rmi/app/Http/Middleware/CheckForInstallation.php(19): Illuminate\\Pipeline\\Pipeline->Illuminate\\Pipeline\\{closure}(Object(Illuminate\\Http\\Request))
#76 /Users/aldyhelix/Projects/www/backend_rmi/vendor/laravel/framework/src/Illuminate/Pipeline/Pipeline.php(167): App\\Http\\Middleware\\CheckForInstallation->handle(Object(Illuminate\\Http\\Request), Object(Closure))
#77 /Users/aldyhelix/Projects/www/backend_rmi/vendor/laravel/framework/src/Illuminate/Foundation/Http/Middleware/TransformsRequest.php(21): Illuminate\\Pipeline\\Pipeline->Illuminate\\Pipeline\\{closure}(Object(Illuminate\\Http\\Request))
#78 /Users/aldyhelix/Projects/www/backend_rmi/vendor/laravel/framework/src/Illuminate/Foundation/Http/Middleware/ConvertEmptyStringsToNull.php(31): Illuminate\\Foundation\\Http\\Middleware\\TransformsRequest->handle(Object(Illuminate\\Http\\Request), Object(Closure))
#79 /Users/aldyhelix/Projects/www/backend_rmi/vendor/laravel/framework/src/Illuminate/Pipeline/Pipeline.php(167): Illuminate\\Foundation\\Http\\Middleware\\ConvertEmptyStringsToNull->handle(Object(Illuminate\\Http\\Request), Object(Closure))
#80 /Users/aldyhelix/Projects/www/backend_rmi/vendor/laravel/framework/src/Illuminate/Foundation/Http/Middleware/TransformsRequest.php(21): Illuminate\\Pipeline\\Pipeline->Illuminate\\Pipeline\\{closure}(Object(Illuminate\\Http\\Request))
#81 /Users/aldyhelix/Projects/www/backend_rmi/vendor/laravel/framework/src/Illuminate/Foundation/Http/Middleware/TrimStrings.php(40): Illuminate\\Foundation\\Http\\Middleware\\TransformsRequest->handle(Object(Illuminate\\Http\\Request), Object(Closure))
#82 /Users/aldyhelix/Projects/www/backend_rmi/vendor/laravel/framework/src/Illuminate/Pipeline/Pipeline.php(167): Illuminate\\Foundation\\Http\\Middleware\\TrimStrings->handle(Object(Illuminate\\Http\\Request), Object(Closure))
#83 /Users/aldyhelix/Projects/www/backend_rmi/vendor/laravel/framework/src/Illuminate/Foundation/Http/Middleware/ValidatePostSize.php(27): Illuminate\\Pipeline\\Pipeline->Illuminate\\Pipeline\\{closure}(Object(Illuminate\\Http\\Request))
#84 /Users/aldyhelix/Projects/www/backend_rmi/vendor/laravel/framework/src/Illuminate/Pipeline/Pipeline.php(167): Illuminate\\Foundation\\Http\\Middleware\\ValidatePostSize->handle(Object(Illuminate\\Http\\Request), Object(Closure))
#85 /Users/aldyhelix/Projects/www/backend_rmi/vendor/laravel/framework/src/Illuminate/Foundation/Http/Middleware/PreventRequestsDuringMaintenance.php(86): Illuminate\\Pipeline\\Pipeline->Illuminate\\Pipeline\\{closure}(Object(Illuminate\\Http\\Request))
#86 /Users/aldyhelix/Projects/www/backend_rmi/vendor/laravel/framework/src/Illuminate/Pipeline/Pipeline.php(167): Illuminate\\Foundation\\Http\\Middleware\\PreventRequestsDuringMaintenance->handle(Object(Illuminate\\Http\\Request), Object(Closure))
#87 /Users/aldyhelix/Projects/www/backend_rmi/vendor/fruitcake/laravel-cors/src/HandleCors.php(38): Illuminate\\Pipeline\\Pipeline->Illuminate\\Pipeline\\{closure}(Object(Illuminate\\Http\\Request))
#88 /Users/aldyhelix/Projects/www/backend_rmi/vendor/laravel/framework/src/Illuminate/Pipeline/Pipeline.php(167): Fruitcake\\Cors\\HandleCors->handle(Object(Illuminate\\Http\\Request), Object(Closure))
#89 /Users/aldyhelix/Projects/www/backend_rmi/vendor/laravel/framework/src/Illuminate/Http/Middleware/TrustProxies.php(39): Illuminate\\Pipeline\\Pipeline->Illuminate\\Pipeline\\{closure}(Object(Illuminate\\Http\\Request))
#90 /Users/aldyhelix/Projects/www/backend_rmi/vendor/laravel/framework/src/Illuminate/Pipeline/Pipeline.php(167): Illuminate\\Http\\Middleware\\TrustProxies->handle(Object(Illuminate\\Http\\Request), Object(Closure))
#91 /Users/aldyhelix/Projects/www/backend_rmi/vendor/laravel/framework/src/Illuminate/Pipeline/Pipeline.php(103): Illuminate\\Pipeline\\Pipeline->Illuminate\\Pipeline\\{closure}(Object(Illuminate\\Http\\Request))
#92 /Users/aldyhelix/Projects/www/backend_rmi/vendor/laravel/framework/src/Illuminate/Foundation/Http/Kernel.php(142): Illuminate\\Pipeline\\Pipeline->then(Object(Closure))
#93 /Users/aldyhelix/Projects/www/backend_rmi/vendor/laravel/framework/src/Illuminate/Foundation/Http/Kernel.php(111): Illuminate\\Foundation\\Http\\Kernel->sendRequestThroughRouter(Object(Illuminate\\Http\\Request))
#94 /Users/aldyhelix/Projects/www/backend_rmi/public/index.php(58): Illuminate\\Foundation\\Http\\Kernel->handle(Object(Illuminate\\Http\\Request))
#95 /Applications/Herd.app/Contents/Resources/valet/server.php(153): require('/Users/aldyheli...')
#96 {main}
"} 
[2024-06-09 17:04:32] production.ERROR: Undefined variable $data (View: /Users/aldyhelix/Projects/www/backend_rmi/resources/views/components/table.blade.php) {"view":{"view":"/Users/aldyhelix/Projects/www/backend_rmi/storage/framework/views/6db3cb686217efb2acc5368dcf387cd0bf47d72a.php","data":[]},"userId":1,"exception":"[object] (Facade\\Ignition\\Exceptions\\ViewException(code: 0): Undefined variable $data (View: /Users/aldyhelix/Projects/www/backend_rmi/resources/views/components/table.blade.php) at /Users/aldyhelix/Projects/www/backend_rmi/storage/framework/views/6db3cb686217efb2acc5368dcf387cd0bf47d72a.php:14)
[stacktrace]
#0 /Users/aldyhelix/Projects/www/backend_rmi/storage/framework/views/6db3cb686217efb2acc5368dcf387cd0bf47d72a.php(14): Illuminate\\Foundation\\Bootstrap\\HandleExceptions->handleError(2, 'Undefined varia...', '/Users/aldyheli...', 14)
#1 /Users/aldyhelix/Projects/www/backend_rmi/vendor/livewire/livewire/src/ComponentConcerns/RendersLivewireComponents.php(83): include('/Users/aldyheli...')
#2 /Users/aldyhelix/Projects/www/backend_rmi/vendor/livewire/livewire/src/ComponentConcerns/RendersLivewireComponents.php(84): App\\Http\\Livewire\\Dashboard->Livewire\\ComponentConcerns\\{closure}()
#3 /Users/aldyhelix/Projects/www/backend_rmi/vendor/livewire/livewire/src/ComponentConcerns/RendersLivewireComponents.php(59): Livewire\\CompilerEngineForIgnition->evaluatePath('/Users/aldyheli...', Array)
#4 /Users/aldyhelix/Projects/www/backend_rmi/vendor/laravel/framework/src/Illuminate/View/View.php(139): Livewire\\CompilerEngineForIgnition->get('/Users/aldyheli...', Array)
#5 /Users/aldyhelix/Projects/www/backend_rmi/vendor/laravel/framework/src/Illuminate/View/View.php(122): Illuminate\\View\\View->getContents()
#6 /Users/aldyhelix/Projects/www/backend_rmi/vendor/laravel/framework/src/Illuminate/View/View.php(91): Illuminate\\View\\View->renderContents()
#7 /Users/aldyhelix/Projects/www/backend_rmi/vendor/laravel/framework/src/Illuminate/View/Concerns/ManagesComponents.php(100): Illuminate\\View\\View->render()
#8 /Users/aldyhelix/Projects/www/backend_rmi/storage/framework/views/f4899b702c6a16f1c873549d32bc50b1e46a780c.php(522): Illuminate\\View\\Factory->renderComponent()
#9 /Users/aldyhelix/Projects/www/backend_rmi/vendor/livewire/livewire/src/ComponentConcerns/RendersLivewireComponents.php(83): include('/Users/aldyheli...')
#10 /Users/aldyhelix/Projects/www/backend_rmi/vendor/livewire/livewire/src/ComponentConcerns/RendersLivewireComponents.php(84): App\\Http\\Livewire\\Dashboard->Livewire\\ComponentConcerns\\{closure}()
#11 /Users/aldyhelix/Projects/www/backend_rmi/vendor/livewire/livewire/src/ComponentConcerns/RendersLivewireComponents.php(59): Livewire\\CompilerEngineForIgnition->evaluatePath('/Users/aldyheli...', Array)
#12 /Users/aldyhelix/Projects/www/backend_rmi/vendor/laravel/framework/src/Illuminate/View/View.php(139): Livewire\\CompilerEngineForIgnition->get('/Users/aldyheli...', Array)
#13 /Users/aldyhelix/Projects/www/backend_rmi/vendor/laravel/framework/src/Illuminate/View/View.php(122): Illuminate\\View\\View->getContents()
#14 /Users/aldyhelix/Projects/www/backend_rmi/vendor/laravel/framework/src/Illuminate/View/View.php(91): Illuminate\\View\\View->renderContents()
#15 /Users/aldyhelix/Projects/www/backend_rmi/vendor/livewire/livewire/src/Component.php(235): Illuminate\\View\\View->render()
#16 /Users/aldyhelix/Projects/www/backend_rmi/vendor/livewire/livewire/src/HydrationMiddleware/RenderView.php(14): Livewire\\Component->output()
#17 /Users/aldyhelix/Projects/www/backend_rmi/vendor/livewire/livewire/src/LifecycleManager.php(141): Livewire\\HydrationMiddleware\\RenderView::dehydrate(Object(App\\Http\\Livewire\\Dashboard), Object(Livewire\\Response))
#18 /Users/aldyhelix/Projects/www/backend_rmi/vendor/livewire/livewire/src/LivewireManager.php(132): Livewire\\LifecycleManager->initialDehydrate()
#19 /Users/aldyhelix/Projects/www/backend_rmi/vendor/laravel/framework/src/Illuminate/Support/Facades/Facade.php(261): Livewire\\LivewireManager->mount('dashboard', Array)
#20 /Users/aldyhelix/Projects/www/backend_rmi/resources/views/admin/dashboard/platform.blade.php(13): Illuminate\\Support\\Facades\\Facade::__callStatic('mount', Array)
#21 /Users/aldyhelix/Projects/www/backend_rmi/vendor/laravel/framework/src/Illuminate/Filesystem/Filesystem.php(107): require('/Users/aldyheli...')
#22 /Users/aldyhelix/Projects/www/backend_rmi/vendor/laravel/framework/src/Illuminate/Filesystem/Filesystem.php(108): Illuminate\\Filesystem\\Filesystem::Illuminate\\Filesystem\\{closure}()
#23 /Users/aldyhelix/Projects/www/backend_rmi/vendor/laravel/framework/src/Illuminate/View/Engines/PhpEngine.php(58): Illuminate\\Filesystem\\Filesystem->getRequire('/Users/aldyheli...', Array)
#24 /Users/aldyhelix/Projects/www/backend_rmi/vendor/livewire/livewire/src/ComponentConcerns/RendersLivewireComponents.php(69): Illuminate\\View\\Engines\\PhpEngine->evaluatePath('/Users/aldyheli...', Array)
#25 /Users/aldyhelix/Projects/www/backend_rmi/vendor/laravel/framework/src/Illuminate/View/Engines/CompilerEngine.php(61): Livewire\\CompilerEngineForIgnition->evaluatePath('/Users/aldyheli...', Array)
#26 /Users/aldyhelix/Projects/www/backend_rmi/vendor/facade/ignition/src/Views/Engines/CompilerEngine.php(37): Illuminate\\View\\Engines\\CompilerEngine->get('/Users/aldyheli...', Array)
#27 /Users/aldyhelix/Projects/www/backend_rmi/vendor/livewire/livewire/src/ComponentConcerns/RendersLivewireComponents.php(35): Facade\\Ignition\\Views\\Engines\\CompilerEngine->get('/Users/aldyheli...', Array)
#28 /Users/aldyhelix/Projects/www/backend_rmi/vendor/laravel/framework/src/Illuminate/View/View.php(139): Livewire\\CompilerEngineForIgnition->get('/Users/aldyheli...', Array)
#29 /Users/aldyhelix/Projects/www/backend_rmi/vendor/laravel/framework/src/Illuminate/View/View.php(122): Illuminate\\View\\View->getContents()
#30 /Users/aldyhelix/Projects/www/backend_rmi/vendor/laravel/framework/src/Illuminate/View/View.php(91): Illuminate\\View\\View->renderContents()
#31 /Users/aldyhelix/Projects/www/backend_rmi/vendor/laravel/framework/src/Illuminate/Http/Response.php(69): Illuminate\\View\\View->render()
#32 /Users/aldyhelix/Projects/www/backend_rmi/vendor/laravel/framework/src/Illuminate/Http/Response.php(35): Illuminate\\Http\\Response->setContent(Object(Illuminate\\View\\View))
#33 /Users/aldyhelix/Projects/www/backend_rmi/vendor/laravel/framework/src/Illuminate/Routing/Router.php(820): Illuminate\\Http\\Response->__construct(Object(Illuminate\\View\\View), 200, Array)
#34 /Users/aldyhelix/Projects/www/backend_rmi/vendor/laravel/framework/src/Illuminate/Routing/Router.php(789): Illuminate\\Routing\\Router::toResponse(Object(Illuminate\\Http\\Request), Object(Illuminate\\View\\View))
#35 /Users/aldyhelix/Projects/www/backend_rmi/vendor/laravel/framework/src/Illuminate/Routing/Router.php(720): Illuminate\\Routing\\Router->prepareResponse(Object(Illuminate\\Http\\Request), Object(Illuminate\\View\\View))
#36 /Users/aldyhelix/Projects/www/backend_rmi/vendor/laravel/framework/src/Illuminate/Pipeline/Pipeline.php(128): Illuminate\\Routing\\Router->Illuminate\\Routing\\{closure}(Object(Illuminate\\Http\\Request))
#37 /Users/aldyhelix/Projects/www/backend_rmi/app/Http/Middleware/DashboardSetup.php(22): Illuminate\\Pipeline\\Pipeline->Illuminate\\Pipeline\\{closure}(Object(Illuminate\\Http\\Request))
#38 /Users/aldyhelix/Projects/www/backend_rmi/vendor/laravel/framework/src/Illuminate/Pipeline/Pipeline.php(167): App\\Http\\Middleware\\DashboardSetup->handle(Object(Illuminate\\Http\\Request), Object(Closure))
#39 /Users/aldyhelix/Projects/www/backend_rmi/app/Http/Middleware/CheckIfBillingInfoRequired.php(24): Illuminate\\Pipeline\\Pipeline->Illuminate\\Pipeline\\{closure}(Object(Illuminate\\Http\\Request))
#40 /Users/aldyhelix/Projects/www/backend_rmi/vendor/laravel/framework/src/Illuminate/Pipeline/Pipeline.php(167): App\\Http\\Middleware\\CheckIfBillingInfoRequired->handle(Object(Illuminate\\Http\\Request), Object(Closure))
#41 /Users/aldyhelix/Projects/www/backend_rmi/app/Http/Middleware/VerifyUserIsSubscribed.php(25): Illuminate\\Pipeline\\Pipeline->Illuminate\\Pipeline\\{closure}(Object(Illuminate\\Http\\Request))
#42 /Users/aldyhelix/Projects/www/backend_rmi/vendor/laravel/framework/src/Illuminate/Pipeline/Pipeline.php(167): App\\Http\\Middleware\\VerifyUserIsSubscribed->handle(Object(Illuminate\\Http\\Request), Object(Closure))
#43 /Users/aldyhelix/Projects/www/backend_rmi/app/Http/Middleware/CookieConsentMiddleware.php(21): Illuminate\\Pipeline\\Pipeline->Illuminate\\Pipeline\\{closure}(Object(Illuminate\\Http\\Request))
#44 /Users/aldyhelix/Projects/www/backend_rmi/vendor/laravel/framework/src/Illuminate/Pipeline/Pipeline.php(167): App\\Http\\Middleware\\CookieConsentMiddleware->handle(Object(Illuminate\\Http\\Request), Object(Closure))
#45 /Users/aldyhelix/Projects/www/backend_rmi/app/Http/Middleware/Language.php(64): Illuminate\\Pipeline\\Pipeline->Illuminate\\Pipeline\\{closure}(Object(Illuminate\\Http\\Request))
#46 /Users/aldyhelix/Projects/www/backend_rmi/vendor/laravel/framework/src/Illuminate/Pipeline/Pipeline.php(167): App\\Http\\Middleware\\Language->handle(Object(Illuminate\\Http\\Request), Object(Closure))
#47 /Users/aldyhelix/Projects/www/backend_rmi/app/Http/Middleware/InitSettings.php(8): Illuminate\\Pipeline\\Pipeline->Illuminate\\Pipeline\\{closure}(Object(Illuminate\\Http\\Request))
#48 /Users/aldyhelix/Projects/www/backend_rmi/vendor/laravel/framework/src/Illuminate/Pipeline/Pipeline.php(167): App\\Http\\Middleware\\InitSettings->handle(Object(Illuminate\\Http\\Request), Object(Closure))
#49 /Users/aldyhelix/Projects/www/backend_rmi/vendor/laravel/framework/src/Illuminate/Routing/Middleware/SubstituteBindings.php(50): Illuminate\\Pipeline\\Pipeline->Illuminate\\Pipeline\\{closure}(Object(Illuminate\\Http\\Request))
#50 /Users/aldyhelix/Projects/www/backend_rmi/vendor/laravel/framework/src/Illuminate/Pipeline/Pipeline.php(167): Illuminate\\Routing\\Middleware\\SubstituteBindings->handle(Object(Illuminate\\Http\\Request), Object(Closure))
#51 /Users/aldyhelix/Projects/www/backend_rmi/vendor/laravel/framework/src/Illuminate/Auth/Middleware/Authenticate.php(44): Illuminate\\Pipeline\\Pipeline->Illuminate\\Pipeline\\{closure}(Object(Illuminate\\Http\\Request))
#52 /Users/aldyhelix/Projects/www/backend_rmi/vendor/laravel/framework/src/Illuminate/Pipeline/Pipeline.php(167): Illuminate\\Auth\\Middleware\\Authenticate->handle(Object(Illuminate\\Http\\Request), Object(Closure))
#53 /Users/aldyhelix/Projects/www/backend_rmi/vendor/laravel/framework/src/Illuminate/Foundation/Http/Middleware/VerifyCsrfToken.php(78): Illuminate\\Pipeline\\Pipeline->Illuminate\\Pipeline\\{closure}(Object(Illuminate\\Http\\Request))
#54 /Users/aldyhelix/Projects/www/backend_rmi/vendor/laravel/framework/src/Illuminate/Pipeline/Pipeline.php(167): Illuminate\\Foundation\\Http\\Middleware\\VerifyCsrfToken->handle(Object(Illuminate\\Http\\Request), Object(Closure))
#55 /Users/aldyhelix/Projects/www/backend_rmi/vendor/laravel/framework/src/Illuminate/View/Middleware/ShareErrorsFromSession.php(49): Illuminate\\Pipeline\\Pipeline->Illuminate\\Pipeline\\{closure}(Object(Illuminate\\Http\\Request))
#56 /Users/aldyhelix/Projects/www/backend_rmi/vendor/laravel/framework/src/Illuminate/Pipeline/Pipeline.php(167): Illuminate\\View\\Middleware\\ShareErrorsFromSession->handle(Object(Illuminate\\Http\\Request), Object(Closure))
#57 /Users/aldyhelix/Projects/www/backend_rmi/vendor/laravel/framework/src/Illuminate/Session/Middleware/StartSession.php(121): Illuminate\\Pipeline\\Pipeline->Illuminate\\Pipeline\\{closure}(Object(Illuminate\\Http\\Request))
#58 /Users/aldyhelix/Projects/www/backend_rmi/vendor/laravel/framework/src/Illuminate/Session/Middleware/StartSession.php(64): Illuminate\\Session\\Middleware\\StartSession->handleStatefulRequest(Object(Illuminate\\Http\\Request), Object(Illuminate\\Session\\EncryptedStore), Object(Closure))
#59 /Users/aldyhelix/Projects/www/backend_rmi/vendor/laravel/framework/src/Illuminate/Pipeline/Pipeline.php(167): Illuminate\\Session\\Middleware\\StartSession->handle(Object(Illuminate\\Http\\Request), Object(Closure))
#60 /Users/aldyhelix/Projects/www/backend_rmi/vendor/laravel/framework/src/Illuminate/Cookie/Middleware/AddQueuedCookiesToResponse.php(37): Illuminate\\Pipeline\\Pipeline->Illuminate\\Pipeline\\{closure}(Object(Illuminate\\Http\\Request))
#61 /Users/aldyhelix/Projects/www/backend_rmi/vendor/laravel/framework/src/Illuminate/Pipeline/Pipeline.php(167): Illuminate\\Cookie\\Middleware\\AddQueuedCookiesToResponse->handle(Object(Illuminate\\Http\\Request), Object(Closure))
#62 /Users/aldyhelix/Projects/www/backend_rmi/vendor/laravel/framework/src/Illuminate/Cookie/Middleware/EncryptCookies.php(67): Illuminate\\Pipeline\\Pipeline->Illuminate\\Pipeline\\{closure}(Object(Illuminate\\Http\\Request))
#63 /Users/aldyhelix/Projects/www/backend_rmi/vendor/laravel/framework/src/Illuminate/Pipeline/Pipeline.php(167): Illuminate\\Cookie\\Middleware\\EncryptCookies->handle(Object(Illuminate\\Http\\Request), Object(Closure))
#64 /Users/aldyhelix/Projects/www/backend_rmi/vendor/laravel/framework/src/Illuminate/Pipeline/Pipeline.php(103): Illuminate\\Pipeline\\Pipeline->Illuminate\\Pipeline\\{closure}(Object(Illuminate\\Http\\Request))
#65 /Users/aldyhelix/Projects/www/backend_rmi/vendor/laravel/framework/src/Illuminate/Routing/Router.php(719): Illuminate\\Pipeline\\Pipeline->then(Object(Closure))
#66 /Users/aldyhelix/Projects/www/backend_rmi/vendor/laravel/framework/src/Illuminate/Routing/Router.php(698): Illuminate\\Routing\\Router->runRouteWithinStack(Object(Illuminate\\Routing\\Route), Object(Illuminate\\Http\\Request))
#67 /Users/aldyhelix/Projects/www/backend_rmi/vendor/laravel/framework/src/Illuminate/Routing/Router.php(662): Illuminate\\Routing\\Router->runRoute(Object(Illuminate\\Http\\Request), Object(Illuminate\\Routing\\Route))
#68 /Users/aldyhelix/Projects/www/backend_rmi/vendor/laravel/framework/src/Illuminate/Routing/Router.php(651): Illuminate\\Routing\\Router->dispatchToRoute(Object(Illuminate\\Http\\Request))
#69 /Users/aldyhelix/Projects/www/backend_rmi/vendor/laravel/framework/src/Illuminate/Foundation/Http/Kernel.php(167): Illuminate\\Routing\\Router->dispatch(Object(Illuminate\\Http\\Request))
#70 /Users/aldyhelix/Projects/www/backend_rmi/vendor/laravel/framework/src/Illuminate/Pipeline/Pipeline.php(128): Illuminate\\Foundation\\Http\\Kernel->Illuminate\\Foundation\\Http\\{closure}(Object(Illuminate\\Http\\Request))
#71 /Users/aldyhelix/Projects/www/backend_rmi/vendor/livewire/livewire/src/DisableBrowserCache.php(19): Illuminate\\Pipeline\\Pipeline->Illuminate\\Pipeline\\{closure}(Object(Illuminate\\Http\\Request))
#72 /Users/aldyhelix/Projects/www/backend_rmi/vendor/laravel/framework/src/Illuminate/Pipeline/Pipeline.php(167): Livewire\\DisableBrowserCache->handle(Object(Illuminate\\Http\\Request), Object(Closure))
#73 /Users/aldyhelix/Projects/www/backend_rmi/vendor/barryvdh/laravel-debugbar/src/Middleware/InjectDebugbar.php(66): Illuminate\\Pipeline\\Pipeline->Illuminate\\Pipeline\\{closure}(Object(Illuminate\\Http\\Request))
#74 /Users/aldyhelix/Projects/www/backend_rmi/vendor/laravel/framework/src/Illuminate/Pipeline/Pipeline.php(167): Barryvdh\\Debugbar\\Middleware\\InjectDebugbar->handle(Object(Illuminate\\Http\\Request), Object(Closure))
#75 /Users/aldyhelix/Projects/www/backend_rmi/app/Http/Middleware/CheckForInstallation.php(19): Illuminate\\Pipeline\\Pipeline->Illuminate\\Pipeline\\{closure}(Object(Illuminate\\Http\\Request))
#76 /Users/aldyhelix/Projects/www/backend_rmi/vendor/laravel/framework/src/Illuminate/Pipeline/Pipeline.php(167): App\\Http\\Middleware\\CheckForInstallation->handle(Object(Illuminate\\Http\\Request), Object(Closure))
#77 /Users/aldyhelix/Projects/www/backend_rmi/vendor/laravel/framework/src/Illuminate/Foundation/Http/Middleware/TransformsRequest.php(21): Illuminate\\Pipeline\\Pipeline->Illuminate\\Pipeline\\{closure}(Object(Illuminate\\Http\\Request))
#78 /Users/aldyhelix/Projects/www/backend_rmi/vendor/laravel/framework/src/Illuminate/Foundation/Http/Middleware/ConvertEmptyStringsToNull.php(31): Illuminate\\Foundation\\Http\\Middleware\\TransformsRequest->handle(Object(Illuminate\\Http\\Request), Object(Closure))
#79 /Users/aldyhelix/Projects/www/backend_rmi/vendor/laravel/framework/src/Illuminate/Pipeline/Pipeline.php(167): Illuminate\\Foundation\\Http\\Middleware\\ConvertEmptyStringsToNull->handle(Object(Illuminate\\Http\\Request), Object(Closure))
#80 /Users/aldyhelix/Projects/www/backend_rmi/vendor/laravel/framework/src/Illuminate/Foundation/Http/Middleware/TransformsRequest.php(21): Illuminate\\Pipeline\\Pipeline->Illuminate\\Pipeline\\{closure}(Object(Illuminate\\Http\\Request))
#81 /Users/aldyhelix/Projects/www/backend_rmi/vendor/laravel/framework/src/Illuminate/Foundation/Http/Middleware/TrimStrings.php(40): Illuminate\\Foundation\\Http\\Middleware\\TransformsRequest->handle(Object(Illuminate\\Http\\Request), Object(Closure))
#82 /Users/aldyhelix/Projects/www/backend_rmi/vendor/laravel/framework/src/Illuminate/Pipeline/Pipeline.php(167): Illuminate\\Foundation\\Http\\Middleware\\TrimStrings->handle(Object(Illuminate\\Http\\Request), Object(Closure))
#83 /Users/aldyhelix/Projects/www/backend_rmi/vendor/laravel/framework/src/Illuminate/Foundation/Http/Middleware/ValidatePostSize.php(27): Illuminate\\Pipeline\\Pipeline->Illuminate\\Pipeline\\{closure}(Object(Illuminate\\Http\\Request))
#84 /Users/aldyhelix/Projects/www/backend_rmi/vendor/laravel/framework/src/Illuminate/Pipeline/Pipeline.php(167): Illuminate\\Foundation\\Http\\Middleware\\ValidatePostSize->handle(Object(Illuminate\\Http\\Request), Object(Closure))
#85 /Users/aldyhelix/Projects/www/backend_rmi/vendor/laravel/framework/src/Illuminate/Foundation/Http/Middleware/PreventRequestsDuringMaintenance.php(86): Illuminate\\Pipeline\\Pipeline->Illuminate\\Pipeline\\{closure}(Object(Illuminate\\Http\\Request))
#86 /Users/aldyhelix/Projects/www/backend_rmi/vendor/laravel/framework/src/Illuminate/Pipeline/Pipeline.php(167): Illuminate\\Foundation\\Http\\Middleware\\PreventRequestsDuringMaintenance->handle(Object(Illuminate\\Http\\Request), Object(Closure))
#87 /Users/aldyhelix/Projects/www/backend_rmi/vendor/fruitcake/laravel-cors/src/HandleCors.php(38): Illuminate\\Pipeline\\Pipeline->Illuminate\\Pipeline\\{closure}(Object(Illuminate\\Http\\Request))
#88 /Users/aldyhelix/Projects/www/backend_rmi/vendor/laravel/framework/src/Illuminate/Pipeline/Pipeline.php(167): Fruitcake\\Cors\\HandleCors->handle(Object(Illuminate\\Http\\Request), Object(Closure))
#89 /Users/aldyhelix/Projects/www/backend_rmi/vendor/laravel/framework/src/Illuminate/Http/Middleware/TrustProxies.php(39): Illuminate\\Pipeline\\Pipeline->Illuminate\\Pipeline\\{closure}(Object(Illuminate\\Http\\Request))
#90 /Users/aldyhelix/Projects/www/backend_rmi/vendor/laravel/framework/src/Illuminate/Pipeline/Pipeline.php(167): Illuminate\\Http\\Middleware\\TrustProxies->handle(Object(Illuminate\\Http\\Request), Object(Closure))
#91 /Users/aldyhelix/Projects/www/backend_rmi/vendor/laravel/framework/src/Illuminate/Pipeline/Pipeline.php(103): Illuminate\\Pipeline\\Pipeline->Illuminate\\Pipeline\\{closure}(Object(Illuminate\\Http\\Request))
#92 /Users/aldyhelix/Projects/www/backend_rmi/vendor/laravel/framework/src/Illuminate/Foundation/Http/Kernel.php(142): Illuminate\\Pipeline\\Pipeline->then(Object(Closure))
#93 /Users/aldyhelix/Projects/www/backend_rmi/vendor/laravel/framework/src/Illuminate/Foundation/Http/Kernel.php(111): Illuminate\\Foundation\\Http\\Kernel->sendRequestThroughRouter(Object(Illuminate\\Http\\Request))
#94 /Users/aldyhelix/Projects/www/backend_rmi/public/index.php(58): Illuminate\\Foundation\\Http\\Kernel->handle(Object(Illuminate\\Http\\Request))
#95 /Applications/Herd.app/Contents/Resources/valet/server.php(153): require('/Users/aldyheli...')
#96 {main}

[previous exception] [object] (ErrorException(code: 0): Undefined variable $data at /Users/aldyhelix/Projects/www/backend_rmi/storage/framework/views/6db3cb686217efb2acc5368dcf387cd0bf47d72a.php:14)
[stacktrace]
#0 /Users/aldyhelix/Projects/www/backend_rmi/storage/framework/views/6db3cb686217efb2acc5368dcf387cd0bf47d72a.php(14): Illuminate\\Foundation\\Bootstrap\\HandleExceptions->handleError(2, 'Undefined varia...', '/Users/aldyheli...', 14)
#1 /Users/aldyhelix/Projects/www/backend_rmi/vendor/livewire/livewire/src/ComponentConcerns/RendersLivewireComponents.php(83): include('/Users/aldyheli...')
#2 /Users/aldyhelix/Projects/www/backend_rmi/vendor/livewire/livewire/src/ComponentConcerns/RendersLivewireComponents.php(84): App\\Http\\Livewire\\Dashboard->Livewire\\ComponentConcerns\\{closure}()
#3 /Users/aldyhelix/Projects/www/backend_rmi/vendor/livewire/livewire/src/ComponentConcerns/RendersLivewireComponents.php(59): Livewire\\CompilerEngineForIgnition->evaluatePath('/Users/aldyheli...', Array)
#4 /Users/aldyhelix/Projects/www/backend_rmi/vendor/laravel/framework/src/Illuminate/View/View.php(139): Livewire\\CompilerEngineForIgnition->get('/Users/aldyheli...', Array)
#5 /Users/aldyhelix/Projects/www/backend_rmi/vendor/laravel/framework/src/Illuminate/View/View.php(122): Illuminate\\View\\View->getContents()
#6 /Users/aldyhelix/Projects/www/backend_rmi/vendor/laravel/framework/src/Illuminate/View/View.php(91): Illuminate\\View\\View->renderContents()
#7 /Users/aldyhelix/Projects/www/backend_rmi/vendor/laravel/framework/src/Illuminate/View/Concerns/ManagesComponents.php(100): Illuminate\\View\\View->render()
#8 /Users/aldyhelix/Projects/www/backend_rmi/storage/framework/views/f4899b702c6a16f1c873549d32bc50b1e46a780c.php(522): Illuminate\\View\\Factory->renderComponent()
#9 /Users/aldyhelix/Projects/www/backend_rmi/vendor/livewire/livewire/src/ComponentConcerns/RendersLivewireComponents.php(83): include('/Users/aldyheli...')
#10 /Users/aldyhelix/Projects/www/backend_rmi/vendor/livewire/livewire/src/ComponentConcerns/RendersLivewireComponents.php(84): App\\Http\\Livewire\\Dashboard->Livewire\\ComponentConcerns\\{closure}()
#11 /Users/aldyhelix/Projects/www/backend_rmi/vendor/livewire/livewire/src/ComponentConcerns/RendersLivewireComponents.php(59): Livewire\\CompilerEngineForIgnition->evaluatePath('/Users/aldyheli...', Array)
#12 /Users/aldyhelix/Projects/www/backend_rmi/vendor/laravel/framework/src/Illuminate/View/View.php(139): Livewire\\CompilerEngineForIgnition->get('/Users/aldyheli...', Array)
#13 /Users/aldyhelix/Projects/www/backend_rmi/vendor/laravel/framework/src/Illuminate/View/View.php(122): Illuminate\\View\\View->getContents()
#14 /Users/aldyhelix/Projects/www/backend_rmi/vendor/laravel/framework/src/Illuminate/View/View.php(91): Illuminate\\View\\View->renderContents()
#15 /Users/aldyhelix/Projects/www/backend_rmi/vendor/livewire/livewire/src/Component.php(235): Illuminate\\View\\View->render()
#16 /Users/aldyhelix/Projects/www/backend_rmi/vendor/livewire/livewire/src/HydrationMiddleware/RenderView.php(14): Livewire\\Component->output()
#17 /Users/aldyhelix/Projects/www/backend_rmi/vendor/livewire/livewire/src/LifecycleManager.php(141): Livewire\\HydrationMiddleware\\RenderView::dehydrate(Object(App\\Http\\Livewire\\Dashboard), Object(Livewire\\Response))
#18 /Users/aldyhelix/Projects/www/backend_rmi/vendor/livewire/livewire/src/LivewireManager.php(132): Livewire\\LifecycleManager->initialDehydrate()
#19 /Users/aldyhelix/Projects/www/backend_rmi/vendor/laravel/framework/src/Illuminate/Support/Facades/Facade.php(261): Livewire\\LivewireManager->mount('dashboard', Array)
#20 /Users/aldyhelix/Projects/www/backend_rmi/storage/framework/views/7614a377bf597da1c7ed67416eae576b7feee755.php(13): Illuminate\\Support\\Facades\\Facade::__callStatic('mount', Array)
#21 /Users/aldyhelix/Projects/www/backend_rmi/vendor/laravel/framework/src/Illuminate/Filesystem/Filesystem.php(107): require('/Users/aldyheli...')
#22 /Users/aldyhelix/Projects/www/backend_rmi/vendor/laravel/framework/src/Illuminate/Filesystem/Filesystem.php(108): Illuminate\\Filesystem\\Filesystem::Illuminate\\Filesystem\\{closure}()
#23 /Users/aldyhelix/Projects/www/backend_rmi/vendor/laravel/framework/src/Illuminate/View/Engines/PhpEngine.php(58): Illuminate\\Filesystem\\Filesystem->getRequire('/Users/aldyheli...', Array)
#24 /Users/aldyhelix/Projects/www/backend_rmi/vendor/livewire/livewire/src/ComponentConcerns/RendersLivewireComponents.php(69): Illuminate\\View\\Engines\\PhpEngine->evaluatePath('/Users/aldyheli...', Array)
#25 /Users/aldyhelix/Projects/www/backend_rmi/vendor/laravel/framework/src/Illuminate/View/Engines/CompilerEngine.php(61): Livewire\\CompilerEngineForIgnition->evaluatePath('/Users/aldyheli...', Array)
#26 /Users/aldyhelix/Projects/www/backend_rmi/vendor/facade/ignition/src/Views/Engines/CompilerEngine.php(37): Illuminate\\View\\Engines\\CompilerEngine->get('/Users/aldyheli...', Array)
#27 /Users/aldyhelix/Projects/www/backend_rmi/vendor/livewire/livewire/src/ComponentConcerns/RendersLivewireComponents.php(35): Facade\\Ignition\\Views\\Engines\\CompilerEngine->get('/Users/aldyheli...', Array)
#28 /Users/aldyhelix/Projects/www/backend_rmi/vendor/laravel/framework/src/Illuminate/View/View.php(139): Livewire\\CompilerEngineForIgnition->get('/Users/aldyheli...', Array)
#29 /Users/aldyhelix/Projects/www/backend_rmi/vendor/laravel/framework/src/Illuminate/View/View.php(122): Illuminate\\View\\View->getContents()
#30 /Users/aldyhelix/Projects/www/backend_rmi/vendor/laravel/framework/src/Illuminate/View/View.php(91): Illuminate\\View\\View->renderContents()
#31 /Users/aldyhelix/Projects/www/backend_rmi/vendor/laravel/framework/src/Illuminate/Http/Response.php(69): Illuminate\\View\\View->render()
#32 /Users/aldyhelix/Projects/www/backend_rmi/vendor/laravel/framework/src/Illuminate/Http/Response.php(35): Illuminate\\Http\\Response->setContent(Object(Illuminate\\View\\View))
#33 /Users/aldyhelix/Projects/www/backend_rmi/vendor/laravel/framework/src/Illuminate/Routing/Router.php(820): Illuminate\\Http\\Response->__construct(Object(Illuminate\\View\\View), 200, Array)
#34 /Users/aldyhelix/Projects/www/backend_rmi/vendor/laravel/framework/src/Illuminate/Routing/Router.php(789): Illuminate\\Routing\\Router::toResponse(Object(Illuminate\\Http\\Request), Object(Illuminate\\View\\View))
#35 /Users/aldyhelix/Projects/www/backend_rmi/vendor/laravel/framework/src/Illuminate/Routing/Router.php(720): Illuminate\\Routing\\Router->prepareResponse(Object(Illuminate\\Http\\Request), Object(Illuminate\\View\\View))
#36 /Users/aldyhelix/Projects/www/backend_rmi/vendor/laravel/framework/src/Illuminate/Pipeline/Pipeline.php(128): Illuminate\\Routing\\Router->Illuminate\\Routing\\{closure}(Object(Illuminate\\Http\\Request))
#37 /Users/aldyhelix/Projects/www/backend_rmi/app/Http/Middleware/DashboardSetup.php(22): Illuminate\\Pipeline\\Pipeline->Illuminate\\Pipeline\\{closure}(Object(Illuminate\\Http\\Request))
#38 /Users/aldyhelix/Projects/www/backend_rmi/vendor/laravel/framework/src/Illuminate/Pipeline/Pipeline.php(167): App\\Http\\Middleware\\DashboardSetup->handle(Object(Illuminate\\Http\\Request), Object(Closure))
#39 /Users/aldyhelix/Projects/www/backend_rmi/app/Http/Middleware/CheckIfBillingInfoRequired.php(24): Illuminate\\Pipeline\\Pipeline->Illuminate\\Pipeline\\{closure}(Object(Illuminate\\Http\\Request))
#40 /Users/aldyhelix/Projects/www/backend_rmi/vendor/laravel/framework/src/Illuminate/Pipeline/Pipeline.php(167): App\\Http\\Middleware\\CheckIfBillingInfoRequired->handle(Object(Illuminate\\Http\\Request), Object(Closure))
#41 /Users/aldyhelix/Projects/www/backend_rmi/app/Http/Middleware/VerifyUserIsSubscribed.php(25): Illuminate\\Pipeline\\Pipeline->Illuminate\\Pipeline\\{closure}(Object(Illuminate\\Http\\Request))
#42 /Users/aldyhelix/Projects/www/backend_rmi/vendor/laravel/framework/src/Illuminate/Pipeline/Pipeline.php(167): App\\Http\\Middleware\\VerifyUserIsSubscribed->handle(Object(Illuminate\\Http\\Request), Object(Closure))
#43 /Users/aldyhelix/Projects/www/backend_rmi/app/Http/Middleware/CookieConsentMiddleware.php(21): Illuminate\\Pipeline\\Pipeline->Illuminate\\Pipeline\\{closure}(Object(Illuminate\\Http\\Request))
#44 /Users/aldyhelix/Projects/www/backend_rmi/vendor/laravel/framework/src/Illuminate/Pipeline/Pipeline.php(167): App\\Http\\Middleware\\CookieConsentMiddleware->handle(Object(Illuminate\\Http\\Request), Object(Closure))
#45 /Users/aldyhelix/Projects/www/backend_rmi/app/Http/Middleware/Language.php(64): Illuminate\\Pipeline\\Pipeline->Illuminate\\Pipeline\\{closure}(Object(Illuminate\\Http\\Request))
#46 /Users/aldyhelix/Projects/www/backend_rmi/vendor/laravel/framework/src/Illuminate/Pipeline/Pipeline.php(167): App\\Http\\Middleware\\Language->handle(Object(Illuminate\\Http\\Request), Object(Closure))
#47 /Users/aldyhelix/Projects/www/backend_rmi/app/Http/Middleware/InitSettings.php(8): Illuminate\\Pipeline\\Pipeline->Illuminate\\Pipeline\\{closure}(Object(Illuminate\\Http\\Request))
#48 /Users/aldyhelix/Projects/www/backend_rmi/vendor/laravel/framework/src/Illuminate/Pipeline/Pipeline.php(167): App\\Http\\Middleware\\InitSettings->handle(Object(Illuminate\\Http\\Request), Object(Closure))
#49 /Users/aldyhelix/Projects/www/backend_rmi/vendor/laravel/framework/src/Illuminate/Routing/Middleware/SubstituteBindings.php(50): Illuminate\\Pipeline\\Pipeline->Illuminate\\Pipeline\\{closure}(Object(Illuminate\\Http\\Request))
#50 /Users/aldyhelix/Projects/www/backend_rmi/vendor/laravel/framework/src/Illuminate/Pipeline/Pipeline.php(167): Illuminate\\Routing\\Middleware\\SubstituteBindings->handle(Object(Illuminate\\Http\\Request), Object(Closure))
#51 /Users/aldyhelix/Projects/www/backend_rmi/vendor/laravel/framework/src/Illuminate/Auth/Middleware/Authenticate.php(44): Illuminate\\Pipeline\\Pipeline->Illuminate\\Pipeline\\{closure}(Object(Illuminate\\Http\\Request))
#52 /Users/aldyhelix/Projects/www/backend_rmi/vendor/laravel/framework/src/Illuminate/Pipeline/Pipeline.php(167): Illuminate\\Auth\\Middleware\\Authenticate->handle(Object(Illuminate\\Http\\Request), Object(Closure))
#53 /Users/aldyhelix/Projects/www/backend_rmi/vendor/laravel/framework/src/Illuminate/Foundation/Http/Middleware/VerifyCsrfToken.php(78): Illuminate\\Pipeline\\Pipeline->Illuminate\\Pipeline\\{closure}(Object(Illuminate\\Http\\Request))
#54 /Users/aldyhelix/Projects/www/backend_rmi/vendor/laravel/framework/src/Illuminate/Pipeline/Pipeline.php(167): Illuminate\\Foundation\\Http\\Middleware\\VerifyCsrfToken->handle(Object(Illuminate\\Http\\Request), Object(Closure))
#55 /Users/aldyhelix/Projects/www/backend_rmi/vendor/laravel/framework/src/Illuminate/View/Middleware/ShareErrorsFromSession.php(49): Illuminate\\Pipeline\\Pipeline->Illuminate\\Pipeline\\{closure}(Object(Illuminate\\Http\\Request))
#56 /Users/aldyhelix/Projects/www/backend_rmi/vendor/laravel/framework/src/Illuminate/Pipeline/Pipeline.php(167): Illuminate\\View\\Middleware\\ShareErrorsFromSession->handle(Object(Illuminate\\Http\\Request), Object(Closure))
#57 /Users/aldyhelix/Projects/www/backend_rmi/vendor/laravel/framework/src/Illuminate/Session/Middleware/StartSession.php(121): Illuminate\\Pipeline\\Pipeline->Illuminate\\Pipeline\\{closure}(Object(Illuminate\\Http\\Request))
#58 /Users/aldyhelix/Projects/www/backend_rmi/vendor/laravel/framework/src/Illuminate/Session/Middleware/StartSession.php(64): Illuminate\\Session\\Middleware\\StartSession->handleStatefulRequest(Object(Illuminate\\Http\\Request), Object(Illuminate\\Session\\EncryptedStore), Object(Closure))
#59 /Users/aldyhelix/Projects/www/backend_rmi/vendor/laravel/framework/src/Illuminate/Pipeline/Pipeline.php(167): Illuminate\\Session\\Middleware\\StartSession->handle(Object(Illuminate\\Http\\Request), Object(Closure))
#60 /Users/aldyhelix/Projects/www/backend_rmi/vendor/laravel/framework/src/Illuminate/Cookie/Middleware/AddQueuedCookiesToResponse.php(37): Illuminate\\Pipeline\\Pipeline->Illuminate\\Pipeline\\{closure}(Object(Illuminate\\Http\\Request))
#61 /Users/aldyhelix/Projects/www/backend_rmi/vendor/laravel/framework/src/Illuminate/Pipeline/Pipeline.php(167): Illuminate\\Cookie\\Middleware\\AddQueuedCookiesToResponse->handle(Object(Illuminate\\Http\\Request), Object(Closure))
#62 /Users/aldyhelix/Projects/www/backend_rmi/vendor/laravel/framework/src/Illuminate/Cookie/Middleware/EncryptCookies.php(67): Illuminate\\Pipeline\\Pipeline->Illuminate\\Pipeline\\{closure}(Object(Illuminate\\Http\\Request))
#63 /Users/aldyhelix/Projects/www/backend_rmi/vendor/laravel/framework/src/Illuminate/Pipeline/Pipeline.php(167): Illuminate\\Cookie\\Middleware\\EncryptCookies->handle(Object(Illuminate\\Http\\Request), Object(Closure))
#64 /Users/aldyhelix/Projects/www/backend_rmi/vendor/laravel/framework/src/Illuminate/Pipeline/Pipeline.php(103): Illuminate\\Pipeline\\Pipeline->Illuminate\\Pipeline\\{closure}(Object(Illuminate\\Http\\Request))
#65 /Users/aldyhelix/Projects/www/backend_rmi/vendor/laravel/framework/src/Illuminate/Routing/Router.php(719): Illuminate\\Pipeline\\Pipeline->then(Object(Closure))
#66 /Users/aldyhelix/Projects/www/backend_rmi/vendor/laravel/framework/src/Illuminate/Routing/Router.php(698): Illuminate\\Routing\\Router->runRouteWithinStack(Object(Illuminate\\Routing\\Route), Object(Illuminate\\Http\\Request))
#67 /Users/aldyhelix/Projects/www/backend_rmi/vendor/laravel/framework/src/Illuminate/Routing/Router.php(662): Illuminate\\Routing\\Router->runRoute(Object(Illuminate\\Http\\Request), Object(Illuminate\\Routing\\Route))
#68 /Users/aldyhelix/Projects/www/backend_rmi/vendor/laravel/framework/src/Illuminate/Routing/Router.php(651): Illuminate\\Routing\\Router->dispatchToRoute(Object(Illuminate\\Http\\Request))
#69 /Users/aldyhelix/Projects/www/backend_rmi/vendor/laravel/framework/src/Illuminate/Foundation/Http/Kernel.php(167): Illuminate\\Routing\\Router->dispatch(Object(Illuminate\\Http\\Request))
#70 /Users/aldyhelix/Projects/www/backend_rmi/vendor/laravel/framework/src/Illuminate/Pipeline/Pipeline.php(128): Illuminate\\Foundation\\Http\\Kernel->Illuminate\\Foundation\\Http\\{closure}(Object(Illuminate\\Http\\Request))
#71 /Users/aldyhelix/Projects/www/backend_rmi/vendor/livewire/livewire/src/DisableBrowserCache.php(19): Illuminate\\Pipeline\\Pipeline->Illuminate\\Pipeline\\{closure}(Object(Illuminate\\Http\\Request))
#72 /Users/aldyhelix/Projects/www/backend_rmi/vendor/laravel/framework/src/Illuminate/Pipeline/Pipeline.php(167): Livewire\\DisableBrowserCache->handle(Object(Illuminate\\Http\\Request), Object(Closure))
#73 /Users/aldyhelix/Projects/www/backend_rmi/vendor/barryvdh/laravel-debugbar/src/Middleware/InjectDebugbar.php(66): Illuminate\\Pipeline\\Pipeline->Illuminate\\Pipeline\\{closure}(Object(Illuminate\\Http\\Request))
#74 /Users/aldyhelix/Projects/www/backend_rmi/vendor/laravel/framework/src/Illuminate/Pipeline/Pipeline.php(167): Barryvdh\\Debugbar\\Middleware\\InjectDebugbar->handle(Object(Illuminate\\Http\\Request), Object(Closure))
#75 /Users/aldyhelix/Projects/www/backend_rmi/app/Http/Middleware/CheckForInstallation.php(19): Illuminate\\Pipeline\\Pipeline->Illuminate\\Pipeline\\{closure}(Object(Illuminate\\Http\\Request))
#76 /Users/aldyhelix/Projects/www/backend_rmi/vendor/laravel/framework/src/Illuminate/Pipeline/Pipeline.php(167): App\\Http\\Middleware\\CheckForInstallation->handle(Object(Illuminate\\Http\\Request), Object(Closure))
#77 /Users/aldyhelix/Projects/www/backend_rmi/vendor/laravel/framework/src/Illuminate/Foundation/Http/Middleware/TransformsRequest.php(21): Illuminate\\Pipeline\\Pipeline->Illuminate\\Pipeline\\{closure}(Object(Illuminate\\Http\\Request))
#78 /Users/aldyhelix/Projects/www/backend_rmi/vendor/laravel/framework/src/Illuminate/Foundation/Http/Middleware/ConvertEmptyStringsToNull.php(31): Illuminate\\Foundation\\Http\\Middleware\\TransformsRequest->handle(Object(Illuminate\\Http\\Request), Object(Closure))
#79 /Users/aldyhelix/Projects/www/backend_rmi/vendor/laravel/framework/src/Illuminate/Pipeline/Pipeline.php(167): Illuminate\\Foundation\\Http\\Middleware\\ConvertEmptyStringsToNull->handle(Object(Illuminate\\Http\\Request), Object(Closure))
#80 /Users/aldyhelix/Projects/www/backend_rmi/vendor/laravel/framework/src/Illuminate/Foundation/Http/Middleware/TransformsRequest.php(21): Illuminate\\Pipeline\\Pipeline->Illuminate\\Pipeline\\{closure}(Object(Illuminate\\Http\\Request))
#81 /Users/aldyhelix/Projects/www/backend_rmi/vendor/laravel/framework/src/Illuminate/Foundation/Http/Middleware/TrimStrings.php(40): Illuminate\\Foundation\\Http\\Middleware\\TransformsRequest->handle(Object(Illuminate\\Http\\Request), Object(Closure))
#82 /Users/aldyhelix/Projects/www/backend_rmi/vendor/laravel/framework/src/Illuminate/Pipeline/Pipeline.php(167): Illuminate\\Foundation\\Http\\Middleware\\TrimStrings->handle(Object(Illuminate\\Http\\Request), Object(Closure))
#83 /Users/aldyhelix/Projects/www/backend_rmi/vendor/laravel/framework/src/Illuminate/Foundation/Http/Middleware/ValidatePostSize.php(27): Illuminate\\Pipeline\\Pipeline->Illuminate\\Pipeline\\{closure}(Object(Illuminate\\Http\\Request))
#84 /Users/aldyhelix/Projects/www/backend_rmi/vendor/laravel/framework/src/Illuminate/Pipeline/Pipeline.php(167): Illuminate\\Foundation\\Http\\Middleware\\ValidatePostSize->handle(Object(Illuminate\\Http\\Request), Object(Closure))
#85 /Users/aldyhelix/Projects/www/backend_rmi/vendor/laravel/framework/src/Illuminate/Foundation/Http/Middleware/PreventRequestsDuringMaintenance.php(86): Illuminate\\Pipeline\\Pipeline->Illuminate\\Pipeline\\{closure}(Object(Illuminate\\Http\\Request))
#86 /Users/aldyhelix/Projects/www/backend_rmi/vendor/laravel/framework/src/Illuminate/Pipeline/Pipeline.php(167): Illuminate\\Foundation\\Http\\Middleware\\PreventRequestsDuringMaintenance->handle(Object(Illuminate\\Http\\Request), Object(Closure))
#87 /Users/aldyhelix/Projects/www/backend_rmi/vendor/fruitcake/laravel-cors/src/HandleCors.php(38): Illuminate\\Pipeline\\Pipeline->Illuminate\\Pipeline\\{closure}(Object(Illuminate\\Http\\Request))
#88 /Users/aldyhelix/Projects/www/backend_rmi/vendor/laravel/framework/src/Illuminate/Pipeline/Pipeline.php(167): Fruitcake\\Cors\\HandleCors->handle(Object(Illuminate\\Http\\Request), Object(Closure))
#89 /Users/aldyhelix/Projects/www/backend_rmi/vendor/laravel/framework/src/Illuminate/Http/Middleware/TrustProxies.php(39): Illuminate\\Pipeline\\Pipeline->Illuminate\\Pipeline\\{closure}(Object(Illuminate\\Http\\Request))
#90 /Users/aldyhelix/Projects/www/backend_rmi/vendor/laravel/framework/src/Illuminate/Pipeline/Pipeline.php(167): Illuminate\\Http\\Middleware\\TrustProxies->handle(Object(Illuminate\\Http\\Request), Object(Closure))
#91 /Users/aldyhelix/Projects/www/backend_rmi/vendor/laravel/framework/src/Illuminate/Pipeline/Pipeline.php(103): Illuminate\\Pipeline\\Pipeline->Illuminate\\Pipeline\\{closure}(Object(Illuminate\\Http\\Request))
#92 /Users/aldyhelix/Projects/www/backend_rmi/vendor/laravel/framework/src/Illuminate/Foundation/Http/Kernel.php(142): Illuminate\\Pipeline\\Pipeline->then(Object(Closure))
#93 /Users/aldyhelix/Projects/www/backend_rmi/vendor/laravel/framework/src/Illuminate/Foundation/Http/Kernel.php(111): Illuminate\\Foundation\\Http\\Kernel->sendRequestThroughRouter(Object(Illuminate\\Http\\Request))
#94 /Users/aldyhelix/Projects/www/backend_rmi/public/index.php(58): Illuminate\\Foundation\\Http\\Kernel->handle(Object(Illuminate\\Http\\Request))
#95 /Applications/Herd.app/Contents/Resources/valet/server.php(153): require('/Users/aldyheli...')
#96 {main}
"} 
[2024-06-09 17:05:17] production.ERROR: Undefined variable $data (View: /Users/aldyhelix/Projects/www/backend_rmi/resources/views/components/table.blade.php) {"view":{"view":"/Users/aldyhelix/Projects/www/backend_rmi/storage/framework/views/6db3cb686217efb2acc5368dcf387cd0bf47d72a.php","data":[]},"userId":1,"exception":"[object] (Facade\\Ignition\\Exceptions\\ViewException(code: 0): Undefined variable $data (View: /Users/aldyhelix/Projects/www/backend_rmi/resources/views/components/table.blade.php) at /Users/aldyhelix/Projects/www/backend_rmi/storage/framework/views/6db3cb686217efb2acc5368dcf387cd0bf47d72a.php:9)
[stacktrace]
#0 /Users/aldyhelix/Projects/www/backend_rmi/storage/framework/views/6db3cb686217efb2acc5368dcf387cd0bf47d72a.php(9): Illuminate\\Foundation\\Bootstrap\\HandleExceptions->handleError(2, 'Undefined varia...', '/Users/aldyheli...', 9)
#1 /Users/aldyhelix/Projects/www/backend_rmi/vendor/livewire/livewire/src/ComponentConcerns/RendersLivewireComponents.php(83): include('/Users/aldyheli...')
#2 /Users/aldyhelix/Projects/www/backend_rmi/vendor/livewire/livewire/src/ComponentConcerns/RendersLivewireComponents.php(84): App\\Http\\Livewire\\Dashboard->Livewire\\ComponentConcerns\\{closure}()
#3 /Users/aldyhelix/Projects/www/backend_rmi/vendor/livewire/livewire/src/ComponentConcerns/RendersLivewireComponents.php(59): Livewire\\CompilerEngineForIgnition->evaluatePath('/Users/aldyheli...', Array)
#4 /Users/aldyhelix/Projects/www/backend_rmi/vendor/laravel/framework/src/Illuminate/View/View.php(139): Livewire\\CompilerEngineForIgnition->get('/Users/aldyheli...', Array)
#5 /Users/aldyhelix/Projects/www/backend_rmi/vendor/laravel/framework/src/Illuminate/View/View.php(122): Illuminate\\View\\View->getContents()
#6 /Users/aldyhelix/Projects/www/backend_rmi/vendor/laravel/framework/src/Illuminate/View/View.php(91): Illuminate\\View\\View->renderContents()
#7 /Users/aldyhelix/Projects/www/backend_rmi/vendor/laravel/framework/src/Illuminate/View/Concerns/ManagesComponents.php(100): Illuminate\\View\\View->render()
#8 /Users/aldyhelix/Projects/www/backend_rmi/storage/framework/views/f4899b702c6a16f1c873549d32bc50b1e46a780c.php(522): Illuminate\\View\\Factory->renderComponent()
#9 /Users/aldyhelix/Projects/www/backend_rmi/vendor/livewire/livewire/src/ComponentConcerns/RendersLivewireComponents.php(83): include('/Users/aldyheli...')
#10 /Users/aldyhelix/Projects/www/backend_rmi/vendor/livewire/livewire/src/ComponentConcerns/RendersLivewireComponents.php(84): App\\Http\\Livewire\\Dashboard->Livewire\\ComponentConcerns\\{closure}()
#11 /Users/aldyhelix/Projects/www/backend_rmi/vendor/livewire/livewire/src/ComponentConcerns/RendersLivewireComponents.php(59): Livewire\\CompilerEngineForIgnition->evaluatePath('/Users/aldyheli...', Array)
#12 /Users/aldyhelix/Projects/www/backend_rmi/vendor/laravel/framework/src/Illuminate/View/View.php(139): Livewire\\CompilerEngineForIgnition->get('/Users/aldyheli...', Array)
#13 /Users/aldyhelix/Projects/www/backend_rmi/vendor/laravel/framework/src/Illuminate/View/View.php(122): Illuminate\\View\\View->getContents()
#14 /Users/aldyhelix/Projects/www/backend_rmi/vendor/laravel/framework/src/Illuminate/View/View.php(91): Illuminate\\View\\View->renderContents()
#15 /Users/aldyhelix/Projects/www/backend_rmi/vendor/livewire/livewire/src/Component.php(235): Illuminate\\View\\View->render()
#16 /Users/aldyhelix/Projects/www/backend_rmi/vendor/livewire/livewire/src/HydrationMiddleware/RenderView.php(14): Livewire\\Component->output()
#17 /Users/aldyhelix/Projects/www/backend_rmi/vendor/livewire/livewire/src/LifecycleManager.php(141): Livewire\\HydrationMiddleware\\RenderView::dehydrate(Object(App\\Http\\Livewire\\Dashboard), Object(Livewire\\Response))
#18 /Users/aldyhelix/Projects/www/backend_rmi/vendor/livewire/livewire/src/LivewireManager.php(132): Livewire\\LifecycleManager->initialDehydrate()
#19 /Users/aldyhelix/Projects/www/backend_rmi/vendor/laravel/framework/src/Illuminate/Support/Facades/Facade.php(261): Livewire\\LivewireManager->mount('dashboard', Array)
#20 /Users/aldyhelix/Projects/www/backend_rmi/resources/views/admin/dashboard/platform.blade.php(13): Illuminate\\Support\\Facades\\Facade::__callStatic('mount', Array)
#21 /Users/aldyhelix/Projects/www/backend_rmi/vendor/laravel/framework/src/Illuminate/Filesystem/Filesystem.php(107): require('/Users/aldyheli...')
#22 /Users/aldyhelix/Projects/www/backend_rmi/vendor/laravel/framework/src/Illuminate/Filesystem/Filesystem.php(108): Illuminate\\Filesystem\\Filesystem::Illuminate\\Filesystem\\{closure}()
#23 /Users/aldyhelix/Projects/www/backend_rmi/vendor/laravel/framework/src/Illuminate/View/Engines/PhpEngine.php(58): Illuminate\\Filesystem\\Filesystem->getRequire('/Users/aldyheli...', Array)
#24 /Users/aldyhelix/Projects/www/backend_rmi/vendor/livewire/livewire/src/ComponentConcerns/RendersLivewireComponents.php(69): Illuminate\\View\\Engines\\PhpEngine->evaluatePath('/Users/aldyheli...', Array)
#25 /Users/aldyhelix/Projects/www/backend_rmi/vendor/laravel/framework/src/Illuminate/View/Engines/CompilerEngine.php(61): Livewire\\CompilerEngineForIgnition->evaluatePath('/Users/aldyheli...', Array)
#26 /Users/aldyhelix/Projects/www/backend_rmi/vendor/facade/ignition/src/Views/Engines/CompilerEngine.php(37): Illuminate\\View\\Engines\\CompilerEngine->get('/Users/aldyheli...', Array)
#27 /Users/aldyhelix/Projects/www/backend_rmi/vendor/livewire/livewire/src/ComponentConcerns/RendersLivewireComponents.php(35): Facade\\Ignition\\Views\\Engines\\CompilerEngine->get('/Users/aldyheli...', Array)
#28 /Users/aldyhelix/Projects/www/backend_rmi/vendor/laravel/framework/src/Illuminate/View/View.php(139): Livewire\\CompilerEngineForIgnition->get('/Users/aldyheli...', Array)
#29 /Users/aldyhelix/Projects/www/backend_rmi/vendor/laravel/framework/src/Illuminate/View/View.php(122): Illuminate\\View\\View->getContents()
#30 /Users/aldyhelix/Projects/www/backend_rmi/vendor/laravel/framework/src/Illuminate/View/View.php(91): Illuminate\\View\\View->renderContents()
#31 /Users/aldyhelix/Projects/www/backend_rmi/vendor/laravel/framework/src/Illuminate/Http/Response.php(69): Illuminate\\View\\View->render()
#32 /Users/aldyhelix/Projects/www/backend_rmi/vendor/laravel/framework/src/Illuminate/Http/Response.php(35): Illuminate\\Http\\Response->setContent(Object(Illuminate\\View\\View))
#33 /Users/aldyhelix/Projects/www/backend_rmi/vendor/laravel/framework/src/Illuminate/Routing/Router.php(820): Illuminate\\Http\\Response->__construct(Object(Illuminate\\View\\View), 200, Array)
#34 /Users/aldyhelix/Projects/www/backend_rmi/vendor/laravel/framework/src/Illuminate/Routing/Router.php(789): Illuminate\\Routing\\Router::toResponse(Object(Illuminate\\Http\\Request), Object(Illuminate\\View\\View))
#35 /Users/aldyhelix/Projects/www/backend_rmi/vendor/laravel/framework/src/Illuminate/Routing/Router.php(720): Illuminate\\Routing\\Router->prepareResponse(Object(Illuminate\\Http\\Request), Object(Illuminate\\View\\View))
#36 /Users/aldyhelix/Projects/www/backend_rmi/vendor/laravel/framework/src/Illuminate/Pipeline/Pipeline.php(128): Illuminate\\Routing\\Router->Illuminate\\Routing\\{closure}(Object(Illuminate\\Http\\Request))
#37 /Users/aldyhelix/Projects/www/backend_rmi/app/Http/Middleware/DashboardSetup.php(22): Illuminate\\Pipeline\\Pipeline->Illuminate\\Pipeline\\{closure}(Object(Illuminate\\Http\\Request))
#38 /Users/aldyhelix/Projects/www/backend_rmi/vendor/laravel/framework/src/Illuminate/Pipeline/Pipeline.php(167): App\\Http\\Middleware\\DashboardSetup->handle(Object(Illuminate\\Http\\Request), Object(Closure))
#39 /Users/aldyhelix/Projects/www/backend_rmi/app/Http/Middleware/CheckIfBillingInfoRequired.php(24): Illuminate\\Pipeline\\Pipeline->Illuminate\\Pipeline\\{closure}(Object(Illuminate\\Http\\Request))
#40 /Users/aldyhelix/Projects/www/backend_rmi/vendor/laravel/framework/src/Illuminate/Pipeline/Pipeline.php(167): App\\Http\\Middleware\\CheckIfBillingInfoRequired->handle(Object(Illuminate\\Http\\Request), Object(Closure))
#41 /Users/aldyhelix/Projects/www/backend_rmi/app/Http/Middleware/VerifyUserIsSubscribed.php(25): Illuminate\\Pipeline\\Pipeline->Illuminate\\Pipeline\\{closure}(Object(Illuminate\\Http\\Request))
#42 /Users/aldyhelix/Projects/www/backend_rmi/vendor/laravel/framework/src/Illuminate/Pipeline/Pipeline.php(167): App\\Http\\Middleware\\VerifyUserIsSubscribed->handle(Object(Illuminate\\Http\\Request), Object(Closure))
#43 /Users/aldyhelix/Projects/www/backend_rmi/app/Http/Middleware/CookieConsentMiddleware.php(21): Illuminate\\Pipeline\\Pipeline->Illuminate\\Pipeline\\{closure}(Object(Illuminate\\Http\\Request))
#44 /Users/aldyhelix/Projects/www/backend_rmi/vendor/laravel/framework/src/Illuminate/Pipeline/Pipeline.php(167): App\\Http\\Middleware\\CookieConsentMiddleware->handle(Object(Illuminate\\Http\\Request), Object(Closure))
#45 /Users/aldyhelix/Projects/www/backend_rmi/app/Http/Middleware/Language.php(64): Illuminate\\Pipeline\\Pipeline->Illuminate\\Pipeline\\{closure}(Object(Illuminate\\Http\\Request))
#46 /Users/aldyhelix/Projects/www/backend_rmi/vendor/laravel/framework/src/Illuminate/Pipeline/Pipeline.php(167): App\\Http\\Middleware\\Language->handle(Object(Illuminate\\Http\\Request), Object(Closure))
#47 /Users/aldyhelix/Projects/www/backend_rmi/app/Http/Middleware/InitSettings.php(8): Illuminate\\Pipeline\\Pipeline->Illuminate\\Pipeline\\{closure}(Object(Illuminate\\Http\\Request))
#48 /Users/aldyhelix/Projects/www/backend_rmi/vendor/laravel/framework/src/Illuminate/Pipeline/Pipeline.php(167): App\\Http\\Middleware\\InitSettings->handle(Object(Illuminate\\Http\\Request), Object(Closure))
#49 /Users/aldyhelix/Projects/www/backend_rmi/vendor/laravel/framework/src/Illuminate/Routing/Middleware/SubstituteBindings.php(50): Illuminate\\Pipeline\\Pipeline->Illuminate\\Pipeline\\{closure}(Object(Illuminate\\Http\\Request))
#50 /Users/aldyhelix/Projects/www/backend_rmi/vendor/laravel/framework/src/Illuminate/Pipeline/Pipeline.php(167): Illuminate\\Routing\\Middleware\\SubstituteBindings->handle(Object(Illuminate\\Http\\Request), Object(Closure))
#51 /Users/aldyhelix/Projects/www/backend_rmi/vendor/laravel/framework/src/Illuminate/Auth/Middleware/Authenticate.php(44): Illuminate\\Pipeline\\Pipeline->Illuminate\\Pipeline\\{closure}(Object(Illuminate\\Http\\Request))
#52 /Users/aldyhelix/Projects/www/backend_rmi/vendor/laravel/framework/src/Illuminate/Pipeline/Pipeline.php(167): Illuminate\\Auth\\Middleware\\Authenticate->handle(Object(Illuminate\\Http\\Request), Object(Closure))
#53 /Users/aldyhelix/Projects/www/backend_rmi/vendor/laravel/framework/src/Illuminate/Foundation/Http/Middleware/VerifyCsrfToken.php(78): Illuminate\\Pipeline\\Pipeline->Illuminate\\Pipeline\\{closure}(Object(Illuminate\\Http\\Request))
#54 /Users/aldyhelix/Projects/www/backend_rmi/vendor/laravel/framework/src/Illuminate/Pipeline/Pipeline.php(167): Illuminate\\Foundation\\Http\\Middleware\\VerifyCsrfToken->handle(Object(Illuminate\\Http\\Request), Object(Closure))
#55 /Users/aldyhelix/Projects/www/backend_rmi/vendor/laravel/framework/src/Illuminate/View/Middleware/ShareErrorsFromSession.php(49): Illuminate\\Pipeline\\Pipeline->Illuminate\\Pipeline\\{closure}(Object(Illuminate\\Http\\Request))
#56 /Users/aldyhelix/Projects/www/backend_rmi/vendor/laravel/framework/src/Illuminate/Pipeline/Pipeline.php(167): Illuminate\\View\\Middleware\\ShareErrorsFromSession->handle(Object(Illuminate\\Http\\Request), Object(Closure))
#57 /Users/aldyhelix/Projects/www/backend_rmi/vendor/laravel/framework/src/Illuminate/Session/Middleware/StartSession.php(121): Illuminate\\Pipeline\\Pipeline->Illuminate\\Pipeline\\{closure}(Object(Illuminate\\Http\\Request))
#58 /Users/aldyhelix/Projects/www/backend_rmi/vendor/laravel/framework/src/Illuminate/Session/Middleware/StartSession.php(64): Illuminate\\Session\\Middleware\\StartSession->handleStatefulRequest(Object(Illuminate\\Http\\Request), Object(Illuminate\\Session\\EncryptedStore), Object(Closure))
#59 /Users/aldyhelix/Projects/www/backend_rmi/vendor/laravel/framework/src/Illuminate/Pipeline/Pipeline.php(167): Illuminate\\Session\\Middleware\\StartSession->handle(Object(Illuminate\\Http\\Request), Object(Closure))
#60 /Users/aldyhelix/Projects/www/backend_rmi/vendor/laravel/framework/src/Illuminate/Cookie/Middleware/AddQueuedCookiesToResponse.php(37): Illuminate\\Pipeline\\Pipeline->Illuminate\\Pipeline\\{closure}(Object(Illuminate\\Http\\Request))
#61 /Users/aldyhelix/Projects/www/backend_rmi/vendor/laravel/framework/src/Illuminate/Pipeline/Pipeline.php(167): Illuminate\\Cookie\\Middleware\\AddQueuedCookiesToResponse->handle(Object(Illuminate\\Http\\Request), Object(Closure))
#62 /Users/aldyhelix/Projects/www/backend_rmi/vendor/laravel/framework/src/Illuminate/Cookie/Middleware/EncryptCookies.php(67): Illuminate\\Pipeline\\Pipeline->Illuminate\\Pipeline\\{closure}(Object(Illuminate\\Http\\Request))
#63 /Users/aldyhelix/Projects/www/backend_rmi/vendor/laravel/framework/src/Illuminate/Pipeline/Pipeline.php(167): Illuminate\\Cookie\\Middleware\\EncryptCookies->handle(Object(Illuminate\\Http\\Request), Object(Closure))
#64 /Users/aldyhelix/Projects/www/backend_rmi/vendor/laravel/framework/src/Illuminate/Pipeline/Pipeline.php(103): Illuminate\\Pipeline\\Pipeline->Illuminate\\Pipeline\\{closure}(Object(Illuminate\\Http\\Request))
#65 /Users/aldyhelix/Projects/www/backend_rmi/vendor/laravel/framework/src/Illuminate/Routing/Router.php(719): Illuminate\\Pipeline\\Pipeline->then(Object(Closure))
#66 /Users/aldyhelix/Projects/www/backend_rmi/vendor/laravel/framework/src/Illuminate/Routing/Router.php(698): Illuminate\\Routing\\Router->runRouteWithinStack(Object(Illuminate\\Routing\\Route), Object(Illuminate\\Http\\Request))
#67 /Users/aldyhelix/Projects/www/backend_rmi/vendor/laravel/framework/src/Illuminate/Routing/Router.php(662): Illuminate\\Routing\\Router->runRoute(Object(Illuminate\\Http\\Request), Object(Illuminate\\Routing\\Route))
#68 /Users/aldyhelix/Projects/www/backend_rmi/vendor/laravel/framework/src/Illuminate/Routing/Router.php(651): Illuminate\\Routing\\Router->dispatchToRoute(Object(Illuminate\\Http\\Request))
#69 /Users/aldyhelix/Projects/www/backend_rmi/vendor/laravel/framework/src/Illuminate/Foundation/Http/Kernel.php(167): Illuminate\\Routing\\Router->dispatch(Object(Illuminate\\Http\\Request))
#70 /Users/aldyhelix/Projects/www/backend_rmi/vendor/laravel/framework/src/Illuminate/Pipeline/Pipeline.php(128): Illuminate\\Foundation\\Http\\Kernel->Illuminate\\Foundation\\Http\\{closure}(Object(Illuminate\\Http\\Request))
#71 /Users/aldyhelix/Projects/www/backend_rmi/vendor/livewire/livewire/src/DisableBrowserCache.php(19): Illuminate\\Pipeline\\Pipeline->Illuminate\\Pipeline\\{closure}(Object(Illuminate\\Http\\Request))
#72 /Users/aldyhelix/Projects/www/backend_rmi/vendor/laravel/framework/src/Illuminate/Pipeline/Pipeline.php(167): Livewire\\DisableBrowserCache->handle(Object(Illuminate\\Http\\Request), Object(Closure))
#73 /Users/aldyhelix/Projects/www/backend_rmi/vendor/barryvdh/laravel-debugbar/src/Middleware/InjectDebugbar.php(66): Illuminate\\Pipeline\\Pipeline->Illuminate\\Pipeline\\{closure}(Object(Illuminate\\Http\\Request))
#74 /Users/aldyhelix/Projects/www/backend_rmi/vendor/laravel/framework/src/Illuminate/Pipeline/Pipeline.php(167): Barryvdh\\Debugbar\\Middleware\\InjectDebugbar->handle(Object(Illuminate\\Http\\Request), Object(Closure))
#75 /Users/aldyhelix/Projects/www/backend_rmi/app/Http/Middleware/CheckForInstallation.php(19): Illuminate\\Pipeline\\Pipeline->Illuminate\\Pipeline\\{closure}(Object(Illuminate\\Http\\Request))
#76 /Users/aldyhelix/Projects/www/backend_rmi/vendor/laravel/framework/src/Illuminate/Pipeline/Pipeline.php(167): App\\Http\\Middleware\\CheckForInstallation->handle(Object(Illuminate\\Http\\Request), Object(Closure))
#77 /Users/aldyhelix/Projects/www/backend_rmi/vendor/laravel/framework/src/Illuminate/Foundation/Http/Middleware/TransformsRequest.php(21): Illuminate\\Pipeline\\Pipeline->Illuminate\\Pipeline\\{closure}(Object(Illuminate\\Http\\Request))
#78 /Users/aldyhelix/Projects/www/backend_rmi/vendor/laravel/framework/src/Illuminate/Foundation/Http/Middleware/ConvertEmptyStringsToNull.php(31): Illuminate\\Foundation\\Http\\Middleware\\TransformsRequest->handle(Object(Illuminate\\Http\\Request), Object(Closure))
#79 /Users/aldyhelix/Projects/www/backend_rmi/vendor/laravel/framework/src/Illuminate/Pipeline/Pipeline.php(167): Illuminate\\Foundation\\Http\\Middleware\\ConvertEmptyStringsToNull->handle(Object(Illuminate\\Http\\Request), Object(Closure))
#80 /Users/aldyhelix/Projects/www/backend_rmi/vendor/laravel/framework/src/Illuminate/Foundation/Http/Middleware/TransformsRequest.php(21): Illuminate\\Pipeline\\Pipeline->Illuminate\\Pipeline\\{closure}(Object(Illuminate\\Http\\Request))
#81 /Users/aldyhelix/Projects/www/backend_rmi/vendor/laravel/framework/src/Illuminate/Foundation/Http/Middleware/TrimStrings.php(40): Illuminate\\Foundation\\Http\\Middleware\\TransformsRequest->handle(Object(Illuminate\\Http\\Request), Object(Closure))
#82 /Users/aldyhelix/Projects/www/backend_rmi/vendor/laravel/framework/src/Illuminate/Pipeline/Pipeline.php(167): Illuminate\\Foundation\\Http\\Middleware\\TrimStrings->handle(Object(Illuminate\\Http\\Request), Object(Closure))
#83 /Users/aldyhelix/Projects/www/backend_rmi/vendor/laravel/framework/src/Illuminate/Foundation/Http/Middleware/ValidatePostSize.php(27): Illuminate\\Pipeline\\Pipeline->Illuminate\\Pipeline\\{closure}(Object(Illuminate\\Http\\Request))
#84 /Users/aldyhelix/Projects/www/backend_rmi/vendor/laravel/framework/src/Illuminate/Pipeline/Pipeline.php(167): Illuminate\\Foundation\\Http\\Middleware\\ValidatePostSize->handle(Object(Illuminate\\Http\\Request), Object(Closure))
#85 /Users/aldyhelix/Projects/www/backend_rmi/vendor/laravel/framework/src/Illuminate/Foundation/Http/Middleware/PreventRequestsDuringMaintenance.php(86): Illuminate\\Pipeline\\Pipeline->Illuminate\\Pipeline\\{closure}(Object(Illuminate\\Http\\Request))
#86 /Users/aldyhelix/Projects/www/backend_rmi/vendor/laravel/framework/src/Illuminate/Pipeline/Pipeline.php(167): Illuminate\\Foundation\\Http\\Middleware\\PreventRequestsDuringMaintenance->handle(Object(Illuminate\\Http\\Request), Object(Closure))
#87 /Users/aldyhelix/Projects/www/backend_rmi/vendor/fruitcake/laravel-cors/src/HandleCors.php(38): Illuminate\\Pipeline\\Pipeline->Illuminate\\Pipeline\\{closure}(Object(Illuminate\\Http\\Request))
#88 /Users/aldyhelix/Projects/www/backend_rmi/vendor/laravel/framework/src/Illuminate/Pipeline/Pipeline.php(167): Fruitcake\\Cors\\HandleCors->handle(Object(Illuminate\\Http\\Request), Object(Closure))
#89 /Users/aldyhelix/Projects/www/backend_rmi/vendor/laravel/framework/src/Illuminate/Http/Middleware/TrustProxies.php(39): Illuminate\\Pipeline\\Pipeline->Illuminate\\Pipeline\\{closure}(Object(Illuminate\\Http\\Request))
#90 /Users/aldyhelix/Projects/www/backend_rmi/vendor/laravel/framework/src/Illuminate/Pipeline/Pipeline.php(167): Illuminate\\Http\\Middleware\\TrustProxies->handle(Object(Illuminate\\Http\\Request), Object(Closure))
#91 /Users/aldyhelix/Projects/www/backend_rmi/vendor/laravel/framework/src/Illuminate/Pipeline/Pipeline.php(103): Illuminate\\Pipeline\\Pipeline->Illuminate\\Pipeline\\{closure}(Object(Illuminate\\Http\\Request))
#92 /Users/aldyhelix/Projects/www/backend_rmi/vendor/laravel/framework/src/Illuminate/Foundation/Http/Kernel.php(142): Illuminate\\Pipeline\\Pipeline->then(Object(Closure))
#93 /Users/aldyhelix/Projects/www/backend_rmi/vendor/laravel/framework/src/Illuminate/Foundation/Http/Kernel.php(111): Illuminate\\Foundation\\Http\\Kernel->sendRequestThroughRouter(Object(Illuminate\\Http\\Request))
#94 /Users/aldyhelix/Projects/www/backend_rmi/public/index.php(58): Illuminate\\Foundation\\Http\\Kernel->handle(Object(Illuminate\\Http\\Request))
#95 /Applications/Herd.app/Contents/Resources/valet/server.php(153): require('/Users/aldyheli...')
#96 {main}

[previous exception] [object] (ErrorException(code: 0): Undefined variable $data at /Users/aldyhelix/Projects/www/backend_rmi/storage/framework/views/6db3cb686217efb2acc5368dcf387cd0bf47d72a.php:9)
[stacktrace]
#0 /Users/aldyhelix/Projects/www/backend_rmi/storage/framework/views/6db3cb686217efb2acc5368dcf387cd0bf47d72a.php(9): Illuminate\\Foundation\\Bootstrap\\HandleExceptions->handleError(2, 'Undefined varia...', '/Users/aldyheli...', 9)
#1 /Users/aldyhelix/Projects/www/backend_rmi/vendor/livewire/livewire/src/ComponentConcerns/RendersLivewireComponents.php(83): include('/Users/aldyheli...')
#2 /Users/aldyhelix/Projects/www/backend_rmi/vendor/livewire/livewire/src/ComponentConcerns/RendersLivewireComponents.php(84): App\\Http\\Livewire\\Dashboard->Livewire\\ComponentConcerns\\{closure}()
#3 /Users/aldyhelix/Projects/www/backend_rmi/vendor/livewire/livewire/src/ComponentConcerns/RendersLivewireComponents.php(59): Livewire\\CompilerEngineForIgnition->evaluatePath('/Users/aldyheli...', Array)
#4 /Users/aldyhelix/Projects/www/backend_rmi/vendor/laravel/framework/src/Illuminate/View/View.php(139): Livewire\\CompilerEngineForIgnition->get('/Users/aldyheli...', Array)
#5 /Users/aldyhelix/Projects/www/backend_rmi/vendor/laravel/framework/src/Illuminate/View/View.php(122): Illuminate\\View\\View->getContents()
#6 /Users/aldyhelix/Projects/www/backend_rmi/vendor/laravel/framework/src/Illuminate/View/View.php(91): Illuminate\\View\\View->renderContents()
#7 /Users/aldyhelix/Projects/www/backend_rmi/vendor/laravel/framework/src/Illuminate/View/Concerns/ManagesComponents.php(100): Illuminate\\View\\View->render()
#8 /Users/aldyhelix/Projects/www/backend_rmi/storage/framework/views/f4899b702c6a16f1c873549d32bc50b1e46a780c.php(522): Illuminate\\View\\Factory->renderComponent()
#9 /Users/aldyhelix/Projects/www/backend_rmi/vendor/livewire/livewire/src/ComponentConcerns/RendersLivewireComponents.php(83): include('/Users/aldyheli...')
#10 /Users/aldyhelix/Projects/www/backend_rmi/vendor/livewire/livewire/src/ComponentConcerns/RendersLivewireComponents.php(84): App\\Http\\Livewire\\Dashboard->Livewire\\ComponentConcerns\\{closure}()
#11 /Users/aldyhelix/Projects/www/backend_rmi/vendor/livewire/livewire/src/ComponentConcerns/RendersLivewireComponents.php(59): Livewire\\CompilerEngineForIgnition->evaluatePath('/Users/aldyheli...', Array)
#12 /Users/aldyhelix/Projects/www/backend_rmi/vendor/laravel/framework/src/Illuminate/View/View.php(139): Livewire\\CompilerEngineForIgnition->get('/Users/aldyheli...', Array)
#13 /Users/aldyhelix/Projects/www/backend_rmi/vendor/laravel/framework/src/Illuminate/View/View.php(122): Illuminate\\View\\View->getContents()
#14 /Users/aldyhelix/Projects/www/backend_rmi/vendor/laravel/framework/src/Illuminate/View/View.php(91): Illuminate\\View\\View->renderContents()
#15 /Users/aldyhelix/Projects/www/backend_rmi/vendor/livewire/livewire/src/Component.php(235): Illuminate\\View\\View->render()
#16 /Users/aldyhelix/Projects/www/backend_rmi/vendor/livewire/livewire/src/HydrationMiddleware/RenderView.php(14): Livewire\\Component->output()
#17 /Users/aldyhelix/Projects/www/backend_rmi/vendor/livewire/livewire/src/LifecycleManager.php(141): Livewire\\HydrationMiddleware\\RenderView::dehydrate(Object(App\\Http\\Livewire\\Dashboard), Object(Livewire\\Response))
#18 /Users/aldyhelix/Projects/www/backend_rmi/vendor/livewire/livewire/src/LivewireManager.php(132): Livewire\\LifecycleManager->initialDehydrate()
#19 /Users/aldyhelix/Projects/www/backend_rmi/vendor/laravel/framework/src/Illuminate/Support/Facades/Facade.php(261): Livewire\\LivewireManager->mount('dashboard', Array)
#20 /Users/aldyhelix/Projects/www/backend_rmi/storage/framework/views/7614a377bf597da1c7ed67416eae576b7feee755.php(13): Illuminate\\Support\\Facades\\Facade::__callStatic('mount', Array)
#21 /Users/aldyhelix/Projects/www/backend_rmi/vendor/laravel/framework/src/Illuminate/Filesystem/Filesystem.php(107): require('/Users/aldyheli...')
#22 /Users/aldyhelix/Projects/www/backend_rmi/vendor/laravel/framework/src/Illuminate/Filesystem/Filesystem.php(108): Illuminate\\Filesystem\\Filesystem::Illuminate\\Filesystem\\{closure}()
#23 /Users/aldyhelix/Projects/www/backend_rmi/vendor/laravel/framework/src/Illuminate/View/Engines/PhpEngine.php(58): Illuminate\\Filesystem\\Filesystem->getRequire('/Users/aldyheli...', Array)
#24 /Users/aldyhelix/Projects/www/backend_rmi/vendor/livewire/livewire/src/ComponentConcerns/RendersLivewireComponents.php(69): Illuminate\\View\\Engines\\PhpEngine->evaluatePath('/Users/aldyheli...', Array)
#25 /Users/aldyhelix/Projects/www/backend_rmi/vendor/laravel/framework/src/Illuminate/View/Engines/CompilerEngine.php(61): Livewire\\CompilerEngineForIgnition->evaluatePath('/Users/aldyheli...', Array)
#26 /Users/aldyhelix/Projects/www/backend_rmi/vendor/facade/ignition/src/Views/Engines/CompilerEngine.php(37): Illuminate\\View\\Engines\\CompilerEngine->get('/Users/aldyheli...', Array)
#27 /Users/aldyhelix/Projects/www/backend_rmi/vendor/livewire/livewire/src/ComponentConcerns/RendersLivewireComponents.php(35): Facade\\Ignition\\Views\\Engines\\CompilerEngine->get('/Users/aldyheli...', Array)
#28 /Users/aldyhelix/Projects/www/backend_rmi/vendor/laravel/framework/src/Illuminate/View/View.php(139): Livewire\\CompilerEngineForIgnition->get('/Users/aldyheli...', Array)
#29 /Users/aldyhelix/Projects/www/backend_rmi/vendor/laravel/framework/src/Illuminate/View/View.php(122): Illuminate\\View\\View->getContents()
#30 /Users/aldyhelix/Projects/www/backend_rmi/vendor/laravel/framework/src/Illuminate/View/View.php(91): Illuminate\\View\\View->renderContents()
#31 /Users/aldyhelix/Projects/www/backend_rmi/vendor/laravel/framework/src/Illuminate/Http/Response.php(69): Illuminate\\View\\View->render()
#32 /Users/aldyhelix/Projects/www/backend_rmi/vendor/laravel/framework/src/Illuminate/Http/Response.php(35): Illuminate\\Http\\Response->setContent(Object(Illuminate\\View\\View))
#33 /Users/aldyhelix/Projects/www/backend_rmi/vendor/laravel/framework/src/Illuminate/Routing/Router.php(820): Illuminate\\Http\\Response->__construct(Object(Illuminate\\View\\View), 200, Array)
#34 /Users/aldyhelix/Projects/www/backend_rmi/vendor/laravel/framework/src/Illuminate/Routing/Router.php(789): Illuminate\\Routing\\Router::toResponse(Object(Illuminate\\Http\\Request), Object(Illuminate\\View\\View))
#35 /Users/aldyhelix/Projects/www/backend_rmi/vendor/laravel/framework/src/Illuminate/Routing/Router.php(720): Illuminate\\Routing\\Router->prepareResponse(Object(Illuminate\\Http\\Request), Object(Illuminate\\View\\View))
#36 /Users/aldyhelix/Projects/www/backend_rmi/vendor/laravel/framework/src/Illuminate/Pipeline/Pipeline.php(128): Illuminate\\Routing\\Router->Illuminate\\Routing\\{closure}(Object(Illuminate\\Http\\Request))
#37 /Users/aldyhelix/Projects/www/backend_rmi/app/Http/Middleware/DashboardSetup.php(22): Illuminate\\Pipeline\\Pipeline->Illuminate\\Pipeline\\{closure}(Object(Illuminate\\Http\\Request))
#38 /Users/aldyhelix/Projects/www/backend_rmi/vendor/laravel/framework/src/Illuminate/Pipeline/Pipeline.php(167): App\\Http\\Middleware\\DashboardSetup->handle(Object(Illuminate\\Http\\Request), Object(Closure))
#39 /Users/aldyhelix/Projects/www/backend_rmi/app/Http/Middleware/CheckIfBillingInfoRequired.php(24): Illuminate\\Pipeline\\Pipeline->Illuminate\\Pipeline\\{closure}(Object(Illuminate\\Http\\Request))
#40 /Users/aldyhelix/Projects/www/backend_rmi/vendor/laravel/framework/src/Illuminate/Pipeline/Pipeline.php(167): App\\Http\\Middleware\\CheckIfBillingInfoRequired->handle(Object(Illuminate\\Http\\Request), Object(Closure))
#41 /Users/aldyhelix/Projects/www/backend_rmi/app/Http/Middleware/VerifyUserIsSubscribed.php(25): Illuminate\\Pipeline\\Pipeline->Illuminate\\Pipeline\\{closure}(Object(Illuminate\\Http\\Request))
#42 /Users/aldyhelix/Projects/www/backend_rmi/vendor/laravel/framework/src/Illuminate/Pipeline/Pipeline.php(167): App\\Http\\Middleware\\VerifyUserIsSubscribed->handle(Object(Illuminate\\Http\\Request), Object(Closure))
#43 /Users/aldyhelix/Projects/www/backend_rmi/app/Http/Middleware/CookieConsentMiddleware.php(21): Illuminate\\Pipeline\\Pipeline->Illuminate\\Pipeline\\{closure}(Object(Illuminate\\Http\\Request))
#44 /Users/aldyhelix/Projects/www/backend_rmi/vendor/laravel/framework/src/Illuminate/Pipeline/Pipeline.php(167): App\\Http\\Middleware\\CookieConsentMiddleware->handle(Object(Illuminate\\Http\\Request), Object(Closure))
#45 /Users/aldyhelix/Projects/www/backend_rmi/app/Http/Middleware/Language.php(64): Illuminate\\Pipeline\\Pipeline->Illuminate\\Pipeline\\{closure}(Object(Illuminate\\Http\\Request))
#46 /Users/aldyhelix/Projects/www/backend_rmi/vendor/laravel/framework/src/Illuminate/Pipeline/Pipeline.php(167): App\\Http\\Middleware\\Language->handle(Object(Illuminate\\Http\\Request), Object(Closure))
#47 /Users/aldyhelix/Projects/www/backend_rmi/app/Http/Middleware/InitSettings.php(8): Illuminate\\Pipeline\\Pipeline->Illuminate\\Pipeline\\{closure}(Object(Illuminate\\Http\\Request))
#48 /Users/aldyhelix/Projects/www/backend_rmi/vendor/laravel/framework/src/Illuminate/Pipeline/Pipeline.php(167): App\\Http\\Middleware\\InitSettings->handle(Object(Illuminate\\Http\\Request), Object(Closure))
#49 /Users/aldyhelix/Projects/www/backend_rmi/vendor/laravel/framework/src/Illuminate/Routing/Middleware/SubstituteBindings.php(50): Illuminate\\Pipeline\\Pipeline->Illuminate\\Pipeline\\{closure}(Object(Illuminate\\Http\\Request))
#50 /Users/aldyhelix/Projects/www/backend_rmi/vendor/laravel/framework/src/Illuminate/Pipeline/Pipeline.php(167): Illuminate\\Routing\\Middleware\\SubstituteBindings->handle(Object(Illuminate\\Http\\Request), Object(Closure))
#51 /Users/aldyhelix/Projects/www/backend_rmi/vendor/laravel/framework/src/Illuminate/Auth/Middleware/Authenticate.php(44): Illuminate\\Pipeline\\Pipeline->Illuminate\\Pipeline\\{closure}(Object(Illuminate\\Http\\Request))
#52 /Users/aldyhelix/Projects/www/backend_rmi/vendor/laravel/framework/src/Illuminate/Pipeline/Pipeline.php(167): Illuminate\\Auth\\Middleware\\Authenticate->handle(Object(Illuminate\\Http\\Request), Object(Closure))
#53 /Users/aldyhelix/Projects/www/backend_rmi/vendor/laravel/framework/src/Illuminate/Foundation/Http/Middleware/VerifyCsrfToken.php(78): Illuminate\\Pipeline\\Pipeline->Illuminate\\Pipeline\\{closure}(Object(Illuminate\\Http\\Request))
#54 /Users/aldyhelix/Projects/www/backend_rmi/vendor/laravel/framework/src/Illuminate/Pipeline/Pipeline.php(167): Illuminate\\Foundation\\Http\\Middleware\\VerifyCsrfToken->handle(Object(Illuminate\\Http\\Request), Object(Closure))
#55 /Users/aldyhelix/Projects/www/backend_rmi/vendor/laravel/framework/src/Illuminate/View/Middleware/ShareErrorsFromSession.php(49): Illuminate\\Pipeline\\Pipeline->Illuminate\\Pipeline\\{closure}(Object(Illuminate\\Http\\Request))
#56 /Users/aldyhelix/Projects/www/backend_rmi/vendor/laravel/framework/src/Illuminate/Pipeline/Pipeline.php(167): Illuminate\\View\\Middleware\\ShareErrorsFromSession->handle(Object(Illuminate\\Http\\Request), Object(Closure))
#57 /Users/aldyhelix/Projects/www/backend_rmi/vendor/laravel/framework/src/Illuminate/Session/Middleware/StartSession.php(121): Illuminate\\Pipeline\\Pipeline->Illuminate\\Pipeline\\{closure}(Object(Illuminate\\Http\\Request))
#58 /Users/aldyhelix/Projects/www/backend_rmi/vendor/laravel/framework/src/Illuminate/Session/Middleware/StartSession.php(64): Illuminate\\Session\\Middleware\\StartSession->handleStatefulRequest(Object(Illuminate\\Http\\Request), Object(Illuminate\\Session\\EncryptedStore), Object(Closure))
#59 /Users/aldyhelix/Projects/www/backend_rmi/vendor/laravel/framework/src/Illuminate/Pipeline/Pipeline.php(167): Illuminate\\Session\\Middleware\\StartSession->handle(Object(Illuminate\\Http\\Request), Object(Closure))
#60 /Users/aldyhelix/Projects/www/backend_rmi/vendor/laravel/framework/src/Illuminate/Cookie/Middleware/AddQueuedCookiesToResponse.php(37): Illuminate\\Pipeline\\Pipeline->Illuminate\\Pipeline\\{closure}(Object(Illuminate\\Http\\Request))
#61 /Users/aldyhelix/Projects/www/backend_rmi/vendor/laravel/framework/src/Illuminate/Pipeline/Pipeline.php(167): Illuminate\\Cookie\\Middleware\\AddQueuedCookiesToResponse->handle(Object(Illuminate\\Http\\Request), Object(Closure))
#62 /Users/aldyhelix/Projects/www/backend_rmi/vendor/laravel/framework/src/Illuminate/Cookie/Middleware/EncryptCookies.php(67): Illuminate\\Pipeline\\Pipeline->Illuminate\\Pipeline\\{closure}(Object(Illuminate\\Http\\Request))
#63 /Users/aldyhelix/Projects/www/backend_rmi/vendor/laravel/framework/src/Illuminate/Pipeline/Pipeline.php(167): Illuminate\\Cookie\\Middleware\\EncryptCookies->handle(Object(Illuminate\\Http\\Request), Object(Closure))
#64 /Users/aldyhelix/Projects/www/backend_rmi/vendor/laravel/framework/src/Illuminate/Pipeline/Pipeline.php(103): Illuminate\\Pipeline\\Pipeline->Illuminate\\Pipeline\\{closure}(Object(Illuminate\\Http\\Request))
#65 /Users/aldyhelix/Projects/www/backend_rmi/vendor/laravel/framework/src/Illuminate/Routing/Router.php(719): Illuminate\\Pipeline\\Pipeline->then(Object(Closure))
#66 /Users/aldyhelix/Projects/www/backend_rmi/vendor/laravel/framework/src/Illuminate/Routing/Router.php(698): Illuminate\\Routing\\Router->runRouteWithinStack(Object(Illuminate\\Routing\\Route), Object(Illuminate\\Http\\Request))
#67 /Users/aldyhelix/Projects/www/backend_rmi/vendor/laravel/framework/src/Illuminate/Routing/Router.php(662): Illuminate\\Routing\\Router->runRoute(Object(Illuminate\\Http\\Request), Object(Illuminate\\Routing\\Route))
#68 /Users/aldyhelix/Projects/www/backend_rmi/vendor/laravel/framework/src/Illuminate/Routing/Router.php(651): Illuminate\\Routing\\Router->dispatchToRoute(Object(Illuminate\\Http\\Request))
#69 /Users/aldyhelix/Projects/www/backend_rmi/vendor/laravel/framework/src/Illuminate/Foundation/Http/Kernel.php(167): Illuminate\\Routing\\Router->dispatch(Object(Illuminate\\Http\\Request))
#70 /Users/aldyhelix/Projects/www/backend_rmi/vendor/laravel/framework/src/Illuminate/Pipeline/Pipeline.php(128): Illuminate\\Foundation\\Http\\Kernel->Illuminate\\Foundation\\Http\\{closure}(Object(Illuminate\\Http\\Request))
#71 /Users/aldyhelix/Projects/www/backend_rmi/vendor/livewire/livewire/src/DisableBrowserCache.php(19): Illuminate\\Pipeline\\Pipeline->Illuminate\\Pipeline\\{closure}(Object(Illuminate\\Http\\Request))
#72 /Users/aldyhelix/Projects/www/backend_rmi/vendor/laravel/framework/src/Illuminate/Pipeline/Pipeline.php(167): Livewire\\DisableBrowserCache->handle(Object(Illuminate\\Http\\Request), Object(Closure))
#73 /Users/aldyhelix/Projects/www/backend_rmi/vendor/barryvdh/laravel-debugbar/src/Middleware/InjectDebugbar.php(66): Illuminate\\Pipeline\\Pipeline->Illuminate\\Pipeline\\{closure}(Object(Illuminate\\Http\\Request))
#74 /Users/aldyhelix/Projects/www/backend_rmi/vendor/laravel/framework/src/Illuminate/Pipeline/Pipeline.php(167): Barryvdh\\Debugbar\\Middleware\\InjectDebugbar->handle(Object(Illuminate\\Http\\Request), Object(Closure))
#75 /Users/aldyhelix/Projects/www/backend_rmi/app/Http/Middleware/CheckForInstallation.php(19): Illuminate\\Pipeline\\Pipeline->Illuminate\\Pipeline\\{closure}(Object(Illuminate\\Http\\Request))
#76 /Users/aldyhelix/Projects/www/backend_rmi/vendor/laravel/framework/src/Illuminate/Pipeline/Pipeline.php(167): App\\Http\\Middleware\\CheckForInstallation->handle(Object(Illuminate\\Http\\Request), Object(Closure))
#77 /Users/aldyhelix/Projects/www/backend_rmi/vendor/laravel/framework/src/Illuminate/Foundation/Http/Middleware/TransformsRequest.php(21): Illuminate\\Pipeline\\Pipeline->Illuminate\\Pipeline\\{closure}(Object(Illuminate\\Http\\Request))
#78 /Users/aldyhelix/Projects/www/backend_rmi/vendor/laravel/framework/src/Illuminate/Foundation/Http/Middleware/ConvertEmptyStringsToNull.php(31): Illuminate\\Foundation\\Http\\Middleware\\TransformsRequest->handle(Object(Illuminate\\Http\\Request), Object(Closure))
#79 /Users/aldyhelix/Projects/www/backend_rmi/vendor/laravel/framework/src/Illuminate/Pipeline/Pipeline.php(167): Illuminate\\Foundation\\Http\\Middleware\\ConvertEmptyStringsToNull->handle(Object(Illuminate\\Http\\Request), Object(Closure))
#80 /Users/aldyhelix/Projects/www/backend_rmi/vendor/laravel/framework/src/Illuminate/Foundation/Http/Middleware/TransformsRequest.php(21): Illuminate\\Pipeline\\Pipeline->Illuminate\\Pipeline\\{closure}(Object(Illuminate\\Http\\Request))
#81 /Users/aldyhelix/Projects/www/backend_rmi/vendor/laravel/framework/src/Illuminate/Foundation/Http/Middleware/TrimStrings.php(40): Illuminate\\Foundation\\Http\\Middleware\\TransformsRequest->handle(Object(Illuminate\\Http\\Request), Object(Closure))
#82 /Users/aldyhelix/Projects/www/backend_rmi/vendor/laravel/framework/src/Illuminate/Pipeline/Pipeline.php(167): Illuminate\\Foundation\\Http\\Middleware\\TrimStrings->handle(Object(Illuminate\\Http\\Request), Object(Closure))
#83 /Users/aldyhelix/Projects/www/backend_rmi/vendor/laravel/framework/src/Illuminate/Foundation/Http/Middleware/ValidatePostSize.php(27): Illuminate\\Pipeline\\Pipeline->Illuminate\\Pipeline\\{closure}(Object(Illuminate\\Http\\Request))
#84 /Users/aldyhelix/Projects/www/backend_rmi/vendor/laravel/framework/src/Illuminate/Pipeline/Pipeline.php(167): Illuminate\\Foundation\\Http\\Middleware\\ValidatePostSize->handle(Object(Illuminate\\Http\\Request), Object(Closure))
#85 /Users/aldyhelix/Projects/www/backend_rmi/vendor/laravel/framework/src/Illuminate/Foundation/Http/Middleware/PreventRequestsDuringMaintenance.php(86): Illuminate\\Pipeline\\Pipeline->Illuminate\\Pipeline\\{closure}(Object(Illuminate\\Http\\Request))
#86 /Users/aldyhelix/Projects/www/backend_rmi/vendor/laravel/framework/src/Illuminate/Pipeline/Pipeline.php(167): Illuminate\\Foundation\\Http\\Middleware\\PreventRequestsDuringMaintenance->handle(Object(Illuminate\\Http\\Request), Object(Closure))
#87 /Users/aldyhelix/Projects/www/backend_rmi/vendor/fruitcake/laravel-cors/src/HandleCors.php(38): Illuminate\\Pipeline\\Pipeline->Illuminate\\Pipeline\\{closure}(Object(Illuminate\\Http\\Request))
#88 /Users/aldyhelix/Projects/www/backend_rmi/vendor/laravel/framework/src/Illuminate/Pipeline/Pipeline.php(167): Fruitcake\\Cors\\HandleCors->handle(Object(Illuminate\\Http\\Request), Object(Closure))
#89 /Users/aldyhelix/Projects/www/backend_rmi/vendor/laravel/framework/src/Illuminate/Http/Middleware/TrustProxies.php(39): Illuminate\\Pipeline\\Pipeline->Illuminate\\Pipeline\\{closure}(Object(Illuminate\\Http\\Request))
#90 /Users/aldyhelix/Projects/www/backend_rmi/vendor/laravel/framework/src/Illuminate/Pipeline/Pipeline.php(167): Illuminate\\Http\\Middleware\\TrustProxies->handle(Object(Illuminate\\Http\\Request), Object(Closure))
#91 /Users/aldyhelix/Projects/www/backend_rmi/vendor/laravel/framework/src/Illuminate/Pipeline/Pipeline.php(103): Illuminate\\Pipeline\\Pipeline->Illuminate\\Pipeline\\{closure}(Object(Illuminate\\Http\\Request))
#92 /Users/aldyhelix/Projects/www/backend_rmi/vendor/laravel/framework/src/Illuminate/Foundation/Http/Kernel.php(142): Illuminate\\Pipeline\\Pipeline->then(Object(Closure))
#93 /Users/aldyhelix/Projects/www/backend_rmi/vendor/laravel/framework/src/Illuminate/Foundation/Http/Kernel.php(111): Illuminate\\Foundation\\Http\\Kernel->sendRequestThroughRouter(Object(Illuminate\\Http\\Request))
#94 /Users/aldyhelix/Projects/www/backend_rmi/public/index.php(58): Illuminate\\Foundation\\Http\\Kernel->handle(Object(Illuminate\\Http\\Request))
#95 /Applications/Herd.app/Contents/Resources/valet/server.php(153): require('/Users/aldyheli...')
#96 {main}
"} 
[2024-06-09 17:05:55] production.ERROR: Undefined variable $data (View: /Users/aldyhelix/Projects/www/backend_rmi/resources/views/components/table.blade.php) {"view":{"view":"/Users/aldyhelix/Projects/www/backend_rmi/storage/framework/views/6db3cb686217efb2acc5368dcf387cd0bf47d72a.php","data":[]},"userId":1,"exception":"[object] (Facade\\Ignition\\Exceptions\\ViewException(code: 0): Undefined variable $data (View: /Users/aldyhelix/Projects/www/backend_rmi/resources/views/components/table.blade.php) at /Users/aldyhelix/Projects/www/backend_rmi/storage/framework/views/6db3cb686217efb2acc5368dcf387cd0bf47d72a.php:9)
[stacktrace]
#0 /Users/aldyhelix/Projects/www/backend_rmi/storage/framework/views/6db3cb686217efb2acc5368dcf387cd0bf47d72a.php(9): Illuminate\\Foundation\\Bootstrap\\HandleExceptions->handleError(2, 'Undefined varia...', '/Users/aldyheli...', 9)
#1 /Users/aldyhelix/Projects/www/backend_rmi/vendor/livewire/livewire/src/ComponentConcerns/RendersLivewireComponents.php(83): include('/Users/aldyheli...')
#2 /Users/aldyhelix/Projects/www/backend_rmi/vendor/livewire/livewire/src/ComponentConcerns/RendersLivewireComponents.php(84): App\\Http\\Livewire\\Dashboard->Livewire\\ComponentConcerns\\{closure}()
#3 /Users/aldyhelix/Projects/www/backend_rmi/vendor/livewire/livewire/src/ComponentConcerns/RendersLivewireComponents.php(59): Livewire\\CompilerEngineForIgnition->evaluatePath('/Users/aldyheli...', Array)
#4 /Users/aldyhelix/Projects/www/backend_rmi/vendor/laravel/framework/src/Illuminate/View/View.php(139): Livewire\\CompilerEngineForIgnition->get('/Users/aldyheli...', Array)
#5 /Users/aldyhelix/Projects/www/backend_rmi/vendor/laravel/framework/src/Illuminate/View/View.php(122): Illuminate\\View\\View->getContents()
#6 /Users/aldyhelix/Projects/www/backend_rmi/vendor/laravel/framework/src/Illuminate/View/View.php(91): Illuminate\\View\\View->renderContents()
#7 /Users/aldyhelix/Projects/www/backend_rmi/vendor/laravel/framework/src/Illuminate/View/Concerns/ManagesComponents.php(100): Illuminate\\View\\View->render()
#8 /Users/aldyhelix/Projects/www/backend_rmi/storage/framework/views/f4899b702c6a16f1c873549d32bc50b1e46a780c.php(522): Illuminate\\View\\Factory->renderComponent()
#9 /Users/aldyhelix/Projects/www/backend_rmi/vendor/livewire/livewire/src/ComponentConcerns/RendersLivewireComponents.php(83): include('/Users/aldyheli...')
#10 /Users/aldyhelix/Projects/www/backend_rmi/vendor/livewire/livewire/src/ComponentConcerns/RendersLivewireComponents.php(84): App\\Http\\Livewire\\Dashboard->Livewire\\ComponentConcerns\\{closure}()
#11 /Users/aldyhelix/Projects/www/backend_rmi/vendor/livewire/livewire/src/ComponentConcerns/RendersLivewireComponents.php(59): Livewire\\CompilerEngineForIgnition->evaluatePath('/Users/aldyheli...', Array)
#12 /Users/aldyhelix/Projects/www/backend_rmi/vendor/laravel/framework/src/Illuminate/View/View.php(139): Livewire\\CompilerEngineForIgnition->get('/Users/aldyheli...', Array)
#13 /Users/aldyhelix/Projects/www/backend_rmi/vendor/laravel/framework/src/Illuminate/View/View.php(122): Illuminate\\View\\View->getContents()
#14 /Users/aldyhelix/Projects/www/backend_rmi/vendor/laravel/framework/src/Illuminate/View/View.php(91): Illuminate\\View\\View->renderContents()
#15 /Users/aldyhelix/Projects/www/backend_rmi/vendor/livewire/livewire/src/Component.php(235): Illuminate\\View\\View->render()
#16 /Users/aldyhelix/Projects/www/backend_rmi/vendor/livewire/livewire/src/HydrationMiddleware/RenderView.php(14): Livewire\\Component->output()
#17 /Users/aldyhelix/Projects/www/backend_rmi/vendor/livewire/livewire/src/LifecycleManager.php(141): Livewire\\HydrationMiddleware\\RenderView::dehydrate(Object(App\\Http\\Livewire\\Dashboard), Object(Livewire\\Response))
#18 /Users/aldyhelix/Projects/www/backend_rmi/vendor/livewire/livewire/src/LivewireManager.php(132): Livewire\\LifecycleManager->initialDehydrate()
#19 /Users/aldyhelix/Projects/www/backend_rmi/vendor/laravel/framework/src/Illuminate/Support/Facades/Facade.php(261): Livewire\\LivewireManager->mount('dashboard', Array)
#20 /Users/aldyhelix/Projects/www/backend_rmi/resources/views/admin/dashboard/platform.blade.php(13): Illuminate\\Support\\Facades\\Facade::__callStatic('mount', Array)
#21 /Users/aldyhelix/Projects/www/backend_rmi/vendor/laravel/framework/src/Illuminate/Filesystem/Filesystem.php(107): require('/Users/aldyheli...')
#22 /Users/aldyhelix/Projects/www/backend_rmi/vendor/laravel/framework/src/Illuminate/Filesystem/Filesystem.php(108): Illuminate\\Filesystem\\Filesystem::Illuminate\\Filesystem\\{closure}()
#23 /Users/aldyhelix/Projects/www/backend_rmi/vendor/laravel/framework/src/Illuminate/View/Engines/PhpEngine.php(58): Illuminate\\Filesystem\\Filesystem->getRequire('/Users/aldyheli...', Array)
#24 /Users/aldyhelix/Projects/www/backend_rmi/vendor/livewire/livewire/src/ComponentConcerns/RendersLivewireComponents.php(69): Illuminate\\View\\Engines\\PhpEngine->evaluatePath('/Users/aldyheli...', Array)
#25 /Users/aldyhelix/Projects/www/backend_rmi/vendor/laravel/framework/src/Illuminate/View/Engines/CompilerEngine.php(61): Livewire\\CompilerEngineForIgnition->evaluatePath('/Users/aldyheli...', Array)
#26 /Users/aldyhelix/Projects/www/backend_rmi/vendor/facade/ignition/src/Views/Engines/CompilerEngine.php(37): Illuminate\\View\\Engines\\CompilerEngine->get('/Users/aldyheli...', Array)
#27 /Users/aldyhelix/Projects/www/backend_rmi/vendor/livewire/livewire/src/ComponentConcerns/RendersLivewireComponents.php(35): Facade\\Ignition\\Views\\Engines\\CompilerEngine->get('/Users/aldyheli...', Array)
#28 /Users/aldyhelix/Projects/www/backend_rmi/vendor/laravel/framework/src/Illuminate/View/View.php(139): Livewire\\CompilerEngineForIgnition->get('/Users/aldyheli...', Array)
#29 /Users/aldyhelix/Projects/www/backend_rmi/vendor/laravel/framework/src/Illuminate/View/View.php(122): Illuminate\\View\\View->getContents()
#30 /Users/aldyhelix/Projects/www/backend_rmi/vendor/laravel/framework/src/Illuminate/View/View.php(91): Illuminate\\View\\View->renderContents()
#31 /Users/aldyhelix/Projects/www/backend_rmi/vendor/laravel/framework/src/Illuminate/Http/Response.php(69): Illuminate\\View\\View->render()
#32 /Users/aldyhelix/Projects/www/backend_rmi/vendor/laravel/framework/src/Illuminate/Http/Response.php(35): Illuminate\\Http\\Response->setContent(Object(Illuminate\\View\\View))
#33 /Users/aldyhelix/Projects/www/backend_rmi/vendor/laravel/framework/src/Illuminate/Routing/Router.php(820): Illuminate\\Http\\Response->__construct(Object(Illuminate\\View\\View), 200, Array)
#34 /Users/aldyhelix/Projects/www/backend_rmi/vendor/laravel/framework/src/Illuminate/Routing/Router.php(789): Illuminate\\Routing\\Router::toResponse(Object(Illuminate\\Http\\Request), Object(Illuminate\\View\\View))
#35 /Users/aldyhelix/Projects/www/backend_rmi/vendor/laravel/framework/src/Illuminate/Routing/Router.php(720): Illuminate\\Routing\\Router->prepareResponse(Object(Illuminate\\Http\\Request), Object(Illuminate\\View\\View))
#36 /Users/aldyhelix/Projects/www/backend_rmi/vendor/laravel/framework/src/Illuminate/Pipeline/Pipeline.php(128): Illuminate\\Routing\\Router->Illuminate\\Routing\\{closure}(Object(Illuminate\\Http\\Request))
#37 /Users/aldyhelix/Projects/www/backend_rmi/app/Http/Middleware/DashboardSetup.php(22): Illuminate\\Pipeline\\Pipeline->Illuminate\\Pipeline\\{closure}(Object(Illuminate\\Http\\Request))
#38 /Users/aldyhelix/Projects/www/backend_rmi/vendor/laravel/framework/src/Illuminate/Pipeline/Pipeline.php(167): App\\Http\\Middleware\\DashboardSetup->handle(Object(Illuminate\\Http\\Request), Object(Closure))
#39 /Users/aldyhelix/Projects/www/backend_rmi/app/Http/Middleware/CheckIfBillingInfoRequired.php(24): Illuminate\\Pipeline\\Pipeline->Illuminate\\Pipeline\\{closure}(Object(Illuminate\\Http\\Request))
#40 /Users/aldyhelix/Projects/www/backend_rmi/vendor/laravel/framework/src/Illuminate/Pipeline/Pipeline.php(167): App\\Http\\Middleware\\CheckIfBillingInfoRequired->handle(Object(Illuminate\\Http\\Request), Object(Closure))
#41 /Users/aldyhelix/Projects/www/backend_rmi/app/Http/Middleware/VerifyUserIsSubscribed.php(25): Illuminate\\Pipeline\\Pipeline->Illuminate\\Pipeline\\{closure}(Object(Illuminate\\Http\\Request))
#42 /Users/aldyhelix/Projects/www/backend_rmi/vendor/laravel/framework/src/Illuminate/Pipeline/Pipeline.php(167): App\\Http\\Middleware\\VerifyUserIsSubscribed->handle(Object(Illuminate\\Http\\Request), Object(Closure))
#43 /Users/aldyhelix/Projects/www/backend_rmi/app/Http/Middleware/CookieConsentMiddleware.php(21): Illuminate\\Pipeline\\Pipeline->Illuminate\\Pipeline\\{closure}(Object(Illuminate\\Http\\Request))
#44 /Users/aldyhelix/Projects/www/backend_rmi/vendor/laravel/framework/src/Illuminate/Pipeline/Pipeline.php(167): App\\Http\\Middleware\\CookieConsentMiddleware->handle(Object(Illuminate\\Http\\Request), Object(Closure))
#45 /Users/aldyhelix/Projects/www/backend_rmi/app/Http/Middleware/Language.php(64): Illuminate\\Pipeline\\Pipeline->Illuminate\\Pipeline\\{closure}(Object(Illuminate\\Http\\Request))
#46 /Users/aldyhelix/Projects/www/backend_rmi/vendor/laravel/framework/src/Illuminate/Pipeline/Pipeline.php(167): App\\Http\\Middleware\\Language->handle(Object(Illuminate\\Http\\Request), Object(Closure))
#47 /Users/aldyhelix/Projects/www/backend_rmi/app/Http/Middleware/InitSettings.php(8): Illuminate\\Pipeline\\Pipeline->Illuminate\\Pipeline\\{closure}(Object(Illuminate\\Http\\Request))
#48 /Users/aldyhelix/Projects/www/backend_rmi/vendor/laravel/framework/src/Illuminate/Pipeline/Pipeline.php(167): App\\Http\\Middleware\\InitSettings->handle(Object(Illuminate\\Http\\Request), Object(Closure))
#49 /Users/aldyhelix/Projects/www/backend_rmi/vendor/laravel/framework/src/Illuminate/Routing/Middleware/SubstituteBindings.php(50): Illuminate\\Pipeline\\Pipeline->Illuminate\\Pipeline\\{closure}(Object(Illuminate\\Http\\Request))
#50 /Users/aldyhelix/Projects/www/backend_rmi/vendor/laravel/framework/src/Illuminate/Pipeline/Pipeline.php(167): Illuminate\\Routing\\Middleware\\SubstituteBindings->handle(Object(Illuminate\\Http\\Request), Object(Closure))
#51 /Users/aldyhelix/Projects/www/backend_rmi/vendor/laravel/framework/src/Illuminate/Auth/Middleware/Authenticate.php(44): Illuminate\\Pipeline\\Pipeline->Illuminate\\Pipeline\\{closure}(Object(Illuminate\\Http\\Request))
#52 /Users/aldyhelix/Projects/www/backend_rmi/vendor/laravel/framework/src/Illuminate/Pipeline/Pipeline.php(167): Illuminate\\Auth\\Middleware\\Authenticate->handle(Object(Illuminate\\Http\\Request), Object(Closure))
#53 /Users/aldyhelix/Projects/www/backend_rmi/vendor/laravel/framework/src/Illuminate/Foundation/Http/Middleware/VerifyCsrfToken.php(78): Illuminate\\Pipeline\\Pipeline->Illuminate\\Pipeline\\{closure}(Object(Illuminate\\Http\\Request))
#54 /Users/aldyhelix/Projects/www/backend_rmi/vendor/laravel/framework/src/Illuminate/Pipeline/Pipeline.php(167): Illuminate\\Foundation\\Http\\Middleware\\VerifyCsrfToken->handle(Object(Illuminate\\Http\\Request), Object(Closure))
#55 /Users/aldyhelix/Projects/www/backend_rmi/vendor/laravel/framework/src/Illuminate/View/Middleware/ShareErrorsFromSession.php(49): Illuminate\\Pipeline\\Pipeline->Illuminate\\Pipeline\\{closure}(Object(Illuminate\\Http\\Request))
#56 /Users/aldyhelix/Projects/www/backend_rmi/vendor/laravel/framework/src/Illuminate/Pipeline/Pipeline.php(167): Illuminate\\View\\Middleware\\ShareErrorsFromSession->handle(Object(Illuminate\\Http\\Request), Object(Closure))
#57 /Users/aldyhelix/Projects/www/backend_rmi/vendor/laravel/framework/src/Illuminate/Session/Middleware/StartSession.php(121): Illuminate\\Pipeline\\Pipeline->Illuminate\\Pipeline\\{closure}(Object(Illuminate\\Http\\Request))
#58 /Users/aldyhelix/Projects/www/backend_rmi/vendor/laravel/framework/src/Illuminate/Session/Middleware/StartSession.php(64): Illuminate\\Session\\Middleware\\StartSession->handleStatefulRequest(Object(Illuminate\\Http\\Request), Object(Illuminate\\Session\\EncryptedStore), Object(Closure))
#59 /Users/aldyhelix/Projects/www/backend_rmi/vendor/laravel/framework/src/Illuminate/Pipeline/Pipeline.php(167): Illuminate\\Session\\Middleware\\StartSession->handle(Object(Illuminate\\Http\\Request), Object(Closure))
#60 /Users/aldyhelix/Projects/www/backend_rmi/vendor/laravel/framework/src/Illuminate/Cookie/Middleware/AddQueuedCookiesToResponse.php(37): Illuminate\\Pipeline\\Pipeline->Illuminate\\Pipeline\\{closure}(Object(Illuminate\\Http\\Request))
#61 /Users/aldyhelix/Projects/www/backend_rmi/vendor/laravel/framework/src/Illuminate/Pipeline/Pipeline.php(167): Illuminate\\Cookie\\Middleware\\AddQueuedCookiesToResponse->handle(Object(Illuminate\\Http\\Request), Object(Closure))
#62 /Users/aldyhelix/Projects/www/backend_rmi/vendor/laravel/framework/src/Illuminate/Cookie/Middleware/EncryptCookies.php(67): Illuminate\\Pipeline\\Pipeline->Illuminate\\Pipeline\\{closure}(Object(Illuminate\\Http\\Request))
#63 /Users/aldyhelix/Projects/www/backend_rmi/vendor/laravel/framework/src/Illuminate/Pipeline/Pipeline.php(167): Illuminate\\Cookie\\Middleware\\EncryptCookies->handle(Object(Illuminate\\Http\\Request), Object(Closure))
#64 /Users/aldyhelix/Projects/www/backend_rmi/vendor/laravel/framework/src/Illuminate/Pipeline/Pipeline.php(103): Illuminate\\Pipeline\\Pipeline->Illuminate\\Pipeline\\{closure}(Object(Illuminate\\Http\\Request))
#65 /Users/aldyhelix/Projects/www/backend_rmi/vendor/laravel/framework/src/Illuminate/Routing/Router.php(719): Illuminate\\Pipeline\\Pipeline->then(Object(Closure))
#66 /Users/aldyhelix/Projects/www/backend_rmi/vendor/laravel/framework/src/Illuminate/Routing/Router.php(698): Illuminate\\Routing\\Router->runRouteWithinStack(Object(Illuminate\\Routing\\Route), Object(Illuminate\\Http\\Request))
#67 /Users/aldyhelix/Projects/www/backend_rmi/vendor/laravel/framework/src/Illuminate/Routing/Router.php(662): Illuminate\\Routing\\Router->runRoute(Object(Illuminate\\Http\\Request), Object(Illuminate\\Routing\\Route))
#68 /Users/aldyhelix/Projects/www/backend_rmi/vendor/laravel/framework/src/Illuminate/Routing/Router.php(651): Illuminate\\Routing\\Router->dispatchToRoute(Object(Illuminate\\Http\\Request))
#69 /Users/aldyhelix/Projects/www/backend_rmi/vendor/laravel/framework/src/Illuminate/Foundation/Http/Kernel.php(167): Illuminate\\Routing\\Router->dispatch(Object(Illuminate\\Http\\Request))
#70 /Users/aldyhelix/Projects/www/backend_rmi/vendor/laravel/framework/src/Illuminate/Pipeline/Pipeline.php(128): Illuminate\\Foundation\\Http\\Kernel->Illuminate\\Foundation\\Http\\{closure}(Object(Illuminate\\Http\\Request))
#71 /Users/aldyhelix/Projects/www/backend_rmi/vendor/livewire/livewire/src/DisableBrowserCache.php(19): Illuminate\\Pipeline\\Pipeline->Illuminate\\Pipeline\\{closure}(Object(Illuminate\\Http\\Request))
#72 /Users/aldyhelix/Projects/www/backend_rmi/vendor/laravel/framework/src/Illuminate/Pipeline/Pipeline.php(167): Livewire\\DisableBrowserCache->handle(Object(Illuminate\\Http\\Request), Object(Closure))
#73 /Users/aldyhelix/Projects/www/backend_rmi/vendor/barryvdh/laravel-debugbar/src/Middleware/InjectDebugbar.php(66): Illuminate\\Pipeline\\Pipeline->Illuminate\\Pipeline\\{closure}(Object(Illuminate\\Http\\Request))
#74 /Users/aldyhelix/Projects/www/backend_rmi/vendor/laravel/framework/src/Illuminate/Pipeline/Pipeline.php(167): Barryvdh\\Debugbar\\Middleware\\InjectDebugbar->handle(Object(Illuminate\\Http\\Request), Object(Closure))
#75 /Users/aldyhelix/Projects/www/backend_rmi/app/Http/Middleware/CheckForInstallation.php(19): Illuminate\\Pipeline\\Pipeline->Illuminate\\Pipeline\\{closure}(Object(Illuminate\\Http\\Request))
#76 /Users/aldyhelix/Projects/www/backend_rmi/vendor/laravel/framework/src/Illuminate/Pipeline/Pipeline.php(167): App\\Http\\Middleware\\CheckForInstallation->handle(Object(Illuminate\\Http\\Request), Object(Closure))
#77 /Users/aldyhelix/Projects/www/backend_rmi/vendor/laravel/framework/src/Illuminate/Foundation/Http/Middleware/TransformsRequest.php(21): Illuminate\\Pipeline\\Pipeline->Illuminate\\Pipeline\\{closure}(Object(Illuminate\\Http\\Request))
#78 /Users/aldyhelix/Projects/www/backend_rmi/vendor/laravel/framework/src/Illuminate/Foundation/Http/Middleware/ConvertEmptyStringsToNull.php(31): Illuminate\\Foundation\\Http\\Middleware\\TransformsRequest->handle(Object(Illuminate\\Http\\Request), Object(Closure))
#79 /Users/aldyhelix/Projects/www/backend_rmi/vendor/laravel/framework/src/Illuminate/Pipeline/Pipeline.php(167): Illuminate\\Foundation\\Http\\Middleware\\ConvertEmptyStringsToNull->handle(Object(Illuminate\\Http\\Request), Object(Closure))
#80 /Users/aldyhelix/Projects/www/backend_rmi/vendor/laravel/framework/src/Illuminate/Foundation/Http/Middleware/TransformsRequest.php(21): Illuminate\\Pipeline\\Pipeline->Illuminate\\Pipeline\\{closure}(Object(Illuminate\\Http\\Request))
#81 /Users/aldyhelix/Projects/www/backend_rmi/vendor/laravel/framework/src/Illuminate/Foundation/Http/Middleware/TrimStrings.php(40): Illuminate\\Foundation\\Http\\Middleware\\TransformsRequest->handle(Object(Illuminate\\Http\\Request), Object(Closure))
#82 /Users/aldyhelix/Projects/www/backend_rmi/vendor/laravel/framework/src/Illuminate/Pipeline/Pipeline.php(167): Illuminate\\Foundation\\Http\\Middleware\\TrimStrings->handle(Object(Illuminate\\Http\\Request), Object(Closure))
#83 /Users/aldyhelix/Projects/www/backend_rmi/vendor/laravel/framework/src/Illuminate/Foundation/Http/Middleware/ValidatePostSize.php(27): Illuminate\\Pipeline\\Pipeline->Illuminate\\Pipeline\\{closure}(Object(Illuminate\\Http\\Request))
#84 /Users/aldyhelix/Projects/www/backend_rmi/vendor/laravel/framework/src/Illuminate/Pipeline/Pipeline.php(167): Illuminate\\Foundation\\Http\\Middleware\\ValidatePostSize->handle(Object(Illuminate\\Http\\Request), Object(Closure))
#85 /Users/aldyhelix/Projects/www/backend_rmi/vendor/laravel/framework/src/Illuminate/Foundation/Http/Middleware/PreventRequestsDuringMaintenance.php(86): Illuminate\\Pipeline\\Pipeline->Illuminate\\Pipeline\\{closure}(Object(Illuminate\\Http\\Request))
#86 /Users/aldyhelix/Projects/www/backend_rmi/vendor/laravel/framework/src/Illuminate/Pipeline/Pipeline.php(167): Illuminate\\Foundation\\Http\\Middleware\\PreventRequestsDuringMaintenance->handle(Object(Illuminate\\Http\\Request), Object(Closure))
#87 /Users/aldyhelix/Projects/www/backend_rmi/vendor/fruitcake/laravel-cors/src/HandleCors.php(38): Illuminate\\Pipeline\\Pipeline->Illuminate\\Pipeline\\{closure}(Object(Illuminate\\Http\\Request))
#88 /Users/aldyhelix/Projects/www/backend_rmi/vendor/laravel/framework/src/Illuminate/Pipeline/Pipeline.php(167): Fruitcake\\Cors\\HandleCors->handle(Object(Illuminate\\Http\\Request), Object(Closure))
#89 /Users/aldyhelix/Projects/www/backend_rmi/vendor/laravel/framework/src/Illuminate/Http/Middleware/TrustProxies.php(39): Illuminate\\Pipeline\\Pipeline->Illuminate\\Pipeline\\{closure}(Object(Illuminate\\Http\\Request))
#90 /Users/aldyhelix/Projects/www/backend_rmi/vendor/laravel/framework/src/Illuminate/Pipeline/Pipeline.php(167): Illuminate\\Http\\Middleware\\TrustProxies->handle(Object(Illuminate\\Http\\Request), Object(Closure))
#91 /Users/aldyhelix/Projects/www/backend_rmi/vendor/laravel/framework/src/Illuminate/Pipeline/Pipeline.php(103): Illuminate\\Pipeline\\Pipeline->Illuminate\\Pipeline\\{closure}(Object(Illuminate\\Http\\Request))
#92 /Users/aldyhelix/Projects/www/backend_rmi/vendor/laravel/framework/src/Illuminate/Foundation/Http/Kernel.php(142): Illuminate\\Pipeline\\Pipeline->then(Object(Closure))
#93 /Users/aldyhelix/Projects/www/backend_rmi/vendor/laravel/framework/src/Illuminate/Foundation/Http/Kernel.php(111): Illuminate\\Foundation\\Http\\Kernel->sendRequestThroughRouter(Object(Illuminate\\Http\\Request))
#94 /Users/aldyhelix/Projects/www/backend_rmi/public/index.php(58): Illuminate\\Foundation\\Http\\Kernel->handle(Object(Illuminate\\Http\\Request))
#95 /Applications/Herd.app/Contents/Resources/valet/server.php(153): require('/Users/aldyheli...')
#96 {main}

[previous exception] [object] (ErrorException(code: 0): Undefined variable $data at /Users/aldyhelix/Projects/www/backend_rmi/storage/framework/views/6db3cb686217efb2acc5368dcf387cd0bf47d72a.php:9)
[stacktrace]
#0 /Users/aldyhelix/Projects/www/backend_rmi/storage/framework/views/6db3cb686217efb2acc5368dcf387cd0bf47d72a.php(9): Illuminate\\Foundation\\Bootstrap\\HandleExceptions->handleError(2, 'Undefined varia...', '/Users/aldyheli...', 9)
#1 /Users/aldyhelix/Projects/www/backend_rmi/vendor/livewire/livewire/src/ComponentConcerns/RendersLivewireComponents.php(83): include('/Users/aldyheli...')
#2 /Users/aldyhelix/Projects/www/backend_rmi/vendor/livewire/livewire/src/ComponentConcerns/RendersLivewireComponents.php(84): App\\Http\\Livewire\\Dashboard->Livewire\\ComponentConcerns\\{closure}()
#3 /Users/aldyhelix/Projects/www/backend_rmi/vendor/livewire/livewire/src/ComponentConcerns/RendersLivewireComponents.php(59): Livewire\\CompilerEngineForIgnition->evaluatePath('/Users/aldyheli...', Array)
#4 /Users/aldyhelix/Projects/www/backend_rmi/vendor/laravel/framework/src/Illuminate/View/View.php(139): Livewire\\CompilerEngineForIgnition->get('/Users/aldyheli...', Array)
#5 /Users/aldyhelix/Projects/www/backend_rmi/vendor/laravel/framework/src/Illuminate/View/View.php(122): Illuminate\\View\\View->getContents()
#6 /Users/aldyhelix/Projects/www/backend_rmi/vendor/laravel/framework/src/Illuminate/View/View.php(91): Illuminate\\View\\View->renderContents()
#7 /Users/aldyhelix/Projects/www/backend_rmi/vendor/laravel/framework/src/Illuminate/View/Concerns/ManagesComponents.php(100): Illuminate\\View\\View->render()
#8 /Users/aldyhelix/Projects/www/backend_rmi/storage/framework/views/f4899b702c6a16f1c873549d32bc50b1e46a780c.php(522): Illuminate\\View\\Factory->renderComponent()
#9 /Users/aldyhelix/Projects/www/backend_rmi/vendor/livewire/livewire/src/ComponentConcerns/RendersLivewireComponents.php(83): include('/Users/aldyheli...')
#10 /Users/aldyhelix/Projects/www/backend_rmi/vendor/livewire/livewire/src/ComponentConcerns/RendersLivewireComponents.php(84): App\\Http\\Livewire\\Dashboard->Livewire\\ComponentConcerns\\{closure}()
#11 /Users/aldyhelix/Projects/www/backend_rmi/vendor/livewire/livewire/src/ComponentConcerns/RendersLivewireComponents.php(59): Livewire\\CompilerEngineForIgnition->evaluatePath('/Users/aldyheli...', Array)
#12 /Users/aldyhelix/Projects/www/backend_rmi/vendor/laravel/framework/src/Illuminate/View/View.php(139): Livewire\\CompilerEngineForIgnition->get('/Users/aldyheli...', Array)
#13 /Users/aldyhelix/Projects/www/backend_rmi/vendor/laravel/framework/src/Illuminate/View/View.php(122): Illuminate\\View\\View->getContents()
#14 /Users/aldyhelix/Projects/www/backend_rmi/vendor/laravel/framework/src/Illuminate/View/View.php(91): Illuminate\\View\\View->renderContents()
#15 /Users/aldyhelix/Projects/www/backend_rmi/vendor/livewire/livewire/src/Component.php(235): Illuminate\\View\\View->render()
#16 /Users/aldyhelix/Projects/www/backend_rmi/vendor/livewire/livewire/src/HydrationMiddleware/RenderView.php(14): Livewire\\Component->output()
#17 /Users/aldyhelix/Projects/www/backend_rmi/vendor/livewire/livewire/src/LifecycleManager.php(141): Livewire\\HydrationMiddleware\\RenderView::dehydrate(Object(App\\Http\\Livewire\\Dashboard), Object(Livewire\\Response))
#18 /Users/aldyhelix/Projects/www/backend_rmi/vendor/livewire/livewire/src/LivewireManager.php(132): Livewire\\LifecycleManager->initialDehydrate()
#19 /Users/aldyhelix/Projects/www/backend_rmi/vendor/laravel/framework/src/Illuminate/Support/Facades/Facade.php(261): Livewire\\LivewireManager->mount('dashboard', Array)
#20 /Users/aldyhelix/Projects/www/backend_rmi/storage/framework/views/7614a377bf597da1c7ed67416eae576b7feee755.php(13): Illuminate\\Support\\Facades\\Facade::__callStatic('mount', Array)
#21 /Users/aldyhelix/Projects/www/backend_rmi/vendor/laravel/framework/src/Illuminate/Filesystem/Filesystem.php(107): require('/Users/aldyheli...')
#22 /Users/aldyhelix/Projects/www/backend_rmi/vendor/laravel/framework/src/Illuminate/Filesystem/Filesystem.php(108): Illuminate\\Filesystem\\Filesystem::Illuminate\\Filesystem\\{closure}()
#23 /Users/aldyhelix/Projects/www/backend_rmi/vendor/laravel/framework/src/Illuminate/View/Engines/PhpEngine.php(58): Illuminate\\Filesystem\\Filesystem->getRequire('/Users/aldyheli...', Array)
#24 /Users/aldyhelix/Projects/www/backend_rmi/vendor/livewire/livewire/src/ComponentConcerns/RendersLivewireComponents.php(69): Illuminate\\View\\Engines\\PhpEngine->evaluatePath('/Users/aldyheli...', Array)
#25 /Users/aldyhelix/Projects/www/backend_rmi/vendor/laravel/framework/src/Illuminate/View/Engines/CompilerEngine.php(61): Livewire\\CompilerEngineForIgnition->evaluatePath('/Users/aldyheli...', Array)
#26 /Users/aldyhelix/Projects/www/backend_rmi/vendor/facade/ignition/src/Views/Engines/CompilerEngine.php(37): Illuminate\\View\\Engines\\CompilerEngine->get('/Users/aldyheli...', Array)
#27 /Users/aldyhelix/Projects/www/backend_rmi/vendor/livewire/livewire/src/ComponentConcerns/RendersLivewireComponents.php(35): Facade\\Ignition\\Views\\Engines\\CompilerEngine->get('/Users/aldyheli...', Array)
#28 /Users/aldyhelix/Projects/www/backend_rmi/vendor/laravel/framework/src/Illuminate/View/View.php(139): Livewire\\CompilerEngineForIgnition->get('/Users/aldyheli...', Array)
#29 /Users/aldyhelix/Projects/www/backend_rmi/vendor/laravel/framework/src/Illuminate/View/View.php(122): Illuminate\\View\\View->getContents()
#30 /Users/aldyhelix/Projects/www/backend_rmi/vendor/laravel/framework/src/Illuminate/View/View.php(91): Illuminate\\View\\View->renderContents()
#31 /Users/aldyhelix/Projects/www/backend_rmi/vendor/laravel/framework/src/Illuminate/Http/Response.php(69): Illuminate\\View\\View->render()
#32 /Users/aldyhelix/Projects/www/backend_rmi/vendor/laravel/framework/src/Illuminate/Http/Response.php(35): Illuminate\\Http\\Response->setContent(Object(Illuminate\\View\\View))
#33 /Users/aldyhelix/Projects/www/backend_rmi/vendor/laravel/framework/src/Illuminate/Routing/Router.php(820): Illuminate\\Http\\Response->__construct(Object(Illuminate\\View\\View), 200, Array)
#34 /Users/aldyhelix/Projects/www/backend_rmi/vendor/laravel/framework/src/Illuminate/Routing/Router.php(789): Illuminate\\Routing\\Router::toResponse(Object(Illuminate\\Http\\Request), Object(Illuminate\\View\\View))
#35 /Users/aldyhelix/Projects/www/backend_rmi/vendor/laravel/framework/src/Illuminate/Routing/Router.php(720): Illuminate\\Routing\\Router->prepareResponse(Object(Illuminate\\Http\\Request), Object(Illuminate\\View\\View))
#36 /Users/aldyhelix/Projects/www/backend_rmi/vendor/laravel/framework/src/Illuminate/Pipeline/Pipeline.php(128): Illuminate\\Routing\\Router->Illuminate\\Routing\\{closure}(Object(Illuminate\\Http\\Request))
#37 /Users/aldyhelix/Projects/www/backend_rmi/app/Http/Middleware/DashboardSetup.php(22): Illuminate\\Pipeline\\Pipeline->Illuminate\\Pipeline\\{closure}(Object(Illuminate\\Http\\Request))
#38 /Users/aldyhelix/Projects/www/backend_rmi/vendor/laravel/framework/src/Illuminate/Pipeline/Pipeline.php(167): App\\Http\\Middleware\\DashboardSetup->handle(Object(Illuminate\\Http\\Request), Object(Closure))
#39 /Users/aldyhelix/Projects/www/backend_rmi/app/Http/Middleware/CheckIfBillingInfoRequired.php(24): Illuminate\\Pipeline\\Pipeline->Illuminate\\Pipeline\\{closure}(Object(Illuminate\\Http\\Request))
#40 /Users/aldyhelix/Projects/www/backend_rmi/vendor/laravel/framework/src/Illuminate/Pipeline/Pipeline.php(167): App\\Http\\Middleware\\CheckIfBillingInfoRequired->handle(Object(Illuminate\\Http\\Request), Object(Closure))
#41 /Users/aldyhelix/Projects/www/backend_rmi/app/Http/Middleware/VerifyUserIsSubscribed.php(25): Illuminate\\Pipeline\\Pipeline->Illuminate\\Pipeline\\{closure}(Object(Illuminate\\Http\\Request))
#42 /Users/aldyhelix/Projects/www/backend_rmi/vendor/laravel/framework/src/Illuminate/Pipeline/Pipeline.php(167): App\\Http\\Middleware\\VerifyUserIsSubscribed->handle(Object(Illuminate\\Http\\Request), Object(Closure))
#43 /Users/aldyhelix/Projects/www/backend_rmi/app/Http/Middleware/CookieConsentMiddleware.php(21): Illuminate\\Pipeline\\Pipeline->Illuminate\\Pipeline\\{closure}(Object(Illuminate\\Http\\Request))
#44 /Users/aldyhelix/Projects/www/backend_rmi/vendor/laravel/framework/src/Illuminate/Pipeline/Pipeline.php(167): App\\Http\\Middleware\\CookieConsentMiddleware->handle(Object(Illuminate\\Http\\Request), Object(Closure))
#45 /Users/aldyhelix/Projects/www/backend_rmi/app/Http/Middleware/Language.php(64): Illuminate\\Pipeline\\Pipeline->Illuminate\\Pipeline\\{closure}(Object(Illuminate\\Http\\Request))
#46 /Users/aldyhelix/Projects/www/backend_rmi/vendor/laravel/framework/src/Illuminate/Pipeline/Pipeline.php(167): App\\Http\\Middleware\\Language->handle(Object(Illuminate\\Http\\Request), Object(Closure))
#47 /Users/aldyhelix/Projects/www/backend_rmi/app/Http/Middleware/InitSettings.php(8): Illuminate\\Pipeline\\Pipeline->Illuminate\\Pipeline\\{closure}(Object(Illuminate\\Http\\Request))
#48 /Users/aldyhelix/Projects/www/backend_rmi/vendor/laravel/framework/src/Illuminate/Pipeline/Pipeline.php(167): App\\Http\\Middleware\\InitSettings->handle(Object(Illuminate\\Http\\Request), Object(Closure))
#49 /Users/aldyhelix/Projects/www/backend_rmi/vendor/laravel/framework/src/Illuminate/Routing/Middleware/SubstituteBindings.php(50): Illuminate\\Pipeline\\Pipeline->Illuminate\\Pipeline\\{closure}(Object(Illuminate\\Http\\Request))
#50 /Users/aldyhelix/Projects/www/backend_rmi/vendor/laravel/framework/src/Illuminate/Pipeline/Pipeline.php(167): Illuminate\\Routing\\Middleware\\SubstituteBindings->handle(Object(Illuminate\\Http\\Request), Object(Closure))
#51 /Users/aldyhelix/Projects/www/backend_rmi/vendor/laravel/framework/src/Illuminate/Auth/Middleware/Authenticate.php(44): Illuminate\\Pipeline\\Pipeline->Illuminate\\Pipeline\\{closure}(Object(Illuminate\\Http\\Request))
#52 /Users/aldyhelix/Projects/www/backend_rmi/vendor/laravel/framework/src/Illuminate/Pipeline/Pipeline.php(167): Illuminate\\Auth\\Middleware\\Authenticate->handle(Object(Illuminate\\Http\\Request), Object(Closure))
#53 /Users/aldyhelix/Projects/www/backend_rmi/vendor/laravel/framework/src/Illuminate/Foundation/Http/Middleware/VerifyCsrfToken.php(78): Illuminate\\Pipeline\\Pipeline->Illuminate\\Pipeline\\{closure}(Object(Illuminate\\Http\\Request))
#54 /Users/aldyhelix/Projects/www/backend_rmi/vendor/laravel/framework/src/Illuminate/Pipeline/Pipeline.php(167): Illuminate\\Foundation\\Http\\Middleware\\VerifyCsrfToken->handle(Object(Illuminate\\Http\\Request), Object(Closure))
#55 /Users/aldyhelix/Projects/www/backend_rmi/vendor/laravel/framework/src/Illuminate/View/Middleware/ShareErrorsFromSession.php(49): Illuminate\\Pipeline\\Pipeline->Illuminate\\Pipeline\\{closure}(Object(Illuminate\\Http\\Request))
#56 /Users/aldyhelix/Projects/www/backend_rmi/vendor/laravel/framework/src/Illuminate/Pipeline/Pipeline.php(167): Illuminate\\View\\Middleware\\ShareErrorsFromSession->handle(Object(Illuminate\\Http\\Request), Object(Closure))
#57 /Users/aldyhelix/Projects/www/backend_rmi/vendor/laravel/framework/src/Illuminate/Session/Middleware/StartSession.php(121): Illuminate\\Pipeline\\Pipeline->Illuminate\\Pipeline\\{closure}(Object(Illuminate\\Http\\Request))
#58 /Users/aldyhelix/Projects/www/backend_rmi/vendor/laravel/framework/src/Illuminate/Session/Middleware/StartSession.php(64): Illuminate\\Session\\Middleware\\StartSession->handleStatefulRequest(Object(Illuminate\\Http\\Request), Object(Illuminate\\Session\\EncryptedStore), Object(Closure))
#59 /Users/aldyhelix/Projects/www/backend_rmi/vendor/laravel/framework/src/Illuminate/Pipeline/Pipeline.php(167): Illuminate\\Session\\Middleware\\StartSession->handle(Object(Illuminate\\Http\\Request), Object(Closure))
#60 /Users/aldyhelix/Projects/www/backend_rmi/vendor/laravel/framework/src/Illuminate/Cookie/Middleware/AddQueuedCookiesToResponse.php(37): Illuminate\\Pipeline\\Pipeline->Illuminate\\Pipeline\\{closure}(Object(Illuminate\\Http\\Request))
#61 /Users/aldyhelix/Projects/www/backend_rmi/vendor/laravel/framework/src/Illuminate/Pipeline/Pipeline.php(167): Illuminate\\Cookie\\Middleware\\AddQueuedCookiesToResponse->handle(Object(Illuminate\\Http\\Request), Object(Closure))
#62 /Users/aldyhelix/Projects/www/backend_rmi/vendor/laravel/framework/src/Illuminate/Cookie/Middleware/EncryptCookies.php(67): Illuminate\\Pipeline\\Pipeline->Illuminate\\Pipeline\\{closure}(Object(Illuminate\\Http\\Request))
#63 /Users/aldyhelix/Projects/www/backend_rmi/vendor/laravel/framework/src/Illuminate/Pipeline/Pipeline.php(167): Illuminate\\Cookie\\Middleware\\EncryptCookies->handle(Object(Illuminate\\Http\\Request), Object(Closure))
#64 /Users/aldyhelix/Projects/www/backend_rmi/vendor/laravel/framework/src/Illuminate/Pipeline/Pipeline.php(103): Illuminate\\Pipeline\\Pipeline->Illuminate\\Pipeline\\{closure}(Object(Illuminate\\Http\\Request))
#65 /Users/aldyhelix/Projects/www/backend_rmi/vendor/laravel/framework/src/Illuminate/Routing/Router.php(719): Illuminate\\Pipeline\\Pipeline->then(Object(Closure))
#66 /Users/aldyhelix/Projects/www/backend_rmi/vendor/laravel/framework/src/Illuminate/Routing/Router.php(698): Illuminate\\Routing\\Router->runRouteWithinStack(Object(Illuminate\\Routing\\Route), Object(Illuminate\\Http\\Request))
#67 /Users/aldyhelix/Projects/www/backend_rmi/vendor/laravel/framework/src/Illuminate/Routing/Router.php(662): Illuminate\\Routing\\Router->runRoute(Object(Illuminate\\Http\\Request), Object(Illuminate\\Routing\\Route))
#68 /Users/aldyhelix/Projects/www/backend_rmi/vendor/laravel/framework/src/Illuminate/Routing/Router.php(651): Illuminate\\Routing\\Router->dispatchToRoute(Object(Illuminate\\Http\\Request))
#69 /Users/aldyhelix/Projects/www/backend_rmi/vendor/laravel/framework/src/Illuminate/Foundation/Http/Kernel.php(167): Illuminate\\Routing\\Router->dispatch(Object(Illuminate\\Http\\Request))
#70 /Users/aldyhelix/Projects/www/backend_rmi/vendor/laravel/framework/src/Illuminate/Pipeline/Pipeline.php(128): Illuminate\\Foundation\\Http\\Kernel->Illuminate\\Foundation\\Http\\{closure}(Object(Illuminate\\Http\\Request))
#71 /Users/aldyhelix/Projects/www/backend_rmi/vendor/livewire/livewire/src/DisableBrowserCache.php(19): Illuminate\\Pipeline\\Pipeline->Illuminate\\Pipeline\\{closure}(Object(Illuminate\\Http\\Request))
#72 /Users/aldyhelix/Projects/www/backend_rmi/vendor/laravel/framework/src/Illuminate/Pipeline/Pipeline.php(167): Livewire\\DisableBrowserCache->handle(Object(Illuminate\\Http\\Request), Object(Closure))
#73 /Users/aldyhelix/Projects/www/backend_rmi/vendor/barryvdh/laravel-debugbar/src/Middleware/InjectDebugbar.php(66): Illuminate\\Pipeline\\Pipeline->Illuminate\\Pipeline\\{closure}(Object(Illuminate\\Http\\Request))
#74 /Users/aldyhelix/Projects/www/backend_rmi/vendor/laravel/framework/src/Illuminate/Pipeline/Pipeline.php(167): Barryvdh\\Debugbar\\Middleware\\InjectDebugbar->handle(Object(Illuminate\\Http\\Request), Object(Closure))
#75 /Users/aldyhelix/Projects/www/backend_rmi/app/Http/Middleware/CheckForInstallation.php(19): Illuminate\\Pipeline\\Pipeline->Illuminate\\Pipeline\\{closure}(Object(Illuminate\\Http\\Request))
#76 /Users/aldyhelix/Projects/www/backend_rmi/vendor/laravel/framework/src/Illuminate/Pipeline/Pipeline.php(167): App\\Http\\Middleware\\CheckForInstallation->handle(Object(Illuminate\\Http\\Request), Object(Closure))
#77 /Users/aldyhelix/Projects/www/backend_rmi/vendor/laravel/framework/src/Illuminate/Foundation/Http/Middleware/TransformsRequest.php(21): Illuminate\\Pipeline\\Pipeline->Illuminate\\Pipeline\\{closure}(Object(Illuminate\\Http\\Request))
#78 /Users/aldyhelix/Projects/www/backend_rmi/vendor/laravel/framework/src/Illuminate/Foundation/Http/Middleware/ConvertEmptyStringsToNull.php(31): Illuminate\\Foundation\\Http\\Middleware\\TransformsRequest->handle(Object(Illuminate\\Http\\Request), Object(Closure))
#79 /Users/aldyhelix/Projects/www/backend_rmi/vendor/laravel/framework/src/Illuminate/Pipeline/Pipeline.php(167): Illuminate\\Foundation\\Http\\Middleware\\ConvertEmptyStringsToNull->handle(Object(Illuminate\\Http\\Request), Object(Closure))
#80 /Users/aldyhelix/Projects/www/backend_rmi/vendor/laravel/framework/src/Illuminate/Foundation/Http/Middleware/TransformsRequest.php(21): Illuminate\\Pipeline\\Pipeline->Illuminate\\Pipeline\\{closure}(Object(Illuminate\\Http\\Request))
#81 /Users/aldyhelix/Projects/www/backend_rmi/vendor/laravel/framework/src/Illuminate/Foundation/Http/Middleware/TrimStrings.php(40): Illuminate\\Foundation\\Http\\Middleware\\TransformsRequest->handle(Object(Illuminate\\Http\\Request), Object(Closure))
#82 /Users/aldyhelix/Projects/www/backend_rmi/vendor/laravel/framework/src/Illuminate/Pipeline/Pipeline.php(167): Illuminate\\Foundation\\Http\\Middleware\\TrimStrings->handle(Object(Illuminate\\Http\\Request), Object(Closure))
#83 /Users/aldyhelix/Projects/www/backend_rmi/vendor/laravel/framework/src/Illuminate/Foundation/Http/Middleware/ValidatePostSize.php(27): Illuminate\\Pipeline\\Pipeline->Illuminate\\Pipeline\\{closure}(Object(Illuminate\\Http\\Request))
#84 /Users/aldyhelix/Projects/www/backend_rmi/vendor/laravel/framework/src/Illuminate/Pipeline/Pipeline.php(167): Illuminate\\Foundation\\Http\\Middleware\\ValidatePostSize->handle(Object(Illuminate\\Http\\Request), Object(Closure))
#85 /Users/aldyhelix/Projects/www/backend_rmi/vendor/laravel/framework/src/Illuminate/Foundation/Http/Middleware/PreventRequestsDuringMaintenance.php(86): Illuminate\\Pipeline\\Pipeline->Illuminate\\Pipeline\\{closure}(Object(Illuminate\\Http\\Request))
#86 /Users/aldyhelix/Projects/www/backend_rmi/vendor/laravel/framework/src/Illuminate/Pipeline/Pipeline.php(167): Illuminate\\Foundation\\Http\\Middleware\\PreventRequestsDuringMaintenance->handle(Object(Illuminate\\Http\\Request), Object(Closure))
#87 /Users/aldyhelix/Projects/www/backend_rmi/vendor/fruitcake/laravel-cors/src/HandleCors.php(38): Illuminate\\Pipeline\\Pipeline->Illuminate\\Pipeline\\{closure}(Object(Illuminate\\Http\\Request))
#88 /Users/aldyhelix/Projects/www/backend_rmi/vendor/laravel/framework/src/Illuminate/Pipeline/Pipeline.php(167): Fruitcake\\Cors\\HandleCors->handle(Object(Illuminate\\Http\\Request), Object(Closure))
#89 /Users/aldyhelix/Projects/www/backend_rmi/vendor/laravel/framework/src/Illuminate/Http/Middleware/TrustProxies.php(39): Illuminate\\Pipeline\\Pipeline->Illuminate\\Pipeline\\{closure}(Object(Illuminate\\Http\\Request))
#90 /Users/aldyhelix/Projects/www/backend_rmi/vendor/laravel/framework/src/Illuminate/Pipeline/Pipeline.php(167): Illuminate\\Http\\Middleware\\TrustProxies->handle(Object(Illuminate\\Http\\Request), Object(Closure))
#91 /Users/aldyhelix/Projects/www/backend_rmi/vendor/laravel/framework/src/Illuminate/Pipeline/Pipeline.php(103): Illuminate\\Pipeline\\Pipeline->Illuminate\\Pipeline\\{closure}(Object(Illuminate\\Http\\Request))
#92 /Users/aldyhelix/Projects/www/backend_rmi/vendor/laravel/framework/src/Illuminate/Foundation/Http/Kernel.php(142): Illuminate\\Pipeline\\Pipeline->then(Object(Closure))
#93 /Users/aldyhelix/Projects/www/backend_rmi/vendor/laravel/framework/src/Illuminate/Foundation/Http/Kernel.php(111): Illuminate\\Foundation\\Http\\Kernel->sendRequestThroughRouter(Object(Illuminate\\Http\\Request))
#94 /Users/aldyhelix/Projects/www/backend_rmi/public/index.php(58): Illuminate\\Foundation\\Http\\Kernel->handle(Object(Illuminate\\Http\\Request))
#95 /Applications/Herd.app/Contents/Resources/valet/server.php(153): require('/Users/aldyheli...')
#96 {main}
"} 
[2024-06-09 17:18:54] production.ERROR: Unresolvable dependency resolving [Parameter #0 [ <required> $chart_data ]] in class App\View\Components\Chart (View: /Users/aldyhelix/Projects/www/backend_rmi/resources/views/livewire/dashboard.blade.php) {"view":{"view":"/Users/aldyhelix/Projects/www/backend_rmi/vendor/laravel/framework/src/Illuminate/Container/Container.php","data":[]},"userId":1,"exception":"[object] (Facade\\Ignition\\Exceptions\\ViewException(code: 0): Unresolvable dependency resolving [Parameter #0 [ <required> $chart_data ]] in class App\\View\\Components\\Chart (View: /Users/aldyhelix/Projects/www/backend_rmi/resources/views/livewire/dashboard.blade.php) at /Users/aldyhelix/Projects/www/backend_rmi/vendor/laravel/framework/src/Illuminate/Container/Container.php:1104)
[stacktrace]
#0 /Users/aldyhelix/Projects/www/backend_rmi/vendor/laravel/framework/src/Illuminate/Container/Container.php(1011): Illuminate\\Container\\Container->unresolvablePrimitive(Object(ReflectionParameter))
#1 /Users/aldyhelix/Projects/www/backend_rmi/vendor/laravel/framework/src/Illuminate/Container/Container.php(946): Illuminate\\Container\\Container->resolvePrimitive(Object(ReflectionParameter))
#2 /Users/aldyhelix/Projects/www/backend_rmi/vendor/laravel/framework/src/Illuminate/Container/Container.php(908): Illuminate\\Container\\Container->resolveDependencies(Array)
#3 /Users/aldyhelix/Projects/www/backend_rmi/vendor/laravel/framework/src/Illuminate/Container/Container.php(758): Illuminate\\Container\\Container->build('App\\\\View\\\\Compon...')
#4 /Users/aldyhelix/Projects/www/backend_rmi/vendor/laravel/framework/src/Illuminate/Foundation/Application.php(851): Illuminate\\Container\\Container->resolve('App\\\\View\\\\Compon...', Array, true)
#5 /Users/aldyhelix/Projects/www/backend_rmi/vendor/laravel/framework/src/Illuminate/Container/Container.php(694): Illuminate\\Foundation\\Application->resolve('App\\\\View\\\\Compon...', Array)
#6 /Users/aldyhelix/Projects/www/backend_rmi/vendor/laravel/framework/src/Illuminate/Foundation/Application.php(836): Illuminate\\Container\\Container->make('App\\\\View\\\\Compon...', Array)
#7 /Users/aldyhelix/Projects/www/backend_rmi/storage/framework/views/f4899b702c6a16f1c873549d32bc50b1e46a780c.php(468): Illuminate\\Foundation\\Application->make('App\\\\View\\\\Compon...', Array)
#8 /Users/aldyhelix/Projects/www/backend_rmi/vendor/livewire/livewire/src/ComponentConcerns/RendersLivewireComponents.php(83): include('/Users/aldyheli...')
#9 /Users/aldyhelix/Projects/www/backend_rmi/vendor/livewire/livewire/src/ComponentConcerns/RendersLivewireComponents.php(84): App\\Http\\Livewire\\Dashboard->Livewire\\ComponentConcerns\\{closure}()
#10 /Users/aldyhelix/Projects/www/backend_rmi/vendor/livewire/livewire/src/ComponentConcerns/RendersLivewireComponents.php(59): Livewire\\CompilerEngineForIgnition->evaluatePath('/Users/aldyheli...', Array)
#11 /Users/aldyhelix/Projects/www/backend_rmi/vendor/laravel/framework/src/Illuminate/View/View.php(139): Livewire\\CompilerEngineForIgnition->get('/Users/aldyheli...', Array)
#12 /Users/aldyhelix/Projects/www/backend_rmi/vendor/laravel/framework/src/Illuminate/View/View.php(122): Illuminate\\View\\View->getContents()
#13 /Users/aldyhelix/Projects/www/backend_rmi/vendor/laravel/framework/src/Illuminate/View/View.php(91): Illuminate\\View\\View->renderContents()
#14 /Users/aldyhelix/Projects/www/backend_rmi/vendor/livewire/livewire/src/Component.php(235): Illuminate\\View\\View->render()
#15 /Users/aldyhelix/Projects/www/backend_rmi/vendor/livewire/livewire/src/HydrationMiddleware/RenderView.php(14): Livewire\\Component->output()
#16 /Users/aldyhelix/Projects/www/backend_rmi/vendor/livewire/livewire/src/LifecycleManager.php(141): Livewire\\HydrationMiddleware\\RenderView::dehydrate(Object(App\\Http\\Livewire\\Dashboard), Object(Livewire\\Response))
#17 /Users/aldyhelix/Projects/www/backend_rmi/vendor/livewire/livewire/src/LivewireManager.php(132): Livewire\\LifecycleManager->initialDehydrate()
#18 /Users/aldyhelix/Projects/www/backend_rmi/vendor/laravel/framework/src/Illuminate/Support/Facades/Facade.php(261): Livewire\\LivewireManager->mount('dashboard', Array)
#19 /Users/aldyhelix/Projects/www/backend_rmi/resources/views/admin/dashboard/platform.blade.php(13): Illuminate\\Support\\Facades\\Facade::__callStatic('mount', Array)
#20 /Users/aldyhelix/Projects/www/backend_rmi/vendor/laravel/framework/src/Illuminate/Filesystem/Filesystem.php(107): require('/Users/aldyheli...')
#21 /Users/aldyhelix/Projects/www/backend_rmi/vendor/laravel/framework/src/Illuminate/Filesystem/Filesystem.php(108): Illuminate\\Filesystem\\Filesystem::Illuminate\\Filesystem\\{closure}()
#22 /Users/aldyhelix/Projects/www/backend_rmi/vendor/laravel/framework/src/Illuminate/View/Engines/PhpEngine.php(58): Illuminate\\Filesystem\\Filesystem->getRequire('/Users/aldyheli...', Array)
#23 /Users/aldyhelix/Projects/www/backend_rmi/vendor/livewire/livewire/src/ComponentConcerns/RendersLivewireComponents.php(69): Illuminate\\View\\Engines\\PhpEngine->evaluatePath('/Users/aldyheli...', Array)
#24 /Users/aldyhelix/Projects/www/backend_rmi/vendor/laravel/framework/src/Illuminate/View/Engines/CompilerEngine.php(61): Livewire\\CompilerEngineForIgnition->evaluatePath('/Users/aldyheli...', Array)
#25 /Users/aldyhelix/Projects/www/backend_rmi/vendor/facade/ignition/src/Views/Engines/CompilerEngine.php(37): Illuminate\\View\\Engines\\CompilerEngine->get('/Users/aldyheli...', Array)
#26 /Users/aldyhelix/Projects/www/backend_rmi/vendor/livewire/livewire/src/ComponentConcerns/RendersLivewireComponents.php(35): Facade\\Ignition\\Views\\Engines\\CompilerEngine->get('/Users/aldyheli...', Array)
#27 /Users/aldyhelix/Projects/www/backend_rmi/vendor/laravel/framework/src/Illuminate/View/View.php(139): Livewire\\CompilerEngineForIgnition->get('/Users/aldyheli...', Array)
#28 /Users/aldyhelix/Projects/www/backend_rmi/vendor/laravel/framework/src/Illuminate/View/View.php(122): Illuminate\\View\\View->getContents()
#29 /Users/aldyhelix/Projects/www/backend_rmi/vendor/laravel/framework/src/Illuminate/View/View.php(91): Illuminate\\View\\View->renderContents()
#30 /Users/aldyhelix/Projects/www/backend_rmi/vendor/laravel/framework/src/Illuminate/Http/Response.php(69): Illuminate\\View\\View->render()
#31 /Users/aldyhelix/Projects/www/backend_rmi/vendor/laravel/framework/src/Illuminate/Http/Response.php(35): Illuminate\\Http\\Response->setContent(Object(Illuminate\\View\\View))
#32 /Users/aldyhelix/Projects/www/backend_rmi/vendor/laravel/framework/src/Illuminate/Routing/Router.php(820): Illuminate\\Http\\Response->__construct(Object(Illuminate\\View\\View), 200, Array)
#33 /Users/aldyhelix/Projects/www/backend_rmi/vendor/laravel/framework/src/Illuminate/Routing/Router.php(789): Illuminate\\Routing\\Router::toResponse(Object(Illuminate\\Http\\Request), Object(Illuminate\\View\\View))
#34 /Users/aldyhelix/Projects/www/backend_rmi/vendor/laravel/framework/src/Illuminate/Routing/Router.php(720): Illuminate\\Routing\\Router->prepareResponse(Object(Illuminate\\Http\\Request), Object(Illuminate\\View\\View))
#35 /Users/aldyhelix/Projects/www/backend_rmi/vendor/laravel/framework/src/Illuminate/Pipeline/Pipeline.php(128): Illuminate\\Routing\\Router->Illuminate\\Routing\\{closure}(Object(Illuminate\\Http\\Request))
#36 /Users/aldyhelix/Projects/www/backend_rmi/app/Http/Middleware/DashboardSetup.php(22): Illuminate\\Pipeline\\Pipeline->Illuminate\\Pipeline\\{closure}(Object(Illuminate\\Http\\Request))
#37 /Users/aldyhelix/Projects/www/backend_rmi/vendor/laravel/framework/src/Illuminate/Pipeline/Pipeline.php(167): App\\Http\\Middleware\\DashboardSetup->handle(Object(Illuminate\\Http\\Request), Object(Closure))
#38 /Users/aldyhelix/Projects/www/backend_rmi/app/Http/Middleware/CheckIfBillingInfoRequired.php(24): Illuminate\\Pipeline\\Pipeline->Illuminate\\Pipeline\\{closure}(Object(Illuminate\\Http\\Request))
#39 /Users/aldyhelix/Projects/www/backend_rmi/vendor/laravel/framework/src/Illuminate/Pipeline/Pipeline.php(167): App\\Http\\Middleware\\CheckIfBillingInfoRequired->handle(Object(Illuminate\\Http\\Request), Object(Closure))
#40 /Users/aldyhelix/Projects/www/backend_rmi/app/Http/Middleware/VerifyUserIsSubscribed.php(25): Illuminate\\Pipeline\\Pipeline->Illuminate\\Pipeline\\{closure}(Object(Illuminate\\Http\\Request))
#41 /Users/aldyhelix/Projects/www/backend_rmi/vendor/laravel/framework/src/Illuminate/Pipeline/Pipeline.php(167): App\\Http\\Middleware\\VerifyUserIsSubscribed->handle(Object(Illuminate\\Http\\Request), Object(Closure))
#42 /Users/aldyhelix/Projects/www/backend_rmi/app/Http/Middleware/CookieConsentMiddleware.php(21): Illuminate\\Pipeline\\Pipeline->Illuminate\\Pipeline\\{closure}(Object(Illuminate\\Http\\Request))
#43 /Users/aldyhelix/Projects/www/backend_rmi/vendor/laravel/framework/src/Illuminate/Pipeline/Pipeline.php(167): App\\Http\\Middleware\\CookieConsentMiddleware->handle(Object(Illuminate\\Http\\Request), Object(Closure))
#44 /Users/aldyhelix/Projects/www/backend_rmi/app/Http/Middleware/Language.php(64): Illuminate\\Pipeline\\Pipeline->Illuminate\\Pipeline\\{closure}(Object(Illuminate\\Http\\Request))
#45 /Users/aldyhelix/Projects/www/backend_rmi/vendor/laravel/framework/src/Illuminate/Pipeline/Pipeline.php(167): App\\Http\\Middleware\\Language->handle(Object(Illuminate\\Http\\Request), Object(Closure))
#46 /Users/aldyhelix/Projects/www/backend_rmi/app/Http/Middleware/InitSettings.php(8): Illuminate\\Pipeline\\Pipeline->Illuminate\\Pipeline\\{closure}(Object(Illuminate\\Http\\Request))
#47 /Users/aldyhelix/Projects/www/backend_rmi/vendor/laravel/framework/src/Illuminate/Pipeline/Pipeline.php(167): App\\Http\\Middleware\\InitSettings->handle(Object(Illuminate\\Http\\Request), Object(Closure))
#48 /Users/aldyhelix/Projects/www/backend_rmi/vendor/laravel/framework/src/Illuminate/Routing/Middleware/SubstituteBindings.php(50): Illuminate\\Pipeline\\Pipeline->Illuminate\\Pipeline\\{closure}(Object(Illuminate\\Http\\Request))
#49 /Users/aldyhelix/Projects/www/backend_rmi/vendor/laravel/framework/src/Illuminate/Pipeline/Pipeline.php(167): Illuminate\\Routing\\Middleware\\SubstituteBindings->handle(Object(Illuminate\\Http\\Request), Object(Closure))
#50 /Users/aldyhelix/Projects/www/backend_rmi/vendor/laravel/framework/src/Illuminate/Auth/Middleware/Authenticate.php(44): Illuminate\\Pipeline\\Pipeline->Illuminate\\Pipeline\\{closure}(Object(Illuminate\\Http\\Request))
#51 /Users/aldyhelix/Projects/www/backend_rmi/vendor/laravel/framework/src/Illuminate/Pipeline/Pipeline.php(167): Illuminate\\Auth\\Middleware\\Authenticate->handle(Object(Illuminate\\Http\\Request), Object(Closure))
#52 /Users/aldyhelix/Projects/www/backend_rmi/vendor/laravel/framework/src/Illuminate/Foundation/Http/Middleware/VerifyCsrfToken.php(78): Illuminate\\Pipeline\\Pipeline->Illuminate\\Pipeline\\{closure}(Object(Illuminate\\Http\\Request))
#53 /Users/aldyhelix/Projects/www/backend_rmi/vendor/laravel/framework/src/Illuminate/Pipeline/Pipeline.php(167): Illuminate\\Foundation\\Http\\Middleware\\VerifyCsrfToken->handle(Object(Illuminate\\Http\\Request), Object(Closure))
#54 /Users/aldyhelix/Projects/www/backend_rmi/vendor/laravel/framework/src/Illuminate/View/Middleware/ShareErrorsFromSession.php(49): Illuminate\\Pipeline\\Pipeline->Illuminate\\Pipeline\\{closure}(Object(Illuminate\\Http\\Request))
#55 /Users/aldyhelix/Projects/www/backend_rmi/vendor/laravel/framework/src/Illuminate/Pipeline/Pipeline.php(167): Illuminate\\View\\Middleware\\ShareErrorsFromSession->handle(Object(Illuminate\\Http\\Request), Object(Closure))
#56 /Users/aldyhelix/Projects/www/backend_rmi/vendor/laravel/framework/src/Illuminate/Session/Middleware/StartSession.php(121): Illuminate\\Pipeline\\Pipeline->Illuminate\\Pipeline\\{closure}(Object(Illuminate\\Http\\Request))
#57 /Users/aldyhelix/Projects/www/backend_rmi/vendor/laravel/framework/src/Illuminate/Session/Middleware/StartSession.php(64): Illuminate\\Session\\Middleware\\StartSession->handleStatefulRequest(Object(Illuminate\\Http\\Request), Object(Illuminate\\Session\\EncryptedStore), Object(Closure))
#58 /Users/aldyhelix/Projects/www/backend_rmi/vendor/laravel/framework/src/Illuminate/Pipeline/Pipeline.php(167): Illuminate\\Session\\Middleware\\StartSession->handle(Object(Illuminate\\Http\\Request), Object(Closure))
#59 /Users/aldyhelix/Projects/www/backend_rmi/vendor/laravel/framework/src/Illuminate/Cookie/Middleware/AddQueuedCookiesToResponse.php(37): Illuminate\\Pipeline\\Pipeline->Illuminate\\Pipeline\\{closure}(Object(Illuminate\\Http\\Request))
#60 /Users/aldyhelix/Projects/www/backend_rmi/vendor/laravel/framework/src/Illuminate/Pipeline/Pipeline.php(167): Illuminate\\Cookie\\Middleware\\AddQueuedCookiesToResponse->handle(Object(Illuminate\\Http\\Request), Object(Closure))
#61 /Users/aldyhelix/Projects/www/backend_rmi/vendor/laravel/framework/src/Illuminate/Cookie/Middleware/EncryptCookies.php(67): Illuminate\\Pipeline\\Pipeline->Illuminate\\Pipeline\\{closure}(Object(Illuminate\\Http\\Request))
#62 /Users/aldyhelix/Projects/www/backend_rmi/vendor/laravel/framework/src/Illuminate/Pipeline/Pipeline.php(167): Illuminate\\Cookie\\Middleware\\EncryptCookies->handle(Object(Illuminate\\Http\\Request), Object(Closure))
#63 /Users/aldyhelix/Projects/www/backend_rmi/vendor/laravel/framework/src/Illuminate/Pipeline/Pipeline.php(103): Illuminate\\Pipeline\\Pipeline->Illuminate\\Pipeline\\{closure}(Object(Illuminate\\Http\\Request))
#64 /Users/aldyhelix/Projects/www/backend_rmi/vendor/laravel/framework/src/Illuminate/Routing/Router.php(719): Illuminate\\Pipeline\\Pipeline->then(Object(Closure))
#65 /Users/aldyhelix/Projects/www/backend_rmi/vendor/laravel/framework/src/Illuminate/Routing/Router.php(698): Illuminate\\Routing\\Router->runRouteWithinStack(Object(Illuminate\\Routing\\Route), Object(Illuminate\\Http\\Request))
#66 /Users/aldyhelix/Projects/www/backend_rmi/vendor/laravel/framework/src/Illuminate/Routing/Router.php(662): Illuminate\\Routing\\Router->runRoute(Object(Illuminate\\Http\\Request), Object(Illuminate\\Routing\\Route))
#67 /Users/aldyhelix/Projects/www/backend_rmi/vendor/laravel/framework/src/Illuminate/Routing/Router.php(651): Illuminate\\Routing\\Router->dispatchToRoute(Object(Illuminate\\Http\\Request))
#68 /Users/aldyhelix/Projects/www/backend_rmi/vendor/laravel/framework/src/Illuminate/Foundation/Http/Kernel.php(167): Illuminate\\Routing\\Router->dispatch(Object(Illuminate\\Http\\Request))
#69 /Users/aldyhelix/Projects/www/backend_rmi/vendor/laravel/framework/src/Illuminate/Pipeline/Pipeline.php(128): Illuminate\\Foundation\\Http\\Kernel->Illuminate\\Foundation\\Http\\{closure}(Object(Illuminate\\Http\\Request))
#70 /Users/aldyhelix/Projects/www/backend_rmi/vendor/livewire/livewire/src/DisableBrowserCache.php(19): Illuminate\\Pipeline\\Pipeline->Illuminate\\Pipeline\\{closure}(Object(Illuminate\\Http\\Request))
#71 /Users/aldyhelix/Projects/www/backend_rmi/vendor/laravel/framework/src/Illuminate/Pipeline/Pipeline.php(167): Livewire\\DisableBrowserCache->handle(Object(Illuminate\\Http\\Request), Object(Closure))
#72 /Users/aldyhelix/Projects/www/backend_rmi/vendor/barryvdh/laravel-debugbar/src/Middleware/InjectDebugbar.php(66): Illuminate\\Pipeline\\Pipeline->Illuminate\\Pipeline\\{closure}(Object(Illuminate\\Http\\Request))
#73 /Users/aldyhelix/Projects/www/backend_rmi/vendor/laravel/framework/src/Illuminate/Pipeline/Pipeline.php(167): Barryvdh\\Debugbar\\Middleware\\InjectDebugbar->handle(Object(Illuminate\\Http\\Request), Object(Closure))
#74 /Users/aldyhelix/Projects/www/backend_rmi/app/Http/Middleware/CheckForInstallation.php(19): Illuminate\\Pipeline\\Pipeline->Illuminate\\Pipeline\\{closure}(Object(Illuminate\\Http\\Request))
#75 /Users/aldyhelix/Projects/www/backend_rmi/vendor/laravel/framework/src/Illuminate/Pipeline/Pipeline.php(167): App\\Http\\Middleware\\CheckForInstallation->handle(Object(Illuminate\\Http\\Request), Object(Closure))
#76 /Users/aldyhelix/Projects/www/backend_rmi/vendor/laravel/framework/src/Illuminate/Foundation/Http/Middleware/TransformsRequest.php(21): Illuminate\\Pipeline\\Pipeline->Illuminate\\Pipeline\\{closure}(Object(Illuminate\\Http\\Request))
#77 /Users/aldyhelix/Projects/www/backend_rmi/vendor/laravel/framework/src/Illuminate/Foundation/Http/Middleware/ConvertEmptyStringsToNull.php(31): Illuminate\\Foundation\\Http\\Middleware\\TransformsRequest->handle(Object(Illuminate\\Http\\Request), Object(Closure))
#78 /Users/aldyhelix/Projects/www/backend_rmi/vendor/laravel/framework/src/Illuminate/Pipeline/Pipeline.php(167): Illuminate\\Foundation\\Http\\Middleware\\ConvertEmptyStringsToNull->handle(Object(Illuminate\\Http\\Request), Object(Closure))
#79 /Users/aldyhelix/Projects/www/backend_rmi/vendor/laravel/framework/src/Illuminate/Foundation/Http/Middleware/TransformsRequest.php(21): Illuminate\\Pipeline\\Pipeline->Illuminate\\Pipeline\\{closure}(Object(Illuminate\\Http\\Request))
#80 /Users/aldyhelix/Projects/www/backend_rmi/vendor/laravel/framework/src/Illuminate/Foundation/Http/Middleware/TrimStrings.php(40): Illuminate\\Foundation\\Http\\Middleware\\TransformsRequest->handle(Object(Illuminate\\Http\\Request), Object(Closure))
#81 /Users/aldyhelix/Projects/www/backend_rmi/vendor/laravel/framework/src/Illuminate/Pipeline/Pipeline.php(167): Illuminate\\Foundation\\Http\\Middleware\\TrimStrings->handle(Object(Illuminate\\Http\\Request), Object(Closure))
#82 /Users/aldyhelix/Projects/www/backend_rmi/vendor/laravel/framework/src/Illuminate/Foundation/Http/Middleware/ValidatePostSize.php(27): Illuminate\\Pipeline\\Pipeline->Illuminate\\Pipeline\\{closure}(Object(Illuminate\\Http\\Request))
#83 /Users/aldyhelix/Projects/www/backend_rmi/vendor/laravel/framework/src/Illuminate/Pipeline/Pipeline.php(167): Illuminate\\Foundation\\Http\\Middleware\\ValidatePostSize->handle(Object(Illuminate\\Http\\Request), Object(Closure))
#84 /Users/aldyhelix/Projects/www/backend_rmi/vendor/laravel/framework/src/Illuminate/Foundation/Http/Middleware/PreventRequestsDuringMaintenance.php(86): Illuminate\\Pipeline\\Pipeline->Illuminate\\Pipeline\\{closure}(Object(Illuminate\\Http\\Request))
#85 /Users/aldyhelix/Projects/www/backend_rmi/vendor/laravel/framework/src/Illuminate/Pipeline/Pipeline.php(167): Illuminate\\Foundation\\Http\\Middleware\\PreventRequestsDuringMaintenance->handle(Object(Illuminate\\Http\\Request), Object(Closure))
#86 /Users/aldyhelix/Projects/www/backend_rmi/vendor/fruitcake/laravel-cors/src/HandleCors.php(38): Illuminate\\Pipeline\\Pipeline->Illuminate\\Pipeline\\{closure}(Object(Illuminate\\Http\\Request))
#87 /Users/aldyhelix/Projects/www/backend_rmi/vendor/laravel/framework/src/Illuminate/Pipeline/Pipeline.php(167): Fruitcake\\Cors\\HandleCors->handle(Object(Illuminate\\Http\\Request), Object(Closure))
#88 /Users/aldyhelix/Projects/www/backend_rmi/vendor/laravel/framework/src/Illuminate/Http/Middleware/TrustProxies.php(39): Illuminate\\Pipeline\\Pipeline->Illuminate\\Pipeline\\{closure}(Object(Illuminate\\Http\\Request))
#89 /Users/aldyhelix/Projects/www/backend_rmi/vendor/laravel/framework/src/Illuminate/Pipeline/Pipeline.php(167): Illuminate\\Http\\Middleware\\TrustProxies->handle(Object(Illuminate\\Http\\Request), Object(Closure))
#90 /Users/aldyhelix/Projects/www/backend_rmi/vendor/laravel/framework/src/Illuminate/Pipeline/Pipeline.php(103): Illuminate\\Pipeline\\Pipeline->Illuminate\\Pipeline\\{closure}(Object(Illuminate\\Http\\Request))
#91 /Users/aldyhelix/Projects/www/backend_rmi/vendor/laravel/framework/src/Illuminate/Foundation/Http/Kernel.php(142): Illuminate\\Pipeline\\Pipeline->then(Object(Closure))
#92 /Users/aldyhelix/Projects/www/backend_rmi/vendor/laravel/framework/src/Illuminate/Foundation/Http/Kernel.php(111): Illuminate\\Foundation\\Http\\Kernel->sendRequestThroughRouter(Object(Illuminate\\Http\\Request))
#93 /Users/aldyhelix/Projects/www/backend_rmi/public/index.php(58): Illuminate\\Foundation\\Http\\Kernel->handle(Object(Illuminate\\Http\\Request))
#94 /Applications/Herd.app/Contents/Resources/valet/server.php(153): require('/Users/aldyheli...')
#95 {main}

[previous exception] [object] (Illuminate\\Contracts\\Container\\BindingResolutionException(code: 0): Unresolvable dependency resolving [Parameter #0 [ <required> $chart_data ]] in class App\\View\\Components\\Chart at /Users/aldyhelix/Projects/www/backend_rmi/vendor/laravel/framework/src/Illuminate/Container/Container.php:1104)
[stacktrace]
#0 /Users/aldyhelix/Projects/www/backend_rmi/vendor/laravel/framework/src/Illuminate/Container/Container.php(1011): Illuminate\\Container\\Container->unresolvablePrimitive(Object(ReflectionParameter))
#1 /Users/aldyhelix/Projects/www/backend_rmi/vendor/laravel/framework/src/Illuminate/Container/Container.php(946): Illuminate\\Container\\Container->resolvePrimitive(Object(ReflectionParameter))
#2 /Users/aldyhelix/Projects/www/backend_rmi/vendor/laravel/framework/src/Illuminate/Container/Container.php(908): Illuminate\\Container\\Container->resolveDependencies(Array)
#3 /Users/aldyhelix/Projects/www/backend_rmi/vendor/laravel/framework/src/Illuminate/Container/Container.php(758): Illuminate\\Container\\Container->build('App\\\\View\\\\Compon...')
#4 /Users/aldyhelix/Projects/www/backend_rmi/vendor/laravel/framework/src/Illuminate/Foundation/Application.php(851): Illuminate\\Container\\Container->resolve('App\\\\View\\\\Compon...', Array, true)
#5 /Users/aldyhelix/Projects/www/backend_rmi/vendor/laravel/framework/src/Illuminate/Container/Container.php(694): Illuminate\\Foundation\\Application->resolve('App\\\\View\\\\Compon...', Array)
#6 /Users/aldyhelix/Projects/www/backend_rmi/vendor/laravel/framework/src/Illuminate/Foundation/Application.php(836): Illuminate\\Container\\Container->make('App\\\\View\\\\Compon...', Array)
#7 /Users/aldyhelix/Projects/www/backend_rmi/storage/framework/views/f4899b702c6a16f1c873549d32bc50b1e46a780c.php(468): Illuminate\\Foundation\\Application->make('App\\\\View\\\\Compon...', Array)
#8 /Users/aldyhelix/Projects/www/backend_rmi/vendor/livewire/livewire/src/ComponentConcerns/RendersLivewireComponents.php(83): include('/Users/aldyheli...')
#9 /Users/aldyhelix/Projects/www/backend_rmi/vendor/livewire/livewire/src/ComponentConcerns/RendersLivewireComponents.php(84): App\\Http\\Livewire\\Dashboard->Livewire\\ComponentConcerns\\{closure}()
#10 /Users/aldyhelix/Projects/www/backend_rmi/vendor/livewire/livewire/src/ComponentConcerns/RendersLivewireComponents.php(59): Livewire\\CompilerEngineForIgnition->evaluatePath('/Users/aldyheli...', Array)
#11 /Users/aldyhelix/Projects/www/backend_rmi/vendor/laravel/framework/src/Illuminate/View/View.php(139): Livewire\\CompilerEngineForIgnition->get('/Users/aldyheli...', Array)
#12 /Users/aldyhelix/Projects/www/backend_rmi/vendor/laravel/framework/src/Illuminate/View/View.php(122): Illuminate\\View\\View->getContents()
#13 /Users/aldyhelix/Projects/www/backend_rmi/vendor/laravel/framework/src/Illuminate/View/View.php(91): Illuminate\\View\\View->renderContents()
#14 /Users/aldyhelix/Projects/www/backend_rmi/vendor/livewire/livewire/src/Component.php(235): Illuminate\\View\\View->render()
#15 /Users/aldyhelix/Projects/www/backend_rmi/vendor/livewire/livewire/src/HydrationMiddleware/RenderView.php(14): Livewire\\Component->output()
#16 /Users/aldyhelix/Projects/www/backend_rmi/vendor/livewire/livewire/src/LifecycleManager.php(141): Livewire\\HydrationMiddleware\\RenderView::dehydrate(Object(App\\Http\\Livewire\\Dashboard), Object(Livewire\\Response))
#17 /Users/aldyhelix/Projects/www/backend_rmi/vendor/livewire/livewire/src/LivewireManager.php(132): Livewire\\LifecycleManager->initialDehydrate()
#18 /Users/aldyhelix/Projects/www/backend_rmi/vendor/laravel/framework/src/Illuminate/Support/Facades/Facade.php(261): Livewire\\LivewireManager->mount('dashboard', Array)
#19 /Users/aldyhelix/Projects/www/backend_rmi/storage/framework/views/7614a377bf597da1c7ed67416eae576b7feee755.php(13): Illuminate\\Support\\Facades\\Facade::__callStatic('mount', Array)
#20 /Users/aldyhelix/Projects/www/backend_rmi/vendor/laravel/framework/src/Illuminate/Filesystem/Filesystem.php(107): require('/Users/aldyheli...')
#21 /Users/aldyhelix/Projects/www/backend_rmi/vendor/laravel/framework/src/Illuminate/Filesystem/Filesystem.php(108): Illuminate\\Filesystem\\Filesystem::Illuminate\\Filesystem\\{closure}()
#22 /Users/aldyhelix/Projects/www/backend_rmi/vendor/laravel/framework/src/Illuminate/View/Engines/PhpEngine.php(58): Illuminate\\Filesystem\\Filesystem->getRequire('/Users/aldyheli...', Array)
#23 /Users/aldyhelix/Projects/www/backend_rmi/vendor/livewire/livewire/src/ComponentConcerns/RendersLivewireComponents.php(69): Illuminate\\View\\Engines\\PhpEngine->evaluatePath('/Users/aldyheli...', Array)
#24 /Users/aldyhelix/Projects/www/backend_rmi/vendor/laravel/framework/src/Illuminate/View/Engines/CompilerEngine.php(61): Livewire\\CompilerEngineForIgnition->evaluatePath('/Users/aldyheli...', Array)
#25 /Users/aldyhelix/Projects/www/backend_rmi/vendor/facade/ignition/src/Views/Engines/CompilerEngine.php(37): Illuminate\\View\\Engines\\CompilerEngine->get('/Users/aldyheli...', Array)
#26 /Users/aldyhelix/Projects/www/backend_rmi/vendor/livewire/livewire/src/ComponentConcerns/RendersLivewireComponents.php(35): Facade\\Ignition\\Views\\Engines\\CompilerEngine->get('/Users/aldyheli...', Array)
#27 /Users/aldyhelix/Projects/www/backend_rmi/vendor/laravel/framework/src/Illuminate/View/View.php(139): Livewire\\CompilerEngineForIgnition->get('/Users/aldyheli...', Array)
#28 /Users/aldyhelix/Projects/www/backend_rmi/vendor/laravel/framework/src/Illuminate/View/View.php(122): Illuminate\\View\\View->getContents()
#29 /Users/aldyhelix/Projects/www/backend_rmi/vendor/laravel/framework/src/Illuminate/View/View.php(91): Illuminate\\View\\View->renderContents()
#30 /Users/aldyhelix/Projects/www/backend_rmi/vendor/laravel/framework/src/Illuminate/Http/Response.php(69): Illuminate\\View\\View->render()
#31 /Users/aldyhelix/Projects/www/backend_rmi/vendor/laravel/framework/src/Illuminate/Http/Response.php(35): Illuminate\\Http\\Response->setContent(Object(Illuminate\\View\\View))
#32 /Users/aldyhelix/Projects/www/backend_rmi/vendor/laravel/framework/src/Illuminate/Routing/Router.php(820): Illuminate\\Http\\Response->__construct(Object(Illuminate\\View\\View), 200, Array)
#33 /Users/aldyhelix/Projects/www/backend_rmi/vendor/laravel/framework/src/Illuminate/Routing/Router.php(789): Illuminate\\Routing\\Router::toResponse(Object(Illuminate\\Http\\Request), Object(Illuminate\\View\\View))
#34 /Users/aldyhelix/Projects/www/backend_rmi/vendor/laravel/framework/src/Illuminate/Routing/Router.php(720): Illuminate\\Routing\\Router->prepareResponse(Object(Illuminate\\Http\\Request), Object(Illuminate\\View\\View))
#35 /Users/aldyhelix/Projects/www/backend_rmi/vendor/laravel/framework/src/Illuminate/Pipeline/Pipeline.php(128): Illuminate\\Routing\\Router->Illuminate\\Routing\\{closure}(Object(Illuminate\\Http\\Request))
#36 /Users/aldyhelix/Projects/www/backend_rmi/app/Http/Middleware/DashboardSetup.php(22): Illuminate\\Pipeline\\Pipeline->Illuminate\\Pipeline\\{closure}(Object(Illuminate\\Http\\Request))
#37 /Users/aldyhelix/Projects/www/backend_rmi/vendor/laravel/framework/src/Illuminate/Pipeline/Pipeline.php(167): App\\Http\\Middleware\\DashboardSetup->handle(Object(Illuminate\\Http\\Request), Object(Closure))
#38 /Users/aldyhelix/Projects/www/backend_rmi/app/Http/Middleware/CheckIfBillingInfoRequired.php(24): Illuminate\\Pipeline\\Pipeline->Illuminate\\Pipeline\\{closure}(Object(Illuminate\\Http\\Request))
#39 /Users/aldyhelix/Projects/www/backend_rmi/vendor/laravel/framework/src/Illuminate/Pipeline/Pipeline.php(167): App\\Http\\Middleware\\CheckIfBillingInfoRequired->handle(Object(Illuminate\\Http\\Request), Object(Closure))
#40 /Users/aldyhelix/Projects/www/backend_rmi/app/Http/Middleware/VerifyUserIsSubscribed.php(25): Illuminate\\Pipeline\\Pipeline->Illuminate\\Pipeline\\{closure}(Object(Illuminate\\Http\\Request))
#41 /Users/aldyhelix/Projects/www/backend_rmi/vendor/laravel/framework/src/Illuminate/Pipeline/Pipeline.php(167): App\\Http\\Middleware\\VerifyUserIsSubscribed->handle(Object(Illuminate\\Http\\Request), Object(Closure))
#42 /Users/aldyhelix/Projects/www/backend_rmi/app/Http/Middleware/CookieConsentMiddleware.php(21): Illuminate\\Pipeline\\Pipeline->Illuminate\\Pipeline\\{closure}(Object(Illuminate\\Http\\Request))
#43 /Users/aldyhelix/Projects/www/backend_rmi/vendor/laravel/framework/src/Illuminate/Pipeline/Pipeline.php(167): App\\Http\\Middleware\\CookieConsentMiddleware->handle(Object(Illuminate\\Http\\Request), Object(Closure))
#44 /Users/aldyhelix/Projects/www/backend_rmi/app/Http/Middleware/Language.php(64): Illuminate\\Pipeline\\Pipeline->Illuminate\\Pipeline\\{closure}(Object(Illuminate\\Http\\Request))
#45 /Users/aldyhelix/Projects/www/backend_rmi/vendor/laravel/framework/src/Illuminate/Pipeline/Pipeline.php(167): App\\Http\\Middleware\\Language->handle(Object(Illuminate\\Http\\Request), Object(Closure))
#46 /Users/aldyhelix/Projects/www/backend_rmi/app/Http/Middleware/InitSettings.php(8): Illuminate\\Pipeline\\Pipeline->Illuminate\\Pipeline\\{closure}(Object(Illuminate\\Http\\Request))
#47 /Users/aldyhelix/Projects/www/backend_rmi/vendor/laravel/framework/src/Illuminate/Pipeline/Pipeline.php(167): App\\Http\\Middleware\\InitSettings->handle(Object(Illuminate\\Http\\Request), Object(Closure))
#48 /Users/aldyhelix/Projects/www/backend_rmi/vendor/laravel/framework/src/Illuminate/Routing/Middleware/SubstituteBindings.php(50): Illuminate\\Pipeline\\Pipeline->Illuminate\\Pipeline\\{closure}(Object(Illuminate\\Http\\Request))
#49 /Users/aldyhelix/Projects/www/backend_rmi/vendor/laravel/framework/src/Illuminate/Pipeline/Pipeline.php(167): Illuminate\\Routing\\Middleware\\SubstituteBindings->handle(Object(Illuminate\\Http\\Request), Object(Closure))
#50 /Users/aldyhelix/Projects/www/backend_rmi/vendor/laravel/framework/src/Illuminate/Auth/Middleware/Authenticate.php(44): Illuminate\\Pipeline\\Pipeline->Illuminate\\Pipeline\\{closure}(Object(Illuminate\\Http\\Request))
#51 /Users/aldyhelix/Projects/www/backend_rmi/vendor/laravel/framework/src/Illuminate/Pipeline/Pipeline.php(167): Illuminate\\Auth\\Middleware\\Authenticate->handle(Object(Illuminate\\Http\\Request), Object(Closure))
#52 /Users/aldyhelix/Projects/www/backend_rmi/vendor/laravel/framework/src/Illuminate/Foundation/Http/Middleware/VerifyCsrfToken.php(78): Illuminate\\Pipeline\\Pipeline->Illuminate\\Pipeline\\{closure}(Object(Illuminate\\Http\\Request))
#53 /Users/aldyhelix/Projects/www/backend_rmi/vendor/laravel/framework/src/Illuminate/Pipeline/Pipeline.php(167): Illuminate\\Foundation\\Http\\Middleware\\VerifyCsrfToken->handle(Object(Illuminate\\Http\\Request), Object(Closure))
#54 /Users/aldyhelix/Projects/www/backend_rmi/vendor/laravel/framework/src/Illuminate/View/Middleware/ShareErrorsFromSession.php(49): Illuminate\\Pipeline\\Pipeline->Illuminate\\Pipeline\\{closure}(Object(Illuminate\\Http\\Request))
#55 /Users/aldyhelix/Projects/www/backend_rmi/vendor/laravel/framework/src/Illuminate/Pipeline/Pipeline.php(167): Illuminate\\View\\Middleware\\ShareErrorsFromSession->handle(Object(Illuminate\\Http\\Request), Object(Closure))
#56 /Users/aldyhelix/Projects/www/backend_rmi/vendor/laravel/framework/src/Illuminate/Session/Middleware/StartSession.php(121): Illuminate\\Pipeline\\Pipeline->Illuminate\\Pipeline\\{closure}(Object(Illuminate\\Http\\Request))
#57 /Users/aldyhelix/Projects/www/backend_rmi/vendor/laravel/framework/src/Illuminate/Session/Middleware/StartSession.php(64): Illuminate\\Session\\Middleware\\StartSession->handleStatefulRequest(Object(Illuminate\\Http\\Request), Object(Illuminate\\Session\\EncryptedStore), Object(Closure))
#58 /Users/aldyhelix/Projects/www/backend_rmi/vendor/laravel/framework/src/Illuminate/Pipeline/Pipeline.php(167): Illuminate\\Session\\Middleware\\StartSession->handle(Object(Illuminate\\Http\\Request), Object(Closure))
#59 /Users/aldyhelix/Projects/www/backend_rmi/vendor/laravel/framework/src/Illuminate/Cookie/Middleware/AddQueuedCookiesToResponse.php(37): Illuminate\\Pipeline\\Pipeline->Illuminate\\Pipeline\\{closure}(Object(Illuminate\\Http\\Request))
#60 /Users/aldyhelix/Projects/www/backend_rmi/vendor/laravel/framework/src/Illuminate/Pipeline/Pipeline.php(167): Illuminate\\Cookie\\Middleware\\AddQueuedCookiesToResponse->handle(Object(Illuminate\\Http\\Request), Object(Closure))
#61 /Users/aldyhelix/Projects/www/backend_rmi/vendor/laravel/framework/src/Illuminate/Cookie/Middleware/EncryptCookies.php(67): Illuminate\\Pipeline\\Pipeline->Illuminate\\Pipeline\\{closure}(Object(Illuminate\\Http\\Request))
#62 /Users/aldyhelix/Projects/www/backend_rmi/vendor/laravel/framework/src/Illuminate/Pipeline/Pipeline.php(167): Illuminate\\Cookie\\Middleware\\EncryptCookies->handle(Object(Illuminate\\Http\\Request), Object(Closure))
#63 /Users/aldyhelix/Projects/www/backend_rmi/vendor/laravel/framework/src/Illuminate/Pipeline/Pipeline.php(103): Illuminate\\Pipeline\\Pipeline->Illuminate\\Pipeline\\{closure}(Object(Illuminate\\Http\\Request))
#64 /Users/aldyhelix/Projects/www/backend_rmi/vendor/laravel/framework/src/Illuminate/Routing/Router.php(719): Illuminate\\Pipeline\\Pipeline->then(Object(Closure))
#65 /Users/aldyhelix/Projects/www/backend_rmi/vendor/laravel/framework/src/Illuminate/Routing/Router.php(698): Illuminate\\Routing\\Router->runRouteWithinStack(Object(Illuminate\\Routing\\Route), Object(Illuminate\\Http\\Request))
#66 /Users/aldyhelix/Projects/www/backend_rmi/vendor/laravel/framework/src/Illuminate/Routing/Router.php(662): Illuminate\\Routing\\Router->runRoute(Object(Illuminate\\Http\\Request), Object(Illuminate\\Routing\\Route))
#67 /Users/aldyhelix/Projects/www/backend_rmi/vendor/laravel/framework/src/Illuminate/Routing/Router.php(651): Illuminate\\Routing\\Router->dispatchToRoute(Object(Illuminate\\Http\\Request))
#68 /Users/aldyhelix/Projects/www/backend_rmi/vendor/laravel/framework/src/Illuminate/Foundation/Http/Kernel.php(167): Illuminate\\Routing\\Router->dispatch(Object(Illuminate\\Http\\Request))
#69 /Users/aldyhelix/Projects/www/backend_rmi/vendor/laravel/framework/src/Illuminate/Pipeline/Pipeline.php(128): Illuminate\\Foundation\\Http\\Kernel->Illuminate\\Foundation\\Http\\{closure}(Object(Illuminate\\Http\\Request))
#70 /Users/aldyhelix/Projects/www/backend_rmi/vendor/livewire/livewire/src/DisableBrowserCache.php(19): Illuminate\\Pipeline\\Pipeline->Illuminate\\Pipeline\\{closure}(Object(Illuminate\\Http\\Request))
#71 /Users/aldyhelix/Projects/www/backend_rmi/vendor/laravel/framework/src/Illuminate/Pipeline/Pipeline.php(167): Livewire\\DisableBrowserCache->handle(Object(Illuminate\\Http\\Request), Object(Closure))
#72 /Users/aldyhelix/Projects/www/backend_rmi/vendor/barryvdh/laravel-debugbar/src/Middleware/InjectDebugbar.php(66): Illuminate\\Pipeline\\Pipeline->Illuminate\\Pipeline\\{closure}(Object(Illuminate\\Http\\Request))
#73 /Users/aldyhelix/Projects/www/backend_rmi/vendor/laravel/framework/src/Illuminate/Pipeline/Pipeline.php(167): Barryvdh\\Debugbar\\Middleware\\InjectDebugbar->handle(Object(Illuminate\\Http\\Request), Object(Closure))
#74 /Users/aldyhelix/Projects/www/backend_rmi/app/Http/Middleware/CheckForInstallation.php(19): Illuminate\\Pipeline\\Pipeline->Illuminate\\Pipeline\\{closure}(Object(Illuminate\\Http\\Request))
#75 /Users/aldyhelix/Projects/www/backend_rmi/vendor/laravel/framework/src/Illuminate/Pipeline/Pipeline.php(167): App\\Http\\Middleware\\CheckForInstallation->handle(Object(Illuminate\\Http\\Request), Object(Closure))
#76 /Users/aldyhelix/Projects/www/backend_rmi/vendor/laravel/framework/src/Illuminate/Foundation/Http/Middleware/TransformsRequest.php(21): Illuminate\\Pipeline\\Pipeline->Illuminate\\Pipeline\\{closure}(Object(Illuminate\\Http\\Request))
#77 /Users/aldyhelix/Projects/www/backend_rmi/vendor/laravel/framework/src/Illuminate/Foundation/Http/Middleware/ConvertEmptyStringsToNull.php(31): Illuminate\\Foundation\\Http\\Middleware\\TransformsRequest->handle(Object(Illuminate\\Http\\Request), Object(Closure))
#78 /Users/aldyhelix/Projects/www/backend_rmi/vendor/laravel/framework/src/Illuminate/Pipeline/Pipeline.php(167): Illuminate\\Foundation\\Http\\Middleware\\ConvertEmptyStringsToNull->handle(Object(Illuminate\\Http\\Request), Object(Closure))
#79 /Users/aldyhelix/Projects/www/backend_rmi/vendor/laravel/framework/src/Illuminate/Foundation/Http/Middleware/TransformsRequest.php(21): Illuminate\\Pipeline\\Pipeline->Illuminate\\Pipeline\\{closure}(Object(Illuminate\\Http\\Request))
#80 /Users/aldyhelix/Projects/www/backend_rmi/vendor/laravel/framework/src/Illuminate/Foundation/Http/Middleware/TrimStrings.php(40): Illuminate\\Foundation\\Http\\Middleware\\TransformsRequest->handle(Object(Illuminate\\Http\\Request), Object(Closure))
#81 /Users/aldyhelix/Projects/www/backend_rmi/vendor/laravel/framework/src/Illuminate/Pipeline/Pipeline.php(167): Illuminate\\Foundation\\Http\\Middleware\\TrimStrings->handle(Object(Illuminate\\Http\\Request), Object(Closure))
#82 /Users/aldyhelix/Projects/www/backend_rmi/vendor/laravel/framework/src/Illuminate/Foundation/Http/Middleware/ValidatePostSize.php(27): Illuminate\\Pipeline\\Pipeline->Illuminate\\Pipeline\\{closure}(Object(Illuminate\\Http\\Request))
#83 /Users/aldyhelix/Projects/www/backend_rmi/vendor/laravel/framework/src/Illuminate/Pipeline/Pipeline.php(167): Illuminate\\Foundation\\Http\\Middleware\\ValidatePostSize->handle(Object(Illuminate\\Http\\Request), Object(Closure))
#84 /Users/aldyhelix/Projects/www/backend_rmi/vendor/laravel/framework/src/Illuminate/Foundation/Http/Middleware/PreventRequestsDuringMaintenance.php(86): Illuminate\\Pipeline\\Pipeline->Illuminate\\Pipeline\\{closure}(Object(Illuminate\\Http\\Request))
#85 /Users/aldyhelix/Projects/www/backend_rmi/vendor/laravel/framework/src/Illuminate/Pipeline/Pipeline.php(167): Illuminate\\Foundation\\Http\\Middleware\\PreventRequestsDuringMaintenance->handle(Object(Illuminate\\Http\\Request), Object(Closure))
#86 /Users/aldyhelix/Projects/www/backend_rmi/vendor/fruitcake/laravel-cors/src/HandleCors.php(38): Illuminate\\Pipeline\\Pipeline->Illuminate\\Pipeline\\{closure}(Object(Illuminate\\Http\\Request))
#87 /Users/aldyhelix/Projects/www/backend_rmi/vendor/laravel/framework/src/Illuminate/Pipeline/Pipeline.php(167): Fruitcake\\Cors\\HandleCors->handle(Object(Illuminate\\Http\\Request), Object(Closure))
#88 /Users/aldyhelix/Projects/www/backend_rmi/vendor/laravel/framework/src/Illuminate/Http/Middleware/TrustProxies.php(39): Illuminate\\Pipeline\\Pipeline->Illuminate\\Pipeline\\{closure}(Object(Illuminate\\Http\\Request))
#89 /Users/aldyhelix/Projects/www/backend_rmi/vendor/laravel/framework/src/Illuminate/Pipeline/Pipeline.php(167): Illuminate\\Http\\Middleware\\TrustProxies->handle(Object(Illuminate\\Http\\Request), Object(Closure))
#90 /Users/aldyhelix/Projects/www/backend_rmi/vendor/laravel/framework/src/Illuminate/Pipeline/Pipeline.php(103): Illuminate\\Pipeline\\Pipeline->Illuminate\\Pipeline\\{closure}(Object(Illuminate\\Http\\Request))
#91 /Users/aldyhelix/Projects/www/backend_rmi/vendor/laravel/framework/src/Illuminate/Foundation/Http/Kernel.php(142): Illuminate\\Pipeline\\Pipeline->then(Object(Closure))
#92 /Users/aldyhelix/Projects/www/backend_rmi/vendor/laravel/framework/src/Illuminate/Foundation/Http/Kernel.php(111): Illuminate\\Foundation\\Http\\Kernel->sendRequestThroughRouter(Object(Illuminate\\Http\\Request))
#93 /Users/aldyhelix/Projects/www/backend_rmi/public/index.php(58): Illuminate\\Foundation\\Http\\Kernel->handle(Object(Illuminate\\Http\\Request))
#94 /Applications/Herd.app/Contents/Resources/valet/server.php(153): require('/Users/aldyheli...')
#95 {main}
"} 
[2024-06-09 17:19:36] production.ERROR: Array to string conversion (View: /Users/aldyhelix/Projects/www/backend_rmi/resources/views/components/chart.blade.php) {"view":{"view":"/Users/aldyhelix/Projects/www/backend_rmi/storage/framework/views/3f1c0ad4503c21dfc054652aeb1d714409c74eb5.php","data":[]},"userId":1,"exception":"[object] (Facade\\Ignition\\Exceptions\\ViewException(code: 0): Array to string conversion (View: /Users/aldyhelix/Projects/www/backend_rmi/resources/views/components/chart.blade.php) at /Users/aldyhelix/Projects/www/backend_rmi/storage/framework/views/3f1c0ad4503c21dfc054652aeb1d714409c74eb5.php:30)
[stacktrace]
#0 /Users/aldyhelix/Projects/www/backend_rmi/storage/framework/views/3f1c0ad4503c21dfc054652aeb1d714409c74eb5.php(30): Illuminate\\Foundation\\Bootstrap\\HandleExceptions->handleError(2, 'Array to string...', '/Users/aldyheli...', 30)
#1 /Users/aldyhelix/Projects/www/backend_rmi/vendor/livewire/livewire/src/ComponentConcerns/RendersLivewireComponents.php(83): include('/Users/aldyheli...')
#2 /Users/aldyhelix/Projects/www/backend_rmi/vendor/livewire/livewire/src/ComponentConcerns/RendersLivewireComponents.php(84): App\\Http\\Livewire\\Dashboard->Livewire\\ComponentConcerns\\{closure}()
#3 /Users/aldyhelix/Projects/www/backend_rmi/vendor/livewire/livewire/src/ComponentConcerns/RendersLivewireComponents.php(59): Livewire\\CompilerEngineForIgnition->evaluatePath('/Users/aldyheli...', Array)
#4 /Users/aldyhelix/Projects/www/backend_rmi/vendor/laravel/framework/src/Illuminate/View/View.php(139): Livewire\\CompilerEngineForIgnition->get('/Users/aldyheli...', Array)
#5 /Users/aldyhelix/Projects/www/backend_rmi/vendor/laravel/framework/src/Illuminate/View/View.php(122): Illuminate\\View\\View->getContents()
#6 /Users/aldyhelix/Projects/www/backend_rmi/vendor/laravel/framework/src/Illuminate/View/View.php(91): Illuminate\\View\\View->renderContents()
#7 /Users/aldyhelix/Projects/www/backend_rmi/vendor/laravel/framework/src/Illuminate/View/Concerns/ManagesComponents.php(100): Illuminate\\View\\View->render()
#8 /Users/aldyhelix/Projects/www/backend_rmi/storage/framework/views/f4899b702c6a16f1c873549d32bc50b1e46a780c.php(475): Illuminate\\View\\Factory->renderComponent()
#9 /Users/aldyhelix/Projects/www/backend_rmi/vendor/livewire/livewire/src/ComponentConcerns/RendersLivewireComponents.php(83): include('/Users/aldyheli...')
#10 /Users/aldyhelix/Projects/www/backend_rmi/vendor/livewire/livewire/src/ComponentConcerns/RendersLivewireComponents.php(84): App\\Http\\Livewire\\Dashboard->Livewire\\ComponentConcerns\\{closure}()
#11 /Users/aldyhelix/Projects/www/backend_rmi/vendor/livewire/livewire/src/ComponentConcerns/RendersLivewireComponents.php(59): Livewire\\CompilerEngineForIgnition->evaluatePath('/Users/aldyheli...', Array)
#12 /Users/aldyhelix/Projects/www/backend_rmi/vendor/laravel/framework/src/Illuminate/View/View.php(139): Livewire\\CompilerEngineForIgnition->get('/Users/aldyheli...', Array)
#13 /Users/aldyhelix/Projects/www/backend_rmi/vendor/laravel/framework/src/Illuminate/View/View.php(122): Illuminate\\View\\View->getContents()
#14 /Users/aldyhelix/Projects/www/backend_rmi/vendor/laravel/framework/src/Illuminate/View/View.php(91): Illuminate\\View\\View->renderContents()
#15 /Users/aldyhelix/Projects/www/backend_rmi/vendor/livewire/livewire/src/Component.php(235): Illuminate\\View\\View->render()
#16 /Users/aldyhelix/Projects/www/backend_rmi/vendor/livewire/livewire/src/HydrationMiddleware/RenderView.php(14): Livewire\\Component->output()
#17 /Users/aldyhelix/Projects/www/backend_rmi/vendor/livewire/livewire/src/LifecycleManager.php(141): Livewire\\HydrationMiddleware\\RenderView::dehydrate(Object(App\\Http\\Livewire\\Dashboard), Object(Livewire\\Response))
#18 /Users/aldyhelix/Projects/www/backend_rmi/vendor/livewire/livewire/src/LivewireManager.php(132): Livewire\\LifecycleManager->initialDehydrate()
#19 /Users/aldyhelix/Projects/www/backend_rmi/vendor/laravel/framework/src/Illuminate/Support/Facades/Facade.php(261): Livewire\\LivewireManager->mount('dashboard', Array)
#20 /Users/aldyhelix/Projects/www/backend_rmi/resources/views/admin/dashboard/platform.blade.php(13): Illuminate\\Support\\Facades\\Facade::__callStatic('mount', Array)
#21 /Users/aldyhelix/Projects/www/backend_rmi/vendor/laravel/framework/src/Illuminate/Filesystem/Filesystem.php(107): require('/Users/aldyheli...')
#22 /Users/aldyhelix/Projects/www/backend_rmi/vendor/laravel/framework/src/Illuminate/Filesystem/Filesystem.php(108): Illuminate\\Filesystem\\Filesystem::Illuminate\\Filesystem\\{closure}()
#23 /Users/aldyhelix/Projects/www/backend_rmi/vendor/laravel/framework/src/Illuminate/View/Engines/PhpEngine.php(58): Illuminate\\Filesystem\\Filesystem->getRequire('/Users/aldyheli...', Array)
#24 /Users/aldyhelix/Projects/www/backend_rmi/vendor/livewire/livewire/src/ComponentConcerns/RendersLivewireComponents.php(69): Illuminate\\View\\Engines\\PhpEngine->evaluatePath('/Users/aldyheli...', Array)
#25 /Users/aldyhelix/Projects/www/backend_rmi/vendor/laravel/framework/src/Illuminate/View/Engines/CompilerEngine.php(61): Livewire\\CompilerEngineForIgnition->evaluatePath('/Users/aldyheli...', Array)
#26 /Users/aldyhelix/Projects/www/backend_rmi/vendor/facade/ignition/src/Views/Engines/CompilerEngine.php(37): Illuminate\\View\\Engines\\CompilerEngine->get('/Users/aldyheli...', Array)
#27 /Users/aldyhelix/Projects/www/backend_rmi/vendor/livewire/livewire/src/ComponentConcerns/RendersLivewireComponents.php(35): Facade\\Ignition\\Views\\Engines\\CompilerEngine->get('/Users/aldyheli...', Array)
#28 /Users/aldyhelix/Projects/www/backend_rmi/vendor/laravel/framework/src/Illuminate/View/View.php(139): Livewire\\CompilerEngineForIgnition->get('/Users/aldyheli...', Array)
#29 /Users/aldyhelix/Projects/www/backend_rmi/vendor/laravel/framework/src/Illuminate/View/View.php(122): Illuminate\\View\\View->getContents()
#30 /Users/aldyhelix/Projects/www/backend_rmi/vendor/laravel/framework/src/Illuminate/View/View.php(91): Illuminate\\View\\View->renderContents()
#31 /Users/aldyhelix/Projects/www/backend_rmi/vendor/laravel/framework/src/Illuminate/Http/Response.php(69): Illuminate\\View\\View->render()
#32 /Users/aldyhelix/Projects/www/backend_rmi/vendor/laravel/framework/src/Illuminate/Http/Response.php(35): Illuminate\\Http\\Response->setContent(Object(Illuminate\\View\\View))
#33 /Users/aldyhelix/Projects/www/backend_rmi/vendor/laravel/framework/src/Illuminate/Routing/Router.php(820): Illuminate\\Http\\Response->__construct(Object(Illuminate\\View\\View), 200, Array)
#34 /Users/aldyhelix/Projects/www/backend_rmi/vendor/laravel/framework/src/Illuminate/Routing/Router.php(789): Illuminate\\Routing\\Router::toResponse(Object(Illuminate\\Http\\Request), Object(Illuminate\\View\\View))
#35 /Users/aldyhelix/Projects/www/backend_rmi/vendor/laravel/framework/src/Illuminate/Routing/Router.php(720): Illuminate\\Routing\\Router->prepareResponse(Object(Illuminate\\Http\\Request), Object(Illuminate\\View\\View))
#36 /Users/aldyhelix/Projects/www/backend_rmi/vendor/laravel/framework/src/Illuminate/Pipeline/Pipeline.php(128): Illuminate\\Routing\\Router->Illuminate\\Routing\\{closure}(Object(Illuminate\\Http\\Request))
#37 /Users/aldyhelix/Projects/www/backend_rmi/app/Http/Middleware/DashboardSetup.php(22): Illuminate\\Pipeline\\Pipeline->Illuminate\\Pipeline\\{closure}(Object(Illuminate\\Http\\Request))
#38 /Users/aldyhelix/Projects/www/backend_rmi/vendor/laravel/framework/src/Illuminate/Pipeline/Pipeline.php(167): App\\Http\\Middleware\\DashboardSetup->handle(Object(Illuminate\\Http\\Request), Object(Closure))
#39 /Users/aldyhelix/Projects/www/backend_rmi/app/Http/Middleware/CheckIfBillingInfoRequired.php(24): Illuminate\\Pipeline\\Pipeline->Illuminate\\Pipeline\\{closure}(Object(Illuminate\\Http\\Request))
#40 /Users/aldyhelix/Projects/www/backend_rmi/vendor/laravel/framework/src/Illuminate/Pipeline/Pipeline.php(167): App\\Http\\Middleware\\CheckIfBillingInfoRequired->handle(Object(Illuminate\\Http\\Request), Object(Closure))
#41 /Users/aldyhelix/Projects/www/backend_rmi/app/Http/Middleware/VerifyUserIsSubscribed.php(25): Illuminate\\Pipeline\\Pipeline->Illuminate\\Pipeline\\{closure}(Object(Illuminate\\Http\\Request))
#42 /Users/aldyhelix/Projects/www/backend_rmi/vendor/laravel/framework/src/Illuminate/Pipeline/Pipeline.php(167): App\\Http\\Middleware\\VerifyUserIsSubscribed->handle(Object(Illuminate\\Http\\Request), Object(Closure))
#43 /Users/aldyhelix/Projects/www/backend_rmi/app/Http/Middleware/CookieConsentMiddleware.php(21): Illuminate\\Pipeline\\Pipeline->Illuminate\\Pipeline\\{closure}(Object(Illuminate\\Http\\Request))
#44 /Users/aldyhelix/Projects/www/backend_rmi/vendor/laravel/framework/src/Illuminate/Pipeline/Pipeline.php(167): App\\Http\\Middleware\\CookieConsentMiddleware->handle(Object(Illuminate\\Http\\Request), Object(Closure))
#45 /Users/aldyhelix/Projects/www/backend_rmi/app/Http/Middleware/Language.php(64): Illuminate\\Pipeline\\Pipeline->Illuminate\\Pipeline\\{closure}(Object(Illuminate\\Http\\Request))
#46 /Users/aldyhelix/Projects/www/backend_rmi/vendor/laravel/framework/src/Illuminate/Pipeline/Pipeline.php(167): App\\Http\\Middleware\\Language->handle(Object(Illuminate\\Http\\Request), Object(Closure))
#47 /Users/aldyhelix/Projects/www/backend_rmi/app/Http/Middleware/InitSettings.php(8): Illuminate\\Pipeline\\Pipeline->Illuminate\\Pipeline\\{closure}(Object(Illuminate\\Http\\Request))
#48 /Users/aldyhelix/Projects/www/backend_rmi/vendor/laravel/framework/src/Illuminate/Pipeline/Pipeline.php(167): App\\Http\\Middleware\\InitSettings->handle(Object(Illuminate\\Http\\Request), Object(Closure))
#49 /Users/aldyhelix/Projects/www/backend_rmi/vendor/laravel/framework/src/Illuminate/Routing/Middleware/SubstituteBindings.php(50): Illuminate\\Pipeline\\Pipeline->Illuminate\\Pipeline\\{closure}(Object(Illuminate\\Http\\Request))
#50 /Users/aldyhelix/Projects/www/backend_rmi/vendor/laravel/framework/src/Illuminate/Pipeline/Pipeline.php(167): Illuminate\\Routing\\Middleware\\SubstituteBindings->handle(Object(Illuminate\\Http\\Request), Object(Closure))
#51 /Users/aldyhelix/Projects/www/backend_rmi/vendor/laravel/framework/src/Illuminate/Auth/Middleware/Authenticate.php(44): Illuminate\\Pipeline\\Pipeline->Illuminate\\Pipeline\\{closure}(Object(Illuminate\\Http\\Request))
#52 /Users/aldyhelix/Projects/www/backend_rmi/vendor/laravel/framework/src/Illuminate/Pipeline/Pipeline.php(167): Illuminate\\Auth\\Middleware\\Authenticate->handle(Object(Illuminate\\Http\\Request), Object(Closure))
#53 /Users/aldyhelix/Projects/www/backend_rmi/vendor/laravel/framework/src/Illuminate/Foundation/Http/Middleware/VerifyCsrfToken.php(78): Illuminate\\Pipeline\\Pipeline->Illuminate\\Pipeline\\{closure}(Object(Illuminate\\Http\\Request))
#54 /Users/aldyhelix/Projects/www/backend_rmi/vendor/laravel/framework/src/Illuminate/Pipeline/Pipeline.php(167): Illuminate\\Foundation\\Http\\Middleware\\VerifyCsrfToken->handle(Object(Illuminate\\Http\\Request), Object(Closure))
#55 /Users/aldyhelix/Projects/www/backend_rmi/vendor/laravel/framework/src/Illuminate/View/Middleware/ShareErrorsFromSession.php(49): Illuminate\\Pipeline\\Pipeline->Illuminate\\Pipeline\\{closure}(Object(Illuminate\\Http\\Request))
#56 /Users/aldyhelix/Projects/www/backend_rmi/vendor/laravel/framework/src/Illuminate/Pipeline/Pipeline.php(167): Illuminate\\View\\Middleware\\ShareErrorsFromSession->handle(Object(Illuminate\\Http\\Request), Object(Closure))
#57 /Users/aldyhelix/Projects/www/backend_rmi/vendor/laravel/framework/src/Illuminate/Session/Middleware/StartSession.php(121): Illuminate\\Pipeline\\Pipeline->Illuminate\\Pipeline\\{closure}(Object(Illuminate\\Http\\Request))
#58 /Users/aldyhelix/Projects/www/backend_rmi/vendor/laravel/framework/src/Illuminate/Session/Middleware/StartSession.php(64): Illuminate\\Session\\Middleware\\StartSession->handleStatefulRequest(Object(Illuminate\\Http\\Request), Object(Illuminate\\Session\\EncryptedStore), Object(Closure))
#59 /Users/aldyhelix/Projects/www/backend_rmi/vendor/laravel/framework/src/Illuminate/Pipeline/Pipeline.php(167): Illuminate\\Session\\Middleware\\StartSession->handle(Object(Illuminate\\Http\\Request), Object(Closure))
#60 /Users/aldyhelix/Projects/www/backend_rmi/vendor/laravel/framework/src/Illuminate/Cookie/Middleware/AddQueuedCookiesToResponse.php(37): Illuminate\\Pipeline\\Pipeline->Illuminate\\Pipeline\\{closure}(Object(Illuminate\\Http\\Request))
#61 /Users/aldyhelix/Projects/www/backend_rmi/vendor/laravel/framework/src/Illuminate/Pipeline/Pipeline.php(167): Illuminate\\Cookie\\Middleware\\AddQueuedCookiesToResponse->handle(Object(Illuminate\\Http\\Request), Object(Closure))
#62 /Users/aldyhelix/Projects/www/backend_rmi/vendor/laravel/framework/src/Illuminate/Cookie/Middleware/EncryptCookies.php(67): Illuminate\\Pipeline\\Pipeline->Illuminate\\Pipeline\\{closure}(Object(Illuminate\\Http\\Request))
#63 /Users/aldyhelix/Projects/www/backend_rmi/vendor/laravel/framework/src/Illuminate/Pipeline/Pipeline.php(167): Illuminate\\Cookie\\Middleware\\EncryptCookies->handle(Object(Illuminate\\Http\\Request), Object(Closure))
#64 /Users/aldyhelix/Projects/www/backend_rmi/vendor/laravel/framework/src/Illuminate/Pipeline/Pipeline.php(103): Illuminate\\Pipeline\\Pipeline->Illuminate\\Pipeline\\{closure}(Object(Illuminate\\Http\\Request))
#65 /Users/aldyhelix/Projects/www/backend_rmi/vendor/laravel/framework/src/Illuminate/Routing/Router.php(719): Illuminate\\Pipeline\\Pipeline->then(Object(Closure))
#66 /Users/aldyhelix/Projects/www/backend_rmi/vendor/laravel/framework/src/Illuminate/Routing/Router.php(698): Illuminate\\Routing\\Router->runRouteWithinStack(Object(Illuminate\\Routing\\Route), Object(Illuminate\\Http\\Request))
#67 /Users/aldyhelix/Projects/www/backend_rmi/vendor/laravel/framework/src/Illuminate/Routing/Router.php(662): Illuminate\\Routing\\Router->runRoute(Object(Illuminate\\Http\\Request), Object(Illuminate\\Routing\\Route))
#68 /Users/aldyhelix/Projects/www/backend_rmi/vendor/laravel/framework/src/Illuminate/Routing/Router.php(651): Illuminate\\Routing\\Router->dispatchToRoute(Object(Illuminate\\Http\\Request))
#69 /Users/aldyhelix/Projects/www/backend_rmi/vendor/laravel/framework/src/Illuminate/Foundation/Http/Kernel.php(167): Illuminate\\Routing\\Router->dispatch(Object(Illuminate\\Http\\Request))
#70 /Users/aldyhelix/Projects/www/backend_rmi/vendor/laravel/framework/src/Illuminate/Pipeline/Pipeline.php(128): Illuminate\\Foundation\\Http\\Kernel->Illuminate\\Foundation\\Http\\{closure}(Object(Illuminate\\Http\\Request))
#71 /Users/aldyhelix/Projects/www/backend_rmi/vendor/livewire/livewire/src/DisableBrowserCache.php(19): Illuminate\\Pipeline\\Pipeline->Illuminate\\Pipeline\\{closure}(Object(Illuminate\\Http\\Request))
#72 /Users/aldyhelix/Projects/www/backend_rmi/vendor/laravel/framework/src/Illuminate/Pipeline/Pipeline.php(167): Livewire\\DisableBrowserCache->handle(Object(Illuminate\\Http\\Request), Object(Closure))
#73 /Users/aldyhelix/Projects/www/backend_rmi/vendor/barryvdh/laravel-debugbar/src/Middleware/InjectDebugbar.php(66): Illuminate\\Pipeline\\Pipeline->Illuminate\\Pipeline\\{closure}(Object(Illuminate\\Http\\Request))
#74 /Users/aldyhelix/Projects/www/backend_rmi/vendor/laravel/framework/src/Illuminate/Pipeline/Pipeline.php(167): Barryvdh\\Debugbar\\Middleware\\InjectDebugbar->handle(Object(Illuminate\\Http\\Request), Object(Closure))
#75 /Users/aldyhelix/Projects/www/backend_rmi/app/Http/Middleware/CheckForInstallation.php(19): Illuminate\\Pipeline\\Pipeline->Illuminate\\Pipeline\\{closure}(Object(Illuminate\\Http\\Request))
#76 /Users/aldyhelix/Projects/www/backend_rmi/vendor/laravel/framework/src/Illuminate/Pipeline/Pipeline.php(167): App\\Http\\Middleware\\CheckForInstallation->handle(Object(Illuminate\\Http\\Request), Object(Closure))
#77 /Users/aldyhelix/Projects/www/backend_rmi/vendor/laravel/framework/src/Illuminate/Foundation/Http/Middleware/TransformsRequest.php(21): Illuminate\\Pipeline\\Pipeline->Illuminate\\Pipeline\\{closure}(Object(Illuminate\\Http\\Request))
#78 /Users/aldyhelix/Projects/www/backend_rmi/vendor/laravel/framework/src/Illuminate/Foundation/Http/Middleware/ConvertEmptyStringsToNull.php(31): Illuminate\\Foundation\\Http\\Middleware\\TransformsRequest->handle(Object(Illuminate\\Http\\Request), Object(Closure))
#79 /Users/aldyhelix/Projects/www/backend_rmi/vendor/laravel/framework/src/Illuminate/Pipeline/Pipeline.php(167): Illuminate\\Foundation\\Http\\Middleware\\ConvertEmptyStringsToNull->handle(Object(Illuminate\\Http\\Request), Object(Closure))
#80 /Users/aldyhelix/Projects/www/backend_rmi/vendor/laravel/framework/src/Illuminate/Foundation/Http/Middleware/TransformsRequest.php(21): Illuminate\\Pipeline\\Pipeline->Illuminate\\Pipeline\\{closure}(Object(Illuminate\\Http\\Request))
#81 /Users/aldyhelix/Projects/www/backend_rmi/vendor/laravel/framework/src/Illuminate/Foundation/Http/Middleware/TrimStrings.php(40): Illuminate\\Foundation\\Http\\Middleware\\TransformsRequest->handle(Object(Illuminate\\Http\\Request), Object(Closure))
#82 /Users/aldyhelix/Projects/www/backend_rmi/vendor/laravel/framework/src/Illuminate/Pipeline/Pipeline.php(167): Illuminate\\Foundation\\Http\\Middleware\\TrimStrings->handle(Object(Illuminate\\Http\\Request), Object(Closure))
#83 /Users/aldyhelix/Projects/www/backend_rmi/vendor/laravel/framework/src/Illuminate/Foundation/Http/Middleware/ValidatePostSize.php(27): Illuminate\\Pipeline\\Pipeline->Illuminate\\Pipeline\\{closure}(Object(Illuminate\\Http\\Request))
#84 /Users/aldyhelix/Projects/www/backend_rmi/vendor/laravel/framework/src/Illuminate/Pipeline/Pipeline.php(167): Illuminate\\Foundation\\Http\\Middleware\\ValidatePostSize->handle(Object(Illuminate\\Http\\Request), Object(Closure))
#85 /Users/aldyhelix/Projects/www/backend_rmi/vendor/laravel/framework/src/Illuminate/Foundation/Http/Middleware/PreventRequestsDuringMaintenance.php(86): Illuminate\\Pipeline\\Pipeline->Illuminate\\Pipeline\\{closure}(Object(Illuminate\\Http\\Request))
#86 /Users/aldyhelix/Projects/www/backend_rmi/vendor/laravel/framework/src/Illuminate/Pipeline/Pipeline.php(167): Illuminate\\Foundation\\Http\\Middleware\\PreventRequestsDuringMaintenance->handle(Object(Illuminate\\Http\\Request), Object(Closure))
#87 /Users/aldyhelix/Projects/www/backend_rmi/vendor/fruitcake/laravel-cors/src/HandleCors.php(38): Illuminate\\Pipeline\\Pipeline->Illuminate\\Pipeline\\{closure}(Object(Illuminate\\Http\\Request))
#88 /Users/aldyhelix/Projects/www/backend_rmi/vendor/laravel/framework/src/Illuminate/Pipeline/Pipeline.php(167): Fruitcake\\Cors\\HandleCors->handle(Object(Illuminate\\Http\\Request), Object(Closure))
#89 /Users/aldyhelix/Projects/www/backend_rmi/vendor/laravel/framework/src/Illuminate/Http/Middleware/TrustProxies.php(39): Illuminate\\Pipeline\\Pipeline->Illuminate\\Pipeline\\{closure}(Object(Illuminate\\Http\\Request))
#90 /Users/aldyhelix/Projects/www/backend_rmi/vendor/laravel/framework/src/Illuminate/Pipeline/Pipeline.php(167): Illuminate\\Http\\Middleware\\TrustProxies->handle(Object(Illuminate\\Http\\Request), Object(Closure))
#91 /Users/aldyhelix/Projects/www/backend_rmi/vendor/laravel/framework/src/Illuminate/Pipeline/Pipeline.php(103): Illuminate\\Pipeline\\Pipeline->Illuminate\\Pipeline\\{closure}(Object(Illuminate\\Http\\Request))
#92 /Users/aldyhelix/Projects/www/backend_rmi/vendor/laravel/framework/src/Illuminate/Foundation/Http/Kernel.php(142): Illuminate\\Pipeline\\Pipeline->then(Object(Closure))
#93 /Users/aldyhelix/Projects/www/backend_rmi/vendor/laravel/framework/src/Illuminate/Foundation/Http/Kernel.php(111): Illuminate\\Foundation\\Http\\Kernel->sendRequestThroughRouter(Object(Illuminate\\Http\\Request))
#94 /Users/aldyhelix/Projects/www/backend_rmi/public/index.php(58): Illuminate\\Foundation\\Http\\Kernel->handle(Object(Illuminate\\Http\\Request))
#95 /Applications/Herd.app/Contents/Resources/valet/server.php(153): require('/Users/aldyheli...')
#96 {main}

[previous exception] [object] (ErrorException(code: 0): Array to string conversion at /Users/aldyhelix/Projects/www/backend_rmi/storage/framework/views/3f1c0ad4503c21dfc054652aeb1d714409c74eb5.php:30)
[stacktrace]
#0 /Users/aldyhelix/Projects/www/backend_rmi/storage/framework/views/3f1c0ad4503c21dfc054652aeb1d714409c74eb5.php(30): Illuminate\\Foundation\\Bootstrap\\HandleExceptions->handleError(2, 'Array to string...', '/Users/aldyheli...', 30)
#1 /Users/aldyhelix/Projects/www/backend_rmi/vendor/livewire/livewire/src/ComponentConcerns/RendersLivewireComponents.php(83): include('/Users/aldyheli...')
#2 /Users/aldyhelix/Projects/www/backend_rmi/vendor/livewire/livewire/src/ComponentConcerns/RendersLivewireComponents.php(84): App\\Http\\Livewire\\Dashboard->Livewire\\ComponentConcerns\\{closure}()
#3 /Users/aldyhelix/Projects/www/backend_rmi/vendor/livewire/livewire/src/ComponentConcerns/RendersLivewireComponents.php(59): Livewire\\CompilerEngineForIgnition->evaluatePath('/Users/aldyheli...', Array)
#4 /Users/aldyhelix/Projects/www/backend_rmi/vendor/laravel/framework/src/Illuminate/View/View.php(139): Livewire\\CompilerEngineForIgnition->get('/Users/aldyheli...', Array)
#5 /Users/aldyhelix/Projects/www/backend_rmi/vendor/laravel/framework/src/Illuminate/View/View.php(122): Illuminate\\View\\View->getContents()
#6 /Users/aldyhelix/Projects/www/backend_rmi/vendor/laravel/framework/src/Illuminate/View/View.php(91): Illuminate\\View\\View->renderContents()
#7 /Users/aldyhelix/Projects/www/backend_rmi/vendor/laravel/framework/src/Illuminate/View/Concerns/ManagesComponents.php(100): Illuminate\\View\\View->render()
#8 /Users/aldyhelix/Projects/www/backend_rmi/storage/framework/views/f4899b702c6a16f1c873549d32bc50b1e46a780c.php(475): Illuminate\\View\\Factory->renderComponent()
#9 /Users/aldyhelix/Projects/www/backend_rmi/vendor/livewire/livewire/src/ComponentConcerns/RendersLivewireComponents.php(83): include('/Users/aldyheli...')
#10 /Users/aldyhelix/Projects/www/backend_rmi/vendor/livewire/livewire/src/ComponentConcerns/RendersLivewireComponents.php(84): App\\Http\\Livewire\\Dashboard->Livewire\\ComponentConcerns\\{closure}()
#11 /Users/aldyhelix/Projects/www/backend_rmi/vendor/livewire/livewire/src/ComponentConcerns/RendersLivewireComponents.php(59): Livewire\\CompilerEngineForIgnition->evaluatePath('/Users/aldyheli...', Array)
#12 /Users/aldyhelix/Projects/www/backend_rmi/vendor/laravel/framework/src/Illuminate/View/View.php(139): Livewire\\CompilerEngineForIgnition->get('/Users/aldyheli...', Array)
#13 /Users/aldyhelix/Projects/www/backend_rmi/vendor/laravel/framework/src/Illuminate/View/View.php(122): Illuminate\\View\\View->getContents()
#14 /Users/aldyhelix/Projects/www/backend_rmi/vendor/laravel/framework/src/Illuminate/View/View.php(91): Illuminate\\View\\View->renderContents()
#15 /Users/aldyhelix/Projects/www/backend_rmi/vendor/livewire/livewire/src/Component.php(235): Illuminate\\View\\View->render()
#16 /Users/aldyhelix/Projects/www/backend_rmi/vendor/livewire/livewire/src/HydrationMiddleware/RenderView.php(14): Livewire\\Component->output()
#17 /Users/aldyhelix/Projects/www/backend_rmi/vendor/livewire/livewire/src/LifecycleManager.php(141): Livewire\\HydrationMiddleware\\RenderView::dehydrate(Object(App\\Http\\Livewire\\Dashboard), Object(Livewire\\Response))
#18 /Users/aldyhelix/Projects/www/backend_rmi/vendor/livewire/livewire/src/LivewireManager.php(132): Livewire\\LifecycleManager->initialDehydrate()
#19 /Users/aldyhelix/Projects/www/backend_rmi/vendor/laravel/framework/src/Illuminate/Support/Facades/Facade.php(261): Livewire\\LivewireManager->mount('dashboard', Array)
#20 /Users/aldyhelix/Projects/www/backend_rmi/storage/framework/views/7614a377bf597da1c7ed67416eae576b7feee755.php(13): Illuminate\\Support\\Facades\\Facade::__callStatic('mount', Array)
#21 /Users/aldyhelix/Projects/www/backend_rmi/vendor/laravel/framework/src/Illuminate/Filesystem/Filesystem.php(107): require('/Users/aldyheli...')
#22 /Users/aldyhelix/Projects/www/backend_rmi/vendor/laravel/framework/src/Illuminate/Filesystem/Filesystem.php(108): Illuminate\\Filesystem\\Filesystem::Illuminate\\Filesystem\\{closure}()
#23 /Users/aldyhelix/Projects/www/backend_rmi/vendor/laravel/framework/src/Illuminate/View/Engines/PhpEngine.php(58): Illuminate\\Filesystem\\Filesystem->getRequire('/Users/aldyheli...', Array)
#24 /Users/aldyhelix/Projects/www/backend_rmi/vendor/livewire/livewire/src/ComponentConcerns/RendersLivewireComponents.php(69): Illuminate\\View\\Engines\\PhpEngine->evaluatePath('/Users/aldyheli...', Array)
#25 /Users/aldyhelix/Projects/www/backend_rmi/vendor/laravel/framework/src/Illuminate/View/Engines/CompilerEngine.php(61): Livewire\\CompilerEngineForIgnition->evaluatePath('/Users/aldyheli...', Array)
#26 /Users/aldyhelix/Projects/www/backend_rmi/vendor/facade/ignition/src/Views/Engines/CompilerEngine.php(37): Illuminate\\View\\Engines\\CompilerEngine->get('/Users/aldyheli...', Array)
#27 /Users/aldyhelix/Projects/www/backend_rmi/vendor/livewire/livewire/src/ComponentConcerns/RendersLivewireComponents.php(35): Facade\\Ignition\\Views\\Engines\\CompilerEngine->get('/Users/aldyheli...', Array)
#28 /Users/aldyhelix/Projects/www/backend_rmi/vendor/laravel/framework/src/Illuminate/View/View.php(139): Livewire\\CompilerEngineForIgnition->get('/Users/aldyheli...', Array)
#29 /Users/aldyhelix/Projects/www/backend_rmi/vendor/laravel/framework/src/Illuminate/View/View.php(122): Illuminate\\View\\View->getContents()
#30 /Users/aldyhelix/Projects/www/backend_rmi/vendor/laravel/framework/src/Illuminate/View/View.php(91): Illuminate\\View\\View->renderContents()
#31 /Users/aldyhelix/Projects/www/backend_rmi/vendor/laravel/framework/src/Illuminate/Http/Response.php(69): Illuminate\\View\\View->render()
#32 /Users/aldyhelix/Projects/www/backend_rmi/vendor/laravel/framework/src/Illuminate/Http/Response.php(35): Illuminate\\Http\\Response->setContent(Object(Illuminate\\View\\View))
#33 /Users/aldyhelix/Projects/www/backend_rmi/vendor/laravel/framework/src/Illuminate/Routing/Router.php(820): Illuminate\\Http\\Response->__construct(Object(Illuminate\\View\\View), 200, Array)
#34 /Users/aldyhelix/Projects/www/backend_rmi/vendor/laravel/framework/src/Illuminate/Routing/Router.php(789): Illuminate\\Routing\\Router::toResponse(Object(Illuminate\\Http\\Request), Object(Illuminate\\View\\View))
#35 /Users/aldyhelix/Projects/www/backend_rmi/vendor/laravel/framework/src/Illuminate/Routing/Router.php(720): Illuminate\\Routing\\Router->prepareResponse(Object(Illuminate\\Http\\Request), Object(Illuminate\\View\\View))
#36 /Users/aldyhelix/Projects/www/backend_rmi/vendor/laravel/framework/src/Illuminate/Pipeline/Pipeline.php(128): Illuminate\\Routing\\Router->Illuminate\\Routing\\{closure}(Object(Illuminate\\Http\\Request))
#37 /Users/aldyhelix/Projects/www/backend_rmi/app/Http/Middleware/DashboardSetup.php(22): Illuminate\\Pipeline\\Pipeline->Illuminate\\Pipeline\\{closure}(Object(Illuminate\\Http\\Request))
#38 /Users/aldyhelix/Projects/www/backend_rmi/vendor/laravel/framework/src/Illuminate/Pipeline/Pipeline.php(167): App\\Http\\Middleware\\DashboardSetup->handle(Object(Illuminate\\Http\\Request), Object(Closure))
#39 /Users/aldyhelix/Projects/www/backend_rmi/app/Http/Middleware/CheckIfBillingInfoRequired.php(24): Illuminate\\Pipeline\\Pipeline->Illuminate\\Pipeline\\{closure}(Object(Illuminate\\Http\\Request))
#40 /Users/aldyhelix/Projects/www/backend_rmi/vendor/laravel/framework/src/Illuminate/Pipeline/Pipeline.php(167): App\\Http\\Middleware\\CheckIfBillingInfoRequired->handle(Object(Illuminate\\Http\\Request), Object(Closure))
#41 /Users/aldyhelix/Projects/www/backend_rmi/app/Http/Middleware/VerifyUserIsSubscribed.php(25): Illuminate\\Pipeline\\Pipeline->Illuminate\\Pipeline\\{closure}(Object(Illuminate\\Http\\Request))
#42 /Users/aldyhelix/Projects/www/backend_rmi/vendor/laravel/framework/src/Illuminate/Pipeline/Pipeline.php(167): App\\Http\\Middleware\\VerifyUserIsSubscribed->handle(Object(Illuminate\\Http\\Request), Object(Closure))
#43 /Users/aldyhelix/Projects/www/backend_rmi/app/Http/Middleware/CookieConsentMiddleware.php(21): Illuminate\\Pipeline\\Pipeline->Illuminate\\Pipeline\\{closure}(Object(Illuminate\\Http\\Request))
#44 /Users/aldyhelix/Projects/www/backend_rmi/vendor/laravel/framework/src/Illuminate/Pipeline/Pipeline.php(167): App\\Http\\Middleware\\CookieConsentMiddleware->handle(Object(Illuminate\\Http\\Request), Object(Closure))
#45 /Users/aldyhelix/Projects/www/backend_rmi/app/Http/Middleware/Language.php(64): Illuminate\\Pipeline\\Pipeline->Illuminate\\Pipeline\\{closure}(Object(Illuminate\\Http\\Request))
#46 /Users/aldyhelix/Projects/www/backend_rmi/vendor/laravel/framework/src/Illuminate/Pipeline/Pipeline.php(167): App\\Http\\Middleware\\Language->handle(Object(Illuminate\\Http\\Request), Object(Closure))
#47 /Users/aldyhelix/Projects/www/backend_rmi/app/Http/Middleware/InitSettings.php(8): Illuminate\\Pipeline\\Pipeline->Illuminate\\Pipeline\\{closure}(Object(Illuminate\\Http\\Request))
#48 /Users/aldyhelix/Projects/www/backend_rmi/vendor/laravel/framework/src/Illuminate/Pipeline/Pipeline.php(167): App\\Http\\Middleware\\InitSettings->handle(Object(Illuminate\\Http\\Request), Object(Closure))
#49 /Users/aldyhelix/Projects/www/backend_rmi/vendor/laravel/framework/src/Illuminate/Routing/Middleware/SubstituteBindings.php(50): Illuminate\\Pipeline\\Pipeline->Illuminate\\Pipeline\\{closure}(Object(Illuminate\\Http\\Request))
#50 /Users/aldyhelix/Projects/www/backend_rmi/vendor/laravel/framework/src/Illuminate/Pipeline/Pipeline.php(167): Illuminate\\Routing\\Middleware\\SubstituteBindings->handle(Object(Illuminate\\Http\\Request), Object(Closure))
#51 /Users/aldyhelix/Projects/www/backend_rmi/vendor/laravel/framework/src/Illuminate/Auth/Middleware/Authenticate.php(44): Illuminate\\Pipeline\\Pipeline->Illuminate\\Pipeline\\{closure}(Object(Illuminate\\Http\\Request))
#52 /Users/aldyhelix/Projects/www/backend_rmi/vendor/laravel/framework/src/Illuminate/Pipeline/Pipeline.php(167): Illuminate\\Auth\\Middleware\\Authenticate->handle(Object(Illuminate\\Http\\Request), Object(Closure))
#53 /Users/aldyhelix/Projects/www/backend_rmi/vendor/laravel/framework/src/Illuminate/Foundation/Http/Middleware/VerifyCsrfToken.php(78): Illuminate\\Pipeline\\Pipeline->Illuminate\\Pipeline\\{closure}(Object(Illuminate\\Http\\Request))
#54 /Users/aldyhelix/Projects/www/backend_rmi/vendor/laravel/framework/src/Illuminate/Pipeline/Pipeline.php(167): Illuminate\\Foundation\\Http\\Middleware\\VerifyCsrfToken->handle(Object(Illuminate\\Http\\Request), Object(Closure))
#55 /Users/aldyhelix/Projects/www/backend_rmi/vendor/laravel/framework/src/Illuminate/View/Middleware/ShareErrorsFromSession.php(49): Illuminate\\Pipeline\\Pipeline->Illuminate\\Pipeline\\{closure}(Object(Illuminate\\Http\\Request))
#56 /Users/aldyhelix/Projects/www/backend_rmi/vendor/laravel/framework/src/Illuminate/Pipeline/Pipeline.php(167): Illuminate\\View\\Middleware\\ShareErrorsFromSession->handle(Object(Illuminate\\Http\\Request), Object(Closure))
#57 /Users/aldyhelix/Projects/www/backend_rmi/vendor/laravel/framework/src/Illuminate/Session/Middleware/StartSession.php(121): Illuminate\\Pipeline\\Pipeline->Illuminate\\Pipeline\\{closure}(Object(Illuminate\\Http\\Request))
#58 /Users/aldyhelix/Projects/www/backend_rmi/vendor/laravel/framework/src/Illuminate/Session/Middleware/StartSession.php(64): Illuminate\\Session\\Middleware\\StartSession->handleStatefulRequest(Object(Illuminate\\Http\\Request), Object(Illuminate\\Session\\EncryptedStore), Object(Closure))
#59 /Users/aldyhelix/Projects/www/backend_rmi/vendor/laravel/framework/src/Illuminate/Pipeline/Pipeline.php(167): Illuminate\\Session\\Middleware\\StartSession->handle(Object(Illuminate\\Http\\Request), Object(Closure))
#60 /Users/aldyhelix/Projects/www/backend_rmi/vendor/laravel/framework/src/Illuminate/Cookie/Middleware/AddQueuedCookiesToResponse.php(37): Illuminate\\Pipeline\\Pipeline->Illuminate\\Pipeline\\{closure}(Object(Illuminate\\Http\\Request))
#61 /Users/aldyhelix/Projects/www/backend_rmi/vendor/laravel/framework/src/Illuminate/Pipeline/Pipeline.php(167): Illuminate\\Cookie\\Middleware\\AddQueuedCookiesToResponse->handle(Object(Illuminate\\Http\\Request), Object(Closure))
#62 /Users/aldyhelix/Projects/www/backend_rmi/vendor/laravel/framework/src/Illuminate/Cookie/Middleware/EncryptCookies.php(67): Illuminate\\Pipeline\\Pipeline->Illuminate\\Pipeline\\{closure}(Object(Illuminate\\Http\\Request))
#63 /Users/aldyhelix/Projects/www/backend_rmi/vendor/laravel/framework/src/Illuminate/Pipeline/Pipeline.php(167): Illuminate\\Cookie\\Middleware\\EncryptCookies->handle(Object(Illuminate\\Http\\Request), Object(Closure))
#64 /Users/aldyhelix/Projects/www/backend_rmi/vendor/laravel/framework/src/Illuminate/Pipeline/Pipeline.php(103): Illuminate\\Pipeline\\Pipeline->Illuminate\\Pipeline\\{closure}(Object(Illuminate\\Http\\Request))
#65 /Users/aldyhelix/Projects/www/backend_rmi/vendor/laravel/framework/src/Illuminate/Routing/Router.php(719): Illuminate\\Pipeline\\Pipeline->then(Object(Closure))
#66 /Users/aldyhelix/Projects/www/backend_rmi/vendor/laravel/framework/src/Illuminate/Routing/Router.php(698): Illuminate\\Routing\\Router->runRouteWithinStack(Object(Illuminate\\Routing\\Route), Object(Illuminate\\Http\\Request))
#67 /Users/aldyhelix/Projects/www/backend_rmi/vendor/laravel/framework/src/Illuminate/Routing/Router.php(662): Illuminate\\Routing\\Router->runRoute(Object(Illuminate\\Http\\Request), Object(Illuminate\\Routing\\Route))
#68 /Users/aldyhelix/Projects/www/backend_rmi/vendor/laravel/framework/src/Illuminate/Routing/Router.php(651): Illuminate\\Routing\\Router->dispatchToRoute(Object(Illuminate\\Http\\Request))
#69 /Users/aldyhelix/Projects/www/backend_rmi/vendor/laravel/framework/src/Illuminate/Foundation/Http/Kernel.php(167): Illuminate\\Routing\\Router->dispatch(Object(Illuminate\\Http\\Request))
#70 /Users/aldyhelix/Projects/www/backend_rmi/vendor/laravel/framework/src/Illuminate/Pipeline/Pipeline.php(128): Illuminate\\Foundation\\Http\\Kernel->Illuminate\\Foundation\\Http\\{closure}(Object(Illuminate\\Http\\Request))
#71 /Users/aldyhelix/Projects/www/backend_rmi/vendor/livewire/livewire/src/DisableBrowserCache.php(19): Illuminate\\Pipeline\\Pipeline->Illuminate\\Pipeline\\{closure}(Object(Illuminate\\Http\\Request))
#72 /Users/aldyhelix/Projects/www/backend_rmi/vendor/laravel/framework/src/Illuminate/Pipeline/Pipeline.php(167): Livewire\\DisableBrowserCache->handle(Object(Illuminate\\Http\\Request), Object(Closure))
#73 /Users/aldyhelix/Projects/www/backend_rmi/vendor/barryvdh/laravel-debugbar/src/Middleware/InjectDebugbar.php(66): Illuminate\\Pipeline\\Pipeline->Illuminate\\Pipeline\\{closure}(Object(Illuminate\\Http\\Request))
#74 /Users/aldyhelix/Projects/www/backend_rmi/vendor/laravel/framework/src/Illuminate/Pipeline/Pipeline.php(167): Barryvdh\\Debugbar\\Middleware\\InjectDebugbar->handle(Object(Illuminate\\Http\\Request), Object(Closure))
#75 /Users/aldyhelix/Projects/www/backend_rmi/app/Http/Middleware/CheckForInstallation.php(19): Illuminate\\Pipeline\\Pipeline->Illuminate\\Pipeline\\{closure}(Object(Illuminate\\Http\\Request))
#76 /Users/aldyhelix/Projects/www/backend_rmi/vendor/laravel/framework/src/Illuminate/Pipeline/Pipeline.php(167): App\\Http\\Middleware\\CheckForInstallation->handle(Object(Illuminate\\Http\\Request), Object(Closure))
#77 /Users/aldyhelix/Projects/www/backend_rmi/vendor/laravel/framework/src/Illuminate/Foundation/Http/Middleware/TransformsRequest.php(21): Illuminate\\Pipeline\\Pipeline->Illuminate\\Pipeline\\{closure}(Object(Illuminate\\Http\\Request))
#78 /Users/aldyhelix/Projects/www/backend_rmi/vendor/laravel/framework/src/Illuminate/Foundation/Http/Middleware/ConvertEmptyStringsToNull.php(31): Illuminate\\Foundation\\Http\\Middleware\\TransformsRequest->handle(Object(Illuminate\\Http\\Request), Object(Closure))
#79 /Users/aldyhelix/Projects/www/backend_rmi/vendor/laravel/framework/src/Illuminate/Pipeline/Pipeline.php(167): Illuminate\\Foundation\\Http\\Middleware\\ConvertEmptyStringsToNull->handle(Object(Illuminate\\Http\\Request), Object(Closure))
#80 /Users/aldyhelix/Projects/www/backend_rmi/vendor/laravel/framework/src/Illuminate/Foundation/Http/Middleware/TransformsRequest.php(21): Illuminate\\Pipeline\\Pipeline->Illuminate\\Pipeline\\{closure}(Object(Illuminate\\Http\\Request))
#81 /Users/aldyhelix/Projects/www/backend_rmi/vendor/laravel/framework/src/Illuminate/Foundation/Http/Middleware/TrimStrings.php(40): Illuminate\\Foundation\\Http\\Middleware\\TransformsRequest->handle(Object(Illuminate\\Http\\Request), Object(Closure))
#82 /Users/aldyhelix/Projects/www/backend_rmi/vendor/laravel/framework/src/Illuminate/Pipeline/Pipeline.php(167): Illuminate\\Foundation\\Http\\Middleware\\TrimStrings->handle(Object(Illuminate\\Http\\Request), Object(Closure))
#83 /Users/aldyhelix/Projects/www/backend_rmi/vendor/laravel/framework/src/Illuminate/Foundation/Http/Middleware/ValidatePostSize.php(27): Illuminate\\Pipeline\\Pipeline->Illuminate\\Pipeline\\{closure}(Object(Illuminate\\Http\\Request))
#84 /Users/aldyhelix/Projects/www/backend_rmi/vendor/laravel/framework/src/Illuminate/Pipeline/Pipeline.php(167): Illuminate\\Foundation\\Http\\Middleware\\ValidatePostSize->handle(Object(Illuminate\\Http\\Request), Object(Closure))
#85 /Users/aldyhelix/Projects/www/backend_rmi/vendor/laravel/framework/src/Illuminate/Foundation/Http/Middleware/PreventRequestsDuringMaintenance.php(86): Illuminate\\Pipeline\\Pipeline->Illuminate\\Pipeline\\{closure}(Object(Illuminate\\Http\\Request))
#86 /Users/aldyhelix/Projects/www/backend_rmi/vendor/laravel/framework/src/Illuminate/Pipeline/Pipeline.php(167): Illuminate\\Foundation\\Http\\Middleware\\PreventRequestsDuringMaintenance->handle(Object(Illuminate\\Http\\Request), Object(Closure))
#87 /Users/aldyhelix/Projects/www/backend_rmi/vendor/fruitcake/laravel-cors/src/HandleCors.php(38): Illuminate\\Pipeline\\Pipeline->Illuminate\\Pipeline\\{closure}(Object(Illuminate\\Http\\Request))
#88 /Users/aldyhelix/Projects/www/backend_rmi/vendor/laravel/framework/src/Illuminate/Pipeline/Pipeline.php(167): Fruitcake\\Cors\\HandleCors->handle(Object(Illuminate\\Http\\Request), Object(Closure))
#89 /Users/aldyhelix/Projects/www/backend_rmi/vendor/laravel/framework/src/Illuminate/Http/Middleware/TrustProxies.php(39): Illuminate\\Pipeline\\Pipeline->Illuminate\\Pipeline\\{closure}(Object(Illuminate\\Http\\Request))
#90 /Users/aldyhelix/Projects/www/backend_rmi/vendor/laravel/framework/src/Illuminate/Pipeline/Pipeline.php(167): Illuminate\\Http\\Middleware\\TrustProxies->handle(Object(Illuminate\\Http\\Request), Object(Closure))
#91 /Users/aldyhelix/Projects/www/backend_rmi/vendor/laravel/framework/src/Illuminate/Pipeline/Pipeline.php(103): Illuminate\\Pipeline\\Pipeline->Illuminate\\Pipeline\\{closure}(Object(Illuminate\\Http\\Request))
#92 /Users/aldyhelix/Projects/www/backend_rmi/vendor/laravel/framework/src/Illuminate/Foundation/Http/Kernel.php(142): Illuminate\\Pipeline\\Pipeline->then(Object(Closure))
#93 /Users/aldyhelix/Projects/www/backend_rmi/vendor/laravel/framework/src/Illuminate/Foundation/Http/Kernel.php(111): Illuminate\\Foundation\\Http\\Kernel->sendRequestThroughRouter(Object(Illuminate\\Http\\Request))
#94 /Users/aldyhelix/Projects/www/backend_rmi/public/index.php(58): Illuminate\\Foundation\\Http\\Kernel->handle(Object(Illuminate\\Http\\Request))
#95 /Applications/Herd.app/Contents/Resources/valet/server.php(153): require('/Users/aldyheli...')
#96 {main}
"} 
[2024-06-09 17:20:04] production.ERROR: Undefined variable $chartData (View: /Users/aldyhelix/Projects/www/backend_rmi/resources/views/components/chart.blade.php) {"view":{"view":"/Users/aldyhelix/Projects/www/backend_rmi/storage/framework/views/3f1c0ad4503c21dfc054652aeb1d714409c74eb5.php","data":[]},"userId":1,"exception":"[object] (Facade\\Ignition\\Exceptions\\ViewException(code: 0): Undefined variable $chartData (View: /Users/aldyhelix/Projects/www/backend_rmi/resources/views/components/chart.blade.php) at /Users/aldyhelix/Projects/www/backend_rmi/storage/framework/views/3f1c0ad4503c21dfc054652aeb1d714409c74eb5.php:30)
[stacktrace]
#0 /Users/aldyhelix/Projects/www/backend_rmi/storage/framework/views/3f1c0ad4503c21dfc054652aeb1d714409c74eb5.php(30): Illuminate\\Foundation\\Bootstrap\\HandleExceptions->handleError(2, 'Undefined varia...', '/Users/aldyheli...', 30)
#1 /Users/aldyhelix/Projects/www/backend_rmi/vendor/livewire/livewire/src/ComponentConcerns/RendersLivewireComponents.php(83): include('/Users/aldyheli...')
#2 /Users/aldyhelix/Projects/www/backend_rmi/vendor/livewire/livewire/src/ComponentConcerns/RendersLivewireComponents.php(84): App\\Http\\Livewire\\Dashboard->Livewire\\ComponentConcerns\\{closure}()
#3 /Users/aldyhelix/Projects/www/backend_rmi/vendor/livewire/livewire/src/ComponentConcerns/RendersLivewireComponents.php(59): Livewire\\CompilerEngineForIgnition->evaluatePath('/Users/aldyheli...', Array)
#4 /Users/aldyhelix/Projects/www/backend_rmi/vendor/laravel/framework/src/Illuminate/View/View.php(139): Livewire\\CompilerEngineForIgnition->get('/Users/aldyheli...', Array)
#5 /Users/aldyhelix/Projects/www/backend_rmi/vendor/laravel/framework/src/Illuminate/View/View.php(122): Illuminate\\View\\View->getContents()
#6 /Users/aldyhelix/Projects/www/backend_rmi/vendor/laravel/framework/src/Illuminate/View/View.php(91): Illuminate\\View\\View->renderContents()
#7 /Users/aldyhelix/Projects/www/backend_rmi/vendor/laravel/framework/src/Illuminate/View/Concerns/ManagesComponents.php(100): Illuminate\\View\\View->render()
#8 /Users/aldyhelix/Projects/www/backend_rmi/storage/framework/views/f4899b702c6a16f1c873549d32bc50b1e46a780c.php(475): Illuminate\\View\\Factory->renderComponent()
#9 /Users/aldyhelix/Projects/www/backend_rmi/vendor/livewire/livewire/src/ComponentConcerns/RendersLivewireComponents.php(83): include('/Users/aldyheli...')
#10 /Users/aldyhelix/Projects/www/backend_rmi/vendor/livewire/livewire/src/ComponentConcerns/RendersLivewireComponents.php(84): App\\Http\\Livewire\\Dashboard->Livewire\\ComponentConcerns\\{closure}()
#11 /Users/aldyhelix/Projects/www/backend_rmi/vendor/livewire/livewire/src/ComponentConcerns/RendersLivewireComponents.php(59): Livewire\\CompilerEngineForIgnition->evaluatePath('/Users/aldyheli...', Array)
#12 /Users/aldyhelix/Projects/www/backend_rmi/vendor/laravel/framework/src/Illuminate/View/View.php(139): Livewire\\CompilerEngineForIgnition->get('/Users/aldyheli...', Array)
#13 /Users/aldyhelix/Projects/www/backend_rmi/vendor/laravel/framework/src/Illuminate/View/View.php(122): Illuminate\\View\\View->getContents()
#14 /Users/aldyhelix/Projects/www/backend_rmi/vendor/laravel/framework/src/Illuminate/View/View.php(91): Illuminate\\View\\View->renderContents()
#15 /Users/aldyhelix/Projects/www/backend_rmi/vendor/livewire/livewire/src/Component.php(235): Illuminate\\View\\View->render()
#16 /Users/aldyhelix/Projects/www/backend_rmi/vendor/livewire/livewire/src/HydrationMiddleware/RenderView.php(14): Livewire\\Component->output()
#17 /Users/aldyhelix/Projects/www/backend_rmi/vendor/livewire/livewire/src/LifecycleManager.php(141): Livewire\\HydrationMiddleware\\RenderView::dehydrate(Object(App\\Http\\Livewire\\Dashboard), Object(Livewire\\Response))
#18 /Users/aldyhelix/Projects/www/backend_rmi/vendor/livewire/livewire/src/LivewireManager.php(132): Livewire\\LifecycleManager->initialDehydrate()
#19 /Users/aldyhelix/Projects/www/backend_rmi/vendor/laravel/framework/src/Illuminate/Support/Facades/Facade.php(261): Livewire\\LivewireManager->mount('dashboard', Array)
#20 /Users/aldyhelix/Projects/www/backend_rmi/resources/views/admin/dashboard/platform.blade.php(13): Illuminate\\Support\\Facades\\Facade::__callStatic('mount', Array)
#21 /Users/aldyhelix/Projects/www/backend_rmi/vendor/laravel/framework/src/Illuminate/Filesystem/Filesystem.php(107): require('/Users/aldyheli...')
#22 /Users/aldyhelix/Projects/www/backend_rmi/vendor/laravel/framework/src/Illuminate/Filesystem/Filesystem.php(108): Illuminate\\Filesystem\\Filesystem::Illuminate\\Filesystem\\{closure}()
#23 /Users/aldyhelix/Projects/www/backend_rmi/vendor/laravel/framework/src/Illuminate/View/Engines/PhpEngine.php(58): Illuminate\\Filesystem\\Filesystem->getRequire('/Users/aldyheli...', Array)
#24 /Users/aldyhelix/Projects/www/backend_rmi/vendor/livewire/livewire/src/ComponentConcerns/RendersLivewireComponents.php(69): Illuminate\\View\\Engines\\PhpEngine->evaluatePath('/Users/aldyheli...', Array)
#25 /Users/aldyhelix/Projects/www/backend_rmi/vendor/laravel/framework/src/Illuminate/View/Engines/CompilerEngine.php(61): Livewire\\CompilerEngineForIgnition->evaluatePath('/Users/aldyheli...', Array)
#26 /Users/aldyhelix/Projects/www/backend_rmi/vendor/facade/ignition/src/Views/Engines/CompilerEngine.php(37): Illuminate\\View\\Engines\\CompilerEngine->get('/Users/aldyheli...', Array)
#27 /Users/aldyhelix/Projects/www/backend_rmi/vendor/livewire/livewire/src/ComponentConcerns/RendersLivewireComponents.php(35): Facade\\Ignition\\Views\\Engines\\CompilerEngine->get('/Users/aldyheli...', Array)
#28 /Users/aldyhelix/Projects/www/backend_rmi/vendor/laravel/framework/src/Illuminate/View/View.php(139): Livewire\\CompilerEngineForIgnition->get('/Users/aldyheli...', Array)
#29 /Users/aldyhelix/Projects/www/backend_rmi/vendor/laravel/framework/src/Illuminate/View/View.php(122): Illuminate\\View\\View->getContents()
#30 /Users/aldyhelix/Projects/www/backend_rmi/vendor/laravel/framework/src/Illuminate/View/View.php(91): Illuminate\\View\\View->renderContents()
#31 /Users/aldyhelix/Projects/www/backend_rmi/vendor/laravel/framework/src/Illuminate/Http/Response.php(69): Illuminate\\View\\View->render()
#32 /Users/aldyhelix/Projects/www/backend_rmi/vendor/laravel/framework/src/Illuminate/Http/Response.php(35): Illuminate\\Http\\Response->setContent(Object(Illuminate\\View\\View))
#33 /Users/aldyhelix/Projects/www/backend_rmi/vendor/laravel/framework/src/Illuminate/Routing/Router.php(820): Illuminate\\Http\\Response->__construct(Object(Illuminate\\View\\View), 200, Array)
#34 /Users/aldyhelix/Projects/www/backend_rmi/vendor/laravel/framework/src/Illuminate/Routing/Router.php(789): Illuminate\\Routing\\Router::toResponse(Object(Illuminate\\Http\\Request), Object(Illuminate\\View\\View))
#35 /Users/aldyhelix/Projects/www/backend_rmi/vendor/laravel/framework/src/Illuminate/Routing/Router.php(720): Illuminate\\Routing\\Router->prepareResponse(Object(Illuminate\\Http\\Request), Object(Illuminate\\View\\View))
#36 /Users/aldyhelix/Projects/www/backend_rmi/vendor/laravel/framework/src/Illuminate/Pipeline/Pipeline.php(128): Illuminate\\Routing\\Router->Illuminate\\Routing\\{closure}(Object(Illuminate\\Http\\Request))
#37 /Users/aldyhelix/Projects/www/backend_rmi/app/Http/Middleware/DashboardSetup.php(22): Illuminate\\Pipeline\\Pipeline->Illuminate\\Pipeline\\{closure}(Object(Illuminate\\Http\\Request))
#38 /Users/aldyhelix/Projects/www/backend_rmi/vendor/laravel/framework/src/Illuminate/Pipeline/Pipeline.php(167): App\\Http\\Middleware\\DashboardSetup->handle(Object(Illuminate\\Http\\Request), Object(Closure))
#39 /Users/aldyhelix/Projects/www/backend_rmi/app/Http/Middleware/CheckIfBillingInfoRequired.php(24): Illuminate\\Pipeline\\Pipeline->Illuminate\\Pipeline\\{closure}(Object(Illuminate\\Http\\Request))
#40 /Users/aldyhelix/Projects/www/backend_rmi/vendor/laravel/framework/src/Illuminate/Pipeline/Pipeline.php(167): App\\Http\\Middleware\\CheckIfBillingInfoRequired->handle(Object(Illuminate\\Http\\Request), Object(Closure))
#41 /Users/aldyhelix/Projects/www/backend_rmi/app/Http/Middleware/VerifyUserIsSubscribed.php(25): Illuminate\\Pipeline\\Pipeline->Illuminate\\Pipeline\\{closure}(Object(Illuminate\\Http\\Request))
#42 /Users/aldyhelix/Projects/www/backend_rmi/vendor/laravel/framework/src/Illuminate/Pipeline/Pipeline.php(167): App\\Http\\Middleware\\VerifyUserIsSubscribed->handle(Object(Illuminate\\Http\\Request), Object(Closure))
#43 /Users/aldyhelix/Projects/www/backend_rmi/app/Http/Middleware/CookieConsentMiddleware.php(21): Illuminate\\Pipeline\\Pipeline->Illuminate\\Pipeline\\{closure}(Object(Illuminate\\Http\\Request))
#44 /Users/aldyhelix/Projects/www/backend_rmi/vendor/laravel/framework/src/Illuminate/Pipeline/Pipeline.php(167): App\\Http\\Middleware\\CookieConsentMiddleware->handle(Object(Illuminate\\Http\\Request), Object(Closure))
#45 /Users/aldyhelix/Projects/www/backend_rmi/app/Http/Middleware/Language.php(64): Illuminate\\Pipeline\\Pipeline->Illuminate\\Pipeline\\{closure}(Object(Illuminate\\Http\\Request))
#46 /Users/aldyhelix/Projects/www/backend_rmi/vendor/laravel/framework/src/Illuminate/Pipeline/Pipeline.php(167): App\\Http\\Middleware\\Language->handle(Object(Illuminate\\Http\\Request), Object(Closure))
#47 /Users/aldyhelix/Projects/www/backend_rmi/app/Http/Middleware/InitSettings.php(8): Illuminate\\Pipeline\\Pipeline->Illuminate\\Pipeline\\{closure}(Object(Illuminate\\Http\\Request))
#48 /Users/aldyhelix/Projects/www/backend_rmi/vendor/laravel/framework/src/Illuminate/Pipeline/Pipeline.php(167): App\\Http\\Middleware\\InitSettings->handle(Object(Illuminate\\Http\\Request), Object(Closure))
#49 /Users/aldyhelix/Projects/www/backend_rmi/vendor/laravel/framework/src/Illuminate/Routing/Middleware/SubstituteBindings.php(50): Illuminate\\Pipeline\\Pipeline->Illuminate\\Pipeline\\{closure}(Object(Illuminate\\Http\\Request))
#50 /Users/aldyhelix/Projects/www/backend_rmi/vendor/laravel/framework/src/Illuminate/Pipeline/Pipeline.php(167): Illuminate\\Routing\\Middleware\\SubstituteBindings->handle(Object(Illuminate\\Http\\Request), Object(Closure))
#51 /Users/aldyhelix/Projects/www/backend_rmi/vendor/laravel/framework/src/Illuminate/Auth/Middleware/Authenticate.php(44): Illuminate\\Pipeline\\Pipeline->Illuminate\\Pipeline\\{closure}(Object(Illuminate\\Http\\Request))
#52 /Users/aldyhelix/Projects/www/backend_rmi/vendor/laravel/framework/src/Illuminate/Pipeline/Pipeline.php(167): Illuminate\\Auth\\Middleware\\Authenticate->handle(Object(Illuminate\\Http\\Request), Object(Closure))
#53 /Users/aldyhelix/Projects/www/backend_rmi/vendor/laravel/framework/src/Illuminate/Foundation/Http/Middleware/VerifyCsrfToken.php(78): Illuminate\\Pipeline\\Pipeline->Illuminate\\Pipeline\\{closure}(Object(Illuminate\\Http\\Request))
#54 /Users/aldyhelix/Projects/www/backend_rmi/vendor/laravel/framework/src/Illuminate/Pipeline/Pipeline.php(167): Illuminate\\Foundation\\Http\\Middleware\\VerifyCsrfToken->handle(Object(Illuminate\\Http\\Request), Object(Closure))
#55 /Users/aldyhelix/Projects/www/backend_rmi/vendor/laravel/framework/src/Illuminate/View/Middleware/ShareErrorsFromSession.php(49): Illuminate\\Pipeline\\Pipeline->Illuminate\\Pipeline\\{closure}(Object(Illuminate\\Http\\Request))
#56 /Users/aldyhelix/Projects/www/backend_rmi/vendor/laravel/framework/src/Illuminate/Pipeline/Pipeline.php(167): Illuminate\\View\\Middleware\\ShareErrorsFromSession->handle(Object(Illuminate\\Http\\Request), Object(Closure))
#57 /Users/aldyhelix/Projects/www/backend_rmi/vendor/laravel/framework/src/Illuminate/Session/Middleware/StartSession.php(121): Illuminate\\Pipeline\\Pipeline->Illuminate\\Pipeline\\{closure}(Object(Illuminate\\Http\\Request))
#58 /Users/aldyhelix/Projects/www/backend_rmi/vendor/laravel/framework/src/Illuminate/Session/Middleware/StartSession.php(64): Illuminate\\Session\\Middleware\\StartSession->handleStatefulRequest(Object(Illuminate\\Http\\Request), Object(Illuminate\\Session\\EncryptedStore), Object(Closure))
#59 /Users/aldyhelix/Projects/www/backend_rmi/vendor/laravel/framework/src/Illuminate/Pipeline/Pipeline.php(167): Illuminate\\Session\\Middleware\\StartSession->handle(Object(Illuminate\\Http\\Request), Object(Closure))
#60 /Users/aldyhelix/Projects/www/backend_rmi/vendor/laravel/framework/src/Illuminate/Cookie/Middleware/AddQueuedCookiesToResponse.php(37): Illuminate\\Pipeline\\Pipeline->Illuminate\\Pipeline\\{closure}(Object(Illuminate\\Http\\Request))
#61 /Users/aldyhelix/Projects/www/backend_rmi/vendor/laravel/framework/src/Illuminate/Pipeline/Pipeline.php(167): Illuminate\\Cookie\\Middleware\\AddQueuedCookiesToResponse->handle(Object(Illuminate\\Http\\Request), Object(Closure))
#62 /Users/aldyhelix/Projects/www/backend_rmi/vendor/laravel/framework/src/Illuminate/Cookie/Middleware/EncryptCookies.php(67): Illuminate\\Pipeline\\Pipeline->Illuminate\\Pipeline\\{closure}(Object(Illuminate\\Http\\Request))
#63 /Users/aldyhelix/Projects/www/backend_rmi/vendor/laravel/framework/src/Illuminate/Pipeline/Pipeline.php(167): Illuminate\\Cookie\\Middleware\\EncryptCookies->handle(Object(Illuminate\\Http\\Request), Object(Closure))
#64 /Users/aldyhelix/Projects/www/backend_rmi/vendor/laravel/framework/src/Illuminate/Pipeline/Pipeline.php(103): Illuminate\\Pipeline\\Pipeline->Illuminate\\Pipeline\\{closure}(Object(Illuminate\\Http\\Request))
#65 /Users/aldyhelix/Projects/www/backend_rmi/vendor/laravel/framework/src/Illuminate/Routing/Router.php(719): Illuminate\\Pipeline\\Pipeline->then(Object(Closure))
#66 /Users/aldyhelix/Projects/www/backend_rmi/vendor/laravel/framework/src/Illuminate/Routing/Router.php(698): Illuminate\\Routing\\Router->runRouteWithinStack(Object(Illuminate\\Routing\\Route), Object(Illuminate\\Http\\Request))
#67 /Users/aldyhelix/Projects/www/backend_rmi/vendor/laravel/framework/src/Illuminate/Routing/Router.php(662): Illuminate\\Routing\\Router->runRoute(Object(Illuminate\\Http\\Request), Object(Illuminate\\Routing\\Route))
#68 /Users/aldyhelix/Projects/www/backend_rmi/vendor/laravel/framework/src/Illuminate/Routing/Router.php(651): Illuminate\\Routing\\Router->dispatchToRoute(Object(Illuminate\\Http\\Request))
#69 /Users/aldyhelix/Projects/www/backend_rmi/vendor/laravel/framework/src/Illuminate/Foundation/Http/Kernel.php(167): Illuminate\\Routing\\Router->dispatch(Object(Illuminate\\Http\\Request))
#70 /Users/aldyhelix/Projects/www/backend_rmi/vendor/laravel/framework/src/Illuminate/Pipeline/Pipeline.php(128): Illuminate\\Foundation\\Http\\Kernel->Illuminate\\Foundation\\Http\\{closure}(Object(Illuminate\\Http\\Request))
#71 /Users/aldyhelix/Projects/www/backend_rmi/vendor/livewire/livewire/src/DisableBrowserCache.php(19): Illuminate\\Pipeline\\Pipeline->Illuminate\\Pipeline\\{closure}(Object(Illuminate\\Http\\Request))
#72 /Users/aldyhelix/Projects/www/backend_rmi/vendor/laravel/framework/src/Illuminate/Pipeline/Pipeline.php(167): Livewire\\DisableBrowserCache->handle(Object(Illuminate\\Http\\Request), Object(Closure))
#73 /Users/aldyhelix/Projects/www/backend_rmi/vendor/barryvdh/laravel-debugbar/src/Middleware/InjectDebugbar.php(66): Illuminate\\Pipeline\\Pipeline->Illuminate\\Pipeline\\{closure}(Object(Illuminate\\Http\\Request))
#74 /Users/aldyhelix/Projects/www/backend_rmi/vendor/laravel/framework/src/Illuminate/Pipeline/Pipeline.php(167): Barryvdh\\Debugbar\\Middleware\\InjectDebugbar->handle(Object(Illuminate\\Http\\Request), Object(Closure))
#75 /Users/aldyhelix/Projects/www/backend_rmi/app/Http/Middleware/CheckForInstallation.php(19): Illuminate\\Pipeline\\Pipeline->Illuminate\\Pipeline\\{closure}(Object(Illuminate\\Http\\Request))
#76 /Users/aldyhelix/Projects/www/backend_rmi/vendor/laravel/framework/src/Illuminate/Pipeline/Pipeline.php(167): App\\Http\\Middleware\\CheckForInstallation->handle(Object(Illuminate\\Http\\Request), Object(Closure))
#77 /Users/aldyhelix/Projects/www/backend_rmi/vendor/laravel/framework/src/Illuminate/Foundation/Http/Middleware/TransformsRequest.php(21): Illuminate\\Pipeline\\Pipeline->Illuminate\\Pipeline\\{closure}(Object(Illuminate\\Http\\Request))
#78 /Users/aldyhelix/Projects/www/backend_rmi/vendor/laravel/framework/src/Illuminate/Foundation/Http/Middleware/ConvertEmptyStringsToNull.php(31): Illuminate\\Foundation\\Http\\Middleware\\TransformsRequest->handle(Object(Illuminate\\Http\\Request), Object(Closure))
#79 /Users/aldyhelix/Projects/www/backend_rmi/vendor/laravel/framework/src/Illuminate/Pipeline/Pipeline.php(167): Illuminate\\Foundation\\Http\\Middleware\\ConvertEmptyStringsToNull->handle(Object(Illuminate\\Http\\Request), Object(Closure))
#80 /Users/aldyhelix/Projects/www/backend_rmi/vendor/laravel/framework/src/Illuminate/Foundation/Http/Middleware/TransformsRequest.php(21): Illuminate\\Pipeline\\Pipeline->Illuminate\\Pipeline\\{closure}(Object(Illuminate\\Http\\Request))
#81 /Users/aldyhelix/Projects/www/backend_rmi/vendor/laravel/framework/src/Illuminate/Foundation/Http/Middleware/TrimStrings.php(40): Illuminate\\Foundation\\Http\\Middleware\\TransformsRequest->handle(Object(Illuminate\\Http\\Request), Object(Closure))
#82 /Users/aldyhelix/Projects/www/backend_rmi/vendor/laravel/framework/src/Illuminate/Pipeline/Pipeline.php(167): Illuminate\\Foundation\\Http\\Middleware\\TrimStrings->handle(Object(Illuminate\\Http\\Request), Object(Closure))
#83 /Users/aldyhelix/Projects/www/backend_rmi/vendor/laravel/framework/src/Illuminate/Foundation/Http/Middleware/ValidatePostSize.php(27): Illuminate\\Pipeline\\Pipeline->Illuminate\\Pipeline\\{closure}(Object(Illuminate\\Http\\Request))
#84 /Users/aldyhelix/Projects/www/backend_rmi/vendor/laravel/framework/src/Illuminate/Pipeline/Pipeline.php(167): Illuminate\\Foundation\\Http\\Middleware\\ValidatePostSize->handle(Object(Illuminate\\Http\\Request), Object(Closure))
#85 /Users/aldyhelix/Projects/www/backend_rmi/vendor/laravel/framework/src/Illuminate/Foundation/Http/Middleware/PreventRequestsDuringMaintenance.php(86): Illuminate\\Pipeline\\Pipeline->Illuminate\\Pipeline\\{closure}(Object(Illuminate\\Http\\Request))
#86 /Users/aldyhelix/Projects/www/backend_rmi/vendor/laravel/framework/src/Illuminate/Pipeline/Pipeline.php(167): Illuminate\\Foundation\\Http\\Middleware\\PreventRequestsDuringMaintenance->handle(Object(Illuminate\\Http\\Request), Object(Closure))
#87 /Users/aldyhelix/Projects/www/backend_rmi/vendor/fruitcake/laravel-cors/src/HandleCors.php(38): Illuminate\\Pipeline\\Pipeline->Illuminate\\Pipeline\\{closure}(Object(Illuminate\\Http\\Request))
#88 /Users/aldyhelix/Projects/www/backend_rmi/vendor/laravel/framework/src/Illuminate/Pipeline/Pipeline.php(167): Fruitcake\\Cors\\HandleCors->handle(Object(Illuminate\\Http\\Request), Object(Closure))
#89 /Users/aldyhelix/Projects/www/backend_rmi/vendor/laravel/framework/src/Illuminate/Http/Middleware/TrustProxies.php(39): Illuminate\\Pipeline\\Pipeline->Illuminate\\Pipeline\\{closure}(Object(Illuminate\\Http\\Request))
#90 /Users/aldyhelix/Projects/www/backend_rmi/vendor/laravel/framework/src/Illuminate/Pipeline/Pipeline.php(167): Illuminate\\Http\\Middleware\\TrustProxies->handle(Object(Illuminate\\Http\\Request), Object(Closure))
#91 /Users/aldyhelix/Projects/www/backend_rmi/vendor/laravel/framework/src/Illuminate/Pipeline/Pipeline.php(103): Illuminate\\Pipeline\\Pipeline->Illuminate\\Pipeline\\{closure}(Object(Illuminate\\Http\\Request))
#92 /Users/aldyhelix/Projects/www/backend_rmi/vendor/laravel/framework/src/Illuminate/Foundation/Http/Kernel.php(142): Illuminate\\Pipeline\\Pipeline->then(Object(Closure))
#93 /Users/aldyhelix/Projects/www/backend_rmi/vendor/laravel/framework/src/Illuminate/Foundation/Http/Kernel.php(111): Illuminate\\Foundation\\Http\\Kernel->sendRequestThroughRouter(Object(Illuminate\\Http\\Request))
#94 /Users/aldyhelix/Projects/www/backend_rmi/public/index.php(58): Illuminate\\Foundation\\Http\\Kernel->handle(Object(Illuminate\\Http\\Request))
#95 /Applications/Herd.app/Contents/Resources/valet/server.php(153): require('/Users/aldyheli...')
#96 {main}

[previous exception] [object] (ErrorException(code: 0): Undefined variable $chartData at /Users/aldyhelix/Projects/www/backend_rmi/storage/framework/views/3f1c0ad4503c21dfc054652aeb1d714409c74eb5.php:30)
[stacktrace]
#0 /Users/aldyhelix/Projects/www/backend_rmi/storage/framework/views/3f1c0ad4503c21dfc054652aeb1d714409c74eb5.php(30): Illuminate\\Foundation\\Bootstrap\\HandleExceptions->handleError(2, 'Undefined varia...', '/Users/aldyheli...', 30)
#1 /Users/aldyhelix/Projects/www/backend_rmi/vendor/livewire/livewire/src/ComponentConcerns/RendersLivewireComponents.php(83): include('/Users/aldyheli...')
#2 /Users/aldyhelix/Projects/www/backend_rmi/vendor/livewire/livewire/src/ComponentConcerns/RendersLivewireComponents.php(84): App\\Http\\Livewire\\Dashboard->Livewire\\ComponentConcerns\\{closure}()
#3 /Users/aldyhelix/Projects/www/backend_rmi/vendor/livewire/livewire/src/ComponentConcerns/RendersLivewireComponents.php(59): Livewire\\CompilerEngineForIgnition->evaluatePath('/Users/aldyheli...', Array)
#4 /Users/aldyhelix/Projects/www/backend_rmi/vendor/laravel/framework/src/Illuminate/View/View.php(139): Livewire\\CompilerEngineForIgnition->get('/Users/aldyheli...', Array)
#5 /Users/aldyhelix/Projects/www/backend_rmi/vendor/laravel/framework/src/Illuminate/View/View.php(122): Illuminate\\View\\View->getContents()
#6 /Users/aldyhelix/Projects/www/backend_rmi/vendor/laravel/framework/src/Illuminate/View/View.php(91): Illuminate\\View\\View->renderContents()
#7 /Users/aldyhelix/Projects/www/backend_rmi/vendor/laravel/framework/src/Illuminate/View/Concerns/ManagesComponents.php(100): Illuminate\\View\\View->render()
#8 /Users/aldyhelix/Projects/www/backend_rmi/storage/framework/views/f4899b702c6a16f1c873549d32bc50b1e46a780c.php(475): Illuminate\\View\\Factory->renderComponent()
#9 /Users/aldyhelix/Projects/www/backend_rmi/vendor/livewire/livewire/src/ComponentConcerns/RendersLivewireComponents.php(83): include('/Users/aldyheli...')
#10 /Users/aldyhelix/Projects/www/backend_rmi/vendor/livewire/livewire/src/ComponentConcerns/RendersLivewireComponents.php(84): App\\Http\\Livewire\\Dashboard->Livewire\\ComponentConcerns\\{closure}()
#11 /Users/aldyhelix/Projects/www/backend_rmi/vendor/livewire/livewire/src/ComponentConcerns/RendersLivewireComponents.php(59): Livewire\\CompilerEngineForIgnition->evaluatePath('/Users/aldyheli...', Array)
#12 /Users/aldyhelix/Projects/www/backend_rmi/vendor/laravel/framework/src/Illuminate/View/View.php(139): Livewire\\CompilerEngineForIgnition->get('/Users/aldyheli...', Array)
#13 /Users/aldyhelix/Projects/www/backend_rmi/vendor/laravel/framework/src/Illuminate/View/View.php(122): Illuminate\\View\\View->getContents()
#14 /Users/aldyhelix/Projects/www/backend_rmi/vendor/laravel/framework/src/Illuminate/View/View.php(91): Illuminate\\View\\View->renderContents()
#15 /Users/aldyhelix/Projects/www/backend_rmi/vendor/livewire/livewire/src/Component.php(235): Illuminate\\View\\View->render()
#16 /Users/aldyhelix/Projects/www/backend_rmi/vendor/livewire/livewire/src/HydrationMiddleware/RenderView.php(14): Livewire\\Component->output()
#17 /Users/aldyhelix/Projects/www/backend_rmi/vendor/livewire/livewire/src/LifecycleManager.php(141): Livewire\\HydrationMiddleware\\RenderView::dehydrate(Object(App\\Http\\Livewire\\Dashboard), Object(Livewire\\Response))
#18 /Users/aldyhelix/Projects/www/backend_rmi/vendor/livewire/livewire/src/LivewireManager.php(132): Livewire\\LifecycleManager->initialDehydrate()
#19 /Users/aldyhelix/Projects/www/backend_rmi/vendor/laravel/framework/src/Illuminate/Support/Facades/Facade.php(261): Livewire\\LivewireManager->mount('dashboard', Array)
#20 /Users/aldyhelix/Projects/www/backend_rmi/storage/framework/views/7614a377bf597da1c7ed67416eae576b7feee755.php(13): Illuminate\\Support\\Facades\\Facade::__callStatic('mount', Array)
#21 /Users/aldyhelix/Projects/www/backend_rmi/vendor/laravel/framework/src/Illuminate/Filesystem/Filesystem.php(107): require('/Users/aldyheli...')
#22 /Users/aldyhelix/Projects/www/backend_rmi/vendor/laravel/framework/src/Illuminate/Filesystem/Filesystem.php(108): Illuminate\\Filesystem\\Filesystem::Illuminate\\Filesystem\\{closure}()
#23 /Users/aldyhelix/Projects/www/backend_rmi/vendor/laravel/framework/src/Illuminate/View/Engines/PhpEngine.php(58): Illuminate\\Filesystem\\Filesystem->getRequire('/Users/aldyheli...', Array)
#24 /Users/aldyhelix/Projects/www/backend_rmi/vendor/livewire/livewire/src/ComponentConcerns/RendersLivewireComponents.php(69): Illuminate\\View\\Engines\\PhpEngine->evaluatePath('/Users/aldyheli...', Array)
#25 /Users/aldyhelix/Projects/www/backend_rmi/vendor/laravel/framework/src/Illuminate/View/Engines/CompilerEngine.php(61): Livewire\\CompilerEngineForIgnition->evaluatePath('/Users/aldyheli...', Array)
#26 /Users/aldyhelix/Projects/www/backend_rmi/vendor/facade/ignition/src/Views/Engines/CompilerEngine.php(37): Illuminate\\View\\Engines\\CompilerEngine->get('/Users/aldyheli...', Array)
#27 /Users/aldyhelix/Projects/www/backend_rmi/vendor/livewire/livewire/src/ComponentConcerns/RendersLivewireComponents.php(35): Facade\\Ignition\\Views\\Engines\\CompilerEngine->get('/Users/aldyheli...', Array)
#28 /Users/aldyhelix/Projects/www/backend_rmi/vendor/laravel/framework/src/Illuminate/View/View.php(139): Livewire\\CompilerEngineForIgnition->get('/Users/aldyheli...', Array)
#29 /Users/aldyhelix/Projects/www/backend_rmi/vendor/laravel/framework/src/Illuminate/View/View.php(122): Illuminate\\View\\View->getContents()
#30 /Users/aldyhelix/Projects/www/backend_rmi/vendor/laravel/framework/src/Illuminate/View/View.php(91): Illuminate\\View\\View->renderContents()
#31 /Users/aldyhelix/Projects/www/backend_rmi/vendor/laravel/framework/src/Illuminate/Http/Response.php(69): Illuminate\\View\\View->render()
#32 /Users/aldyhelix/Projects/www/backend_rmi/vendor/laravel/framework/src/Illuminate/Http/Response.php(35): Illuminate\\Http\\Response->setContent(Object(Illuminate\\View\\View))
#33 /Users/aldyhelix/Projects/www/backend_rmi/vendor/laravel/framework/src/Illuminate/Routing/Router.php(820): Illuminate\\Http\\Response->__construct(Object(Illuminate\\View\\View), 200, Array)
#34 /Users/aldyhelix/Projects/www/backend_rmi/vendor/laravel/framework/src/Illuminate/Routing/Router.php(789): Illuminate\\Routing\\Router::toResponse(Object(Illuminate\\Http\\Request), Object(Illuminate\\View\\View))
#35 /Users/aldyhelix/Projects/www/backend_rmi/vendor/laravel/framework/src/Illuminate/Routing/Router.php(720): Illuminate\\Routing\\Router->prepareResponse(Object(Illuminate\\Http\\Request), Object(Illuminate\\View\\View))
#36 /Users/aldyhelix/Projects/www/backend_rmi/vendor/laravel/framework/src/Illuminate/Pipeline/Pipeline.php(128): Illuminate\\Routing\\Router->Illuminate\\Routing\\{closure}(Object(Illuminate\\Http\\Request))
#37 /Users/aldyhelix/Projects/www/backend_rmi/app/Http/Middleware/DashboardSetup.php(22): Illuminate\\Pipeline\\Pipeline->Illuminate\\Pipeline\\{closure}(Object(Illuminate\\Http\\Request))
#38 /Users/aldyhelix/Projects/www/backend_rmi/vendor/laravel/framework/src/Illuminate/Pipeline/Pipeline.php(167): App\\Http\\Middleware\\DashboardSetup->handle(Object(Illuminate\\Http\\Request), Object(Closure))
#39 /Users/aldyhelix/Projects/www/backend_rmi/app/Http/Middleware/CheckIfBillingInfoRequired.php(24): Illuminate\\Pipeline\\Pipeline->Illuminate\\Pipeline\\{closure}(Object(Illuminate\\Http\\Request))
#40 /Users/aldyhelix/Projects/www/backend_rmi/vendor/laravel/framework/src/Illuminate/Pipeline/Pipeline.php(167): App\\Http\\Middleware\\CheckIfBillingInfoRequired->handle(Object(Illuminate\\Http\\Request), Object(Closure))
#41 /Users/aldyhelix/Projects/www/backend_rmi/app/Http/Middleware/VerifyUserIsSubscribed.php(25): Illuminate\\Pipeline\\Pipeline->Illuminate\\Pipeline\\{closure}(Object(Illuminate\\Http\\Request))
#42 /Users/aldyhelix/Projects/www/backend_rmi/vendor/laravel/framework/src/Illuminate/Pipeline/Pipeline.php(167): App\\Http\\Middleware\\VerifyUserIsSubscribed->handle(Object(Illuminate\\Http\\Request), Object(Closure))
#43 /Users/aldyhelix/Projects/www/backend_rmi/app/Http/Middleware/CookieConsentMiddleware.php(21): Illuminate\\Pipeline\\Pipeline->Illuminate\\Pipeline\\{closure}(Object(Illuminate\\Http\\Request))
#44 /Users/aldyhelix/Projects/www/backend_rmi/vendor/laravel/framework/src/Illuminate/Pipeline/Pipeline.php(167): App\\Http\\Middleware\\CookieConsentMiddleware->handle(Object(Illuminate\\Http\\Request), Object(Closure))
#45 /Users/aldyhelix/Projects/www/backend_rmi/app/Http/Middleware/Language.php(64): Illuminate\\Pipeline\\Pipeline->Illuminate\\Pipeline\\{closure}(Object(Illuminate\\Http\\Request))
#46 /Users/aldyhelix/Projects/www/backend_rmi/vendor/laravel/framework/src/Illuminate/Pipeline/Pipeline.php(167): App\\Http\\Middleware\\Language->handle(Object(Illuminate\\Http\\Request), Object(Closure))
#47 /Users/aldyhelix/Projects/www/backend_rmi/app/Http/Middleware/InitSettings.php(8): Illuminate\\Pipeline\\Pipeline->Illuminate\\Pipeline\\{closure}(Object(Illuminate\\Http\\Request))
#48 /Users/aldyhelix/Projects/www/backend_rmi/vendor/laravel/framework/src/Illuminate/Pipeline/Pipeline.php(167): App\\Http\\Middleware\\InitSettings->handle(Object(Illuminate\\Http\\Request), Object(Closure))
#49 /Users/aldyhelix/Projects/www/backend_rmi/vendor/laravel/framework/src/Illuminate/Routing/Middleware/SubstituteBindings.php(50): Illuminate\\Pipeline\\Pipeline->Illuminate\\Pipeline\\{closure}(Object(Illuminate\\Http\\Request))
#50 /Users/aldyhelix/Projects/www/backend_rmi/vendor/laravel/framework/src/Illuminate/Pipeline/Pipeline.php(167): Illuminate\\Routing\\Middleware\\SubstituteBindings->handle(Object(Illuminate\\Http\\Request), Object(Closure))
#51 /Users/aldyhelix/Projects/www/backend_rmi/vendor/laravel/framework/src/Illuminate/Auth/Middleware/Authenticate.php(44): Illuminate\\Pipeline\\Pipeline->Illuminate\\Pipeline\\{closure}(Object(Illuminate\\Http\\Request))
#52 /Users/aldyhelix/Projects/www/backend_rmi/vendor/laravel/framework/src/Illuminate/Pipeline/Pipeline.php(167): Illuminate\\Auth\\Middleware\\Authenticate->handle(Object(Illuminate\\Http\\Request), Object(Closure))
#53 /Users/aldyhelix/Projects/www/backend_rmi/vendor/laravel/framework/src/Illuminate/Foundation/Http/Middleware/VerifyCsrfToken.php(78): Illuminate\\Pipeline\\Pipeline->Illuminate\\Pipeline\\{closure}(Object(Illuminate\\Http\\Request))
#54 /Users/aldyhelix/Projects/www/backend_rmi/vendor/laravel/framework/src/Illuminate/Pipeline/Pipeline.php(167): Illuminate\\Foundation\\Http\\Middleware\\VerifyCsrfToken->handle(Object(Illuminate\\Http\\Request), Object(Closure))
#55 /Users/aldyhelix/Projects/www/backend_rmi/vendor/laravel/framework/src/Illuminate/View/Middleware/ShareErrorsFromSession.php(49): Illuminate\\Pipeline\\Pipeline->Illuminate\\Pipeline\\{closure}(Object(Illuminate\\Http\\Request))
#56 /Users/aldyhelix/Projects/www/backend_rmi/vendor/laravel/framework/src/Illuminate/Pipeline/Pipeline.php(167): Illuminate\\View\\Middleware\\ShareErrorsFromSession->handle(Object(Illuminate\\Http\\Request), Object(Closure))
#57 /Users/aldyhelix/Projects/www/backend_rmi/vendor/laravel/framework/src/Illuminate/Session/Middleware/StartSession.php(121): Illuminate\\Pipeline\\Pipeline->Illuminate\\Pipeline\\{closure}(Object(Illuminate\\Http\\Request))
#58 /Users/aldyhelix/Projects/www/backend_rmi/vendor/laravel/framework/src/Illuminate/Session/Middleware/StartSession.php(64): Illuminate\\Session\\Middleware\\StartSession->handleStatefulRequest(Object(Illuminate\\Http\\Request), Object(Illuminate\\Session\\EncryptedStore), Object(Closure))
#59 /Users/aldyhelix/Projects/www/backend_rmi/vendor/laravel/framework/src/Illuminate/Pipeline/Pipeline.php(167): Illuminate\\Session\\Middleware\\StartSession->handle(Object(Illuminate\\Http\\Request), Object(Closure))
#60 /Users/aldyhelix/Projects/www/backend_rmi/vendor/laravel/framework/src/Illuminate/Cookie/Middleware/AddQueuedCookiesToResponse.php(37): Illuminate\\Pipeline\\Pipeline->Illuminate\\Pipeline\\{closure}(Object(Illuminate\\Http\\Request))
#61 /Users/aldyhelix/Projects/www/backend_rmi/vendor/laravel/framework/src/Illuminate/Pipeline/Pipeline.php(167): Illuminate\\Cookie\\Middleware\\AddQueuedCookiesToResponse->handle(Object(Illuminate\\Http\\Request), Object(Closure))
#62 /Users/aldyhelix/Projects/www/backend_rmi/vendor/laravel/framework/src/Illuminate/Cookie/Middleware/EncryptCookies.php(67): Illuminate\\Pipeline\\Pipeline->Illuminate\\Pipeline\\{closure}(Object(Illuminate\\Http\\Request))
#63 /Users/aldyhelix/Projects/www/backend_rmi/vendor/laravel/framework/src/Illuminate/Pipeline/Pipeline.php(167): Illuminate\\Cookie\\Middleware\\EncryptCookies->handle(Object(Illuminate\\Http\\Request), Object(Closure))
#64 /Users/aldyhelix/Projects/www/backend_rmi/vendor/laravel/framework/src/Illuminate/Pipeline/Pipeline.php(103): Illuminate\\Pipeline\\Pipeline->Illuminate\\Pipeline\\{closure}(Object(Illuminate\\Http\\Request))
#65 /Users/aldyhelix/Projects/www/backend_rmi/vendor/laravel/framework/src/Illuminate/Routing/Router.php(719): Illuminate\\Pipeline\\Pipeline->then(Object(Closure))
#66 /Users/aldyhelix/Projects/www/backend_rmi/vendor/laravel/framework/src/Illuminate/Routing/Router.php(698): Illuminate\\Routing\\Router->runRouteWithinStack(Object(Illuminate\\Routing\\Route), Object(Illuminate\\Http\\Request))
#67 /Users/aldyhelix/Projects/www/backend_rmi/vendor/laravel/framework/src/Illuminate/Routing/Router.php(662): Illuminate\\Routing\\Router->runRoute(Object(Illuminate\\Http\\Request), Object(Illuminate\\Routing\\Route))
#68 /Users/aldyhelix/Projects/www/backend_rmi/vendor/laravel/framework/src/Illuminate/Routing/Router.php(651): Illuminate\\Routing\\Router->dispatchToRoute(Object(Illuminate\\Http\\Request))
#69 /Users/aldyhelix/Projects/www/backend_rmi/vendor/laravel/framework/src/Illuminate/Foundation/Http/Kernel.php(167): Illuminate\\Routing\\Router->dispatch(Object(Illuminate\\Http\\Request))
#70 /Users/aldyhelix/Projects/www/backend_rmi/vendor/laravel/framework/src/Illuminate/Pipeline/Pipeline.php(128): Illuminate\\Foundation\\Http\\Kernel->Illuminate\\Foundation\\Http\\{closure}(Object(Illuminate\\Http\\Request))
#71 /Users/aldyhelix/Projects/www/backend_rmi/vendor/livewire/livewire/src/DisableBrowserCache.php(19): Illuminate\\Pipeline\\Pipeline->Illuminate\\Pipeline\\{closure}(Object(Illuminate\\Http\\Request))
#72 /Users/aldyhelix/Projects/www/backend_rmi/vendor/laravel/framework/src/Illuminate/Pipeline/Pipeline.php(167): Livewire\\DisableBrowserCache->handle(Object(Illuminate\\Http\\Request), Object(Closure))
#73 /Users/aldyhelix/Projects/www/backend_rmi/vendor/barryvdh/laravel-debugbar/src/Middleware/InjectDebugbar.php(66): Illuminate\\Pipeline\\Pipeline->Illuminate\\Pipeline\\{closure}(Object(Illuminate\\Http\\Request))
#74 /Users/aldyhelix/Projects/www/backend_rmi/vendor/laravel/framework/src/Illuminate/Pipeline/Pipeline.php(167): Barryvdh\\Debugbar\\Middleware\\InjectDebugbar->handle(Object(Illuminate\\Http\\Request), Object(Closure))
#75 /Users/aldyhelix/Projects/www/backend_rmi/app/Http/Middleware/CheckForInstallation.php(19): Illuminate\\Pipeline\\Pipeline->Illuminate\\Pipeline\\{closure}(Object(Illuminate\\Http\\Request))
#76 /Users/aldyhelix/Projects/www/backend_rmi/vendor/laravel/framework/src/Illuminate/Pipeline/Pipeline.php(167): App\\Http\\Middleware\\CheckForInstallation->handle(Object(Illuminate\\Http\\Request), Object(Closure))
#77 /Users/aldyhelix/Projects/www/backend_rmi/vendor/laravel/framework/src/Illuminate/Foundation/Http/Middleware/TransformsRequest.php(21): Illuminate\\Pipeline\\Pipeline->Illuminate\\Pipeline\\{closure}(Object(Illuminate\\Http\\Request))
#78 /Users/aldyhelix/Projects/www/backend_rmi/vendor/laravel/framework/src/Illuminate/Foundation/Http/Middleware/ConvertEmptyStringsToNull.php(31): Illuminate\\Foundation\\Http\\Middleware\\TransformsRequest->handle(Object(Illuminate\\Http\\Request), Object(Closure))
#79 /Users/aldyhelix/Projects/www/backend_rmi/vendor/laravel/framework/src/Illuminate/Pipeline/Pipeline.php(167): Illuminate\\Foundation\\Http\\Middleware\\ConvertEmptyStringsToNull->handle(Object(Illuminate\\Http\\Request), Object(Closure))
#80 /Users/aldyhelix/Projects/www/backend_rmi/vendor/laravel/framework/src/Illuminate/Foundation/Http/Middleware/TransformsRequest.php(21): Illuminate\\Pipeline\\Pipeline->Illuminate\\Pipeline\\{closure}(Object(Illuminate\\Http\\Request))
#81 /Users/aldyhelix/Projects/www/backend_rmi/vendor/laravel/framework/src/Illuminate/Foundation/Http/Middleware/TrimStrings.php(40): Illuminate\\Foundation\\Http\\Middleware\\TransformsRequest->handle(Object(Illuminate\\Http\\Request), Object(Closure))
#82 /Users/aldyhelix/Projects/www/backend_rmi/vendor/laravel/framework/src/Illuminate/Pipeline/Pipeline.php(167): Illuminate\\Foundation\\Http\\Middleware\\TrimStrings->handle(Object(Illuminate\\Http\\Request), Object(Closure))
#83 /Users/aldyhelix/Projects/www/backend_rmi/vendor/laravel/framework/src/Illuminate/Foundation/Http/Middleware/ValidatePostSize.php(27): Illuminate\\Pipeline\\Pipeline->Illuminate\\Pipeline\\{closure}(Object(Illuminate\\Http\\Request))
#84 /Users/aldyhelix/Projects/www/backend_rmi/vendor/laravel/framework/src/Illuminate/Pipeline/Pipeline.php(167): Illuminate\\Foundation\\Http\\Middleware\\ValidatePostSize->handle(Object(Illuminate\\Http\\Request), Object(Closure))
#85 /Users/aldyhelix/Projects/www/backend_rmi/vendor/laravel/framework/src/Illuminate/Foundation/Http/Middleware/PreventRequestsDuringMaintenance.php(86): Illuminate\\Pipeline\\Pipeline->Illuminate\\Pipeline\\{closure}(Object(Illuminate\\Http\\Request))
#86 /Users/aldyhelix/Projects/www/backend_rmi/vendor/laravel/framework/src/Illuminate/Pipeline/Pipeline.php(167): Illuminate\\Foundation\\Http\\Middleware\\PreventRequestsDuringMaintenance->handle(Object(Illuminate\\Http\\Request), Object(Closure))
#87 /Users/aldyhelix/Projects/www/backend_rmi/vendor/fruitcake/laravel-cors/src/HandleCors.php(38): Illuminate\\Pipeline\\Pipeline->Illuminate\\Pipeline\\{closure}(Object(Illuminate\\Http\\Request))
#88 /Users/aldyhelix/Projects/www/backend_rmi/vendor/laravel/framework/src/Illuminate/Pipeline/Pipeline.php(167): Fruitcake\\Cors\\HandleCors->handle(Object(Illuminate\\Http\\Request), Object(Closure))
#89 /Users/aldyhelix/Projects/www/backend_rmi/vendor/laravel/framework/src/Illuminate/Http/Middleware/TrustProxies.php(39): Illuminate\\Pipeline\\Pipeline->Illuminate\\Pipeline\\{closure}(Object(Illuminate\\Http\\Request))
#90 /Users/aldyhelix/Projects/www/backend_rmi/vendor/laravel/framework/src/Illuminate/Pipeline/Pipeline.php(167): Illuminate\\Http\\Middleware\\TrustProxies->handle(Object(Illuminate\\Http\\Request), Object(Closure))
#91 /Users/aldyhelix/Projects/www/backend_rmi/vendor/laravel/framework/src/Illuminate/Pipeline/Pipeline.php(103): Illuminate\\Pipeline\\Pipeline->Illuminate\\Pipeline\\{closure}(Object(Illuminate\\Http\\Request))
#92 /Users/aldyhelix/Projects/www/backend_rmi/vendor/laravel/framework/src/Illuminate/Foundation/Http/Kernel.php(142): Illuminate\\Pipeline\\Pipeline->then(Object(Closure))
#93 /Users/aldyhelix/Projects/www/backend_rmi/vendor/laravel/framework/src/Illuminate/Foundation/Http/Kernel.php(111): Illuminate\\Foundation\\Http\\Kernel->sendRequestThroughRouter(Object(Illuminate\\Http\\Request))
#94 /Users/aldyhelix/Projects/www/backend_rmi/public/index.php(58): Illuminate\\Foundation\\Http\\Kernel->handle(Object(Illuminate\\Http\\Request))
#95 /Applications/Herd.app/Contents/Resources/valet/server.php(153): require('/Users/aldyheli...')
#96 {main}
"} 
[2024-06-09 17:28:45] production.ERROR: Undefined variable $admin_created_total_product_count (View: /Users/aldyhelix/Projects/www/backend_rmi/resources/views/components/pie-chart.blade.php) {"view":{"view":"/Users/aldyhelix/Projects/www/backend_rmi/storage/framework/views/ced0d25602f0d8ceedd056e4d30b1ec311262bd0.php","data":[]},"userId":1,"exception":"[object] (Facade\\Ignition\\Exceptions\\ViewException(code: 0): Undefined variable $admin_created_total_product_count (View: /Users/aldyhelix/Projects/www/backend_rmi/resources/views/components/pie-chart.blade.php) at /Users/aldyhelix/Projects/www/backend_rmi/storage/framework/views/ced0d25602f0d8ceedd056e4d30b1ec311262bd0.php:27)
[stacktrace]
#0 /Users/aldyhelix/Projects/www/backend_rmi/storage/framework/views/ced0d25602f0d8ceedd056e4d30b1ec311262bd0.php(27): Illuminate\\Foundation\\Bootstrap\\HandleExceptions->handleError(2, 'Undefined varia...', '/Users/aldyheli...', 27)
#1 /Users/aldyhelix/Projects/www/backend_rmi/vendor/livewire/livewire/src/ComponentConcerns/RendersLivewireComponents.php(83): include('/Users/aldyheli...')
#2 /Users/aldyhelix/Projects/www/backend_rmi/vendor/livewire/livewire/src/ComponentConcerns/RendersLivewireComponents.php(84): App\\Http\\Livewire\\Dashboard->Livewire\\ComponentConcerns\\{closure}()
#3 /Users/aldyhelix/Projects/www/backend_rmi/vendor/livewire/livewire/src/ComponentConcerns/RendersLivewireComponents.php(59): Livewire\\CompilerEngineForIgnition->evaluatePath('/Users/aldyheli...', Array)
#4 /Users/aldyhelix/Projects/www/backend_rmi/vendor/laravel/framework/src/Illuminate/View/View.php(139): Livewire\\CompilerEngineForIgnition->get('/Users/aldyheli...', Array)
#5 /Users/aldyhelix/Projects/www/backend_rmi/vendor/laravel/framework/src/Illuminate/View/View.php(122): Illuminate\\View\\View->getContents()
#6 /Users/aldyhelix/Projects/www/backend_rmi/vendor/laravel/framework/src/Illuminate/View/View.php(91): Illuminate\\View\\View->renderContents()
#7 /Users/aldyhelix/Projects/www/backend_rmi/vendor/laravel/framework/src/Illuminate/View/Concerns/ManagesComponents.php(100): Illuminate\\View\\View->render()
#8 /Users/aldyhelix/Projects/www/backend_rmi/storage/framework/views/f4899b702c6a16f1c873549d32bc50b1e46a780c.php(491): Illuminate\\View\\Factory->renderComponent()
#9 /Users/aldyhelix/Projects/www/backend_rmi/vendor/livewire/livewire/src/ComponentConcerns/RendersLivewireComponents.php(83): include('/Users/aldyheli...')
#10 /Users/aldyhelix/Projects/www/backend_rmi/vendor/livewire/livewire/src/ComponentConcerns/RendersLivewireComponents.php(84): App\\Http\\Livewire\\Dashboard->Livewire\\ComponentConcerns\\{closure}()
#11 /Users/aldyhelix/Projects/www/backend_rmi/vendor/livewire/livewire/src/ComponentConcerns/RendersLivewireComponents.php(59): Livewire\\CompilerEngineForIgnition->evaluatePath('/Users/aldyheli...', Array)
#12 /Users/aldyhelix/Projects/www/backend_rmi/vendor/laravel/framework/src/Illuminate/View/View.php(139): Livewire\\CompilerEngineForIgnition->get('/Users/aldyheli...', Array)
#13 /Users/aldyhelix/Projects/www/backend_rmi/vendor/laravel/framework/src/Illuminate/View/View.php(122): Illuminate\\View\\View->getContents()
#14 /Users/aldyhelix/Projects/www/backend_rmi/vendor/laravel/framework/src/Illuminate/View/View.php(91): Illuminate\\View\\View->renderContents()
#15 /Users/aldyhelix/Projects/www/backend_rmi/vendor/livewire/livewire/src/Component.php(235): Illuminate\\View\\View->render()
#16 /Users/aldyhelix/Projects/www/backend_rmi/vendor/livewire/livewire/src/HydrationMiddleware/RenderView.php(14): Livewire\\Component->output()
#17 /Users/aldyhelix/Projects/www/backend_rmi/vendor/livewire/livewire/src/LifecycleManager.php(141): Livewire\\HydrationMiddleware\\RenderView::dehydrate(Object(App\\Http\\Livewire\\Dashboard), Object(Livewire\\Response))
#18 /Users/aldyhelix/Projects/www/backend_rmi/vendor/livewire/livewire/src/LivewireManager.php(132): Livewire\\LifecycleManager->initialDehydrate()
#19 /Users/aldyhelix/Projects/www/backend_rmi/vendor/laravel/framework/src/Illuminate/Support/Facades/Facade.php(261): Livewire\\LivewireManager->mount('dashboard', Array)
#20 /Users/aldyhelix/Projects/www/backend_rmi/resources/views/admin/dashboard/platform.blade.php(13): Illuminate\\Support\\Facades\\Facade::__callStatic('mount', Array)
#21 /Users/aldyhelix/Projects/www/backend_rmi/vendor/laravel/framework/src/Illuminate/Filesystem/Filesystem.php(107): require('/Users/aldyheli...')
#22 /Users/aldyhelix/Projects/www/backend_rmi/vendor/laravel/framework/src/Illuminate/Filesystem/Filesystem.php(108): Illuminate\\Filesystem\\Filesystem::Illuminate\\Filesystem\\{closure}()
#23 /Users/aldyhelix/Projects/www/backend_rmi/vendor/laravel/framework/src/Illuminate/View/Engines/PhpEngine.php(58): Illuminate\\Filesystem\\Filesystem->getRequire('/Users/aldyheli...', Array)
#24 /Users/aldyhelix/Projects/www/backend_rmi/vendor/livewire/livewire/src/ComponentConcerns/RendersLivewireComponents.php(69): Illuminate\\View\\Engines\\PhpEngine->evaluatePath('/Users/aldyheli...', Array)
#25 /Users/aldyhelix/Projects/www/backend_rmi/vendor/laravel/framework/src/Illuminate/View/Engines/CompilerEngine.php(61): Livewire\\CompilerEngineForIgnition->evaluatePath('/Users/aldyheli...', Array)
#26 /Users/aldyhelix/Projects/www/backend_rmi/vendor/facade/ignition/src/Views/Engines/CompilerEngine.php(37): Illuminate\\View\\Engines\\CompilerEngine->get('/Users/aldyheli...', Array)
#27 /Users/aldyhelix/Projects/www/backend_rmi/vendor/livewire/livewire/src/ComponentConcerns/RendersLivewireComponents.php(35): Facade\\Ignition\\Views\\Engines\\CompilerEngine->get('/Users/aldyheli...', Array)
#28 /Users/aldyhelix/Projects/www/backend_rmi/vendor/laravel/framework/src/Illuminate/View/View.php(139): Livewire\\CompilerEngineForIgnition->get('/Users/aldyheli...', Array)
#29 /Users/aldyhelix/Projects/www/backend_rmi/vendor/laravel/framework/src/Illuminate/View/View.php(122): Illuminate\\View\\View->getContents()
#30 /Users/aldyhelix/Projects/www/backend_rmi/vendor/laravel/framework/src/Illuminate/View/View.php(91): Illuminate\\View\\View->renderContents()
#31 /Users/aldyhelix/Projects/www/backend_rmi/vendor/laravel/framework/src/Illuminate/Http/Response.php(69): Illuminate\\View\\View->render()
#32 /Users/aldyhelix/Projects/www/backend_rmi/vendor/laravel/framework/src/Illuminate/Http/Response.php(35): Illuminate\\Http\\Response->setContent(Object(Illuminate\\View\\View))
#33 /Users/aldyhelix/Projects/www/backend_rmi/vendor/laravel/framework/src/Illuminate/Routing/Router.php(820): Illuminate\\Http\\Response->__construct(Object(Illuminate\\View\\View), 200, Array)
#34 /Users/aldyhelix/Projects/www/backend_rmi/vendor/laravel/framework/src/Illuminate/Routing/Router.php(789): Illuminate\\Routing\\Router::toResponse(Object(Illuminate\\Http\\Request), Object(Illuminate\\View\\View))
#35 /Users/aldyhelix/Projects/www/backend_rmi/vendor/laravel/framework/src/Illuminate/Routing/Router.php(720): Illuminate\\Routing\\Router->prepareResponse(Object(Illuminate\\Http\\Request), Object(Illuminate\\View\\View))
#36 /Users/aldyhelix/Projects/www/backend_rmi/vendor/laravel/framework/src/Illuminate/Pipeline/Pipeline.php(128): Illuminate\\Routing\\Router->Illuminate\\Routing\\{closure}(Object(Illuminate\\Http\\Request))
#37 /Users/aldyhelix/Projects/www/backend_rmi/app/Http/Middleware/DashboardSetup.php(22): Illuminate\\Pipeline\\Pipeline->Illuminate\\Pipeline\\{closure}(Object(Illuminate\\Http\\Request))
#38 /Users/aldyhelix/Projects/www/backend_rmi/vendor/laravel/framework/src/Illuminate/Pipeline/Pipeline.php(167): App\\Http\\Middleware\\DashboardSetup->handle(Object(Illuminate\\Http\\Request), Object(Closure))
#39 /Users/aldyhelix/Projects/www/backend_rmi/app/Http/Middleware/CheckIfBillingInfoRequired.php(24): Illuminate\\Pipeline\\Pipeline->Illuminate\\Pipeline\\{closure}(Object(Illuminate\\Http\\Request))
#40 /Users/aldyhelix/Projects/www/backend_rmi/vendor/laravel/framework/src/Illuminate/Pipeline/Pipeline.php(167): App\\Http\\Middleware\\CheckIfBillingInfoRequired->handle(Object(Illuminate\\Http\\Request), Object(Closure))
#41 /Users/aldyhelix/Projects/www/backend_rmi/app/Http/Middleware/VerifyUserIsSubscribed.php(25): Illuminate\\Pipeline\\Pipeline->Illuminate\\Pipeline\\{closure}(Object(Illuminate\\Http\\Request))
#42 /Users/aldyhelix/Projects/www/backend_rmi/vendor/laravel/framework/src/Illuminate/Pipeline/Pipeline.php(167): App\\Http\\Middleware\\VerifyUserIsSubscribed->handle(Object(Illuminate\\Http\\Request), Object(Closure))
#43 /Users/aldyhelix/Projects/www/backend_rmi/app/Http/Middleware/CookieConsentMiddleware.php(21): Illuminate\\Pipeline\\Pipeline->Illuminate\\Pipeline\\{closure}(Object(Illuminate\\Http\\Request))
#44 /Users/aldyhelix/Projects/www/backend_rmi/vendor/laravel/framework/src/Illuminate/Pipeline/Pipeline.php(167): App\\Http\\Middleware\\CookieConsentMiddleware->handle(Object(Illuminate\\Http\\Request), Object(Closure))
#45 /Users/aldyhelix/Projects/www/backend_rmi/app/Http/Middleware/Language.php(64): Illuminate\\Pipeline\\Pipeline->Illuminate\\Pipeline\\{closure}(Object(Illuminate\\Http\\Request))
#46 /Users/aldyhelix/Projects/www/backend_rmi/vendor/laravel/framework/src/Illuminate/Pipeline/Pipeline.php(167): App\\Http\\Middleware\\Language->handle(Object(Illuminate\\Http\\Request), Object(Closure))
#47 /Users/aldyhelix/Projects/www/backend_rmi/app/Http/Middleware/InitSettings.php(8): Illuminate\\Pipeline\\Pipeline->Illuminate\\Pipeline\\{closure}(Object(Illuminate\\Http\\Request))
#48 /Users/aldyhelix/Projects/www/backend_rmi/vendor/laravel/framework/src/Illuminate/Pipeline/Pipeline.php(167): App\\Http\\Middleware\\InitSettings->handle(Object(Illuminate\\Http\\Request), Object(Closure))
#49 /Users/aldyhelix/Projects/www/backend_rmi/vendor/laravel/framework/src/Illuminate/Routing/Middleware/SubstituteBindings.php(50): Illuminate\\Pipeline\\Pipeline->Illuminate\\Pipeline\\{closure}(Object(Illuminate\\Http\\Request))
#50 /Users/aldyhelix/Projects/www/backend_rmi/vendor/laravel/framework/src/Illuminate/Pipeline/Pipeline.php(167): Illuminate\\Routing\\Middleware\\SubstituteBindings->handle(Object(Illuminate\\Http\\Request), Object(Closure))
#51 /Users/aldyhelix/Projects/www/backend_rmi/vendor/laravel/framework/src/Illuminate/Auth/Middleware/Authenticate.php(44): Illuminate\\Pipeline\\Pipeline->Illuminate\\Pipeline\\{closure}(Object(Illuminate\\Http\\Request))
#52 /Users/aldyhelix/Projects/www/backend_rmi/vendor/laravel/framework/src/Illuminate/Pipeline/Pipeline.php(167): Illuminate\\Auth\\Middleware\\Authenticate->handle(Object(Illuminate\\Http\\Request), Object(Closure))
#53 /Users/aldyhelix/Projects/www/backend_rmi/vendor/laravel/framework/src/Illuminate/Foundation/Http/Middleware/VerifyCsrfToken.php(78): Illuminate\\Pipeline\\Pipeline->Illuminate\\Pipeline\\{closure}(Object(Illuminate\\Http\\Request))
#54 /Users/aldyhelix/Projects/www/backend_rmi/vendor/laravel/framework/src/Illuminate/Pipeline/Pipeline.php(167): Illuminate\\Foundation\\Http\\Middleware\\VerifyCsrfToken->handle(Object(Illuminate\\Http\\Request), Object(Closure))
#55 /Users/aldyhelix/Projects/www/backend_rmi/vendor/laravel/framework/src/Illuminate/View/Middleware/ShareErrorsFromSession.php(49): Illuminate\\Pipeline\\Pipeline->Illuminate\\Pipeline\\{closure}(Object(Illuminate\\Http\\Request))
#56 /Users/aldyhelix/Projects/www/backend_rmi/vendor/laravel/framework/src/Illuminate/Pipeline/Pipeline.php(167): Illuminate\\View\\Middleware\\ShareErrorsFromSession->handle(Object(Illuminate\\Http\\Request), Object(Closure))
#57 /Users/aldyhelix/Projects/www/backend_rmi/vendor/laravel/framework/src/Illuminate/Session/Middleware/StartSession.php(121): Illuminate\\Pipeline\\Pipeline->Illuminate\\Pipeline\\{closure}(Object(Illuminate\\Http\\Request))
#58 /Users/aldyhelix/Projects/www/backend_rmi/vendor/laravel/framework/src/Illuminate/Session/Middleware/StartSession.php(64): Illuminate\\Session\\Middleware\\StartSession->handleStatefulRequest(Object(Illuminate\\Http\\Request), Object(Illuminate\\Session\\EncryptedStore), Object(Closure))
#59 /Users/aldyhelix/Projects/www/backend_rmi/vendor/laravel/framework/src/Illuminate/Pipeline/Pipeline.php(167): Illuminate\\Session\\Middleware\\StartSession->handle(Object(Illuminate\\Http\\Request), Object(Closure))
#60 /Users/aldyhelix/Projects/www/backend_rmi/vendor/laravel/framework/src/Illuminate/Cookie/Middleware/AddQueuedCookiesToResponse.php(37): Illuminate\\Pipeline\\Pipeline->Illuminate\\Pipeline\\{closure}(Object(Illuminate\\Http\\Request))
#61 /Users/aldyhelix/Projects/www/backend_rmi/vendor/laravel/framework/src/Illuminate/Pipeline/Pipeline.php(167): Illuminate\\Cookie\\Middleware\\AddQueuedCookiesToResponse->handle(Object(Illuminate\\Http\\Request), Object(Closure))
#62 /Users/aldyhelix/Projects/www/backend_rmi/vendor/laravel/framework/src/Illuminate/Cookie/Middleware/EncryptCookies.php(67): Illuminate\\Pipeline\\Pipeline->Illuminate\\Pipeline\\{closure}(Object(Illuminate\\Http\\Request))
#63 /Users/aldyhelix/Projects/www/backend_rmi/vendor/laravel/framework/src/Illuminate/Pipeline/Pipeline.php(167): Illuminate\\Cookie\\Middleware\\EncryptCookies->handle(Object(Illuminate\\Http\\Request), Object(Closure))
#64 /Users/aldyhelix/Projects/www/backend_rmi/vendor/laravel/framework/src/Illuminate/Pipeline/Pipeline.php(103): Illuminate\\Pipeline\\Pipeline->Illuminate\\Pipeline\\{closure}(Object(Illuminate\\Http\\Request))
#65 /Users/aldyhelix/Projects/www/backend_rmi/vendor/laravel/framework/src/Illuminate/Routing/Router.php(719): Illuminate\\Pipeline\\Pipeline->then(Object(Closure))
#66 /Users/aldyhelix/Projects/www/backend_rmi/vendor/laravel/framework/src/Illuminate/Routing/Router.php(698): Illuminate\\Routing\\Router->runRouteWithinStack(Object(Illuminate\\Routing\\Route), Object(Illuminate\\Http\\Request))
#67 /Users/aldyhelix/Projects/www/backend_rmi/vendor/laravel/framework/src/Illuminate/Routing/Router.php(662): Illuminate\\Routing\\Router->runRoute(Object(Illuminate\\Http\\Request), Object(Illuminate\\Routing\\Route))
#68 /Users/aldyhelix/Projects/www/backend_rmi/vendor/laravel/framework/src/Illuminate/Routing/Router.php(651): Illuminate\\Routing\\Router->dispatchToRoute(Object(Illuminate\\Http\\Request))
#69 /Users/aldyhelix/Projects/www/backend_rmi/vendor/laravel/framework/src/Illuminate/Foundation/Http/Kernel.php(167): Illuminate\\Routing\\Router->dispatch(Object(Illuminate\\Http\\Request))
#70 /Users/aldyhelix/Projects/www/backend_rmi/vendor/laravel/framework/src/Illuminate/Pipeline/Pipeline.php(128): Illuminate\\Foundation\\Http\\Kernel->Illuminate\\Foundation\\Http\\{closure}(Object(Illuminate\\Http\\Request))
#71 /Users/aldyhelix/Projects/www/backend_rmi/vendor/livewire/livewire/src/DisableBrowserCache.php(19): Illuminate\\Pipeline\\Pipeline->Illuminate\\Pipeline\\{closure}(Object(Illuminate\\Http\\Request))
#72 /Users/aldyhelix/Projects/www/backend_rmi/vendor/laravel/framework/src/Illuminate/Pipeline/Pipeline.php(167): Livewire\\DisableBrowserCache->handle(Object(Illuminate\\Http\\Request), Object(Closure))
#73 /Users/aldyhelix/Projects/www/backend_rmi/vendor/barryvdh/laravel-debugbar/src/Middleware/InjectDebugbar.php(66): Illuminate\\Pipeline\\Pipeline->Illuminate\\Pipeline\\{closure}(Object(Illuminate\\Http\\Request))
#74 /Users/aldyhelix/Projects/www/backend_rmi/vendor/laravel/framework/src/Illuminate/Pipeline/Pipeline.php(167): Barryvdh\\Debugbar\\Middleware\\InjectDebugbar->handle(Object(Illuminate\\Http\\Request), Object(Closure))
#75 /Users/aldyhelix/Projects/www/backend_rmi/app/Http/Middleware/CheckForInstallation.php(19): Illuminate\\Pipeline\\Pipeline->Illuminate\\Pipeline\\{closure}(Object(Illuminate\\Http\\Request))
#76 /Users/aldyhelix/Projects/www/backend_rmi/vendor/laravel/framework/src/Illuminate/Pipeline/Pipeline.php(167): App\\Http\\Middleware\\CheckForInstallation->handle(Object(Illuminate\\Http\\Request), Object(Closure))
#77 /Users/aldyhelix/Projects/www/backend_rmi/vendor/laravel/framework/src/Illuminate/Foundation/Http/Middleware/TransformsRequest.php(21): Illuminate\\Pipeline\\Pipeline->Illuminate\\Pipeline\\{closure}(Object(Illuminate\\Http\\Request))
#78 /Users/aldyhelix/Projects/www/backend_rmi/vendor/laravel/framework/src/Illuminate/Foundation/Http/Middleware/ConvertEmptyStringsToNull.php(31): Illuminate\\Foundation\\Http\\Middleware\\TransformsRequest->handle(Object(Illuminate\\Http\\Request), Object(Closure))
#79 /Users/aldyhelix/Projects/www/backend_rmi/vendor/laravel/framework/src/Illuminate/Pipeline/Pipeline.php(167): Illuminate\\Foundation\\Http\\Middleware\\ConvertEmptyStringsToNull->handle(Object(Illuminate\\Http\\Request), Object(Closure))
#80 /Users/aldyhelix/Projects/www/backend_rmi/vendor/laravel/framework/src/Illuminate/Foundation/Http/Middleware/TransformsRequest.php(21): Illuminate\\Pipeline\\Pipeline->Illuminate\\Pipeline\\{closure}(Object(Illuminate\\Http\\Request))
#81 /Users/aldyhelix/Projects/www/backend_rmi/vendor/laravel/framework/src/Illuminate/Foundation/Http/Middleware/TrimStrings.php(40): Illuminate\\Foundation\\Http\\Middleware\\TransformsRequest->handle(Object(Illuminate\\Http\\Request), Object(Closure))
#82 /Users/aldyhelix/Projects/www/backend_rmi/vendor/laravel/framework/src/Illuminate/Pipeline/Pipeline.php(167): Illuminate\\Foundation\\Http\\Middleware\\TrimStrings->handle(Object(Illuminate\\Http\\Request), Object(Closure))
#83 /Users/aldyhelix/Projects/www/backend_rmi/vendor/laravel/framework/src/Illuminate/Foundation/Http/Middleware/ValidatePostSize.php(27): Illuminate\\Pipeline\\Pipeline->Illuminate\\Pipeline\\{closure}(Object(Illuminate\\Http\\Request))
#84 /Users/aldyhelix/Projects/www/backend_rmi/vendor/laravel/framework/src/Illuminate/Pipeline/Pipeline.php(167): Illuminate\\Foundation\\Http\\Middleware\\ValidatePostSize->handle(Object(Illuminate\\Http\\Request), Object(Closure))
#85 /Users/aldyhelix/Projects/www/backend_rmi/vendor/laravel/framework/src/Illuminate/Foundation/Http/Middleware/PreventRequestsDuringMaintenance.php(86): Illuminate\\Pipeline\\Pipeline->Illuminate\\Pipeline\\{closure}(Object(Illuminate\\Http\\Request))
#86 /Users/aldyhelix/Projects/www/backend_rmi/vendor/laravel/framework/src/Illuminate/Pipeline/Pipeline.php(167): Illuminate\\Foundation\\Http\\Middleware\\PreventRequestsDuringMaintenance->handle(Object(Illuminate\\Http\\Request), Object(Closure))
#87 /Users/aldyhelix/Projects/www/backend_rmi/vendor/fruitcake/laravel-cors/src/HandleCors.php(38): Illuminate\\Pipeline\\Pipeline->Illuminate\\Pipeline\\{closure}(Object(Illuminate\\Http\\Request))
#88 /Users/aldyhelix/Projects/www/backend_rmi/vendor/laravel/framework/src/Illuminate/Pipeline/Pipeline.php(167): Fruitcake\\Cors\\HandleCors->handle(Object(Illuminate\\Http\\Request), Object(Closure))
#89 /Users/aldyhelix/Projects/www/backend_rmi/vendor/laravel/framework/src/Illuminate/Http/Middleware/TrustProxies.php(39): Illuminate\\Pipeline\\Pipeline->Illuminate\\Pipeline\\{closure}(Object(Illuminate\\Http\\Request))
#90 /Users/aldyhelix/Projects/www/backend_rmi/vendor/laravel/framework/src/Illuminate/Pipeline/Pipeline.php(167): Illuminate\\Http\\Middleware\\TrustProxies->handle(Object(Illuminate\\Http\\Request), Object(Closure))
#91 /Users/aldyhelix/Projects/www/backend_rmi/vendor/laravel/framework/src/Illuminate/Pipeline/Pipeline.php(103): Illuminate\\Pipeline\\Pipeline->Illuminate\\Pipeline\\{closure}(Object(Illuminate\\Http\\Request))
#92 /Users/aldyhelix/Projects/www/backend_rmi/vendor/laravel/framework/src/Illuminate/Foundation/Http/Kernel.php(142): Illuminate\\Pipeline\\Pipeline->then(Object(Closure))
#93 /Users/aldyhelix/Projects/www/backend_rmi/vendor/laravel/framework/src/Illuminate/Foundation/Http/Kernel.php(111): Illuminate\\Foundation\\Http\\Kernel->sendRequestThroughRouter(Object(Illuminate\\Http\\Request))
#94 /Users/aldyhelix/Projects/www/backend_rmi/public/index.php(58): Illuminate\\Foundation\\Http\\Kernel->handle(Object(Illuminate\\Http\\Request))
#95 /Applications/Herd.app/Contents/Resources/valet/server.php(153): require('/Users/aldyheli...')
#96 {main}

[previous exception] [object] (ErrorException(code: 0): Undefined variable $admin_created_total_product_count at /Users/aldyhelix/Projects/www/backend_rmi/storage/framework/views/ced0d25602f0d8ceedd056e4d30b1ec311262bd0.php:27)
[stacktrace]
#0 /Users/aldyhelix/Projects/www/backend_rmi/storage/framework/views/ced0d25602f0d8ceedd056e4d30b1ec311262bd0.php(27): Illuminate\\Foundation\\Bootstrap\\HandleExceptions->handleError(2, 'Undefined varia...', '/Users/aldyheli...', 27)
#1 /Users/aldyhelix/Projects/www/backend_rmi/vendor/livewire/livewire/src/ComponentConcerns/RendersLivewireComponents.php(83): include('/Users/aldyheli...')
#2 /Users/aldyhelix/Projects/www/backend_rmi/vendor/livewire/livewire/src/ComponentConcerns/RendersLivewireComponents.php(84): App\\Http\\Livewire\\Dashboard->Livewire\\ComponentConcerns\\{closure}()
#3 /Users/aldyhelix/Projects/www/backend_rmi/vendor/livewire/livewire/src/ComponentConcerns/RendersLivewireComponents.php(59): Livewire\\CompilerEngineForIgnition->evaluatePath('/Users/aldyheli...', Array)
#4 /Users/aldyhelix/Projects/www/backend_rmi/vendor/laravel/framework/src/Illuminate/View/View.php(139): Livewire\\CompilerEngineForIgnition->get('/Users/aldyheli...', Array)
#5 /Users/aldyhelix/Projects/www/backend_rmi/vendor/laravel/framework/src/Illuminate/View/View.php(122): Illuminate\\View\\View->getContents()
#6 /Users/aldyhelix/Projects/www/backend_rmi/vendor/laravel/framework/src/Illuminate/View/View.php(91): Illuminate\\View\\View->renderContents()
#7 /Users/aldyhelix/Projects/www/backend_rmi/vendor/laravel/framework/src/Illuminate/View/Concerns/ManagesComponents.php(100): Illuminate\\View\\View->render()
#8 /Users/aldyhelix/Projects/www/backend_rmi/storage/framework/views/f4899b702c6a16f1c873549d32bc50b1e46a780c.php(491): Illuminate\\View\\Factory->renderComponent()
#9 /Users/aldyhelix/Projects/www/backend_rmi/vendor/livewire/livewire/src/ComponentConcerns/RendersLivewireComponents.php(83): include('/Users/aldyheli...')
#10 /Users/aldyhelix/Projects/www/backend_rmi/vendor/livewire/livewire/src/ComponentConcerns/RendersLivewireComponents.php(84): App\\Http\\Livewire\\Dashboard->Livewire\\ComponentConcerns\\{closure}()
#11 /Users/aldyhelix/Projects/www/backend_rmi/vendor/livewire/livewire/src/ComponentConcerns/RendersLivewireComponents.php(59): Livewire\\CompilerEngineForIgnition->evaluatePath('/Users/aldyheli...', Array)
#12 /Users/aldyhelix/Projects/www/backend_rmi/vendor/laravel/framework/src/Illuminate/View/View.php(139): Livewire\\CompilerEngineForIgnition->get('/Users/aldyheli...', Array)
#13 /Users/aldyhelix/Projects/www/backend_rmi/vendor/laravel/framework/src/Illuminate/View/View.php(122): Illuminate\\View\\View->getContents()
#14 /Users/aldyhelix/Projects/www/backend_rmi/vendor/laravel/framework/src/Illuminate/View/View.php(91): Illuminate\\View\\View->renderContents()
#15 /Users/aldyhelix/Projects/www/backend_rmi/vendor/livewire/livewire/src/Component.php(235): Illuminate\\View\\View->render()
#16 /Users/aldyhelix/Projects/www/backend_rmi/vendor/livewire/livewire/src/HydrationMiddleware/RenderView.php(14): Livewire\\Component->output()
#17 /Users/aldyhelix/Projects/www/backend_rmi/vendor/livewire/livewire/src/LifecycleManager.php(141): Livewire\\HydrationMiddleware\\RenderView::dehydrate(Object(App\\Http\\Livewire\\Dashboard), Object(Livewire\\Response))
#18 /Users/aldyhelix/Projects/www/backend_rmi/vendor/livewire/livewire/src/LivewireManager.php(132): Livewire\\LifecycleManager->initialDehydrate()
#19 /Users/aldyhelix/Projects/www/backend_rmi/vendor/laravel/framework/src/Illuminate/Support/Facades/Facade.php(261): Livewire\\LivewireManager->mount('dashboard', Array)
#20 /Users/aldyhelix/Projects/www/backend_rmi/storage/framework/views/7614a377bf597da1c7ed67416eae576b7feee755.php(13): Illuminate\\Support\\Facades\\Facade::__callStatic('mount', Array)
#21 /Users/aldyhelix/Projects/www/backend_rmi/vendor/laravel/framework/src/Illuminate/Filesystem/Filesystem.php(107): require('/Users/aldyheli...')
#22 /Users/aldyhelix/Projects/www/backend_rmi/vendor/laravel/framework/src/Illuminate/Filesystem/Filesystem.php(108): Illuminate\\Filesystem\\Filesystem::Illuminate\\Filesystem\\{closure}()
#23 /Users/aldyhelix/Projects/www/backend_rmi/vendor/laravel/framework/src/Illuminate/View/Engines/PhpEngine.php(58): Illuminate\\Filesystem\\Filesystem->getRequire('/Users/aldyheli...', Array)
#24 /Users/aldyhelix/Projects/www/backend_rmi/vendor/livewire/livewire/src/ComponentConcerns/RendersLivewireComponents.php(69): Illuminate\\View\\Engines\\PhpEngine->evaluatePath('/Users/aldyheli...', Array)
#25 /Users/aldyhelix/Projects/www/backend_rmi/vendor/laravel/framework/src/Illuminate/View/Engines/CompilerEngine.php(61): Livewire\\CompilerEngineForIgnition->evaluatePath('/Users/aldyheli...', Array)
#26 /Users/aldyhelix/Projects/www/backend_rmi/vendor/facade/ignition/src/Views/Engines/CompilerEngine.php(37): Illuminate\\View\\Engines\\CompilerEngine->get('/Users/aldyheli...', Array)
#27 /Users/aldyhelix/Projects/www/backend_rmi/vendor/livewire/livewire/src/ComponentConcerns/RendersLivewireComponents.php(35): Facade\\Ignition\\Views\\Engines\\CompilerEngine->get('/Users/aldyheli...', Array)
#28 /Users/aldyhelix/Projects/www/backend_rmi/vendor/laravel/framework/src/Illuminate/View/View.php(139): Livewire\\CompilerEngineForIgnition->get('/Users/aldyheli...', Array)
#29 /Users/aldyhelix/Projects/www/backend_rmi/vendor/laravel/framework/src/Illuminate/View/View.php(122): Illuminate\\View\\View->getContents()
#30 /Users/aldyhelix/Projects/www/backend_rmi/vendor/laravel/framework/src/Illuminate/View/View.php(91): Illuminate\\View\\View->renderContents()
#31 /Users/aldyhelix/Projects/www/backend_rmi/vendor/laravel/framework/src/Illuminate/Http/Response.php(69): Illuminate\\View\\View->render()
#32 /Users/aldyhelix/Projects/www/backend_rmi/vendor/laravel/framework/src/Illuminate/Http/Response.php(35): Illuminate\\Http\\Response->setContent(Object(Illuminate\\View\\View))
#33 /Users/aldyhelix/Projects/www/backend_rmi/vendor/laravel/framework/src/Illuminate/Routing/Router.php(820): Illuminate\\Http\\Response->__construct(Object(Illuminate\\View\\View), 200, Array)
#34 /Users/aldyhelix/Projects/www/backend_rmi/vendor/laravel/framework/src/Illuminate/Routing/Router.php(789): Illuminate\\Routing\\Router::toResponse(Object(Illuminate\\Http\\Request), Object(Illuminate\\View\\View))
#35 /Users/aldyhelix/Projects/www/backend_rmi/vendor/laravel/framework/src/Illuminate/Routing/Router.php(720): Illuminate\\Routing\\Router->prepareResponse(Object(Illuminate\\Http\\Request), Object(Illuminate\\View\\View))
#36 /Users/aldyhelix/Projects/www/backend_rmi/vendor/laravel/framework/src/Illuminate/Pipeline/Pipeline.php(128): Illuminate\\Routing\\Router->Illuminate\\Routing\\{closure}(Object(Illuminate\\Http\\Request))
#37 /Users/aldyhelix/Projects/www/backend_rmi/app/Http/Middleware/DashboardSetup.php(22): Illuminate\\Pipeline\\Pipeline->Illuminate\\Pipeline\\{closure}(Object(Illuminate\\Http\\Request))
#38 /Users/aldyhelix/Projects/www/backend_rmi/vendor/laravel/framework/src/Illuminate/Pipeline/Pipeline.php(167): App\\Http\\Middleware\\DashboardSetup->handle(Object(Illuminate\\Http\\Request), Object(Closure))
#39 /Users/aldyhelix/Projects/www/backend_rmi/app/Http/Middleware/CheckIfBillingInfoRequired.php(24): Illuminate\\Pipeline\\Pipeline->Illuminate\\Pipeline\\{closure}(Object(Illuminate\\Http\\Request))
#40 /Users/aldyhelix/Projects/www/backend_rmi/vendor/laravel/framework/src/Illuminate/Pipeline/Pipeline.php(167): App\\Http\\Middleware\\CheckIfBillingInfoRequired->handle(Object(Illuminate\\Http\\Request), Object(Closure))
#41 /Users/aldyhelix/Projects/www/backend_rmi/app/Http/Middleware/VerifyUserIsSubscribed.php(25): Illuminate\\Pipeline\\Pipeline->Illuminate\\Pipeline\\{closure}(Object(Illuminate\\Http\\Request))
#42 /Users/aldyhelix/Projects/www/backend_rmi/vendor/laravel/framework/src/Illuminate/Pipeline/Pipeline.php(167): App\\Http\\Middleware\\VerifyUserIsSubscribed->handle(Object(Illuminate\\Http\\Request), Object(Closure))
#43 /Users/aldyhelix/Projects/www/backend_rmi/app/Http/Middleware/CookieConsentMiddleware.php(21): Illuminate\\Pipeline\\Pipeline->Illuminate\\Pipeline\\{closure}(Object(Illuminate\\Http\\Request))
#44 /Users/aldyhelix/Projects/www/backend_rmi/vendor/laravel/framework/src/Illuminate/Pipeline/Pipeline.php(167): App\\Http\\Middleware\\CookieConsentMiddleware->handle(Object(Illuminate\\Http\\Request), Object(Closure))
#45 /Users/aldyhelix/Projects/www/backend_rmi/app/Http/Middleware/Language.php(64): Illuminate\\Pipeline\\Pipeline->Illuminate\\Pipeline\\{closure}(Object(Illuminate\\Http\\Request))
#46 /Users/aldyhelix/Projects/www/backend_rmi/vendor/laravel/framework/src/Illuminate/Pipeline/Pipeline.php(167): App\\Http\\Middleware\\Language->handle(Object(Illuminate\\Http\\Request), Object(Closure))
#47 /Users/aldyhelix/Projects/www/backend_rmi/app/Http/Middleware/InitSettings.php(8): Illuminate\\Pipeline\\Pipeline->Illuminate\\Pipeline\\{closure}(Object(Illuminate\\Http\\Request))
#48 /Users/aldyhelix/Projects/www/backend_rmi/vendor/laravel/framework/src/Illuminate/Pipeline/Pipeline.php(167): App\\Http\\Middleware\\InitSettings->handle(Object(Illuminate\\Http\\Request), Object(Closure))
#49 /Users/aldyhelix/Projects/www/backend_rmi/vendor/laravel/framework/src/Illuminate/Routing/Middleware/SubstituteBindings.php(50): Illuminate\\Pipeline\\Pipeline->Illuminate\\Pipeline\\{closure}(Object(Illuminate\\Http\\Request))
#50 /Users/aldyhelix/Projects/www/backend_rmi/vendor/laravel/framework/src/Illuminate/Pipeline/Pipeline.php(167): Illuminate\\Routing\\Middleware\\SubstituteBindings->handle(Object(Illuminate\\Http\\Request), Object(Closure))
#51 /Users/aldyhelix/Projects/www/backend_rmi/vendor/laravel/framework/src/Illuminate/Auth/Middleware/Authenticate.php(44): Illuminate\\Pipeline\\Pipeline->Illuminate\\Pipeline\\{closure}(Object(Illuminate\\Http\\Request))
#52 /Users/aldyhelix/Projects/www/backend_rmi/vendor/laravel/framework/src/Illuminate/Pipeline/Pipeline.php(167): Illuminate\\Auth\\Middleware\\Authenticate->handle(Object(Illuminate\\Http\\Request), Object(Closure))
#53 /Users/aldyhelix/Projects/www/backend_rmi/vendor/laravel/framework/src/Illuminate/Foundation/Http/Middleware/VerifyCsrfToken.php(78): Illuminate\\Pipeline\\Pipeline->Illuminate\\Pipeline\\{closure}(Object(Illuminate\\Http\\Request))
#54 /Users/aldyhelix/Projects/www/backend_rmi/vendor/laravel/framework/src/Illuminate/Pipeline/Pipeline.php(167): Illuminate\\Foundation\\Http\\Middleware\\VerifyCsrfToken->handle(Object(Illuminate\\Http\\Request), Object(Closure))
#55 /Users/aldyhelix/Projects/www/backend_rmi/vendor/laravel/framework/src/Illuminate/View/Middleware/ShareErrorsFromSession.php(49): Illuminate\\Pipeline\\Pipeline->Illuminate\\Pipeline\\{closure}(Object(Illuminate\\Http\\Request))
#56 /Users/aldyhelix/Projects/www/backend_rmi/vendor/laravel/framework/src/Illuminate/Pipeline/Pipeline.php(167): Illuminate\\View\\Middleware\\ShareErrorsFromSession->handle(Object(Illuminate\\Http\\Request), Object(Closure))
#57 /Users/aldyhelix/Projects/www/backend_rmi/vendor/laravel/framework/src/Illuminate/Session/Middleware/StartSession.php(121): Illuminate\\Pipeline\\Pipeline->Illuminate\\Pipeline\\{closure}(Object(Illuminate\\Http\\Request))
#58 /Users/aldyhelix/Projects/www/backend_rmi/vendor/laravel/framework/src/Illuminate/Session/Middleware/StartSession.php(64): Illuminate\\Session\\Middleware\\StartSession->handleStatefulRequest(Object(Illuminate\\Http\\Request), Object(Illuminate\\Session\\EncryptedStore), Object(Closure))
#59 /Users/aldyhelix/Projects/www/backend_rmi/vendor/laravel/framework/src/Illuminate/Pipeline/Pipeline.php(167): Illuminate\\Session\\Middleware\\StartSession->handle(Object(Illuminate\\Http\\Request), Object(Closure))
#60 /Users/aldyhelix/Projects/www/backend_rmi/vendor/laravel/framework/src/Illuminate/Cookie/Middleware/AddQueuedCookiesToResponse.php(37): Illuminate\\Pipeline\\Pipeline->Illuminate\\Pipeline\\{closure}(Object(Illuminate\\Http\\Request))
#61 /Users/aldyhelix/Projects/www/backend_rmi/vendor/laravel/framework/src/Illuminate/Pipeline/Pipeline.php(167): Illuminate\\Cookie\\Middleware\\AddQueuedCookiesToResponse->handle(Object(Illuminate\\Http\\Request), Object(Closure))
#62 /Users/aldyhelix/Projects/www/backend_rmi/vendor/laravel/framework/src/Illuminate/Cookie/Middleware/EncryptCookies.php(67): Illuminate\\Pipeline\\Pipeline->Illuminate\\Pipeline\\{closure}(Object(Illuminate\\Http\\Request))
#63 /Users/aldyhelix/Projects/www/backend_rmi/vendor/laravel/framework/src/Illuminate/Pipeline/Pipeline.php(167): Illuminate\\Cookie\\Middleware\\EncryptCookies->handle(Object(Illuminate\\Http\\Request), Object(Closure))
#64 /Users/aldyhelix/Projects/www/backend_rmi/vendor/laravel/framework/src/Illuminate/Pipeline/Pipeline.php(103): Illuminate\\Pipeline\\Pipeline->Illuminate\\Pipeline\\{closure}(Object(Illuminate\\Http\\Request))
#65 /Users/aldyhelix/Projects/www/backend_rmi/vendor/laravel/framework/src/Illuminate/Routing/Router.php(719): Illuminate\\Pipeline\\Pipeline->then(Object(Closure))
#66 /Users/aldyhelix/Projects/www/backend_rmi/vendor/laravel/framework/src/Illuminate/Routing/Router.php(698): Illuminate\\Routing\\Router->runRouteWithinStack(Object(Illuminate\\Routing\\Route), Object(Illuminate\\Http\\Request))
#67 /Users/aldyhelix/Projects/www/backend_rmi/vendor/laravel/framework/src/Illuminate/Routing/Router.php(662): Illuminate\\Routing\\Router->runRoute(Object(Illuminate\\Http\\Request), Object(Illuminate\\Routing\\Route))
#68 /Users/aldyhelix/Projects/www/backend_rmi/vendor/laravel/framework/src/Illuminate/Routing/Router.php(651): Illuminate\\Routing\\Router->dispatchToRoute(Object(Illuminate\\Http\\Request))
#69 /Users/aldyhelix/Projects/www/backend_rmi/vendor/laravel/framework/src/Illuminate/Foundation/Http/Kernel.php(167): Illuminate\\Routing\\Router->dispatch(Object(Illuminate\\Http\\Request))
#70 /Users/aldyhelix/Projects/www/backend_rmi/vendor/laravel/framework/src/Illuminate/Pipeline/Pipeline.php(128): Illuminate\\Foundation\\Http\\Kernel->Illuminate\\Foundation\\Http\\{closure}(Object(Illuminate\\Http\\Request))
#71 /Users/aldyhelix/Projects/www/backend_rmi/vendor/livewire/livewire/src/DisableBrowserCache.php(19): Illuminate\\Pipeline\\Pipeline->Illuminate\\Pipeline\\{closure}(Object(Illuminate\\Http\\Request))
#72 /Users/aldyhelix/Projects/www/backend_rmi/vendor/laravel/framework/src/Illuminate/Pipeline/Pipeline.php(167): Livewire\\DisableBrowserCache->handle(Object(Illuminate\\Http\\Request), Object(Closure))
#73 /Users/aldyhelix/Projects/www/backend_rmi/vendor/barryvdh/laravel-debugbar/src/Middleware/InjectDebugbar.php(66): Illuminate\\Pipeline\\Pipeline->Illuminate\\Pipeline\\{closure}(Object(Illuminate\\Http\\Request))
#74 /Users/aldyhelix/Projects/www/backend_rmi/vendor/laravel/framework/src/Illuminate/Pipeline/Pipeline.php(167): Barryvdh\\Debugbar\\Middleware\\InjectDebugbar->handle(Object(Illuminate\\Http\\Request), Object(Closure))
#75 /Users/aldyhelix/Projects/www/backend_rmi/app/Http/Middleware/CheckForInstallation.php(19): Illuminate\\Pipeline\\Pipeline->Illuminate\\Pipeline\\{closure}(Object(Illuminate\\Http\\Request))
#76 /Users/aldyhelix/Projects/www/backend_rmi/vendor/laravel/framework/src/Illuminate/Pipeline/Pipeline.php(167): App\\Http\\Middleware\\CheckForInstallation->handle(Object(Illuminate\\Http\\Request), Object(Closure))
#77 /Users/aldyhelix/Projects/www/backend_rmi/vendor/laravel/framework/src/Illuminate/Foundation/Http/Middleware/TransformsRequest.php(21): Illuminate\\Pipeline\\Pipeline->Illuminate\\Pipeline\\{closure}(Object(Illuminate\\Http\\Request))
#78 /Users/aldyhelix/Projects/www/backend_rmi/vendor/laravel/framework/src/Illuminate/Foundation/Http/Middleware/ConvertEmptyStringsToNull.php(31): Illuminate\\Foundation\\Http\\Middleware\\TransformsRequest->handle(Object(Illuminate\\Http\\Request), Object(Closure))
#79 /Users/aldyhelix/Projects/www/backend_rmi/vendor/laravel/framework/src/Illuminate/Pipeline/Pipeline.php(167): Illuminate\\Foundation\\Http\\Middleware\\ConvertEmptyStringsToNull->handle(Object(Illuminate\\Http\\Request), Object(Closure))
#80 /Users/aldyhelix/Projects/www/backend_rmi/vendor/laravel/framework/src/Illuminate/Foundation/Http/Middleware/TransformsRequest.php(21): Illuminate\\Pipeline\\Pipeline->Illuminate\\Pipeline\\{closure}(Object(Illuminate\\Http\\Request))
#81 /Users/aldyhelix/Projects/www/backend_rmi/vendor/laravel/framework/src/Illuminate/Foundation/Http/Middleware/TrimStrings.php(40): Illuminate\\Foundation\\Http\\Middleware\\TransformsRequest->handle(Object(Illuminate\\Http\\Request), Object(Closure))
#82 /Users/aldyhelix/Projects/www/backend_rmi/vendor/laravel/framework/src/Illuminate/Pipeline/Pipeline.php(167): Illuminate\\Foundation\\Http\\Middleware\\TrimStrings->handle(Object(Illuminate\\Http\\Request), Object(Closure))
#83 /Users/aldyhelix/Projects/www/backend_rmi/vendor/laravel/framework/src/Illuminate/Foundation/Http/Middleware/ValidatePostSize.php(27): Illuminate\\Pipeline\\Pipeline->Illuminate\\Pipeline\\{closure}(Object(Illuminate\\Http\\Request))
#84 /Users/aldyhelix/Projects/www/backend_rmi/vendor/laravel/framework/src/Illuminate/Pipeline/Pipeline.php(167): Illuminate\\Foundation\\Http\\Middleware\\ValidatePostSize->handle(Object(Illuminate\\Http\\Request), Object(Closure))
#85 /Users/aldyhelix/Projects/www/backend_rmi/vendor/laravel/framework/src/Illuminate/Foundation/Http/Middleware/PreventRequestsDuringMaintenance.php(86): Illuminate\\Pipeline\\Pipeline->Illuminate\\Pipeline\\{closure}(Object(Illuminate\\Http\\Request))
#86 /Users/aldyhelix/Projects/www/backend_rmi/vendor/laravel/framework/src/Illuminate/Pipeline/Pipeline.php(167): Illuminate\\Foundation\\Http\\Middleware\\PreventRequestsDuringMaintenance->handle(Object(Illuminate\\Http\\Request), Object(Closure))
#87 /Users/aldyhelix/Projects/www/backend_rmi/vendor/fruitcake/laravel-cors/src/HandleCors.php(38): Illuminate\\Pipeline\\Pipeline->Illuminate\\Pipeline\\{closure}(Object(Illuminate\\Http\\Request))
#88 /Users/aldyhelix/Projects/www/backend_rmi/vendor/laravel/framework/src/Illuminate/Pipeline/Pipeline.php(167): Fruitcake\\Cors\\HandleCors->handle(Object(Illuminate\\Http\\Request), Object(Closure))
#89 /Users/aldyhelix/Projects/www/backend_rmi/vendor/laravel/framework/src/Illuminate/Http/Middleware/TrustProxies.php(39): Illuminate\\Pipeline\\Pipeline->Illuminate\\Pipeline\\{closure}(Object(Illuminate\\Http\\Request))
#90 /Users/aldyhelix/Projects/www/backend_rmi/vendor/laravel/framework/src/Illuminate/Pipeline/Pipeline.php(167): Illuminate\\Http\\Middleware\\TrustProxies->handle(Object(Illuminate\\Http\\Request), Object(Closure))
#91 /Users/aldyhelix/Projects/www/backend_rmi/vendor/laravel/framework/src/Illuminate/Pipeline/Pipeline.php(103): Illuminate\\Pipeline\\Pipeline->Illuminate\\Pipeline\\{closure}(Object(Illuminate\\Http\\Request))
#92 /Users/aldyhelix/Projects/www/backend_rmi/vendor/laravel/framework/src/Illuminate/Foundation/Http/Kernel.php(142): Illuminate\\Pipeline\\Pipeline->then(Object(Closure))
#93 /Users/aldyhelix/Projects/www/backend_rmi/vendor/laravel/framework/src/Illuminate/Foundation/Http/Kernel.php(111): Illuminate\\Foundation\\Http\\Kernel->sendRequestThroughRouter(Object(Illuminate\\Http\\Request))
#94 /Users/aldyhelix/Projects/www/backend_rmi/public/index.php(58): Illuminate\\Foundation\\Http\\Kernel->handle(Object(Illuminate\\Http\\Request))
#95 /Applications/Herd.app/Contents/Resources/valet/server.php(153): require('/Users/aldyheli...')
#96 {main}
"} 
[2024-06-09 17:31:31] production.ERROR: Unresolvable dependency resolving [Parameter #0 [ <required> $chart_data ]] in class App\View\Components\Chart (View: /Users/aldyhelix/Projects/www/backend_rmi/resources/views/livewire/dashboard.blade.php) {"view":{"view":"/Users/aldyhelix/Projects/www/backend_rmi/vendor/laravel/framework/src/Illuminate/Container/Container.php","data":[]},"userId":1,"exception":"[object] (Facade\\Ignition\\Exceptions\\ViewException(code: 0): Unresolvable dependency resolving [Parameter #0 [ <required> $chart_data ]] in class App\\View\\Components\\Chart (View: /Users/aldyhelix/Projects/www/backend_rmi/resources/views/livewire/dashboard.blade.php) at /Users/aldyhelix/Projects/www/backend_rmi/vendor/laravel/framework/src/Illuminate/Container/Container.php:1104)
[stacktrace]
#0 /Users/aldyhelix/Projects/www/backend_rmi/vendor/laravel/framework/src/Illuminate/Container/Container.php(1011): Illuminate\\Container\\Container->unresolvablePrimitive(Object(ReflectionParameter))
#1 /Users/aldyhelix/Projects/www/backend_rmi/vendor/laravel/framework/src/Illuminate/Container/Container.php(946): Illuminate\\Container\\Container->resolvePrimitive(Object(ReflectionParameter))
#2 /Users/aldyhelix/Projects/www/backend_rmi/vendor/laravel/framework/src/Illuminate/Container/Container.php(908): Illuminate\\Container\\Container->resolveDependencies(Array)
#3 /Users/aldyhelix/Projects/www/backend_rmi/vendor/laravel/framework/src/Illuminate/Container/Container.php(758): Illuminate\\Container\\Container->build('App\\\\View\\\\Compon...')
#4 /Users/aldyhelix/Projects/www/backend_rmi/vendor/laravel/framework/src/Illuminate/Foundation/Application.php(851): Illuminate\\Container\\Container->resolve('App\\\\View\\\\Compon...', Array, true)
#5 /Users/aldyhelix/Projects/www/backend_rmi/vendor/laravel/framework/src/Illuminate/Container/Container.php(694): Illuminate\\Foundation\\Application->resolve('App\\\\View\\\\Compon...', Array)
#6 /Users/aldyhelix/Projects/www/backend_rmi/vendor/laravel/framework/src/Illuminate/Foundation/Application.php(836): Illuminate\\Container\\Container->make('App\\\\View\\\\Compon...', Array)
#7 /Users/aldyhelix/Projects/www/backend_rmi/storage/framework/views/f4899b702c6a16f1c873549d32bc50b1e46a780c.php(468): Illuminate\\Foundation\\Application->make('App\\\\View\\\\Compon...', Array)
#8 /Users/aldyhelix/Projects/www/backend_rmi/vendor/livewire/livewire/src/ComponentConcerns/RendersLivewireComponents.php(83): include('/Users/aldyheli...')
#9 /Users/aldyhelix/Projects/www/backend_rmi/vendor/livewire/livewire/src/ComponentConcerns/RendersLivewireComponents.php(84): App\\Http\\Livewire\\Dashboard->Livewire\\ComponentConcerns\\{closure}()
#10 /Users/aldyhelix/Projects/www/backend_rmi/vendor/livewire/livewire/src/ComponentConcerns/RendersLivewireComponents.php(59): Livewire\\CompilerEngineForIgnition->evaluatePath('/Users/aldyheli...', Array)
#11 /Users/aldyhelix/Projects/www/backend_rmi/vendor/laravel/framework/src/Illuminate/View/View.php(139): Livewire\\CompilerEngineForIgnition->get('/Users/aldyheli...', Array)
#12 /Users/aldyhelix/Projects/www/backend_rmi/vendor/laravel/framework/src/Illuminate/View/View.php(122): Illuminate\\View\\View->getContents()
#13 /Users/aldyhelix/Projects/www/backend_rmi/vendor/laravel/framework/src/Illuminate/View/View.php(91): Illuminate\\View\\View->renderContents()
#14 /Users/aldyhelix/Projects/www/backend_rmi/vendor/livewire/livewire/src/Component.php(235): Illuminate\\View\\View->render()
#15 /Users/aldyhelix/Projects/www/backend_rmi/vendor/livewire/livewire/src/HydrationMiddleware/RenderView.php(14): Livewire\\Component->output()
#16 /Users/aldyhelix/Projects/www/backend_rmi/vendor/livewire/livewire/src/LifecycleManager.php(141): Livewire\\HydrationMiddleware\\RenderView::dehydrate(Object(App\\Http\\Livewire\\Dashboard), Object(Livewire\\Response))
#17 /Users/aldyhelix/Projects/www/backend_rmi/vendor/livewire/livewire/src/LivewireManager.php(132): Livewire\\LifecycleManager->initialDehydrate()
#18 /Users/aldyhelix/Projects/www/backend_rmi/vendor/laravel/framework/src/Illuminate/Support/Facades/Facade.php(261): Livewire\\LivewireManager->mount('dashboard', Array)
#19 /Users/aldyhelix/Projects/www/backend_rmi/resources/views/admin/dashboard/platform.blade.php(13): Illuminate\\Support\\Facades\\Facade::__callStatic('mount', Array)
#20 /Users/aldyhelix/Projects/www/backend_rmi/vendor/laravel/framework/src/Illuminate/Filesystem/Filesystem.php(107): require('/Users/aldyheli...')
#21 /Users/aldyhelix/Projects/www/backend_rmi/vendor/laravel/framework/src/Illuminate/Filesystem/Filesystem.php(108): Illuminate\\Filesystem\\Filesystem::Illuminate\\Filesystem\\{closure}()
#22 /Users/aldyhelix/Projects/www/backend_rmi/vendor/laravel/framework/src/Illuminate/View/Engines/PhpEngine.php(58): Illuminate\\Filesystem\\Filesystem->getRequire('/Users/aldyheli...', Array)
#23 /Users/aldyhelix/Projects/www/backend_rmi/vendor/livewire/livewire/src/ComponentConcerns/RendersLivewireComponents.php(69): Illuminate\\View\\Engines\\PhpEngine->evaluatePath('/Users/aldyheli...', Array)
#24 /Users/aldyhelix/Projects/www/backend_rmi/vendor/laravel/framework/src/Illuminate/View/Engines/CompilerEngine.php(61): Livewire\\CompilerEngineForIgnition->evaluatePath('/Users/aldyheli...', Array)
#25 /Users/aldyhelix/Projects/www/backend_rmi/vendor/facade/ignition/src/Views/Engines/CompilerEngine.php(37): Illuminate\\View\\Engines\\CompilerEngine->get('/Users/aldyheli...', Array)
#26 /Users/aldyhelix/Projects/www/backend_rmi/vendor/livewire/livewire/src/ComponentConcerns/RendersLivewireComponents.php(35): Facade\\Ignition\\Views\\Engines\\CompilerEngine->get('/Users/aldyheli...', Array)
#27 /Users/aldyhelix/Projects/www/backend_rmi/vendor/laravel/framework/src/Illuminate/View/View.php(139): Livewire\\CompilerEngineForIgnition->get('/Users/aldyheli...', Array)
#28 /Users/aldyhelix/Projects/www/backend_rmi/vendor/laravel/framework/src/Illuminate/View/View.php(122): Illuminate\\View\\View->getContents()
#29 /Users/aldyhelix/Projects/www/backend_rmi/vendor/laravel/framework/src/Illuminate/View/View.php(91): Illuminate\\View\\View->renderContents()
#30 /Users/aldyhelix/Projects/www/backend_rmi/vendor/laravel/framework/src/Illuminate/Http/Response.php(69): Illuminate\\View\\View->render()
#31 /Users/aldyhelix/Projects/www/backend_rmi/vendor/laravel/framework/src/Illuminate/Http/Response.php(35): Illuminate\\Http\\Response->setContent(Object(Illuminate\\View\\View))
#32 /Users/aldyhelix/Projects/www/backend_rmi/vendor/laravel/framework/src/Illuminate/Routing/Router.php(820): Illuminate\\Http\\Response->__construct(Object(Illuminate\\View\\View), 200, Array)
#33 /Users/aldyhelix/Projects/www/backend_rmi/vendor/laravel/framework/src/Illuminate/Routing/Router.php(789): Illuminate\\Routing\\Router::toResponse(Object(Illuminate\\Http\\Request), Object(Illuminate\\View\\View))
#34 /Users/aldyhelix/Projects/www/backend_rmi/vendor/laravel/framework/src/Illuminate/Routing/Router.php(720): Illuminate\\Routing\\Router->prepareResponse(Object(Illuminate\\Http\\Request), Object(Illuminate\\View\\View))
#35 /Users/aldyhelix/Projects/www/backend_rmi/vendor/laravel/framework/src/Illuminate/Pipeline/Pipeline.php(128): Illuminate\\Routing\\Router->Illuminate\\Routing\\{closure}(Object(Illuminate\\Http\\Request))
#36 /Users/aldyhelix/Projects/www/backend_rmi/app/Http/Middleware/DashboardSetup.php(22): Illuminate\\Pipeline\\Pipeline->Illuminate\\Pipeline\\{closure}(Object(Illuminate\\Http\\Request))
#37 /Users/aldyhelix/Projects/www/backend_rmi/vendor/laravel/framework/src/Illuminate/Pipeline/Pipeline.php(167): App\\Http\\Middleware\\DashboardSetup->handle(Object(Illuminate\\Http\\Request), Object(Closure))
#38 /Users/aldyhelix/Projects/www/backend_rmi/app/Http/Middleware/CheckIfBillingInfoRequired.php(24): Illuminate\\Pipeline\\Pipeline->Illuminate\\Pipeline\\{closure}(Object(Illuminate\\Http\\Request))
#39 /Users/aldyhelix/Projects/www/backend_rmi/vendor/laravel/framework/src/Illuminate/Pipeline/Pipeline.php(167): App\\Http\\Middleware\\CheckIfBillingInfoRequired->handle(Object(Illuminate\\Http\\Request), Object(Closure))
#40 /Users/aldyhelix/Projects/www/backend_rmi/app/Http/Middleware/VerifyUserIsSubscribed.php(25): Illuminate\\Pipeline\\Pipeline->Illuminate\\Pipeline\\{closure}(Object(Illuminate\\Http\\Request))
#41 /Users/aldyhelix/Projects/www/backend_rmi/vendor/laravel/framework/src/Illuminate/Pipeline/Pipeline.php(167): App\\Http\\Middleware\\VerifyUserIsSubscribed->handle(Object(Illuminate\\Http\\Request), Object(Closure))
#42 /Users/aldyhelix/Projects/www/backend_rmi/app/Http/Middleware/CookieConsentMiddleware.php(21): Illuminate\\Pipeline\\Pipeline->Illuminate\\Pipeline\\{closure}(Object(Illuminate\\Http\\Request))
#43 /Users/aldyhelix/Projects/www/backend_rmi/vendor/laravel/framework/src/Illuminate/Pipeline/Pipeline.php(167): App\\Http\\Middleware\\CookieConsentMiddleware->handle(Object(Illuminate\\Http\\Request), Object(Closure))
#44 /Users/aldyhelix/Projects/www/backend_rmi/app/Http/Middleware/Language.php(64): Illuminate\\Pipeline\\Pipeline->Illuminate\\Pipeline\\{closure}(Object(Illuminate\\Http\\Request))
#45 /Users/aldyhelix/Projects/www/backend_rmi/vendor/laravel/framework/src/Illuminate/Pipeline/Pipeline.php(167): App\\Http\\Middleware\\Language->handle(Object(Illuminate\\Http\\Request), Object(Closure))
#46 /Users/aldyhelix/Projects/www/backend_rmi/app/Http/Middleware/InitSettings.php(8): Illuminate\\Pipeline\\Pipeline->Illuminate\\Pipeline\\{closure}(Object(Illuminate\\Http\\Request))
#47 /Users/aldyhelix/Projects/www/backend_rmi/vendor/laravel/framework/src/Illuminate/Pipeline/Pipeline.php(167): App\\Http\\Middleware\\InitSettings->handle(Object(Illuminate\\Http\\Request), Object(Closure))
#48 /Users/aldyhelix/Projects/www/backend_rmi/vendor/laravel/framework/src/Illuminate/Routing/Middleware/SubstituteBindings.php(50): Illuminate\\Pipeline\\Pipeline->Illuminate\\Pipeline\\{closure}(Object(Illuminate\\Http\\Request))
#49 /Users/aldyhelix/Projects/www/backend_rmi/vendor/laravel/framework/src/Illuminate/Pipeline/Pipeline.php(167): Illuminate\\Routing\\Middleware\\SubstituteBindings->handle(Object(Illuminate\\Http\\Request), Object(Closure))
#50 /Users/aldyhelix/Projects/www/backend_rmi/vendor/laravel/framework/src/Illuminate/Auth/Middleware/Authenticate.php(44): Illuminate\\Pipeline\\Pipeline->Illuminate\\Pipeline\\{closure}(Object(Illuminate\\Http\\Request))
#51 /Users/aldyhelix/Projects/www/backend_rmi/vendor/laravel/framework/src/Illuminate/Pipeline/Pipeline.php(167): Illuminate\\Auth\\Middleware\\Authenticate->handle(Object(Illuminate\\Http\\Request), Object(Closure))
#52 /Users/aldyhelix/Projects/www/backend_rmi/vendor/laravel/framework/src/Illuminate/Foundation/Http/Middleware/VerifyCsrfToken.php(78): Illuminate\\Pipeline\\Pipeline->Illuminate\\Pipeline\\{closure}(Object(Illuminate\\Http\\Request))
#53 /Users/aldyhelix/Projects/www/backend_rmi/vendor/laravel/framework/src/Illuminate/Pipeline/Pipeline.php(167): Illuminate\\Foundation\\Http\\Middleware\\VerifyCsrfToken->handle(Object(Illuminate\\Http\\Request), Object(Closure))
#54 /Users/aldyhelix/Projects/www/backend_rmi/vendor/laravel/framework/src/Illuminate/View/Middleware/ShareErrorsFromSession.php(49): Illuminate\\Pipeline\\Pipeline->Illuminate\\Pipeline\\{closure}(Object(Illuminate\\Http\\Request))
#55 /Users/aldyhelix/Projects/www/backend_rmi/vendor/laravel/framework/src/Illuminate/Pipeline/Pipeline.php(167): Illuminate\\View\\Middleware\\ShareErrorsFromSession->handle(Object(Illuminate\\Http\\Request), Object(Closure))
#56 /Users/aldyhelix/Projects/www/backend_rmi/vendor/laravel/framework/src/Illuminate/Session/Middleware/StartSession.php(121): Illuminate\\Pipeline\\Pipeline->Illuminate\\Pipeline\\{closure}(Object(Illuminate\\Http\\Request))
#57 /Users/aldyhelix/Projects/www/backend_rmi/vendor/laravel/framework/src/Illuminate/Session/Middleware/StartSession.php(64): Illuminate\\Session\\Middleware\\StartSession->handleStatefulRequest(Object(Illuminate\\Http\\Request), Object(Illuminate\\Session\\EncryptedStore), Object(Closure))
#58 /Users/aldyhelix/Projects/www/backend_rmi/vendor/laravel/framework/src/Illuminate/Pipeline/Pipeline.php(167): Illuminate\\Session\\Middleware\\StartSession->handle(Object(Illuminate\\Http\\Request), Object(Closure))
#59 /Users/aldyhelix/Projects/www/backend_rmi/vendor/laravel/framework/src/Illuminate/Cookie/Middleware/AddQueuedCookiesToResponse.php(37): Illuminate\\Pipeline\\Pipeline->Illuminate\\Pipeline\\{closure}(Object(Illuminate\\Http\\Request))
#60 /Users/aldyhelix/Projects/www/backend_rmi/vendor/laravel/framework/src/Illuminate/Pipeline/Pipeline.php(167): Illuminate\\Cookie\\Middleware\\AddQueuedCookiesToResponse->handle(Object(Illuminate\\Http\\Request), Object(Closure))
#61 /Users/aldyhelix/Projects/www/backend_rmi/vendor/laravel/framework/src/Illuminate/Cookie/Middleware/EncryptCookies.php(67): Illuminate\\Pipeline\\Pipeline->Illuminate\\Pipeline\\{closure}(Object(Illuminate\\Http\\Request))
#62 /Users/aldyhelix/Projects/www/backend_rmi/vendor/laravel/framework/src/Illuminate/Pipeline/Pipeline.php(167): Illuminate\\Cookie\\Middleware\\EncryptCookies->handle(Object(Illuminate\\Http\\Request), Object(Closure))
#63 /Users/aldyhelix/Projects/www/backend_rmi/vendor/laravel/framework/src/Illuminate/Pipeline/Pipeline.php(103): Illuminate\\Pipeline\\Pipeline->Illuminate\\Pipeline\\{closure}(Object(Illuminate\\Http\\Request))
#64 /Users/aldyhelix/Projects/www/backend_rmi/vendor/laravel/framework/src/Illuminate/Routing/Router.php(719): Illuminate\\Pipeline\\Pipeline->then(Object(Closure))
#65 /Users/aldyhelix/Projects/www/backend_rmi/vendor/laravel/framework/src/Illuminate/Routing/Router.php(698): Illuminate\\Routing\\Router->runRouteWithinStack(Object(Illuminate\\Routing\\Route), Object(Illuminate\\Http\\Request))
#66 /Users/aldyhelix/Projects/www/backend_rmi/vendor/laravel/framework/src/Illuminate/Routing/Router.php(662): Illuminate\\Routing\\Router->runRoute(Object(Illuminate\\Http\\Request), Object(Illuminate\\Routing\\Route))
#67 /Users/aldyhelix/Projects/www/backend_rmi/vendor/laravel/framework/src/Illuminate/Routing/Router.php(651): Illuminate\\Routing\\Router->dispatchToRoute(Object(Illuminate\\Http\\Request))
#68 /Users/aldyhelix/Projects/www/backend_rmi/vendor/laravel/framework/src/Illuminate/Foundation/Http/Kernel.php(167): Illuminate\\Routing\\Router->dispatch(Object(Illuminate\\Http\\Request))
#69 /Users/aldyhelix/Projects/www/backend_rmi/vendor/laravel/framework/src/Illuminate/Pipeline/Pipeline.php(128): Illuminate\\Foundation\\Http\\Kernel->Illuminate\\Foundation\\Http\\{closure}(Object(Illuminate\\Http\\Request))
#70 /Users/aldyhelix/Projects/www/backend_rmi/vendor/livewire/livewire/src/DisableBrowserCache.php(19): Illuminate\\Pipeline\\Pipeline->Illuminate\\Pipeline\\{closure}(Object(Illuminate\\Http\\Request))
#71 /Users/aldyhelix/Projects/www/backend_rmi/vendor/laravel/framework/src/Illuminate/Pipeline/Pipeline.php(167): Livewire\\DisableBrowserCache->handle(Object(Illuminate\\Http\\Request), Object(Closure))
#72 /Users/aldyhelix/Projects/www/backend_rmi/vendor/barryvdh/laravel-debugbar/src/Middleware/InjectDebugbar.php(66): Illuminate\\Pipeline\\Pipeline->Illuminate\\Pipeline\\{closure}(Object(Illuminate\\Http\\Request))
#73 /Users/aldyhelix/Projects/www/backend_rmi/vendor/laravel/framework/src/Illuminate/Pipeline/Pipeline.php(167): Barryvdh\\Debugbar\\Middleware\\InjectDebugbar->handle(Object(Illuminate\\Http\\Request), Object(Closure))
#74 /Users/aldyhelix/Projects/www/backend_rmi/app/Http/Middleware/CheckForInstallation.php(19): Illuminate\\Pipeline\\Pipeline->Illuminate\\Pipeline\\{closure}(Object(Illuminate\\Http\\Request))
#75 /Users/aldyhelix/Projects/www/backend_rmi/vendor/laravel/framework/src/Illuminate/Pipeline/Pipeline.php(167): App\\Http\\Middleware\\CheckForInstallation->handle(Object(Illuminate\\Http\\Request), Object(Closure))
#76 /Users/aldyhelix/Projects/www/backend_rmi/vendor/laravel/framework/src/Illuminate/Foundation/Http/Middleware/TransformsRequest.php(21): Illuminate\\Pipeline\\Pipeline->Illuminate\\Pipeline\\{closure}(Object(Illuminate\\Http\\Request))
#77 /Users/aldyhelix/Projects/www/backend_rmi/vendor/laravel/framework/src/Illuminate/Foundation/Http/Middleware/ConvertEmptyStringsToNull.php(31): Illuminate\\Foundation\\Http\\Middleware\\TransformsRequest->handle(Object(Illuminate\\Http\\Request), Object(Closure))
#78 /Users/aldyhelix/Projects/www/backend_rmi/vendor/laravel/framework/src/Illuminate/Pipeline/Pipeline.php(167): Illuminate\\Foundation\\Http\\Middleware\\ConvertEmptyStringsToNull->handle(Object(Illuminate\\Http\\Request), Object(Closure))
#79 /Users/aldyhelix/Projects/www/backend_rmi/vendor/laravel/framework/src/Illuminate/Foundation/Http/Middleware/TransformsRequest.php(21): Illuminate\\Pipeline\\Pipeline->Illuminate\\Pipeline\\{closure}(Object(Illuminate\\Http\\Request))
#80 /Users/aldyhelix/Projects/www/backend_rmi/vendor/laravel/framework/src/Illuminate/Foundation/Http/Middleware/TrimStrings.php(40): Illuminate\\Foundation\\Http\\Middleware\\TransformsRequest->handle(Object(Illuminate\\Http\\Request), Object(Closure))
#81 /Users/aldyhelix/Projects/www/backend_rmi/vendor/laravel/framework/src/Illuminate/Pipeline/Pipeline.php(167): Illuminate\\Foundation\\Http\\Middleware\\TrimStrings->handle(Object(Illuminate\\Http\\Request), Object(Closure))
#82 /Users/aldyhelix/Projects/www/backend_rmi/vendor/laravel/framework/src/Illuminate/Foundation/Http/Middleware/ValidatePostSize.php(27): Illuminate\\Pipeline\\Pipeline->Illuminate\\Pipeline\\{closure}(Object(Illuminate\\Http\\Request))
#83 /Users/aldyhelix/Projects/www/backend_rmi/vendor/laravel/framework/src/Illuminate/Pipeline/Pipeline.php(167): Illuminate\\Foundation\\Http\\Middleware\\ValidatePostSize->handle(Object(Illuminate\\Http\\Request), Object(Closure))
#84 /Users/aldyhelix/Projects/www/backend_rmi/vendor/laravel/framework/src/Illuminate/Foundation/Http/Middleware/PreventRequestsDuringMaintenance.php(86): Illuminate\\Pipeline\\Pipeline->Illuminate\\Pipeline\\{closure}(Object(Illuminate\\Http\\Request))
#85 /Users/aldyhelix/Projects/www/backend_rmi/vendor/laravel/framework/src/Illuminate/Pipeline/Pipeline.php(167): Illuminate\\Foundation\\Http\\Middleware\\PreventRequestsDuringMaintenance->handle(Object(Illuminate\\Http\\Request), Object(Closure))
#86 /Users/aldyhelix/Projects/www/backend_rmi/vendor/fruitcake/laravel-cors/src/HandleCors.php(38): Illuminate\\Pipeline\\Pipeline->Illuminate\\Pipeline\\{closure}(Object(Illuminate\\Http\\Request))
#87 /Users/aldyhelix/Projects/www/backend_rmi/vendor/laravel/framework/src/Illuminate/Pipeline/Pipeline.php(167): Fruitcake\\Cors\\HandleCors->handle(Object(Illuminate\\Http\\Request), Object(Closure))
#88 /Users/aldyhelix/Projects/www/backend_rmi/vendor/laravel/framework/src/Illuminate/Http/Middleware/TrustProxies.php(39): Illuminate\\Pipeline\\Pipeline->Illuminate\\Pipeline\\{closure}(Object(Illuminate\\Http\\Request))
#89 /Users/aldyhelix/Projects/www/backend_rmi/vendor/laravel/framework/src/Illuminate/Pipeline/Pipeline.php(167): Illuminate\\Http\\Middleware\\TrustProxies->handle(Object(Illuminate\\Http\\Request), Object(Closure))
#90 /Users/aldyhelix/Projects/www/backend_rmi/vendor/laravel/framework/src/Illuminate/Pipeline/Pipeline.php(103): Illuminate\\Pipeline\\Pipeline->Illuminate\\Pipeline\\{closure}(Object(Illuminate\\Http\\Request))
#91 /Users/aldyhelix/Projects/www/backend_rmi/vendor/laravel/framework/src/Illuminate/Foundation/Http/Kernel.php(142): Illuminate\\Pipeline\\Pipeline->then(Object(Closure))
#92 /Users/aldyhelix/Projects/www/backend_rmi/vendor/laravel/framework/src/Illuminate/Foundation/Http/Kernel.php(111): Illuminate\\Foundation\\Http\\Kernel->sendRequestThroughRouter(Object(Illuminate\\Http\\Request))
#93 /Users/aldyhelix/Projects/www/backend_rmi/public/index.php(58): Illuminate\\Foundation\\Http\\Kernel->handle(Object(Illuminate\\Http\\Request))
#94 /Applications/Herd.app/Contents/Resources/valet/server.php(153): require('/Users/aldyheli...')
#95 {main}

[previous exception] [object] (Illuminate\\Contracts\\Container\\BindingResolutionException(code: 0): Unresolvable dependency resolving [Parameter #0 [ <required> $chart_data ]] in class App\\View\\Components\\Chart at /Users/aldyhelix/Projects/www/backend_rmi/vendor/laravel/framework/src/Illuminate/Container/Container.php:1104)
[stacktrace]
#0 /Users/aldyhelix/Projects/www/backend_rmi/vendor/laravel/framework/src/Illuminate/Container/Container.php(1011): Illuminate\\Container\\Container->unresolvablePrimitive(Object(ReflectionParameter))
#1 /Users/aldyhelix/Projects/www/backend_rmi/vendor/laravel/framework/src/Illuminate/Container/Container.php(946): Illuminate\\Container\\Container->resolvePrimitive(Object(ReflectionParameter))
#2 /Users/aldyhelix/Projects/www/backend_rmi/vendor/laravel/framework/src/Illuminate/Container/Container.php(908): Illuminate\\Container\\Container->resolveDependencies(Array)
#3 /Users/aldyhelix/Projects/www/backend_rmi/vendor/laravel/framework/src/Illuminate/Container/Container.php(758): Illuminate\\Container\\Container->build('App\\\\View\\\\Compon...')
#4 /Users/aldyhelix/Projects/www/backend_rmi/vendor/laravel/framework/src/Illuminate/Foundation/Application.php(851): Illuminate\\Container\\Container->resolve('App\\\\View\\\\Compon...', Array, true)
#5 /Users/aldyhelix/Projects/www/backend_rmi/vendor/laravel/framework/src/Illuminate/Container/Container.php(694): Illuminate\\Foundation\\Application->resolve('App\\\\View\\\\Compon...', Array)
#6 /Users/aldyhelix/Projects/www/backend_rmi/vendor/laravel/framework/src/Illuminate/Foundation/Application.php(836): Illuminate\\Container\\Container->make('App\\\\View\\\\Compon...', Array)
#7 /Users/aldyhelix/Projects/www/backend_rmi/storage/framework/views/f4899b702c6a16f1c873549d32bc50b1e46a780c.php(468): Illuminate\\Foundation\\Application->make('App\\\\View\\\\Compon...', Array)
#8 /Users/aldyhelix/Projects/www/backend_rmi/vendor/livewire/livewire/src/ComponentConcerns/RendersLivewireComponents.php(83): include('/Users/aldyheli...')
#9 /Users/aldyhelix/Projects/www/backend_rmi/vendor/livewire/livewire/src/ComponentConcerns/RendersLivewireComponents.php(84): App\\Http\\Livewire\\Dashboard->Livewire\\ComponentConcerns\\{closure}()
#10 /Users/aldyhelix/Projects/www/backend_rmi/vendor/livewire/livewire/src/ComponentConcerns/RendersLivewireComponents.php(59): Livewire\\CompilerEngineForIgnition->evaluatePath('/Users/aldyheli...', Array)
#11 /Users/aldyhelix/Projects/www/backend_rmi/vendor/laravel/framework/src/Illuminate/View/View.php(139): Livewire\\CompilerEngineForIgnition->get('/Users/aldyheli...', Array)
#12 /Users/aldyhelix/Projects/www/backend_rmi/vendor/laravel/framework/src/Illuminate/View/View.php(122): Illuminate\\View\\View->getContents()
#13 /Users/aldyhelix/Projects/www/backend_rmi/vendor/laravel/framework/src/Illuminate/View/View.php(91): Illuminate\\View\\View->renderContents()
#14 /Users/aldyhelix/Projects/www/backend_rmi/vendor/livewire/livewire/src/Component.php(235): Illuminate\\View\\View->render()
#15 /Users/aldyhelix/Projects/www/backend_rmi/vendor/livewire/livewire/src/HydrationMiddleware/RenderView.php(14): Livewire\\Component->output()
#16 /Users/aldyhelix/Projects/www/backend_rmi/vendor/livewire/livewire/src/LifecycleManager.php(141): Livewire\\HydrationMiddleware\\RenderView::dehydrate(Object(App\\Http\\Livewire\\Dashboard), Object(Livewire\\Response))
#17 /Users/aldyhelix/Projects/www/backend_rmi/vendor/livewire/livewire/src/LivewireManager.php(132): Livewire\\LifecycleManager->initialDehydrate()
#18 /Users/aldyhelix/Projects/www/backend_rmi/vendor/laravel/framework/src/Illuminate/Support/Facades/Facade.php(261): Livewire\\LivewireManager->mount('dashboard', Array)
#19 /Users/aldyhelix/Projects/www/backend_rmi/storage/framework/views/7614a377bf597da1c7ed67416eae576b7feee755.php(13): Illuminate\\Support\\Facades\\Facade::__callStatic('mount', Array)
#20 /Users/aldyhelix/Projects/www/backend_rmi/vendor/laravel/framework/src/Illuminate/Filesystem/Filesystem.php(107): require('/Users/aldyheli...')
#21 /Users/aldyhelix/Projects/www/backend_rmi/vendor/laravel/framework/src/Illuminate/Filesystem/Filesystem.php(108): Illuminate\\Filesystem\\Filesystem::Illuminate\\Filesystem\\{closure}()
#22 /Users/aldyhelix/Projects/www/backend_rmi/vendor/laravel/framework/src/Illuminate/View/Engines/PhpEngine.php(58): Illuminate\\Filesystem\\Filesystem->getRequire('/Users/aldyheli...', Array)
#23 /Users/aldyhelix/Projects/www/backend_rmi/vendor/livewire/livewire/src/ComponentConcerns/RendersLivewireComponents.php(69): Illuminate\\View\\Engines\\PhpEngine->evaluatePath('/Users/aldyheli...', Array)
#24 /Users/aldyhelix/Projects/www/backend_rmi/vendor/laravel/framework/src/Illuminate/View/Engines/CompilerEngine.php(61): Livewire\\CompilerEngineForIgnition->evaluatePath('/Users/aldyheli...', Array)
#25 /Users/aldyhelix/Projects/www/backend_rmi/vendor/facade/ignition/src/Views/Engines/CompilerEngine.php(37): Illuminate\\View\\Engines\\CompilerEngine->get('/Users/aldyheli...', Array)
#26 /Users/aldyhelix/Projects/www/backend_rmi/vendor/livewire/livewire/src/ComponentConcerns/RendersLivewireComponents.php(35): Facade\\Ignition\\Views\\Engines\\CompilerEngine->get('/Users/aldyheli...', Array)
#27 /Users/aldyhelix/Projects/www/backend_rmi/vendor/laravel/framework/src/Illuminate/View/View.php(139): Livewire\\CompilerEngineForIgnition->get('/Users/aldyheli...', Array)
#28 /Users/aldyhelix/Projects/www/backend_rmi/vendor/laravel/framework/src/Illuminate/View/View.php(122): Illuminate\\View\\View->getContents()
#29 /Users/aldyhelix/Projects/www/backend_rmi/vendor/laravel/framework/src/Illuminate/View/View.php(91): Illuminate\\View\\View->renderContents()
#30 /Users/aldyhelix/Projects/www/backend_rmi/vendor/laravel/framework/src/Illuminate/Http/Response.php(69): Illuminate\\View\\View->render()
#31 /Users/aldyhelix/Projects/www/backend_rmi/vendor/laravel/framework/src/Illuminate/Http/Response.php(35): Illuminate\\Http\\Response->setContent(Object(Illuminate\\View\\View))
#32 /Users/aldyhelix/Projects/www/backend_rmi/vendor/laravel/framework/src/Illuminate/Routing/Router.php(820): Illuminate\\Http\\Response->__construct(Object(Illuminate\\View\\View), 200, Array)
#33 /Users/aldyhelix/Projects/www/backend_rmi/vendor/laravel/framework/src/Illuminate/Routing/Router.php(789): Illuminate\\Routing\\Router::toResponse(Object(Illuminate\\Http\\Request), Object(Illuminate\\View\\View))
#34 /Users/aldyhelix/Projects/www/backend_rmi/vendor/laravel/framework/src/Illuminate/Routing/Router.php(720): Illuminate\\Routing\\Router->prepareResponse(Object(Illuminate\\Http\\Request), Object(Illuminate\\View\\View))
#35 /Users/aldyhelix/Projects/www/backend_rmi/vendor/laravel/framework/src/Illuminate/Pipeline/Pipeline.php(128): Illuminate\\Routing\\Router->Illuminate\\Routing\\{closure}(Object(Illuminate\\Http\\Request))
#36 /Users/aldyhelix/Projects/www/backend_rmi/app/Http/Middleware/DashboardSetup.php(22): Illuminate\\Pipeline\\Pipeline->Illuminate\\Pipeline\\{closure}(Object(Illuminate\\Http\\Request))
#37 /Users/aldyhelix/Projects/www/backend_rmi/vendor/laravel/framework/src/Illuminate/Pipeline/Pipeline.php(167): App\\Http\\Middleware\\DashboardSetup->handle(Object(Illuminate\\Http\\Request), Object(Closure))
#38 /Users/aldyhelix/Projects/www/backend_rmi/app/Http/Middleware/CheckIfBillingInfoRequired.php(24): Illuminate\\Pipeline\\Pipeline->Illuminate\\Pipeline\\{closure}(Object(Illuminate\\Http\\Request))
#39 /Users/aldyhelix/Projects/www/backend_rmi/vendor/laravel/framework/src/Illuminate/Pipeline/Pipeline.php(167): App\\Http\\Middleware\\CheckIfBillingInfoRequired->handle(Object(Illuminate\\Http\\Request), Object(Closure))
#40 /Users/aldyhelix/Projects/www/backend_rmi/app/Http/Middleware/VerifyUserIsSubscribed.php(25): Illuminate\\Pipeline\\Pipeline->Illuminate\\Pipeline\\{closure}(Object(Illuminate\\Http\\Request))
#41 /Users/aldyhelix/Projects/www/backend_rmi/vendor/laravel/framework/src/Illuminate/Pipeline/Pipeline.php(167): App\\Http\\Middleware\\VerifyUserIsSubscribed->handle(Object(Illuminate\\Http\\Request), Object(Closure))
#42 /Users/aldyhelix/Projects/www/backend_rmi/app/Http/Middleware/CookieConsentMiddleware.php(21): Illuminate\\Pipeline\\Pipeline->Illuminate\\Pipeline\\{closure}(Object(Illuminate\\Http\\Request))
#43 /Users/aldyhelix/Projects/www/backend_rmi/vendor/laravel/framework/src/Illuminate/Pipeline/Pipeline.php(167): App\\Http\\Middleware\\CookieConsentMiddleware->handle(Object(Illuminate\\Http\\Request), Object(Closure))
#44 /Users/aldyhelix/Projects/www/backend_rmi/app/Http/Middleware/Language.php(64): Illuminate\\Pipeline\\Pipeline->Illuminate\\Pipeline\\{closure}(Object(Illuminate\\Http\\Request))
#45 /Users/aldyhelix/Projects/www/backend_rmi/vendor/laravel/framework/src/Illuminate/Pipeline/Pipeline.php(167): App\\Http\\Middleware\\Language->handle(Object(Illuminate\\Http\\Request), Object(Closure))
#46 /Users/aldyhelix/Projects/www/backend_rmi/app/Http/Middleware/InitSettings.php(8): Illuminate\\Pipeline\\Pipeline->Illuminate\\Pipeline\\{closure}(Object(Illuminate\\Http\\Request))
#47 /Users/aldyhelix/Projects/www/backend_rmi/vendor/laravel/framework/src/Illuminate/Pipeline/Pipeline.php(167): App\\Http\\Middleware\\InitSettings->handle(Object(Illuminate\\Http\\Request), Object(Closure))
#48 /Users/aldyhelix/Projects/www/backend_rmi/vendor/laravel/framework/src/Illuminate/Routing/Middleware/SubstituteBindings.php(50): Illuminate\\Pipeline\\Pipeline->Illuminate\\Pipeline\\{closure}(Object(Illuminate\\Http\\Request))
#49 /Users/aldyhelix/Projects/www/backend_rmi/vendor/laravel/framework/src/Illuminate/Pipeline/Pipeline.php(167): Illuminate\\Routing\\Middleware\\SubstituteBindings->handle(Object(Illuminate\\Http\\Request), Object(Closure))
#50 /Users/aldyhelix/Projects/www/backend_rmi/vendor/laravel/framework/src/Illuminate/Auth/Middleware/Authenticate.php(44): Illuminate\\Pipeline\\Pipeline->Illuminate\\Pipeline\\{closure}(Object(Illuminate\\Http\\Request))
#51 /Users/aldyhelix/Projects/www/backend_rmi/vendor/laravel/framework/src/Illuminate/Pipeline/Pipeline.php(167): Illuminate\\Auth\\Middleware\\Authenticate->handle(Object(Illuminate\\Http\\Request), Object(Closure))
#52 /Users/aldyhelix/Projects/www/backend_rmi/vendor/laravel/framework/src/Illuminate/Foundation/Http/Middleware/VerifyCsrfToken.php(78): Illuminate\\Pipeline\\Pipeline->Illuminate\\Pipeline\\{closure}(Object(Illuminate\\Http\\Request))
#53 /Users/aldyhelix/Projects/www/backend_rmi/vendor/laravel/framework/src/Illuminate/Pipeline/Pipeline.php(167): Illuminate\\Foundation\\Http\\Middleware\\VerifyCsrfToken->handle(Object(Illuminate\\Http\\Request), Object(Closure))
#54 /Users/aldyhelix/Projects/www/backend_rmi/vendor/laravel/framework/src/Illuminate/View/Middleware/ShareErrorsFromSession.php(49): Illuminate\\Pipeline\\Pipeline->Illuminate\\Pipeline\\{closure}(Object(Illuminate\\Http\\Request))
#55 /Users/aldyhelix/Projects/www/backend_rmi/vendor/laravel/framework/src/Illuminate/Pipeline/Pipeline.php(167): Illuminate\\View\\Middleware\\ShareErrorsFromSession->handle(Object(Illuminate\\Http\\Request), Object(Closure))
#56 /Users/aldyhelix/Projects/www/backend_rmi/vendor/laravel/framework/src/Illuminate/Session/Middleware/StartSession.php(121): Illuminate\\Pipeline\\Pipeline->Illuminate\\Pipeline\\{closure}(Object(Illuminate\\Http\\Request))
#57 /Users/aldyhelix/Projects/www/backend_rmi/vendor/laravel/framework/src/Illuminate/Session/Middleware/StartSession.php(64): Illuminate\\Session\\Middleware\\StartSession->handleStatefulRequest(Object(Illuminate\\Http\\Request), Object(Illuminate\\Session\\EncryptedStore), Object(Closure))
#58 /Users/aldyhelix/Projects/www/backend_rmi/vendor/laravel/framework/src/Illuminate/Pipeline/Pipeline.php(167): Illuminate\\Session\\Middleware\\StartSession->handle(Object(Illuminate\\Http\\Request), Object(Closure))
#59 /Users/aldyhelix/Projects/www/backend_rmi/vendor/laravel/framework/src/Illuminate/Cookie/Middleware/AddQueuedCookiesToResponse.php(37): Illuminate\\Pipeline\\Pipeline->Illuminate\\Pipeline\\{closure}(Object(Illuminate\\Http\\Request))
#60 /Users/aldyhelix/Projects/www/backend_rmi/vendor/laravel/framework/src/Illuminate/Pipeline/Pipeline.php(167): Illuminate\\Cookie\\Middleware\\AddQueuedCookiesToResponse->handle(Object(Illuminate\\Http\\Request), Object(Closure))
#61 /Users/aldyhelix/Projects/www/backend_rmi/vendor/laravel/framework/src/Illuminate/Cookie/Middleware/EncryptCookies.php(67): Illuminate\\Pipeline\\Pipeline->Illuminate\\Pipeline\\{closure}(Object(Illuminate\\Http\\Request))
#62 /Users/aldyhelix/Projects/www/backend_rmi/vendor/laravel/framework/src/Illuminate/Pipeline/Pipeline.php(167): Illuminate\\Cookie\\Middleware\\EncryptCookies->handle(Object(Illuminate\\Http\\Request), Object(Closure))
#63 /Users/aldyhelix/Projects/www/backend_rmi/vendor/laravel/framework/src/Illuminate/Pipeline/Pipeline.php(103): Illuminate\\Pipeline\\Pipeline->Illuminate\\Pipeline\\{closure}(Object(Illuminate\\Http\\Request))
#64 /Users/aldyhelix/Projects/www/backend_rmi/vendor/laravel/framework/src/Illuminate/Routing/Router.php(719): Illuminate\\Pipeline\\Pipeline->then(Object(Closure))
#65 /Users/aldyhelix/Projects/www/backend_rmi/vendor/laravel/framework/src/Illuminate/Routing/Router.php(698): Illuminate\\Routing\\Router->runRouteWithinStack(Object(Illuminate\\Routing\\Route), Object(Illuminate\\Http\\Request))
#66 /Users/aldyhelix/Projects/www/backend_rmi/vendor/laravel/framework/src/Illuminate/Routing/Router.php(662): Illuminate\\Routing\\Router->runRoute(Object(Illuminate\\Http\\Request), Object(Illuminate\\Routing\\Route))
#67 /Users/aldyhelix/Projects/www/backend_rmi/vendor/laravel/framework/src/Illuminate/Routing/Router.php(651): Illuminate\\Routing\\Router->dispatchToRoute(Object(Illuminate\\Http\\Request))
#68 /Users/aldyhelix/Projects/www/backend_rmi/vendor/laravel/framework/src/Illuminate/Foundation/Http/Kernel.php(167): Illuminate\\Routing\\Router->dispatch(Object(Illuminate\\Http\\Request))
#69 /Users/aldyhelix/Projects/www/backend_rmi/vendor/laravel/framework/src/Illuminate/Pipeline/Pipeline.php(128): Illuminate\\Foundation\\Http\\Kernel->Illuminate\\Foundation\\Http\\{closure}(Object(Illuminate\\Http\\Request))
#70 /Users/aldyhelix/Projects/www/backend_rmi/vendor/livewire/livewire/src/DisableBrowserCache.php(19): Illuminate\\Pipeline\\Pipeline->Illuminate\\Pipeline\\{closure}(Object(Illuminate\\Http\\Request))
#71 /Users/aldyhelix/Projects/www/backend_rmi/vendor/laravel/framework/src/Illuminate/Pipeline/Pipeline.php(167): Livewire\\DisableBrowserCache->handle(Object(Illuminate\\Http\\Request), Object(Closure))
#72 /Users/aldyhelix/Projects/www/backend_rmi/vendor/barryvdh/laravel-debugbar/src/Middleware/InjectDebugbar.php(66): Illuminate\\Pipeline\\Pipeline->Illuminate\\Pipeline\\{closure}(Object(Illuminate\\Http\\Request))
#73 /Users/aldyhelix/Projects/www/backend_rmi/vendor/laravel/framework/src/Illuminate/Pipeline/Pipeline.php(167): Barryvdh\\Debugbar\\Middleware\\InjectDebugbar->handle(Object(Illuminate\\Http\\Request), Object(Closure))
#74 /Users/aldyhelix/Projects/www/backend_rmi/app/Http/Middleware/CheckForInstallation.php(19): Illuminate\\Pipeline\\Pipeline->Illuminate\\Pipeline\\{closure}(Object(Illuminate\\Http\\Request))
#75 /Users/aldyhelix/Projects/www/backend_rmi/vendor/laravel/framework/src/Illuminate/Pipeline/Pipeline.php(167): App\\Http\\Middleware\\CheckForInstallation->handle(Object(Illuminate\\Http\\Request), Object(Closure))
#76 /Users/aldyhelix/Projects/www/backend_rmi/vendor/laravel/framework/src/Illuminate/Foundation/Http/Middleware/TransformsRequest.php(21): Illuminate\\Pipeline\\Pipeline->Illuminate\\Pipeline\\{closure}(Object(Illuminate\\Http\\Request))
#77 /Users/aldyhelix/Projects/www/backend_rmi/vendor/laravel/framework/src/Illuminate/Foundation/Http/Middleware/ConvertEmptyStringsToNull.php(31): Illuminate\\Foundation\\Http\\Middleware\\TransformsRequest->handle(Object(Illuminate\\Http\\Request), Object(Closure))
#78 /Users/aldyhelix/Projects/www/backend_rmi/vendor/laravel/framework/src/Illuminate/Pipeline/Pipeline.php(167): Illuminate\\Foundation\\Http\\Middleware\\ConvertEmptyStringsToNull->handle(Object(Illuminate\\Http\\Request), Object(Closure))
#79 /Users/aldyhelix/Projects/www/backend_rmi/vendor/laravel/framework/src/Illuminate/Foundation/Http/Middleware/TransformsRequest.php(21): Illuminate\\Pipeline\\Pipeline->Illuminate\\Pipeline\\{closure}(Object(Illuminate\\Http\\Request))
#80 /Users/aldyhelix/Projects/www/backend_rmi/vendor/laravel/framework/src/Illuminate/Foundation/Http/Middleware/TrimStrings.php(40): Illuminate\\Foundation\\Http\\Middleware\\TransformsRequest->handle(Object(Illuminate\\Http\\Request), Object(Closure))
#81 /Users/aldyhelix/Projects/www/backend_rmi/vendor/laravel/framework/src/Illuminate/Pipeline/Pipeline.php(167): Illuminate\\Foundation\\Http\\Middleware\\TrimStrings->handle(Object(Illuminate\\Http\\Request), Object(Closure))
#82 /Users/aldyhelix/Projects/www/backend_rmi/vendor/laravel/framework/src/Illuminate/Foundation/Http/Middleware/ValidatePostSize.php(27): Illuminate\\Pipeline\\Pipeline->Illuminate\\Pipeline\\{closure}(Object(Illuminate\\Http\\Request))
#83 /Users/aldyhelix/Projects/www/backend_rmi/vendor/laravel/framework/src/Illuminate/Pipeline/Pipeline.php(167): Illuminate\\Foundation\\Http\\Middleware\\ValidatePostSize->handle(Object(Illuminate\\Http\\Request), Object(Closure))
#84 /Users/aldyhelix/Projects/www/backend_rmi/vendor/laravel/framework/src/Illuminate/Foundation/Http/Middleware/PreventRequestsDuringMaintenance.php(86): Illuminate\\Pipeline\\Pipeline->Illuminate\\Pipeline\\{closure}(Object(Illuminate\\Http\\Request))
#85 /Users/aldyhelix/Projects/www/backend_rmi/vendor/laravel/framework/src/Illuminate/Pipeline/Pipeline.php(167): Illuminate\\Foundation\\Http\\Middleware\\PreventRequestsDuringMaintenance->handle(Object(Illuminate\\Http\\Request), Object(Closure))
#86 /Users/aldyhelix/Projects/www/backend_rmi/vendor/fruitcake/laravel-cors/src/HandleCors.php(38): Illuminate\\Pipeline\\Pipeline->Illuminate\\Pipeline\\{closure}(Object(Illuminate\\Http\\Request))
#87 /Users/aldyhelix/Projects/www/backend_rmi/vendor/laravel/framework/src/Illuminate/Pipeline/Pipeline.php(167): Fruitcake\\Cors\\HandleCors->handle(Object(Illuminate\\Http\\Request), Object(Closure))
#88 /Users/aldyhelix/Projects/www/backend_rmi/vendor/laravel/framework/src/Illuminate/Http/Middleware/TrustProxies.php(39): Illuminate\\Pipeline\\Pipeline->Illuminate\\Pipeline\\{closure}(Object(Illuminate\\Http\\Request))
#89 /Users/aldyhelix/Projects/www/backend_rmi/vendor/laravel/framework/src/Illuminate/Pipeline/Pipeline.php(167): Illuminate\\Http\\Middleware\\TrustProxies->handle(Object(Illuminate\\Http\\Request), Object(Closure))
#90 /Users/aldyhelix/Projects/www/backend_rmi/vendor/laravel/framework/src/Illuminate/Pipeline/Pipeline.php(103): Illuminate\\Pipeline\\Pipeline->Illuminate\\Pipeline\\{closure}(Object(Illuminate\\Http\\Request))
#91 /Users/aldyhelix/Projects/www/backend_rmi/vendor/laravel/framework/src/Illuminate/Foundation/Http/Kernel.php(142): Illuminate\\Pipeline\\Pipeline->then(Object(Closure))
#92 /Users/aldyhelix/Projects/www/backend_rmi/vendor/laravel/framework/src/Illuminate/Foundation/Http/Kernel.php(111): Illuminate\\Foundation\\Http\\Kernel->sendRequestThroughRouter(Object(Illuminate\\Http\\Request))
#93 /Users/aldyhelix/Projects/www/backend_rmi/public/index.php(58): Illuminate\\Foundation\\Http\\Kernel->handle(Object(Illuminate\\Http\\Request))
#94 /Applications/Herd.app/Contents/Resources/valet/server.php(153): require('/Users/aldyheli...')
#95 {main}
"} 
[2024-06-09 17:32:49] production.ERROR: Undefined variable $chart_data (View: /Users/aldyhelix/Projects/www/backend_rmi/resources/views/components/chart.blade.php) {"view":{"view":"/Users/aldyhelix/Projects/www/backend_rmi/storage/framework/views/3f1c0ad4503c21dfc054652aeb1d714409c74eb5.php","data":[]},"userId":1,"exception":"[object] (Facade\\Ignition\\Exceptions\\ViewException(code: 0): Undefined variable $chart_data (View: /Users/aldyhelix/Projects/www/backend_rmi/resources/views/components/chart.blade.php) at /Users/aldyhelix/Projects/www/backend_rmi/storage/framework/views/3f1c0ad4503c21dfc054652aeb1d714409c74eb5.php:17)
[stacktrace]
#0 /Users/aldyhelix/Projects/www/backend_rmi/storage/framework/views/3f1c0ad4503c21dfc054652aeb1d714409c74eb5.php(17): Illuminate\\Foundation\\Bootstrap\\HandleExceptions->handleError(2, 'Undefined varia...', '/Users/aldyheli...', 17)
#1 /Users/aldyhelix/Projects/www/backend_rmi/vendor/livewire/livewire/src/ComponentConcerns/RendersLivewireComponents.php(83): include('/Users/aldyheli...')
#2 /Users/aldyhelix/Projects/www/backend_rmi/vendor/livewire/livewire/src/ComponentConcerns/RendersLivewireComponents.php(84): App\\Http\\Livewire\\Dashboard->Livewire\\ComponentConcerns\\{closure}()
#3 /Users/aldyhelix/Projects/www/backend_rmi/vendor/livewire/livewire/src/ComponentConcerns/RendersLivewireComponents.php(59): Livewire\\CompilerEngineForIgnition->evaluatePath('/Users/aldyheli...', Array)
#4 /Users/aldyhelix/Projects/www/backend_rmi/vendor/laravel/framework/src/Illuminate/View/View.php(139): Livewire\\CompilerEngineForIgnition->get('/Users/aldyheli...', Array)
#5 /Users/aldyhelix/Projects/www/backend_rmi/vendor/laravel/framework/src/Illuminate/View/View.php(122): Illuminate\\View\\View->getContents()
#6 /Users/aldyhelix/Projects/www/backend_rmi/vendor/laravel/framework/src/Illuminate/View/View.php(91): Illuminate\\View\\View->renderContents()
#7 /Users/aldyhelix/Projects/www/backend_rmi/vendor/laravel/framework/src/Illuminate/View/Concerns/ManagesComponents.php(100): Illuminate\\View\\View->render()
#8 /Users/aldyhelix/Projects/www/backend_rmi/storage/framework/views/f4899b702c6a16f1c873549d32bc50b1e46a780c.php(483): Illuminate\\View\\Factory->renderComponent()
#9 /Users/aldyhelix/Projects/www/backend_rmi/vendor/livewire/livewire/src/ComponentConcerns/RendersLivewireComponents.php(83): include('/Users/aldyheli...')
#10 /Users/aldyhelix/Projects/www/backend_rmi/vendor/livewire/livewire/src/ComponentConcerns/RendersLivewireComponents.php(84): App\\Http\\Livewire\\Dashboard->Livewire\\ComponentConcerns\\{closure}()
#11 /Users/aldyhelix/Projects/www/backend_rmi/vendor/livewire/livewire/src/ComponentConcerns/RendersLivewireComponents.php(59): Livewire\\CompilerEngineForIgnition->evaluatePath('/Users/aldyheli...', Array)
#12 /Users/aldyhelix/Projects/www/backend_rmi/vendor/laravel/framework/src/Illuminate/View/View.php(139): Livewire\\CompilerEngineForIgnition->get('/Users/aldyheli...', Array)
#13 /Users/aldyhelix/Projects/www/backend_rmi/vendor/laravel/framework/src/Illuminate/View/View.php(122): Illuminate\\View\\View->getContents()
#14 /Users/aldyhelix/Projects/www/backend_rmi/vendor/laravel/framework/src/Illuminate/View/View.php(91): Illuminate\\View\\View->renderContents()
#15 /Users/aldyhelix/Projects/www/backend_rmi/vendor/livewire/livewire/src/Component.php(235): Illuminate\\View\\View->render()
#16 /Users/aldyhelix/Projects/www/backend_rmi/vendor/livewire/livewire/src/HydrationMiddleware/RenderView.php(14): Livewire\\Component->output()
#17 /Users/aldyhelix/Projects/www/backend_rmi/vendor/livewire/livewire/src/LifecycleManager.php(141): Livewire\\HydrationMiddleware\\RenderView::dehydrate(Object(App\\Http\\Livewire\\Dashboard), Object(Livewire\\Response))
#18 /Users/aldyhelix/Projects/www/backend_rmi/vendor/livewire/livewire/src/LivewireManager.php(132): Livewire\\LifecycleManager->initialDehydrate()
#19 /Users/aldyhelix/Projects/www/backend_rmi/vendor/laravel/framework/src/Illuminate/Support/Facades/Facade.php(261): Livewire\\LivewireManager->mount('dashboard', Array)
#20 /Users/aldyhelix/Projects/www/backend_rmi/resources/views/admin/dashboard/platform.blade.php(13): Illuminate\\Support\\Facades\\Facade::__callStatic('mount', Array)
#21 /Users/aldyhelix/Projects/www/backend_rmi/vendor/laravel/framework/src/Illuminate/Filesystem/Filesystem.php(107): require('/Users/aldyheli...')
#22 /Users/aldyhelix/Projects/www/backend_rmi/vendor/laravel/framework/src/Illuminate/Filesystem/Filesystem.php(108): Illuminate\\Filesystem\\Filesystem::Illuminate\\Filesystem\\{closure}()
#23 /Users/aldyhelix/Projects/www/backend_rmi/vendor/laravel/framework/src/Illuminate/View/Engines/PhpEngine.php(58): Illuminate\\Filesystem\\Filesystem->getRequire('/Users/aldyheli...', Array)
#24 /Users/aldyhelix/Projects/www/backend_rmi/vendor/livewire/livewire/src/ComponentConcerns/RendersLivewireComponents.php(69): Illuminate\\View\\Engines\\PhpEngine->evaluatePath('/Users/aldyheli...', Array)
#25 /Users/aldyhelix/Projects/www/backend_rmi/vendor/laravel/framework/src/Illuminate/View/Engines/CompilerEngine.php(61): Livewire\\CompilerEngineForIgnition->evaluatePath('/Users/aldyheli...', Array)
#26 /Users/aldyhelix/Projects/www/backend_rmi/vendor/facade/ignition/src/Views/Engines/CompilerEngine.php(37): Illuminate\\View\\Engines\\CompilerEngine->get('/Users/aldyheli...', Array)
#27 /Users/aldyhelix/Projects/www/backend_rmi/vendor/livewire/livewire/src/ComponentConcerns/RendersLivewireComponents.php(35): Facade\\Ignition\\Views\\Engines\\CompilerEngine->get('/Users/aldyheli...', Array)
#28 /Users/aldyhelix/Projects/www/backend_rmi/vendor/laravel/framework/src/Illuminate/View/View.php(139): Livewire\\CompilerEngineForIgnition->get('/Users/aldyheli...', Array)
#29 /Users/aldyhelix/Projects/www/backend_rmi/vendor/laravel/framework/src/Illuminate/View/View.php(122): Illuminate\\View\\View->getContents()
#30 /Users/aldyhelix/Projects/www/backend_rmi/vendor/laravel/framework/src/Illuminate/View/View.php(91): Illuminate\\View\\View->renderContents()
#31 /Users/aldyhelix/Projects/www/backend_rmi/vendor/laravel/framework/src/Illuminate/Http/Response.php(69): Illuminate\\View\\View->render()
#32 /Users/aldyhelix/Projects/www/backend_rmi/vendor/laravel/framework/src/Illuminate/Http/Response.php(35): Illuminate\\Http\\Response->setContent(Object(Illuminate\\View\\View))
#33 /Users/aldyhelix/Projects/www/backend_rmi/vendor/laravel/framework/src/Illuminate/Routing/Router.php(820): Illuminate\\Http\\Response->__construct(Object(Illuminate\\View\\View), 200, Array)
#34 /Users/aldyhelix/Projects/www/backend_rmi/vendor/laravel/framework/src/Illuminate/Routing/Router.php(789): Illuminate\\Routing\\Router::toResponse(Object(Illuminate\\Http\\Request), Object(Illuminate\\View\\View))
#35 /Users/aldyhelix/Projects/www/backend_rmi/vendor/laravel/framework/src/Illuminate/Routing/Router.php(720): Illuminate\\Routing\\Router->prepareResponse(Object(Illuminate\\Http\\Request), Object(Illuminate\\View\\View))
#36 /Users/aldyhelix/Projects/www/backend_rmi/vendor/laravel/framework/src/Illuminate/Pipeline/Pipeline.php(128): Illuminate\\Routing\\Router->Illuminate\\Routing\\{closure}(Object(Illuminate\\Http\\Request))
#37 /Users/aldyhelix/Projects/www/backend_rmi/app/Http/Middleware/DashboardSetup.php(22): Illuminate\\Pipeline\\Pipeline->Illuminate\\Pipeline\\{closure}(Object(Illuminate\\Http\\Request))
#38 /Users/aldyhelix/Projects/www/backend_rmi/vendor/laravel/framework/src/Illuminate/Pipeline/Pipeline.php(167): App\\Http\\Middleware\\DashboardSetup->handle(Object(Illuminate\\Http\\Request), Object(Closure))
#39 /Users/aldyhelix/Projects/www/backend_rmi/app/Http/Middleware/CheckIfBillingInfoRequired.php(24): Illuminate\\Pipeline\\Pipeline->Illuminate\\Pipeline\\{closure}(Object(Illuminate\\Http\\Request))
#40 /Users/aldyhelix/Projects/www/backend_rmi/vendor/laravel/framework/src/Illuminate/Pipeline/Pipeline.php(167): App\\Http\\Middleware\\CheckIfBillingInfoRequired->handle(Object(Illuminate\\Http\\Request), Object(Closure))
#41 /Users/aldyhelix/Projects/www/backend_rmi/app/Http/Middleware/VerifyUserIsSubscribed.php(25): Illuminate\\Pipeline\\Pipeline->Illuminate\\Pipeline\\{closure}(Object(Illuminate\\Http\\Request))
#42 /Users/aldyhelix/Projects/www/backend_rmi/vendor/laravel/framework/src/Illuminate/Pipeline/Pipeline.php(167): App\\Http\\Middleware\\VerifyUserIsSubscribed->handle(Object(Illuminate\\Http\\Request), Object(Closure))
#43 /Users/aldyhelix/Projects/www/backend_rmi/app/Http/Middleware/CookieConsentMiddleware.php(21): Illuminate\\Pipeline\\Pipeline->Illuminate\\Pipeline\\{closure}(Object(Illuminate\\Http\\Request))
#44 /Users/aldyhelix/Projects/www/backend_rmi/vendor/laravel/framework/src/Illuminate/Pipeline/Pipeline.php(167): App\\Http\\Middleware\\CookieConsentMiddleware->handle(Object(Illuminate\\Http\\Request), Object(Closure))
#45 /Users/aldyhelix/Projects/www/backend_rmi/app/Http/Middleware/Language.php(64): Illuminate\\Pipeline\\Pipeline->Illuminate\\Pipeline\\{closure}(Object(Illuminate\\Http\\Request))
#46 /Users/aldyhelix/Projects/www/backend_rmi/vendor/laravel/framework/src/Illuminate/Pipeline/Pipeline.php(167): App\\Http\\Middleware\\Language->handle(Object(Illuminate\\Http\\Request), Object(Closure))
#47 /Users/aldyhelix/Projects/www/backend_rmi/app/Http/Middleware/InitSettings.php(8): Illuminate\\Pipeline\\Pipeline->Illuminate\\Pipeline\\{closure}(Object(Illuminate\\Http\\Request))
#48 /Users/aldyhelix/Projects/www/backend_rmi/vendor/laravel/framework/src/Illuminate/Pipeline/Pipeline.php(167): App\\Http\\Middleware\\InitSettings->handle(Object(Illuminate\\Http\\Request), Object(Closure))
#49 /Users/aldyhelix/Projects/www/backend_rmi/vendor/laravel/framework/src/Illuminate/Routing/Middleware/SubstituteBindings.php(50): Illuminate\\Pipeline\\Pipeline->Illuminate\\Pipeline\\{closure}(Object(Illuminate\\Http\\Request))
#50 /Users/aldyhelix/Projects/www/backend_rmi/vendor/laravel/framework/src/Illuminate/Pipeline/Pipeline.php(167): Illuminate\\Routing\\Middleware\\SubstituteBindings->handle(Object(Illuminate\\Http\\Request), Object(Closure))
#51 /Users/aldyhelix/Projects/www/backend_rmi/vendor/laravel/framework/src/Illuminate/Auth/Middleware/Authenticate.php(44): Illuminate\\Pipeline\\Pipeline->Illuminate\\Pipeline\\{closure}(Object(Illuminate\\Http\\Request))
#52 /Users/aldyhelix/Projects/www/backend_rmi/vendor/laravel/framework/src/Illuminate/Pipeline/Pipeline.php(167): Illuminate\\Auth\\Middleware\\Authenticate->handle(Object(Illuminate\\Http\\Request), Object(Closure))
#53 /Users/aldyhelix/Projects/www/backend_rmi/vendor/laravel/framework/src/Illuminate/Foundation/Http/Middleware/VerifyCsrfToken.php(78): Illuminate\\Pipeline\\Pipeline->Illuminate\\Pipeline\\{closure}(Object(Illuminate\\Http\\Request))
#54 /Users/aldyhelix/Projects/www/backend_rmi/vendor/laravel/framework/src/Illuminate/Pipeline/Pipeline.php(167): Illuminate\\Foundation\\Http\\Middleware\\VerifyCsrfToken->handle(Object(Illuminate\\Http\\Request), Object(Closure))
#55 /Users/aldyhelix/Projects/www/backend_rmi/vendor/laravel/framework/src/Illuminate/View/Middleware/ShareErrorsFromSession.php(49): Illuminate\\Pipeline\\Pipeline->Illuminate\\Pipeline\\{closure}(Object(Illuminate\\Http\\Request))
#56 /Users/aldyhelix/Projects/www/backend_rmi/vendor/laravel/framework/src/Illuminate/Pipeline/Pipeline.php(167): Illuminate\\View\\Middleware\\ShareErrorsFromSession->handle(Object(Illuminate\\Http\\Request), Object(Closure))
#57 /Users/aldyhelix/Projects/www/backend_rmi/vendor/laravel/framework/src/Illuminate/Session/Middleware/StartSession.php(121): Illuminate\\Pipeline\\Pipeline->Illuminate\\Pipeline\\{closure}(Object(Illuminate\\Http\\Request))
#58 /Users/aldyhelix/Projects/www/backend_rmi/vendor/laravel/framework/src/Illuminate/Session/Middleware/StartSession.php(64): Illuminate\\Session\\Middleware\\StartSession->handleStatefulRequest(Object(Illuminate\\Http\\Request), Object(Illuminate\\Session\\EncryptedStore), Object(Closure))
#59 /Users/aldyhelix/Projects/www/backend_rmi/vendor/laravel/framework/src/Illuminate/Pipeline/Pipeline.php(167): Illuminate\\Session\\Middleware\\StartSession->handle(Object(Illuminate\\Http\\Request), Object(Closure))
#60 /Users/aldyhelix/Projects/www/backend_rmi/vendor/laravel/framework/src/Illuminate/Cookie/Middleware/AddQueuedCookiesToResponse.php(37): Illuminate\\Pipeline\\Pipeline->Illuminate\\Pipeline\\{closure}(Object(Illuminate\\Http\\Request))
#61 /Users/aldyhelix/Projects/www/backend_rmi/vendor/laravel/framework/src/Illuminate/Pipeline/Pipeline.php(167): Illuminate\\Cookie\\Middleware\\AddQueuedCookiesToResponse->handle(Object(Illuminate\\Http\\Request), Object(Closure))
#62 /Users/aldyhelix/Projects/www/backend_rmi/vendor/laravel/framework/src/Illuminate/Cookie/Middleware/EncryptCookies.php(67): Illuminate\\Pipeline\\Pipeline->Illuminate\\Pipeline\\{closure}(Object(Illuminate\\Http\\Request))
#63 /Users/aldyhelix/Projects/www/backend_rmi/vendor/laravel/framework/src/Illuminate/Pipeline/Pipeline.php(167): Illuminate\\Cookie\\Middleware\\EncryptCookies->handle(Object(Illuminate\\Http\\Request), Object(Closure))
#64 /Users/aldyhelix/Projects/www/backend_rmi/vendor/laravel/framework/src/Illuminate/Pipeline/Pipeline.php(103): Illuminate\\Pipeline\\Pipeline->Illuminate\\Pipeline\\{closure}(Object(Illuminate\\Http\\Request))
#65 /Users/aldyhelix/Projects/www/backend_rmi/vendor/laravel/framework/src/Illuminate/Routing/Router.php(719): Illuminate\\Pipeline\\Pipeline->then(Object(Closure))
#66 /Users/aldyhelix/Projects/www/backend_rmi/vendor/laravel/framework/src/Illuminate/Routing/Router.php(698): Illuminate\\Routing\\Router->runRouteWithinStack(Object(Illuminate\\Routing\\Route), Object(Illuminate\\Http\\Request))
#67 /Users/aldyhelix/Projects/www/backend_rmi/vendor/laravel/framework/src/Illuminate/Routing/Router.php(662): Illuminate\\Routing\\Router->runRoute(Object(Illuminate\\Http\\Request), Object(Illuminate\\Routing\\Route))
#68 /Users/aldyhelix/Projects/www/backend_rmi/vendor/laravel/framework/src/Illuminate/Routing/Router.php(651): Illuminate\\Routing\\Router->dispatchToRoute(Object(Illuminate\\Http\\Request))
#69 /Users/aldyhelix/Projects/www/backend_rmi/vendor/laravel/framework/src/Illuminate/Foundation/Http/Kernel.php(167): Illuminate\\Routing\\Router->dispatch(Object(Illuminate\\Http\\Request))
#70 /Users/aldyhelix/Projects/www/backend_rmi/vendor/laravel/framework/src/Illuminate/Pipeline/Pipeline.php(128): Illuminate\\Foundation\\Http\\Kernel->Illuminate\\Foundation\\Http\\{closure}(Object(Illuminate\\Http\\Request))
#71 /Users/aldyhelix/Projects/www/backend_rmi/vendor/livewire/livewire/src/DisableBrowserCache.php(19): Illuminate\\Pipeline\\Pipeline->Illuminate\\Pipeline\\{closure}(Object(Illuminate\\Http\\Request))
#72 /Users/aldyhelix/Projects/www/backend_rmi/vendor/laravel/framework/src/Illuminate/Pipeline/Pipeline.php(167): Livewire\\DisableBrowserCache->handle(Object(Illuminate\\Http\\Request), Object(Closure))
#73 /Users/aldyhelix/Projects/www/backend_rmi/vendor/barryvdh/laravel-debugbar/src/Middleware/InjectDebugbar.php(66): Illuminate\\Pipeline\\Pipeline->Illuminate\\Pipeline\\{closure}(Object(Illuminate\\Http\\Request))
#74 /Users/aldyhelix/Projects/www/backend_rmi/vendor/laravel/framework/src/Illuminate/Pipeline/Pipeline.php(167): Barryvdh\\Debugbar\\Middleware\\InjectDebugbar->handle(Object(Illuminate\\Http\\Request), Object(Closure))
#75 /Users/aldyhelix/Projects/www/backend_rmi/app/Http/Middleware/CheckForInstallation.php(19): Illuminate\\Pipeline\\Pipeline->Illuminate\\Pipeline\\{closure}(Object(Illuminate\\Http\\Request))
#76 /Users/aldyhelix/Projects/www/backend_rmi/vendor/laravel/framework/src/Illuminate/Pipeline/Pipeline.php(167): App\\Http\\Middleware\\CheckForInstallation->handle(Object(Illuminate\\Http\\Request), Object(Closure))
#77 /Users/aldyhelix/Projects/www/backend_rmi/vendor/laravel/framework/src/Illuminate/Foundation/Http/Middleware/TransformsRequest.php(21): Illuminate\\Pipeline\\Pipeline->Illuminate\\Pipeline\\{closure}(Object(Illuminate\\Http\\Request))
#78 /Users/aldyhelix/Projects/www/backend_rmi/vendor/laravel/framework/src/Illuminate/Foundation/Http/Middleware/ConvertEmptyStringsToNull.php(31): Illuminate\\Foundation\\Http\\Middleware\\TransformsRequest->handle(Object(Illuminate\\Http\\Request), Object(Closure))
#79 /Users/aldyhelix/Projects/www/backend_rmi/vendor/laravel/framework/src/Illuminate/Pipeline/Pipeline.php(167): Illuminate\\Foundation\\Http\\Middleware\\ConvertEmptyStringsToNull->handle(Object(Illuminate\\Http\\Request), Object(Closure))
#80 /Users/aldyhelix/Projects/www/backend_rmi/vendor/laravel/framework/src/Illuminate/Foundation/Http/Middleware/TransformsRequest.php(21): Illuminate\\Pipeline\\Pipeline->Illuminate\\Pipeline\\{closure}(Object(Illuminate\\Http\\Request))
#81 /Users/aldyhelix/Projects/www/backend_rmi/vendor/laravel/framework/src/Illuminate/Foundation/Http/Middleware/TrimStrings.php(40): Illuminate\\Foundation\\Http\\Middleware\\TransformsRequest->handle(Object(Illuminate\\Http\\Request), Object(Closure))
#82 /Users/aldyhelix/Projects/www/backend_rmi/vendor/laravel/framework/src/Illuminate/Pipeline/Pipeline.php(167): Illuminate\\Foundation\\Http\\Middleware\\TrimStrings->handle(Object(Illuminate\\Http\\Request), Object(Closure))
#83 /Users/aldyhelix/Projects/www/backend_rmi/vendor/laravel/framework/src/Illuminate/Foundation/Http/Middleware/ValidatePostSize.php(27): Illuminate\\Pipeline\\Pipeline->Illuminate\\Pipeline\\{closure}(Object(Illuminate\\Http\\Request))
#84 /Users/aldyhelix/Projects/www/backend_rmi/vendor/laravel/framework/src/Illuminate/Pipeline/Pipeline.php(167): Illuminate\\Foundation\\Http\\Middleware\\ValidatePostSize->handle(Object(Illuminate\\Http\\Request), Object(Closure))
#85 /Users/aldyhelix/Projects/www/backend_rmi/vendor/laravel/framework/src/Illuminate/Foundation/Http/Middleware/PreventRequestsDuringMaintenance.php(86): Illuminate\\Pipeline\\Pipeline->Illuminate\\Pipeline\\{closure}(Object(Illuminate\\Http\\Request))
#86 /Users/aldyhelix/Projects/www/backend_rmi/vendor/laravel/framework/src/Illuminate/Pipeline/Pipeline.php(167): Illuminate\\Foundation\\Http\\Middleware\\PreventRequestsDuringMaintenance->handle(Object(Illuminate\\Http\\Request), Object(Closure))
#87 /Users/aldyhelix/Projects/www/backend_rmi/vendor/fruitcake/laravel-cors/src/HandleCors.php(38): Illuminate\\Pipeline\\Pipeline->Illuminate\\Pipeline\\{closure}(Object(Illuminate\\Http\\Request))
#88 /Users/aldyhelix/Projects/www/backend_rmi/vendor/laravel/framework/src/Illuminate/Pipeline/Pipeline.php(167): Fruitcake\\Cors\\HandleCors->handle(Object(Illuminate\\Http\\Request), Object(Closure))
#89 /Users/aldyhelix/Projects/www/backend_rmi/vendor/laravel/framework/src/Illuminate/Http/Middleware/TrustProxies.php(39): Illuminate\\Pipeline\\Pipeline->Illuminate\\Pipeline\\{closure}(Object(Illuminate\\Http\\Request))
#90 /Users/aldyhelix/Projects/www/backend_rmi/vendor/laravel/framework/src/Illuminate/Pipeline/Pipeline.php(167): Illuminate\\Http\\Middleware\\TrustProxies->handle(Object(Illuminate\\Http\\Request), Object(Closure))
#91 /Users/aldyhelix/Projects/www/backend_rmi/vendor/laravel/framework/src/Illuminate/Pipeline/Pipeline.php(103): Illuminate\\Pipeline\\Pipeline->Illuminate\\Pipeline\\{closure}(Object(Illuminate\\Http\\Request))
#92 /Users/aldyhelix/Projects/www/backend_rmi/vendor/laravel/framework/src/Illuminate/Foundation/Http/Kernel.php(142): Illuminate\\Pipeline\\Pipeline->then(Object(Closure))
#93 /Users/aldyhelix/Projects/www/backend_rmi/vendor/laravel/framework/src/Illuminate/Foundation/Http/Kernel.php(111): Illuminate\\Foundation\\Http\\Kernel->sendRequestThroughRouter(Object(Illuminate\\Http\\Request))
#94 /Users/aldyhelix/Projects/www/backend_rmi/public/index.php(58): Illuminate\\Foundation\\Http\\Kernel->handle(Object(Illuminate\\Http\\Request))
#95 /Applications/Herd.app/Contents/Resources/valet/server.php(153): require('/Users/aldyheli...')
#96 {main}

[previous exception] [object] (ErrorException(code: 0): Undefined variable $chart_data at /Users/aldyhelix/Projects/www/backend_rmi/storage/framework/views/3f1c0ad4503c21dfc054652aeb1d714409c74eb5.php:17)
[stacktrace]
#0 /Users/aldyhelix/Projects/www/backend_rmi/storage/framework/views/3f1c0ad4503c21dfc054652aeb1d714409c74eb5.php(17): Illuminate\\Foundation\\Bootstrap\\HandleExceptions->handleError(2, 'Undefined varia...', '/Users/aldyheli...', 17)
#1 /Users/aldyhelix/Projects/www/backend_rmi/vendor/livewire/livewire/src/ComponentConcerns/RendersLivewireComponents.php(83): include('/Users/aldyheli...')
#2 /Users/aldyhelix/Projects/www/backend_rmi/vendor/livewire/livewire/src/ComponentConcerns/RendersLivewireComponents.php(84): App\\Http\\Livewire\\Dashboard->Livewire\\ComponentConcerns\\{closure}()
#3 /Users/aldyhelix/Projects/www/backend_rmi/vendor/livewire/livewire/src/ComponentConcerns/RendersLivewireComponents.php(59): Livewire\\CompilerEngineForIgnition->evaluatePath('/Users/aldyheli...', Array)
#4 /Users/aldyhelix/Projects/www/backend_rmi/vendor/laravel/framework/src/Illuminate/View/View.php(139): Livewire\\CompilerEngineForIgnition->get('/Users/aldyheli...', Array)
#5 /Users/aldyhelix/Projects/www/backend_rmi/vendor/laravel/framework/src/Illuminate/View/View.php(122): Illuminate\\View\\View->getContents()
#6 /Users/aldyhelix/Projects/www/backend_rmi/vendor/laravel/framework/src/Illuminate/View/View.php(91): Illuminate\\View\\View->renderContents()
#7 /Users/aldyhelix/Projects/www/backend_rmi/vendor/laravel/framework/src/Illuminate/View/Concerns/ManagesComponents.php(100): Illuminate\\View\\View->render()
#8 /Users/aldyhelix/Projects/www/backend_rmi/storage/framework/views/f4899b702c6a16f1c873549d32bc50b1e46a780c.php(483): Illuminate\\View\\Factory->renderComponent()
#9 /Users/aldyhelix/Projects/www/backend_rmi/vendor/livewire/livewire/src/ComponentConcerns/RendersLivewireComponents.php(83): include('/Users/aldyheli...')
#10 /Users/aldyhelix/Projects/www/backend_rmi/vendor/livewire/livewire/src/ComponentConcerns/RendersLivewireComponents.php(84): App\\Http\\Livewire\\Dashboard->Livewire\\ComponentConcerns\\{closure}()
#11 /Users/aldyhelix/Projects/www/backend_rmi/vendor/livewire/livewire/src/ComponentConcerns/RendersLivewireComponents.php(59): Livewire\\CompilerEngineForIgnition->evaluatePath('/Users/aldyheli...', Array)
#12 /Users/aldyhelix/Projects/www/backend_rmi/vendor/laravel/framework/src/Illuminate/View/View.php(139): Livewire\\CompilerEngineForIgnition->get('/Users/aldyheli...', Array)
#13 /Users/aldyhelix/Projects/www/backend_rmi/vendor/laravel/framework/src/Illuminate/View/View.php(122): Illuminate\\View\\View->getContents()
#14 /Users/aldyhelix/Projects/www/backend_rmi/vendor/laravel/framework/src/Illuminate/View/View.php(91): Illuminate\\View\\View->renderContents()
#15 /Users/aldyhelix/Projects/www/backend_rmi/vendor/livewire/livewire/src/Component.php(235): Illuminate\\View\\View->render()
#16 /Users/aldyhelix/Projects/www/backend_rmi/vendor/livewire/livewire/src/HydrationMiddleware/RenderView.php(14): Livewire\\Component->output()
#17 /Users/aldyhelix/Projects/www/backend_rmi/vendor/livewire/livewire/src/LifecycleManager.php(141): Livewire\\HydrationMiddleware\\RenderView::dehydrate(Object(App\\Http\\Livewire\\Dashboard), Object(Livewire\\Response))
#18 /Users/aldyhelix/Projects/www/backend_rmi/vendor/livewire/livewire/src/LivewireManager.php(132): Livewire\\LifecycleManager->initialDehydrate()
#19 /Users/aldyhelix/Projects/www/backend_rmi/vendor/laravel/framework/src/Illuminate/Support/Facades/Facade.php(261): Livewire\\LivewireManager->mount('dashboard', Array)
#20 /Users/aldyhelix/Projects/www/backend_rmi/storage/framework/views/7614a377bf597da1c7ed67416eae576b7feee755.php(13): Illuminate\\Support\\Facades\\Facade::__callStatic('mount', Array)
#21 /Users/aldyhelix/Projects/www/backend_rmi/vendor/laravel/framework/src/Illuminate/Filesystem/Filesystem.php(107): require('/Users/aldyheli...')
#22 /Users/aldyhelix/Projects/www/backend_rmi/vendor/laravel/framework/src/Illuminate/Filesystem/Filesystem.php(108): Illuminate\\Filesystem\\Filesystem::Illuminate\\Filesystem\\{closure}()
#23 /Users/aldyhelix/Projects/www/backend_rmi/vendor/laravel/framework/src/Illuminate/View/Engines/PhpEngine.php(58): Illuminate\\Filesystem\\Filesystem->getRequire('/Users/aldyheli...', Array)
#24 /Users/aldyhelix/Projects/www/backend_rmi/vendor/livewire/livewire/src/ComponentConcerns/RendersLivewireComponents.php(69): Illuminate\\View\\Engines\\PhpEngine->evaluatePath('/Users/aldyheli...', Array)
#25 /Users/aldyhelix/Projects/www/backend_rmi/vendor/laravel/framework/src/Illuminate/View/Engines/CompilerEngine.php(61): Livewire\\CompilerEngineForIgnition->evaluatePath('/Users/aldyheli...', Array)
#26 /Users/aldyhelix/Projects/www/backend_rmi/vendor/facade/ignition/src/Views/Engines/CompilerEngine.php(37): Illuminate\\View\\Engines\\CompilerEngine->get('/Users/aldyheli...', Array)
#27 /Users/aldyhelix/Projects/www/backend_rmi/vendor/livewire/livewire/src/ComponentConcerns/RendersLivewireComponents.php(35): Facade\\Ignition\\Views\\Engines\\CompilerEngine->get('/Users/aldyheli...', Array)
#28 /Users/aldyhelix/Projects/www/backend_rmi/vendor/laravel/framework/src/Illuminate/View/View.php(139): Livewire\\CompilerEngineForIgnition->get('/Users/aldyheli...', Array)
#29 /Users/aldyhelix/Projects/www/backend_rmi/vendor/laravel/framework/src/Illuminate/View/View.php(122): Illuminate\\View\\View->getContents()
#30 /Users/aldyhelix/Projects/www/backend_rmi/vendor/laravel/framework/src/Illuminate/View/View.php(91): Illuminate\\View\\View->renderContents()
#31 /Users/aldyhelix/Projects/www/backend_rmi/vendor/laravel/framework/src/Illuminate/Http/Response.php(69): Illuminate\\View\\View->render()
#32 /Users/aldyhelix/Projects/www/backend_rmi/vendor/laravel/framework/src/Illuminate/Http/Response.php(35): Illuminate\\Http\\Response->setContent(Object(Illuminate\\View\\View))
#33 /Users/aldyhelix/Projects/www/backend_rmi/vendor/laravel/framework/src/Illuminate/Routing/Router.php(820): Illuminate\\Http\\Response->__construct(Object(Illuminate\\View\\View), 200, Array)
#34 /Users/aldyhelix/Projects/www/backend_rmi/vendor/laravel/framework/src/Illuminate/Routing/Router.php(789): Illuminate\\Routing\\Router::toResponse(Object(Illuminate\\Http\\Request), Object(Illuminate\\View\\View))
#35 /Users/aldyhelix/Projects/www/backend_rmi/vendor/laravel/framework/src/Illuminate/Routing/Router.php(720): Illuminate\\Routing\\Router->prepareResponse(Object(Illuminate\\Http\\Request), Object(Illuminate\\View\\View))
#36 /Users/aldyhelix/Projects/www/backend_rmi/vendor/laravel/framework/src/Illuminate/Pipeline/Pipeline.php(128): Illuminate\\Routing\\Router->Illuminate\\Routing\\{closure}(Object(Illuminate\\Http\\Request))
#37 /Users/aldyhelix/Projects/www/backend_rmi/app/Http/Middleware/DashboardSetup.php(22): Illuminate\\Pipeline\\Pipeline->Illuminate\\Pipeline\\{closure}(Object(Illuminate\\Http\\Request))
#38 /Users/aldyhelix/Projects/www/backend_rmi/vendor/laravel/framework/src/Illuminate/Pipeline/Pipeline.php(167): App\\Http\\Middleware\\DashboardSetup->handle(Object(Illuminate\\Http\\Request), Object(Closure))
#39 /Users/aldyhelix/Projects/www/backend_rmi/app/Http/Middleware/CheckIfBillingInfoRequired.php(24): Illuminate\\Pipeline\\Pipeline->Illuminate\\Pipeline\\{closure}(Object(Illuminate\\Http\\Request))
#40 /Users/aldyhelix/Projects/www/backend_rmi/vendor/laravel/framework/src/Illuminate/Pipeline/Pipeline.php(167): App\\Http\\Middleware\\CheckIfBillingInfoRequired->handle(Object(Illuminate\\Http\\Request), Object(Closure))
#41 /Users/aldyhelix/Projects/www/backend_rmi/app/Http/Middleware/VerifyUserIsSubscribed.php(25): Illuminate\\Pipeline\\Pipeline->Illuminate\\Pipeline\\{closure}(Object(Illuminate\\Http\\Request))
#42 /Users/aldyhelix/Projects/www/backend_rmi/vendor/laravel/framework/src/Illuminate/Pipeline/Pipeline.php(167): App\\Http\\Middleware\\VerifyUserIsSubscribed->handle(Object(Illuminate\\Http\\Request), Object(Closure))
#43 /Users/aldyhelix/Projects/www/backend_rmi/app/Http/Middleware/CookieConsentMiddleware.php(21): Illuminate\\Pipeline\\Pipeline->Illuminate\\Pipeline\\{closure}(Object(Illuminate\\Http\\Request))
#44 /Users/aldyhelix/Projects/www/backend_rmi/vendor/laravel/framework/src/Illuminate/Pipeline/Pipeline.php(167): App\\Http\\Middleware\\CookieConsentMiddleware->handle(Object(Illuminate\\Http\\Request), Object(Closure))
#45 /Users/aldyhelix/Projects/www/backend_rmi/app/Http/Middleware/Language.php(64): Illuminate\\Pipeline\\Pipeline->Illuminate\\Pipeline\\{closure}(Object(Illuminate\\Http\\Request))
#46 /Users/aldyhelix/Projects/www/backend_rmi/vendor/laravel/framework/src/Illuminate/Pipeline/Pipeline.php(167): App\\Http\\Middleware\\Language->handle(Object(Illuminate\\Http\\Request), Object(Closure))
#47 /Users/aldyhelix/Projects/www/backend_rmi/app/Http/Middleware/InitSettings.php(8): Illuminate\\Pipeline\\Pipeline->Illuminate\\Pipeline\\{closure}(Object(Illuminate\\Http\\Request))
#48 /Users/aldyhelix/Projects/www/backend_rmi/vendor/laravel/framework/src/Illuminate/Pipeline/Pipeline.php(167): App\\Http\\Middleware\\InitSettings->handle(Object(Illuminate\\Http\\Request), Object(Closure))
#49 /Users/aldyhelix/Projects/www/backend_rmi/vendor/laravel/framework/src/Illuminate/Routing/Middleware/SubstituteBindings.php(50): Illuminate\\Pipeline\\Pipeline->Illuminate\\Pipeline\\{closure}(Object(Illuminate\\Http\\Request))
#50 /Users/aldyhelix/Projects/www/backend_rmi/vendor/laravel/framework/src/Illuminate/Pipeline/Pipeline.php(167): Illuminate\\Routing\\Middleware\\SubstituteBindings->handle(Object(Illuminate\\Http\\Request), Object(Closure))
#51 /Users/aldyhelix/Projects/www/backend_rmi/vendor/laravel/framework/src/Illuminate/Auth/Middleware/Authenticate.php(44): Illuminate\\Pipeline\\Pipeline->Illuminate\\Pipeline\\{closure}(Object(Illuminate\\Http\\Request))
#52 /Users/aldyhelix/Projects/www/backend_rmi/vendor/laravel/framework/src/Illuminate/Pipeline/Pipeline.php(167): Illuminate\\Auth\\Middleware\\Authenticate->handle(Object(Illuminate\\Http\\Request), Object(Closure))
#53 /Users/aldyhelix/Projects/www/backend_rmi/vendor/laravel/framework/src/Illuminate/Foundation/Http/Middleware/VerifyCsrfToken.php(78): Illuminate\\Pipeline\\Pipeline->Illuminate\\Pipeline\\{closure}(Object(Illuminate\\Http\\Request))
#54 /Users/aldyhelix/Projects/www/backend_rmi/vendor/laravel/framework/src/Illuminate/Pipeline/Pipeline.php(167): Illuminate\\Foundation\\Http\\Middleware\\VerifyCsrfToken->handle(Object(Illuminate\\Http\\Request), Object(Closure))
#55 /Users/aldyhelix/Projects/www/backend_rmi/vendor/laravel/framework/src/Illuminate/View/Middleware/ShareErrorsFromSession.php(49): Illuminate\\Pipeline\\Pipeline->Illuminate\\Pipeline\\{closure}(Object(Illuminate\\Http\\Request))
#56 /Users/aldyhelix/Projects/www/backend_rmi/vendor/laravel/framework/src/Illuminate/Pipeline/Pipeline.php(167): Illuminate\\View\\Middleware\\ShareErrorsFromSession->handle(Object(Illuminate\\Http\\Request), Object(Closure))
#57 /Users/aldyhelix/Projects/www/backend_rmi/vendor/laravel/framework/src/Illuminate/Session/Middleware/StartSession.php(121): Illuminate\\Pipeline\\Pipeline->Illuminate\\Pipeline\\{closure}(Object(Illuminate\\Http\\Request))
#58 /Users/aldyhelix/Projects/www/backend_rmi/vendor/laravel/framework/src/Illuminate/Session/Middleware/StartSession.php(64): Illuminate\\Session\\Middleware\\StartSession->handleStatefulRequest(Object(Illuminate\\Http\\Request), Object(Illuminate\\Session\\EncryptedStore), Object(Closure))
#59 /Users/aldyhelix/Projects/www/backend_rmi/vendor/laravel/framework/src/Illuminate/Pipeline/Pipeline.php(167): Illuminate\\Session\\Middleware\\StartSession->handle(Object(Illuminate\\Http\\Request), Object(Closure))
#60 /Users/aldyhelix/Projects/www/backend_rmi/vendor/laravel/framework/src/Illuminate/Cookie/Middleware/AddQueuedCookiesToResponse.php(37): Illuminate\\Pipeline\\Pipeline->Illuminate\\Pipeline\\{closure}(Object(Illuminate\\Http\\Request))
#61 /Users/aldyhelix/Projects/www/backend_rmi/vendor/laravel/framework/src/Illuminate/Pipeline/Pipeline.php(167): Illuminate\\Cookie\\Middleware\\AddQueuedCookiesToResponse->handle(Object(Illuminate\\Http\\Request), Object(Closure))
#62 /Users/aldyhelix/Projects/www/backend_rmi/vendor/laravel/framework/src/Illuminate/Cookie/Middleware/EncryptCookies.php(67): Illuminate\\Pipeline\\Pipeline->Illuminate\\Pipeline\\{closure}(Object(Illuminate\\Http\\Request))
#63 /Users/aldyhelix/Projects/www/backend_rmi/vendor/laravel/framework/src/Illuminate/Pipeline/Pipeline.php(167): Illuminate\\Cookie\\Middleware\\EncryptCookies->handle(Object(Illuminate\\Http\\Request), Object(Closure))
#64 /Users/aldyhelix/Projects/www/backend_rmi/vendor/laravel/framework/src/Illuminate/Pipeline/Pipeline.php(103): Illuminate\\Pipeline\\Pipeline->Illuminate\\Pipeline\\{closure}(Object(Illuminate\\Http\\Request))
#65 /Users/aldyhelix/Projects/www/backend_rmi/vendor/laravel/framework/src/Illuminate/Routing/Router.php(719): Illuminate\\Pipeline\\Pipeline->then(Object(Closure))
#66 /Users/aldyhelix/Projects/www/backend_rmi/vendor/laravel/framework/src/Illuminate/Routing/Router.php(698): Illuminate\\Routing\\Router->runRouteWithinStack(Object(Illuminate\\Routing\\Route), Object(Illuminate\\Http\\Request))
#67 /Users/aldyhelix/Projects/www/backend_rmi/vendor/laravel/framework/src/Illuminate/Routing/Router.php(662): Illuminate\\Routing\\Router->runRoute(Object(Illuminate\\Http\\Request), Object(Illuminate\\Routing\\Route))
#68 /Users/aldyhelix/Projects/www/backend_rmi/vendor/laravel/framework/src/Illuminate/Routing/Router.php(651): Illuminate\\Routing\\Router->dispatchToRoute(Object(Illuminate\\Http\\Request))
#69 /Users/aldyhelix/Projects/www/backend_rmi/vendor/laravel/framework/src/Illuminate/Foundation/Http/Kernel.php(167): Illuminate\\Routing\\Router->dispatch(Object(Illuminate\\Http\\Request))
#70 /Users/aldyhelix/Projects/www/backend_rmi/vendor/laravel/framework/src/Illuminate/Pipeline/Pipeline.php(128): Illuminate\\Foundation\\Http\\Kernel->Illuminate\\Foundation\\Http\\{closure}(Object(Illuminate\\Http\\Request))
#71 /Users/aldyhelix/Projects/www/backend_rmi/vendor/livewire/livewire/src/DisableBrowserCache.php(19): Illuminate\\Pipeline\\Pipeline->Illuminate\\Pipeline\\{closure}(Object(Illuminate\\Http\\Request))
#72 /Users/aldyhelix/Projects/www/backend_rmi/vendor/laravel/framework/src/Illuminate/Pipeline/Pipeline.php(167): Livewire\\DisableBrowserCache->handle(Object(Illuminate\\Http\\Request), Object(Closure))
#73 /Users/aldyhelix/Projects/www/backend_rmi/vendor/barryvdh/laravel-debugbar/src/Middleware/InjectDebugbar.php(66): Illuminate\\Pipeline\\Pipeline->Illuminate\\Pipeline\\{closure}(Object(Illuminate\\Http\\Request))
#74 /Users/aldyhelix/Projects/www/backend_rmi/vendor/laravel/framework/src/Illuminate/Pipeline/Pipeline.php(167): Barryvdh\\Debugbar\\Middleware\\InjectDebugbar->handle(Object(Illuminate\\Http\\Request), Object(Closure))
#75 /Users/aldyhelix/Projects/www/backend_rmi/app/Http/Middleware/CheckForInstallation.php(19): Illuminate\\Pipeline\\Pipeline->Illuminate\\Pipeline\\{closure}(Object(Illuminate\\Http\\Request))
#76 /Users/aldyhelix/Projects/www/backend_rmi/vendor/laravel/framework/src/Illuminate/Pipeline/Pipeline.php(167): App\\Http\\Middleware\\CheckForInstallation->handle(Object(Illuminate\\Http\\Request), Object(Closure))
#77 /Users/aldyhelix/Projects/www/backend_rmi/vendor/laravel/framework/src/Illuminate/Foundation/Http/Middleware/TransformsRequest.php(21): Illuminate\\Pipeline\\Pipeline->Illuminate\\Pipeline\\{closure}(Object(Illuminate\\Http\\Request))
#78 /Users/aldyhelix/Projects/www/backend_rmi/vendor/laravel/framework/src/Illuminate/Foundation/Http/Middleware/ConvertEmptyStringsToNull.php(31): Illuminate\\Foundation\\Http\\Middleware\\TransformsRequest->handle(Object(Illuminate\\Http\\Request), Object(Closure))
#79 /Users/aldyhelix/Projects/www/backend_rmi/vendor/laravel/framework/src/Illuminate/Pipeline/Pipeline.php(167): Illuminate\\Foundation\\Http\\Middleware\\ConvertEmptyStringsToNull->handle(Object(Illuminate\\Http\\Request), Object(Closure))
#80 /Users/aldyhelix/Projects/www/backend_rmi/vendor/laravel/framework/src/Illuminate/Foundation/Http/Middleware/TransformsRequest.php(21): Illuminate\\Pipeline\\Pipeline->Illuminate\\Pipeline\\{closure}(Object(Illuminate\\Http\\Request))
#81 /Users/aldyhelix/Projects/www/backend_rmi/vendor/laravel/framework/src/Illuminate/Foundation/Http/Middleware/TrimStrings.php(40): Illuminate\\Foundation\\Http\\Middleware\\TransformsRequest->handle(Object(Illuminate\\Http\\Request), Object(Closure))
#82 /Users/aldyhelix/Projects/www/backend_rmi/vendor/laravel/framework/src/Illuminate/Pipeline/Pipeline.php(167): Illuminate\\Foundation\\Http\\Middleware\\TrimStrings->handle(Object(Illuminate\\Http\\Request), Object(Closure))
#83 /Users/aldyhelix/Projects/www/backend_rmi/vendor/laravel/framework/src/Illuminate/Foundation/Http/Middleware/ValidatePostSize.php(27): Illuminate\\Pipeline\\Pipeline->Illuminate\\Pipeline\\{closure}(Object(Illuminate\\Http\\Request))
#84 /Users/aldyhelix/Projects/www/backend_rmi/vendor/laravel/framework/src/Illuminate/Pipeline/Pipeline.php(167): Illuminate\\Foundation\\Http\\Middleware\\ValidatePostSize->handle(Object(Illuminate\\Http\\Request), Object(Closure))
#85 /Users/aldyhelix/Projects/www/backend_rmi/vendor/laravel/framework/src/Illuminate/Foundation/Http/Middleware/PreventRequestsDuringMaintenance.php(86): Illuminate\\Pipeline\\Pipeline->Illuminate\\Pipeline\\{closure}(Object(Illuminate\\Http\\Request))
#86 /Users/aldyhelix/Projects/www/backend_rmi/vendor/laravel/framework/src/Illuminate/Pipeline/Pipeline.php(167): Illuminate\\Foundation\\Http\\Middleware\\PreventRequestsDuringMaintenance->handle(Object(Illuminate\\Http\\Request), Object(Closure))
#87 /Users/aldyhelix/Projects/www/backend_rmi/vendor/fruitcake/laravel-cors/src/HandleCors.php(38): Illuminate\\Pipeline\\Pipeline->Illuminate\\Pipeline\\{closure}(Object(Illuminate\\Http\\Request))
#88 /Users/aldyhelix/Projects/www/backend_rmi/vendor/laravel/framework/src/Illuminate/Pipeline/Pipeline.php(167): Fruitcake\\Cors\\HandleCors->handle(Object(Illuminate\\Http\\Request), Object(Closure))
#89 /Users/aldyhelix/Projects/www/backend_rmi/vendor/laravel/framework/src/Illuminate/Http/Middleware/TrustProxies.php(39): Illuminate\\Pipeline\\Pipeline->Illuminate\\Pipeline\\{closure}(Object(Illuminate\\Http\\Request))
#90 /Users/aldyhelix/Projects/www/backend_rmi/vendor/laravel/framework/src/Illuminate/Pipeline/Pipeline.php(167): Illuminate\\Http\\Middleware\\TrustProxies->handle(Object(Illuminate\\Http\\Request), Object(Closure))
#91 /Users/aldyhelix/Projects/www/backend_rmi/vendor/laravel/framework/src/Illuminate/Pipeline/Pipeline.php(103): Illuminate\\Pipeline\\Pipeline->Illuminate\\Pipeline\\{closure}(Object(Illuminate\\Http\\Request))
#92 /Users/aldyhelix/Projects/www/backend_rmi/vendor/laravel/framework/src/Illuminate/Foundation/Http/Kernel.php(142): Illuminate\\Pipeline\\Pipeline->then(Object(Closure))
#93 /Users/aldyhelix/Projects/www/backend_rmi/vendor/laravel/framework/src/Illuminate/Foundation/Http/Kernel.php(111): Illuminate\\Foundation\\Http\\Kernel->sendRequestThroughRouter(Object(Illuminate\\Http\\Request))
#94 /Users/aldyhelix/Projects/www/backend_rmi/public/index.php(58): Illuminate\\Foundation\\Http\\Kernel->handle(Object(Illuminate\\Http\\Request))
#95 /Applications/Herd.app/Contents/Resources/valet/server.php(153): require('/Users/aldyheli...')
#96 {main}
"} 
[2024-06-09 17:33:04] production.ERROR: Undefined variable $chart_data (View: /Users/aldyhelix/Projects/www/backend_rmi/resources/views/components/chart.blade.php) {"view":{"view":"/Users/aldyhelix/Projects/www/backend_rmi/storage/framework/views/3f1c0ad4503c21dfc054652aeb1d714409c74eb5.php","data":[]},"userId":1,"exception":"[object] (Facade\\Ignition\\Exceptions\\ViewException(code: 0): Undefined variable $chart_data (View: /Users/aldyhelix/Projects/www/backend_rmi/resources/views/components/chart.blade.php) at /Users/aldyhelix/Projects/www/backend_rmi/storage/framework/views/3f1c0ad4503c21dfc054652aeb1d714409c74eb5.php:31)
[stacktrace]
#0 /Users/aldyhelix/Projects/www/backend_rmi/storage/framework/views/3f1c0ad4503c21dfc054652aeb1d714409c74eb5.php(31): Illuminate\\Foundation\\Bootstrap\\HandleExceptions->handleError(2, 'Undefined varia...', '/Users/aldyheli...', 31)
#1 /Users/aldyhelix/Projects/www/backend_rmi/vendor/livewire/livewire/src/ComponentConcerns/RendersLivewireComponents.php(83): include('/Users/aldyheli...')
#2 /Users/aldyhelix/Projects/www/backend_rmi/vendor/livewire/livewire/src/ComponentConcerns/RendersLivewireComponents.php(84): App\\Http\\Livewire\\Dashboard->Livewire\\ComponentConcerns\\{closure}()
#3 /Users/aldyhelix/Projects/www/backend_rmi/vendor/livewire/livewire/src/ComponentConcerns/RendersLivewireComponents.php(59): Livewire\\CompilerEngineForIgnition->evaluatePath('/Users/aldyheli...', Array)
#4 /Users/aldyhelix/Projects/www/backend_rmi/vendor/laravel/framework/src/Illuminate/View/View.php(139): Livewire\\CompilerEngineForIgnition->get('/Users/aldyheli...', Array)
#5 /Users/aldyhelix/Projects/www/backend_rmi/vendor/laravel/framework/src/Illuminate/View/View.php(122): Illuminate\\View\\View->getContents()
#6 /Users/aldyhelix/Projects/www/backend_rmi/vendor/laravel/framework/src/Illuminate/View/View.php(91): Illuminate\\View\\View->renderContents()
#7 /Users/aldyhelix/Projects/www/backend_rmi/vendor/laravel/framework/src/Illuminate/View/Concerns/ManagesComponents.php(100): Illuminate\\View\\View->render()
#8 /Users/aldyhelix/Projects/www/backend_rmi/storage/framework/views/f4899b702c6a16f1c873549d32bc50b1e46a780c.php(483): Illuminate\\View\\Factory->renderComponent()
#9 /Users/aldyhelix/Projects/www/backend_rmi/vendor/livewire/livewire/src/ComponentConcerns/RendersLivewireComponents.php(83): include('/Users/aldyheli...')
#10 /Users/aldyhelix/Projects/www/backend_rmi/vendor/livewire/livewire/src/ComponentConcerns/RendersLivewireComponents.php(84): App\\Http\\Livewire\\Dashboard->Livewire\\ComponentConcerns\\{closure}()
#11 /Users/aldyhelix/Projects/www/backend_rmi/vendor/livewire/livewire/src/ComponentConcerns/RendersLivewireComponents.php(59): Livewire\\CompilerEngineForIgnition->evaluatePath('/Users/aldyheli...', Array)
#12 /Users/aldyhelix/Projects/www/backend_rmi/vendor/laravel/framework/src/Illuminate/View/View.php(139): Livewire\\CompilerEngineForIgnition->get('/Users/aldyheli...', Array)
#13 /Users/aldyhelix/Projects/www/backend_rmi/vendor/laravel/framework/src/Illuminate/View/View.php(122): Illuminate\\View\\View->getContents()
#14 /Users/aldyhelix/Projects/www/backend_rmi/vendor/laravel/framework/src/Illuminate/View/View.php(91): Illuminate\\View\\View->renderContents()
#15 /Users/aldyhelix/Projects/www/backend_rmi/vendor/livewire/livewire/src/Component.php(235): Illuminate\\View\\View->render()
#16 /Users/aldyhelix/Projects/www/backend_rmi/vendor/livewire/livewire/src/HydrationMiddleware/RenderView.php(14): Livewire\\Component->output()
#17 /Users/aldyhelix/Projects/www/backend_rmi/vendor/livewire/livewire/src/LifecycleManager.php(141): Livewire\\HydrationMiddleware\\RenderView::dehydrate(Object(App\\Http\\Livewire\\Dashboard), Object(Livewire\\Response))
#18 /Users/aldyhelix/Projects/www/backend_rmi/vendor/livewire/livewire/src/LivewireManager.php(132): Livewire\\LifecycleManager->initialDehydrate()
#19 /Users/aldyhelix/Projects/www/backend_rmi/vendor/laravel/framework/src/Illuminate/Support/Facades/Facade.php(261): Livewire\\LivewireManager->mount('dashboard', Array)
#20 /Users/aldyhelix/Projects/www/backend_rmi/resources/views/admin/dashboard/platform.blade.php(13): Illuminate\\Support\\Facades\\Facade::__callStatic('mount', Array)
#21 /Users/aldyhelix/Projects/www/backend_rmi/vendor/laravel/framework/src/Illuminate/Filesystem/Filesystem.php(107): require('/Users/aldyheli...')
#22 /Users/aldyhelix/Projects/www/backend_rmi/vendor/laravel/framework/src/Illuminate/Filesystem/Filesystem.php(108): Illuminate\\Filesystem\\Filesystem::Illuminate\\Filesystem\\{closure}()
#23 /Users/aldyhelix/Projects/www/backend_rmi/vendor/laravel/framework/src/Illuminate/View/Engines/PhpEngine.php(58): Illuminate\\Filesystem\\Filesystem->getRequire('/Users/aldyheli...', Array)
#24 /Users/aldyhelix/Projects/www/backend_rmi/vendor/livewire/livewire/src/ComponentConcerns/RendersLivewireComponents.php(69): Illuminate\\View\\Engines\\PhpEngine->evaluatePath('/Users/aldyheli...', Array)
#25 /Users/aldyhelix/Projects/www/backend_rmi/vendor/laravel/framework/src/Illuminate/View/Engines/CompilerEngine.php(61): Livewire\\CompilerEngineForIgnition->evaluatePath('/Users/aldyheli...', Array)
#26 /Users/aldyhelix/Projects/www/backend_rmi/vendor/facade/ignition/src/Views/Engines/CompilerEngine.php(37): Illuminate\\View\\Engines\\CompilerEngine->get('/Users/aldyheli...', Array)
#27 /Users/aldyhelix/Projects/www/backend_rmi/vendor/livewire/livewire/src/ComponentConcerns/RendersLivewireComponents.php(35): Facade\\Ignition\\Views\\Engines\\CompilerEngine->get('/Users/aldyheli...', Array)
#28 /Users/aldyhelix/Projects/www/backend_rmi/vendor/laravel/framework/src/Illuminate/View/View.php(139): Livewire\\CompilerEngineForIgnition->get('/Users/aldyheli...', Array)
#29 /Users/aldyhelix/Projects/www/backend_rmi/vendor/laravel/framework/src/Illuminate/View/View.php(122): Illuminate\\View\\View->getContents()
#30 /Users/aldyhelix/Projects/www/backend_rmi/vendor/laravel/framework/src/Illuminate/View/View.php(91): Illuminate\\View\\View->renderContents()
#31 /Users/aldyhelix/Projects/www/backend_rmi/vendor/laravel/framework/src/Illuminate/Http/Response.php(69): Illuminate\\View\\View->render()
#32 /Users/aldyhelix/Projects/www/backend_rmi/vendor/laravel/framework/src/Illuminate/Http/Response.php(35): Illuminate\\Http\\Response->setContent(Object(Illuminate\\View\\View))
#33 /Users/aldyhelix/Projects/www/backend_rmi/vendor/laravel/framework/src/Illuminate/Routing/Router.php(820): Illuminate\\Http\\Response->__construct(Object(Illuminate\\View\\View), 200, Array)
#34 /Users/aldyhelix/Projects/www/backend_rmi/vendor/laravel/framework/src/Illuminate/Routing/Router.php(789): Illuminate\\Routing\\Router::toResponse(Object(Illuminate\\Http\\Request), Object(Illuminate\\View\\View))
#35 /Users/aldyhelix/Projects/www/backend_rmi/vendor/laravel/framework/src/Illuminate/Routing/Router.php(720): Illuminate\\Routing\\Router->prepareResponse(Object(Illuminate\\Http\\Request), Object(Illuminate\\View\\View))
#36 /Users/aldyhelix/Projects/www/backend_rmi/vendor/laravel/framework/src/Illuminate/Pipeline/Pipeline.php(128): Illuminate\\Routing\\Router->Illuminate\\Routing\\{closure}(Object(Illuminate\\Http\\Request))
#37 /Users/aldyhelix/Projects/www/backend_rmi/app/Http/Middleware/DashboardSetup.php(22): Illuminate\\Pipeline\\Pipeline->Illuminate\\Pipeline\\{closure}(Object(Illuminate\\Http\\Request))
#38 /Users/aldyhelix/Projects/www/backend_rmi/vendor/laravel/framework/src/Illuminate/Pipeline/Pipeline.php(167): App\\Http\\Middleware\\DashboardSetup->handle(Object(Illuminate\\Http\\Request), Object(Closure))
#39 /Users/aldyhelix/Projects/www/backend_rmi/app/Http/Middleware/CheckIfBillingInfoRequired.php(24): Illuminate\\Pipeline\\Pipeline->Illuminate\\Pipeline\\{closure}(Object(Illuminate\\Http\\Request))
#40 /Users/aldyhelix/Projects/www/backend_rmi/vendor/laravel/framework/src/Illuminate/Pipeline/Pipeline.php(167): App\\Http\\Middleware\\CheckIfBillingInfoRequired->handle(Object(Illuminate\\Http\\Request), Object(Closure))
#41 /Users/aldyhelix/Projects/www/backend_rmi/app/Http/Middleware/VerifyUserIsSubscribed.php(25): Illuminate\\Pipeline\\Pipeline->Illuminate\\Pipeline\\{closure}(Object(Illuminate\\Http\\Request))
#42 /Users/aldyhelix/Projects/www/backend_rmi/vendor/laravel/framework/src/Illuminate/Pipeline/Pipeline.php(167): App\\Http\\Middleware\\VerifyUserIsSubscribed->handle(Object(Illuminate\\Http\\Request), Object(Closure))
#43 /Users/aldyhelix/Projects/www/backend_rmi/app/Http/Middleware/CookieConsentMiddleware.php(21): Illuminate\\Pipeline\\Pipeline->Illuminate\\Pipeline\\{closure}(Object(Illuminate\\Http\\Request))
#44 /Users/aldyhelix/Projects/www/backend_rmi/vendor/laravel/framework/src/Illuminate/Pipeline/Pipeline.php(167): App\\Http\\Middleware\\CookieConsentMiddleware->handle(Object(Illuminate\\Http\\Request), Object(Closure))
#45 /Users/aldyhelix/Projects/www/backend_rmi/app/Http/Middleware/Language.php(64): Illuminate\\Pipeline\\Pipeline->Illuminate\\Pipeline\\{closure}(Object(Illuminate\\Http\\Request))
#46 /Users/aldyhelix/Projects/www/backend_rmi/vendor/laravel/framework/src/Illuminate/Pipeline/Pipeline.php(167): App\\Http\\Middleware\\Language->handle(Object(Illuminate\\Http\\Request), Object(Closure))
#47 /Users/aldyhelix/Projects/www/backend_rmi/app/Http/Middleware/InitSettings.php(8): Illuminate\\Pipeline\\Pipeline->Illuminate\\Pipeline\\{closure}(Object(Illuminate\\Http\\Request))
#48 /Users/aldyhelix/Projects/www/backend_rmi/vendor/laravel/framework/src/Illuminate/Pipeline/Pipeline.php(167): App\\Http\\Middleware\\InitSettings->handle(Object(Illuminate\\Http\\Request), Object(Closure))
#49 /Users/aldyhelix/Projects/www/backend_rmi/vendor/laravel/framework/src/Illuminate/Routing/Middleware/SubstituteBindings.php(50): Illuminate\\Pipeline\\Pipeline->Illuminate\\Pipeline\\{closure}(Object(Illuminate\\Http\\Request))
#50 /Users/aldyhelix/Projects/www/backend_rmi/vendor/laravel/framework/src/Illuminate/Pipeline/Pipeline.php(167): Illuminate\\Routing\\Middleware\\SubstituteBindings->handle(Object(Illuminate\\Http\\Request), Object(Closure))
#51 /Users/aldyhelix/Projects/www/backend_rmi/vendor/laravel/framework/src/Illuminate/Auth/Middleware/Authenticate.php(44): Illuminate\\Pipeline\\Pipeline->Illuminate\\Pipeline\\{closure}(Object(Illuminate\\Http\\Request))
#52 /Users/aldyhelix/Projects/www/backend_rmi/vendor/laravel/framework/src/Illuminate/Pipeline/Pipeline.php(167): Illuminate\\Auth\\Middleware\\Authenticate->handle(Object(Illuminate\\Http\\Request), Object(Closure))
#53 /Users/aldyhelix/Projects/www/backend_rmi/vendor/laravel/framework/src/Illuminate/Foundation/Http/Middleware/VerifyCsrfToken.php(78): Illuminate\\Pipeline\\Pipeline->Illuminate\\Pipeline\\{closure}(Object(Illuminate\\Http\\Request))
#54 /Users/aldyhelix/Projects/www/backend_rmi/vendor/laravel/framework/src/Illuminate/Pipeline/Pipeline.php(167): Illuminate\\Foundation\\Http\\Middleware\\VerifyCsrfToken->handle(Object(Illuminate\\Http\\Request), Object(Closure))
#55 /Users/aldyhelix/Projects/www/backend_rmi/vendor/laravel/framework/src/Illuminate/View/Middleware/ShareErrorsFromSession.php(49): Illuminate\\Pipeline\\Pipeline->Illuminate\\Pipeline\\{closure}(Object(Illuminate\\Http\\Request))
#56 /Users/aldyhelix/Projects/www/backend_rmi/vendor/laravel/framework/src/Illuminate/Pipeline/Pipeline.php(167): Illuminate\\View\\Middleware\\ShareErrorsFromSession->handle(Object(Illuminate\\Http\\Request), Object(Closure))
#57 /Users/aldyhelix/Projects/www/backend_rmi/vendor/laravel/framework/src/Illuminate/Session/Middleware/StartSession.php(121): Illuminate\\Pipeline\\Pipeline->Illuminate\\Pipeline\\{closure}(Object(Illuminate\\Http\\Request))
#58 /Users/aldyhelix/Projects/www/backend_rmi/vendor/laravel/framework/src/Illuminate/Session/Middleware/StartSession.php(64): Illuminate\\Session\\Middleware\\StartSession->handleStatefulRequest(Object(Illuminate\\Http\\Request), Object(Illuminate\\Session\\EncryptedStore), Object(Closure))
#59 /Users/aldyhelix/Projects/www/backend_rmi/vendor/laravel/framework/src/Illuminate/Pipeline/Pipeline.php(167): Illuminate\\Session\\Middleware\\StartSession->handle(Object(Illuminate\\Http\\Request), Object(Closure))
#60 /Users/aldyhelix/Projects/www/backend_rmi/vendor/laravel/framework/src/Illuminate/Cookie/Middleware/AddQueuedCookiesToResponse.php(37): Illuminate\\Pipeline\\Pipeline->Illuminate\\Pipeline\\{closure}(Object(Illuminate\\Http\\Request))
#61 /Users/aldyhelix/Projects/www/backend_rmi/vendor/laravel/framework/src/Illuminate/Pipeline/Pipeline.php(167): Illuminate\\Cookie\\Middleware\\AddQueuedCookiesToResponse->handle(Object(Illuminate\\Http\\Request), Object(Closure))
#62 /Users/aldyhelix/Projects/www/backend_rmi/vendor/laravel/framework/src/Illuminate/Cookie/Middleware/EncryptCookies.php(67): Illuminate\\Pipeline\\Pipeline->Illuminate\\Pipeline\\{closure}(Object(Illuminate\\Http\\Request))
#63 /Users/aldyhelix/Projects/www/backend_rmi/vendor/laravel/framework/src/Illuminate/Pipeline/Pipeline.php(167): Illuminate\\Cookie\\Middleware\\EncryptCookies->handle(Object(Illuminate\\Http\\Request), Object(Closure))
#64 /Users/aldyhelix/Projects/www/backend_rmi/vendor/laravel/framework/src/Illuminate/Pipeline/Pipeline.php(103): Illuminate\\Pipeline\\Pipeline->Illuminate\\Pipeline\\{closure}(Object(Illuminate\\Http\\Request))
#65 /Users/aldyhelix/Projects/www/backend_rmi/vendor/laravel/framework/src/Illuminate/Routing/Router.php(719): Illuminate\\Pipeline\\Pipeline->then(Object(Closure))
#66 /Users/aldyhelix/Projects/www/backend_rmi/vendor/laravel/framework/src/Illuminate/Routing/Router.php(698): Illuminate\\Routing\\Router->runRouteWithinStack(Object(Illuminate\\Routing\\Route), Object(Illuminate\\Http\\Request))
#67 /Users/aldyhelix/Projects/www/backend_rmi/vendor/laravel/framework/src/Illuminate/Routing/Router.php(662): Illuminate\\Routing\\Router->runRoute(Object(Illuminate\\Http\\Request), Object(Illuminate\\Routing\\Route))
#68 /Users/aldyhelix/Projects/www/backend_rmi/vendor/laravel/framework/src/Illuminate/Routing/Router.php(651): Illuminate\\Routing\\Router->dispatchToRoute(Object(Illuminate\\Http\\Request))
#69 /Users/aldyhelix/Projects/www/backend_rmi/vendor/laravel/framework/src/Illuminate/Foundation/Http/Kernel.php(167): Illuminate\\Routing\\Router->dispatch(Object(Illuminate\\Http\\Request))
#70 /Users/aldyhelix/Projects/www/backend_rmi/vendor/laravel/framework/src/Illuminate/Pipeline/Pipeline.php(128): Illuminate\\Foundation\\Http\\Kernel->Illuminate\\Foundation\\Http\\{closure}(Object(Illuminate\\Http\\Request))
#71 /Users/aldyhelix/Projects/www/backend_rmi/vendor/livewire/livewire/src/DisableBrowserCache.php(19): Illuminate\\Pipeline\\Pipeline->Illuminate\\Pipeline\\{closure}(Object(Illuminate\\Http\\Request))
#72 /Users/aldyhelix/Projects/www/backend_rmi/vendor/laravel/framework/src/Illuminate/Pipeline/Pipeline.php(167): Livewire\\DisableBrowserCache->handle(Object(Illuminate\\Http\\Request), Object(Closure))
#73 /Users/aldyhelix/Projects/www/backend_rmi/vendor/barryvdh/laravel-debugbar/src/Middleware/InjectDebugbar.php(66): Illuminate\\Pipeline\\Pipeline->Illuminate\\Pipeline\\{closure}(Object(Illuminate\\Http\\Request))
#74 /Users/aldyhelix/Projects/www/backend_rmi/vendor/laravel/framework/src/Illuminate/Pipeline/Pipeline.php(167): Barryvdh\\Debugbar\\Middleware\\InjectDebugbar->handle(Object(Illuminate\\Http\\Request), Object(Closure))
#75 /Users/aldyhelix/Projects/www/backend_rmi/app/Http/Middleware/CheckForInstallation.php(19): Illuminate\\Pipeline\\Pipeline->Illuminate\\Pipeline\\{closure}(Object(Illuminate\\Http\\Request))
#76 /Users/aldyhelix/Projects/www/backend_rmi/vendor/laravel/framework/src/Illuminate/Pipeline/Pipeline.php(167): App\\Http\\Middleware\\CheckForInstallation->handle(Object(Illuminate\\Http\\Request), Object(Closure))
#77 /Users/aldyhelix/Projects/www/backend_rmi/vendor/laravel/framework/src/Illuminate/Foundation/Http/Middleware/TransformsRequest.php(21): Illuminate\\Pipeline\\Pipeline->Illuminate\\Pipeline\\{closure}(Object(Illuminate\\Http\\Request))
#78 /Users/aldyhelix/Projects/www/backend_rmi/vendor/laravel/framework/src/Illuminate/Foundation/Http/Middleware/ConvertEmptyStringsToNull.php(31): Illuminate\\Foundation\\Http\\Middleware\\TransformsRequest->handle(Object(Illuminate\\Http\\Request), Object(Closure))
#79 /Users/aldyhelix/Projects/www/backend_rmi/vendor/laravel/framework/src/Illuminate/Pipeline/Pipeline.php(167): Illuminate\\Foundation\\Http\\Middleware\\ConvertEmptyStringsToNull->handle(Object(Illuminate\\Http\\Request), Object(Closure))
#80 /Users/aldyhelix/Projects/www/backend_rmi/vendor/laravel/framework/src/Illuminate/Foundation/Http/Middleware/TransformsRequest.php(21): Illuminate\\Pipeline\\Pipeline->Illuminate\\Pipeline\\{closure}(Object(Illuminate\\Http\\Request))
#81 /Users/aldyhelix/Projects/www/backend_rmi/vendor/laravel/framework/src/Illuminate/Foundation/Http/Middleware/TrimStrings.php(40): Illuminate\\Foundation\\Http\\Middleware\\TransformsRequest->handle(Object(Illuminate\\Http\\Request), Object(Closure))
#82 /Users/aldyhelix/Projects/www/backend_rmi/vendor/laravel/framework/src/Illuminate/Pipeline/Pipeline.php(167): Illuminate\\Foundation\\Http\\Middleware\\TrimStrings->handle(Object(Illuminate\\Http\\Request), Object(Closure))
#83 /Users/aldyhelix/Projects/www/backend_rmi/vendor/laravel/framework/src/Illuminate/Foundation/Http/Middleware/ValidatePostSize.php(27): Illuminate\\Pipeline\\Pipeline->Illuminate\\Pipeline\\{closure}(Object(Illuminate\\Http\\Request))
#84 /Users/aldyhelix/Projects/www/backend_rmi/vendor/laravel/framework/src/Illuminate/Pipeline/Pipeline.php(167): Illuminate\\Foundation\\Http\\Middleware\\ValidatePostSize->handle(Object(Illuminate\\Http\\Request), Object(Closure))
#85 /Users/aldyhelix/Projects/www/backend_rmi/vendor/laravel/framework/src/Illuminate/Foundation/Http/Middleware/PreventRequestsDuringMaintenance.php(86): Illuminate\\Pipeline\\Pipeline->Illuminate\\Pipeline\\{closure}(Object(Illuminate\\Http\\Request))
#86 /Users/aldyhelix/Projects/www/backend_rmi/vendor/laravel/framework/src/Illuminate/Pipeline/Pipeline.php(167): Illuminate\\Foundation\\Http\\Middleware\\PreventRequestsDuringMaintenance->handle(Object(Illuminate\\Http\\Request), Object(Closure))
#87 /Users/aldyhelix/Projects/www/backend_rmi/vendor/fruitcake/laravel-cors/src/HandleCors.php(38): Illuminate\\Pipeline\\Pipeline->Illuminate\\Pipeline\\{closure}(Object(Illuminate\\Http\\Request))
#88 /Users/aldyhelix/Projects/www/backend_rmi/vendor/laravel/framework/src/Illuminate/Pipeline/Pipeline.php(167): Fruitcake\\Cors\\HandleCors->handle(Object(Illuminate\\Http\\Request), Object(Closure))
#89 /Users/aldyhelix/Projects/www/backend_rmi/vendor/laravel/framework/src/Illuminate/Http/Middleware/TrustProxies.php(39): Illuminate\\Pipeline\\Pipeline->Illuminate\\Pipeline\\{closure}(Object(Illuminate\\Http\\Request))
#90 /Users/aldyhelix/Projects/www/backend_rmi/vendor/laravel/framework/src/Illuminate/Pipeline/Pipeline.php(167): Illuminate\\Http\\Middleware\\TrustProxies->handle(Object(Illuminate\\Http\\Request), Object(Closure))
#91 /Users/aldyhelix/Projects/www/backend_rmi/vendor/laravel/framework/src/Illuminate/Pipeline/Pipeline.php(103): Illuminate\\Pipeline\\Pipeline->Illuminate\\Pipeline\\{closure}(Object(Illuminate\\Http\\Request))
#92 /Users/aldyhelix/Projects/www/backend_rmi/vendor/laravel/framework/src/Illuminate/Foundation/Http/Kernel.php(142): Illuminate\\Pipeline\\Pipeline->then(Object(Closure))
#93 /Users/aldyhelix/Projects/www/backend_rmi/vendor/laravel/framework/src/Illuminate/Foundation/Http/Kernel.php(111): Illuminate\\Foundation\\Http\\Kernel->sendRequestThroughRouter(Object(Illuminate\\Http\\Request))
#94 /Users/aldyhelix/Projects/www/backend_rmi/public/index.php(58): Illuminate\\Foundation\\Http\\Kernel->handle(Object(Illuminate\\Http\\Request))
#95 /Applications/Herd.app/Contents/Resources/valet/server.php(153): require('/Users/aldyheli...')
#96 {main}

[previous exception] [object] (ErrorException(code: 0): Undefined variable $chart_data at /Users/aldyhelix/Projects/www/backend_rmi/storage/framework/views/3f1c0ad4503c21dfc054652aeb1d714409c74eb5.php:31)
[stacktrace]
#0 /Users/aldyhelix/Projects/www/backend_rmi/storage/framework/views/3f1c0ad4503c21dfc054652aeb1d714409c74eb5.php(31): Illuminate\\Foundation\\Bootstrap\\HandleExceptions->handleError(2, 'Undefined varia...', '/Users/aldyheli...', 31)
#1 /Users/aldyhelix/Projects/www/backend_rmi/vendor/livewire/livewire/src/ComponentConcerns/RendersLivewireComponents.php(83): include('/Users/aldyheli...')
#2 /Users/aldyhelix/Projects/www/backend_rmi/vendor/livewire/livewire/src/ComponentConcerns/RendersLivewireComponents.php(84): App\\Http\\Livewire\\Dashboard->Livewire\\ComponentConcerns\\{closure}()
#3 /Users/aldyhelix/Projects/www/backend_rmi/vendor/livewire/livewire/src/ComponentConcerns/RendersLivewireComponents.php(59): Livewire\\CompilerEngineForIgnition->evaluatePath('/Users/aldyheli...', Array)
#4 /Users/aldyhelix/Projects/www/backend_rmi/vendor/laravel/framework/src/Illuminate/View/View.php(139): Livewire\\CompilerEngineForIgnition->get('/Users/aldyheli...', Array)
#5 /Users/aldyhelix/Projects/www/backend_rmi/vendor/laravel/framework/src/Illuminate/View/View.php(122): Illuminate\\View\\View->getContents()
#6 /Users/aldyhelix/Projects/www/backend_rmi/vendor/laravel/framework/src/Illuminate/View/View.php(91): Illuminate\\View\\View->renderContents()
#7 /Users/aldyhelix/Projects/www/backend_rmi/vendor/laravel/framework/src/Illuminate/View/Concerns/ManagesComponents.php(100): Illuminate\\View\\View->render()
#8 /Users/aldyhelix/Projects/www/backend_rmi/storage/framework/views/f4899b702c6a16f1c873549d32bc50b1e46a780c.php(483): Illuminate\\View\\Factory->renderComponent()
#9 /Users/aldyhelix/Projects/www/backend_rmi/vendor/livewire/livewire/src/ComponentConcerns/RendersLivewireComponents.php(83): include('/Users/aldyheli...')
#10 /Users/aldyhelix/Projects/www/backend_rmi/vendor/livewire/livewire/src/ComponentConcerns/RendersLivewireComponents.php(84): App\\Http\\Livewire\\Dashboard->Livewire\\ComponentConcerns\\{closure}()
#11 /Users/aldyhelix/Projects/www/backend_rmi/vendor/livewire/livewire/src/ComponentConcerns/RendersLivewireComponents.php(59): Livewire\\CompilerEngineForIgnition->evaluatePath('/Users/aldyheli...', Array)
#12 /Users/aldyhelix/Projects/www/backend_rmi/vendor/laravel/framework/src/Illuminate/View/View.php(139): Livewire\\CompilerEngineForIgnition->get('/Users/aldyheli...', Array)
#13 /Users/aldyhelix/Projects/www/backend_rmi/vendor/laravel/framework/src/Illuminate/View/View.php(122): Illuminate\\View\\View->getContents()
#14 /Users/aldyhelix/Projects/www/backend_rmi/vendor/laravel/framework/src/Illuminate/View/View.php(91): Illuminate\\View\\View->renderContents()
#15 /Users/aldyhelix/Projects/www/backend_rmi/vendor/livewire/livewire/src/Component.php(235): Illuminate\\View\\View->render()
#16 /Users/aldyhelix/Projects/www/backend_rmi/vendor/livewire/livewire/src/HydrationMiddleware/RenderView.php(14): Livewire\\Component->output()
#17 /Users/aldyhelix/Projects/www/backend_rmi/vendor/livewire/livewire/src/LifecycleManager.php(141): Livewire\\HydrationMiddleware\\RenderView::dehydrate(Object(App\\Http\\Livewire\\Dashboard), Object(Livewire\\Response))
#18 /Users/aldyhelix/Projects/www/backend_rmi/vendor/livewire/livewire/src/LivewireManager.php(132): Livewire\\LifecycleManager->initialDehydrate()
#19 /Users/aldyhelix/Projects/www/backend_rmi/vendor/laravel/framework/src/Illuminate/Support/Facades/Facade.php(261): Livewire\\LivewireManager->mount('dashboard', Array)
#20 /Users/aldyhelix/Projects/www/backend_rmi/storage/framework/views/7614a377bf597da1c7ed67416eae576b7feee755.php(13): Illuminate\\Support\\Facades\\Facade::__callStatic('mount', Array)
#21 /Users/aldyhelix/Projects/www/backend_rmi/vendor/laravel/framework/src/Illuminate/Filesystem/Filesystem.php(107): require('/Users/aldyheli...')
#22 /Users/aldyhelix/Projects/www/backend_rmi/vendor/laravel/framework/src/Illuminate/Filesystem/Filesystem.php(108): Illuminate\\Filesystem\\Filesystem::Illuminate\\Filesystem\\{closure}()
#23 /Users/aldyhelix/Projects/www/backend_rmi/vendor/laravel/framework/src/Illuminate/View/Engines/PhpEngine.php(58): Illuminate\\Filesystem\\Filesystem->getRequire('/Users/aldyheli...', Array)
#24 /Users/aldyhelix/Projects/www/backend_rmi/vendor/livewire/livewire/src/ComponentConcerns/RendersLivewireComponents.php(69): Illuminate\\View\\Engines\\PhpEngine->evaluatePath('/Users/aldyheli...', Array)
#25 /Users/aldyhelix/Projects/www/backend_rmi/vendor/laravel/framework/src/Illuminate/View/Engines/CompilerEngine.php(61): Livewire\\CompilerEngineForIgnition->evaluatePath('/Users/aldyheli...', Array)
#26 /Users/aldyhelix/Projects/www/backend_rmi/vendor/facade/ignition/src/Views/Engines/CompilerEngine.php(37): Illuminate\\View\\Engines\\CompilerEngine->get('/Users/aldyheli...', Array)
#27 /Users/aldyhelix/Projects/www/backend_rmi/vendor/livewire/livewire/src/ComponentConcerns/RendersLivewireComponents.php(35): Facade\\Ignition\\Views\\Engines\\CompilerEngine->get('/Users/aldyheli...', Array)
#28 /Users/aldyhelix/Projects/www/backend_rmi/vendor/laravel/framework/src/Illuminate/View/View.php(139): Livewire\\CompilerEngineForIgnition->get('/Users/aldyheli...', Array)
#29 /Users/aldyhelix/Projects/www/backend_rmi/vendor/laravel/framework/src/Illuminate/View/View.php(122): Illuminate\\View\\View->getContents()
#30 /Users/aldyhelix/Projects/www/backend_rmi/vendor/laravel/framework/src/Illuminate/View/View.php(91): Illuminate\\View\\View->renderContents()
#31 /Users/aldyhelix/Projects/www/backend_rmi/vendor/laravel/framework/src/Illuminate/Http/Response.php(69): Illuminate\\View\\View->render()
#32 /Users/aldyhelix/Projects/www/backend_rmi/vendor/laravel/framework/src/Illuminate/Http/Response.php(35): Illuminate\\Http\\Response->setContent(Object(Illuminate\\View\\View))
#33 /Users/aldyhelix/Projects/www/backend_rmi/vendor/laravel/framework/src/Illuminate/Routing/Router.php(820): Illuminate\\Http\\Response->__construct(Object(Illuminate\\View\\View), 200, Array)
#34 /Users/aldyhelix/Projects/www/backend_rmi/vendor/laravel/framework/src/Illuminate/Routing/Router.php(789): Illuminate\\Routing\\Router::toResponse(Object(Illuminate\\Http\\Request), Object(Illuminate\\View\\View))
#35 /Users/aldyhelix/Projects/www/backend_rmi/vendor/laravel/framework/src/Illuminate/Routing/Router.php(720): Illuminate\\Routing\\Router->prepareResponse(Object(Illuminate\\Http\\Request), Object(Illuminate\\View\\View))
#36 /Users/aldyhelix/Projects/www/backend_rmi/vendor/laravel/framework/src/Illuminate/Pipeline/Pipeline.php(128): Illuminate\\Routing\\Router->Illuminate\\Routing\\{closure}(Object(Illuminate\\Http\\Request))
#37 /Users/aldyhelix/Projects/www/backend_rmi/app/Http/Middleware/DashboardSetup.php(22): Illuminate\\Pipeline\\Pipeline->Illuminate\\Pipeline\\{closure}(Object(Illuminate\\Http\\Request))
#38 /Users/aldyhelix/Projects/www/backend_rmi/vendor/laravel/framework/src/Illuminate/Pipeline/Pipeline.php(167): App\\Http\\Middleware\\DashboardSetup->handle(Object(Illuminate\\Http\\Request), Object(Closure))
#39 /Users/aldyhelix/Projects/www/backend_rmi/app/Http/Middleware/CheckIfBillingInfoRequired.php(24): Illuminate\\Pipeline\\Pipeline->Illuminate\\Pipeline\\{closure}(Object(Illuminate\\Http\\Request))
#40 /Users/aldyhelix/Projects/www/backend_rmi/vendor/laravel/framework/src/Illuminate/Pipeline/Pipeline.php(167): App\\Http\\Middleware\\CheckIfBillingInfoRequired->handle(Object(Illuminate\\Http\\Request), Object(Closure))
#41 /Users/aldyhelix/Projects/www/backend_rmi/app/Http/Middleware/VerifyUserIsSubscribed.php(25): Illuminate\\Pipeline\\Pipeline->Illuminate\\Pipeline\\{closure}(Object(Illuminate\\Http\\Request))
#42 /Users/aldyhelix/Projects/www/backend_rmi/vendor/laravel/framework/src/Illuminate/Pipeline/Pipeline.php(167): App\\Http\\Middleware\\VerifyUserIsSubscribed->handle(Object(Illuminate\\Http\\Request), Object(Closure))
#43 /Users/aldyhelix/Projects/www/backend_rmi/app/Http/Middleware/CookieConsentMiddleware.php(21): Illuminate\\Pipeline\\Pipeline->Illuminate\\Pipeline\\{closure}(Object(Illuminate\\Http\\Request))
#44 /Users/aldyhelix/Projects/www/backend_rmi/vendor/laravel/framework/src/Illuminate/Pipeline/Pipeline.php(167): App\\Http\\Middleware\\CookieConsentMiddleware->handle(Object(Illuminate\\Http\\Request), Object(Closure))
#45 /Users/aldyhelix/Projects/www/backend_rmi/app/Http/Middleware/Language.php(64): Illuminate\\Pipeline\\Pipeline->Illuminate\\Pipeline\\{closure}(Object(Illuminate\\Http\\Request))
#46 /Users/aldyhelix/Projects/www/backend_rmi/vendor/laravel/framework/src/Illuminate/Pipeline/Pipeline.php(167): App\\Http\\Middleware\\Language->handle(Object(Illuminate\\Http\\Request), Object(Closure))
#47 /Users/aldyhelix/Projects/www/backend_rmi/app/Http/Middleware/InitSettings.php(8): Illuminate\\Pipeline\\Pipeline->Illuminate\\Pipeline\\{closure}(Object(Illuminate\\Http\\Request))
#48 /Users/aldyhelix/Projects/www/backend_rmi/vendor/laravel/framework/src/Illuminate/Pipeline/Pipeline.php(167): App\\Http\\Middleware\\InitSettings->handle(Object(Illuminate\\Http\\Request), Object(Closure))
#49 /Users/aldyhelix/Projects/www/backend_rmi/vendor/laravel/framework/src/Illuminate/Routing/Middleware/SubstituteBindings.php(50): Illuminate\\Pipeline\\Pipeline->Illuminate\\Pipeline\\{closure}(Object(Illuminate\\Http\\Request))
#50 /Users/aldyhelix/Projects/www/backend_rmi/vendor/laravel/framework/src/Illuminate/Pipeline/Pipeline.php(167): Illuminate\\Routing\\Middleware\\SubstituteBindings->handle(Object(Illuminate\\Http\\Request), Object(Closure))
#51 /Users/aldyhelix/Projects/www/backend_rmi/vendor/laravel/framework/src/Illuminate/Auth/Middleware/Authenticate.php(44): Illuminate\\Pipeline\\Pipeline->Illuminate\\Pipeline\\{closure}(Object(Illuminate\\Http\\Request))
#52 /Users/aldyhelix/Projects/www/backend_rmi/vendor/laravel/framework/src/Illuminate/Pipeline/Pipeline.php(167): Illuminate\\Auth\\Middleware\\Authenticate->handle(Object(Illuminate\\Http\\Request), Object(Closure))
#53 /Users/aldyhelix/Projects/www/backend_rmi/vendor/laravel/framework/src/Illuminate/Foundation/Http/Middleware/VerifyCsrfToken.php(78): Illuminate\\Pipeline\\Pipeline->Illuminate\\Pipeline\\{closure}(Object(Illuminate\\Http\\Request))
#54 /Users/aldyhelix/Projects/www/backend_rmi/vendor/laravel/framework/src/Illuminate/Pipeline/Pipeline.php(167): Illuminate\\Foundation\\Http\\Middleware\\VerifyCsrfToken->handle(Object(Illuminate\\Http\\Request), Object(Closure))
#55 /Users/aldyhelix/Projects/www/backend_rmi/vendor/laravel/framework/src/Illuminate/View/Middleware/ShareErrorsFromSession.php(49): Illuminate\\Pipeline\\Pipeline->Illuminate\\Pipeline\\{closure}(Object(Illuminate\\Http\\Request))
#56 /Users/aldyhelix/Projects/www/backend_rmi/vendor/laravel/framework/src/Illuminate/Pipeline/Pipeline.php(167): Illuminate\\View\\Middleware\\ShareErrorsFromSession->handle(Object(Illuminate\\Http\\Request), Object(Closure))
#57 /Users/aldyhelix/Projects/www/backend_rmi/vendor/laravel/framework/src/Illuminate/Session/Middleware/StartSession.php(121): Illuminate\\Pipeline\\Pipeline->Illuminate\\Pipeline\\{closure}(Object(Illuminate\\Http\\Request))
#58 /Users/aldyhelix/Projects/www/backend_rmi/vendor/laravel/framework/src/Illuminate/Session/Middleware/StartSession.php(64): Illuminate\\Session\\Middleware\\StartSession->handleStatefulRequest(Object(Illuminate\\Http\\Request), Object(Illuminate\\Session\\EncryptedStore), Object(Closure))
#59 /Users/aldyhelix/Projects/www/backend_rmi/vendor/laravel/framework/src/Illuminate/Pipeline/Pipeline.php(167): Illuminate\\Session\\Middleware\\StartSession->handle(Object(Illuminate\\Http\\Request), Object(Closure))
#60 /Users/aldyhelix/Projects/www/backend_rmi/vendor/laravel/framework/src/Illuminate/Cookie/Middleware/AddQueuedCookiesToResponse.php(37): Illuminate\\Pipeline\\Pipeline->Illuminate\\Pipeline\\{closure}(Object(Illuminate\\Http\\Request))
#61 /Users/aldyhelix/Projects/www/backend_rmi/vendor/laravel/framework/src/Illuminate/Pipeline/Pipeline.php(167): Illuminate\\Cookie\\Middleware\\AddQueuedCookiesToResponse->handle(Object(Illuminate\\Http\\Request), Object(Closure))
#62 /Users/aldyhelix/Projects/www/backend_rmi/vendor/laravel/framework/src/Illuminate/Cookie/Middleware/EncryptCookies.php(67): Illuminate\\Pipeline\\Pipeline->Illuminate\\Pipeline\\{closure}(Object(Illuminate\\Http\\Request))
#63 /Users/aldyhelix/Projects/www/backend_rmi/vendor/laravel/framework/src/Illuminate/Pipeline/Pipeline.php(167): Illuminate\\Cookie\\Middleware\\EncryptCookies->handle(Object(Illuminate\\Http\\Request), Object(Closure))
#64 /Users/aldyhelix/Projects/www/backend_rmi/vendor/laravel/framework/src/Illuminate/Pipeline/Pipeline.php(103): Illuminate\\Pipeline\\Pipeline->Illuminate\\Pipeline\\{closure}(Object(Illuminate\\Http\\Request))
#65 /Users/aldyhelix/Projects/www/backend_rmi/vendor/laravel/framework/src/Illuminate/Routing/Router.php(719): Illuminate\\Pipeline\\Pipeline->then(Object(Closure))
#66 /Users/aldyhelix/Projects/www/backend_rmi/vendor/laravel/framework/src/Illuminate/Routing/Router.php(698): Illuminate\\Routing\\Router->runRouteWithinStack(Object(Illuminate\\Routing\\Route), Object(Illuminate\\Http\\Request))
#67 /Users/aldyhelix/Projects/www/backend_rmi/vendor/laravel/framework/src/Illuminate/Routing/Router.php(662): Illuminate\\Routing\\Router->runRoute(Object(Illuminate\\Http\\Request), Object(Illuminate\\Routing\\Route))
#68 /Users/aldyhelix/Projects/www/backend_rmi/vendor/laravel/framework/src/Illuminate/Routing/Router.php(651): Illuminate\\Routing\\Router->dispatchToRoute(Object(Illuminate\\Http\\Request))
#69 /Users/aldyhelix/Projects/www/backend_rmi/vendor/laravel/framework/src/Illuminate/Foundation/Http/Kernel.php(167): Illuminate\\Routing\\Router->dispatch(Object(Illuminate\\Http\\Request))
#70 /Users/aldyhelix/Projects/www/backend_rmi/vendor/laravel/framework/src/Illuminate/Pipeline/Pipeline.php(128): Illuminate\\Foundation\\Http\\Kernel->Illuminate\\Foundation\\Http\\{closure}(Object(Illuminate\\Http\\Request))
#71 /Users/aldyhelix/Projects/www/backend_rmi/vendor/livewire/livewire/src/DisableBrowserCache.php(19): Illuminate\\Pipeline\\Pipeline->Illuminate\\Pipeline\\{closure}(Object(Illuminate\\Http\\Request))
#72 /Users/aldyhelix/Projects/www/backend_rmi/vendor/laravel/framework/src/Illuminate/Pipeline/Pipeline.php(167): Livewire\\DisableBrowserCache->handle(Object(Illuminate\\Http\\Request), Object(Closure))
#73 /Users/aldyhelix/Projects/www/backend_rmi/vendor/barryvdh/laravel-debugbar/src/Middleware/InjectDebugbar.php(66): Illuminate\\Pipeline\\Pipeline->Illuminate\\Pipeline\\{closure}(Object(Illuminate\\Http\\Request))
#74 /Users/aldyhelix/Projects/www/backend_rmi/vendor/laravel/framework/src/Illuminate/Pipeline/Pipeline.php(167): Barryvdh\\Debugbar\\Middleware\\InjectDebugbar->handle(Object(Illuminate\\Http\\Request), Object(Closure))
#75 /Users/aldyhelix/Projects/www/backend_rmi/app/Http/Middleware/CheckForInstallation.php(19): Illuminate\\Pipeline\\Pipeline->Illuminate\\Pipeline\\{closure}(Object(Illuminate\\Http\\Request))
#76 /Users/aldyhelix/Projects/www/backend_rmi/vendor/laravel/framework/src/Illuminate/Pipeline/Pipeline.php(167): App\\Http\\Middleware\\CheckForInstallation->handle(Object(Illuminate\\Http\\Request), Object(Closure))
#77 /Users/aldyhelix/Projects/www/backend_rmi/vendor/laravel/framework/src/Illuminate/Foundation/Http/Middleware/TransformsRequest.php(21): Illuminate\\Pipeline\\Pipeline->Illuminate\\Pipeline\\{closure}(Object(Illuminate\\Http\\Request))
#78 /Users/aldyhelix/Projects/www/backend_rmi/vendor/laravel/framework/src/Illuminate/Foundation/Http/Middleware/ConvertEmptyStringsToNull.php(31): Illuminate\\Foundation\\Http\\Middleware\\TransformsRequest->handle(Object(Illuminate\\Http\\Request), Object(Closure))
#79 /Users/aldyhelix/Projects/www/backend_rmi/vendor/laravel/framework/src/Illuminate/Pipeline/Pipeline.php(167): Illuminate\\Foundation\\Http\\Middleware\\ConvertEmptyStringsToNull->handle(Object(Illuminate\\Http\\Request), Object(Closure))
#80 /Users/aldyhelix/Projects/www/backend_rmi/vendor/laravel/framework/src/Illuminate/Foundation/Http/Middleware/TransformsRequest.php(21): Illuminate\\Pipeline\\Pipeline->Illuminate\\Pipeline\\{closure}(Object(Illuminate\\Http\\Request))
#81 /Users/aldyhelix/Projects/www/backend_rmi/vendor/laravel/framework/src/Illuminate/Foundation/Http/Middleware/TrimStrings.php(40): Illuminate\\Foundation\\Http\\Middleware\\TransformsRequest->handle(Object(Illuminate\\Http\\Request), Object(Closure))
#82 /Users/aldyhelix/Projects/www/backend_rmi/vendor/laravel/framework/src/Illuminate/Pipeline/Pipeline.php(167): Illuminate\\Foundation\\Http\\Middleware\\TrimStrings->handle(Object(Illuminate\\Http\\Request), Object(Closure))
#83 /Users/aldyhelix/Projects/www/backend_rmi/vendor/laravel/framework/src/Illuminate/Foundation/Http/Middleware/ValidatePostSize.php(27): Illuminate\\Pipeline\\Pipeline->Illuminate\\Pipeline\\{closure}(Object(Illuminate\\Http\\Request))
#84 /Users/aldyhelix/Projects/www/backend_rmi/vendor/laravel/framework/src/Illuminate/Pipeline/Pipeline.php(167): Illuminate\\Foundation\\Http\\Middleware\\ValidatePostSize->handle(Object(Illuminate\\Http\\Request), Object(Closure))
#85 /Users/aldyhelix/Projects/www/backend_rmi/vendor/laravel/framework/src/Illuminate/Foundation/Http/Middleware/PreventRequestsDuringMaintenance.php(86): Illuminate\\Pipeline\\Pipeline->Illuminate\\Pipeline\\{closure}(Object(Illuminate\\Http\\Request))
#86 /Users/aldyhelix/Projects/www/backend_rmi/vendor/laravel/framework/src/Illuminate/Pipeline/Pipeline.php(167): Illuminate\\Foundation\\Http\\Middleware\\PreventRequestsDuringMaintenance->handle(Object(Illuminate\\Http\\Request), Object(Closure))
#87 /Users/aldyhelix/Projects/www/backend_rmi/vendor/fruitcake/laravel-cors/src/HandleCors.php(38): Illuminate\\Pipeline\\Pipeline->Illuminate\\Pipeline\\{closure}(Object(Illuminate\\Http\\Request))
#88 /Users/aldyhelix/Projects/www/backend_rmi/vendor/laravel/framework/src/Illuminate/Pipeline/Pipeline.php(167): Fruitcake\\Cors\\HandleCors->handle(Object(Illuminate\\Http\\Request), Object(Closure))
#89 /Users/aldyhelix/Projects/www/backend_rmi/vendor/laravel/framework/src/Illuminate/Http/Middleware/TrustProxies.php(39): Illuminate\\Pipeline\\Pipeline->Illuminate\\Pipeline\\{closure}(Object(Illuminate\\Http\\Request))
#90 /Users/aldyhelix/Projects/www/backend_rmi/vendor/laravel/framework/src/Illuminate/Pipeline/Pipeline.php(167): Illuminate\\Http\\Middleware\\TrustProxies->handle(Object(Illuminate\\Http\\Request), Object(Closure))
#91 /Users/aldyhelix/Projects/www/backend_rmi/vendor/laravel/framework/src/Illuminate/Pipeline/Pipeline.php(103): Illuminate\\Pipeline\\Pipeline->Illuminate\\Pipeline\\{closure}(Object(Illuminate\\Http\\Request))
#92 /Users/aldyhelix/Projects/www/backend_rmi/vendor/laravel/framework/src/Illuminate/Foundation/Http/Kernel.php(142): Illuminate\\Pipeline\\Pipeline->then(Object(Closure))
#93 /Users/aldyhelix/Projects/www/backend_rmi/vendor/laravel/framework/src/Illuminate/Foundation/Http/Kernel.php(111): Illuminate\\Foundation\\Http\\Kernel->sendRequestThroughRouter(Object(Illuminate\\Http\\Request))
#94 /Users/aldyhelix/Projects/www/backend_rmi/public/index.php(58): Illuminate\\Foundation\\Http\\Kernel->handle(Object(Illuminate\\Http\\Request))
#95 /Applications/Herd.app/Contents/Resources/valet/server.php(153): require('/Users/aldyheli...')
#96 {main}
"} 
[2024-06-09 17:35:56] production.ERROR: Undefined variable $chartData (View: /Users/aldyhelix/Projects/www/backend_rmi/resources/views/components/p-o-chart.blade.php) {"view":{"view":"/Users/aldyhelix/Projects/www/backend_rmi/storage/framework/views/658ff8180bf7b0a81f7086d252bc14cbbb488153.php","data":[]},"userId":1,"exception":"[object] (Facade\\Ignition\\Exceptions\\ViewException(code: 0): Undefined variable $chartData (View: /Users/aldyhelix/Projects/www/backend_rmi/resources/views/components/p-o-chart.blade.php) at /Users/aldyhelix/Projects/www/backend_rmi/storage/framework/views/658ff8180bf7b0a81f7086d252bc14cbbb488153.php:26)
[stacktrace]
#0 /Users/aldyhelix/Projects/www/backend_rmi/storage/framework/views/658ff8180bf7b0a81f7086d252bc14cbbb488153.php(26): Illuminate\\Foundation\\Bootstrap\\HandleExceptions->handleError(2, 'Undefined varia...', '/Users/aldyheli...', 26)
#1 /Users/aldyhelix/Projects/www/backend_rmi/vendor/livewire/livewire/src/ComponentConcerns/RendersLivewireComponents.php(83): include('/Users/aldyheli...')
#2 /Users/aldyhelix/Projects/www/backend_rmi/vendor/livewire/livewire/src/ComponentConcerns/RendersLivewireComponents.php(84): App\\Http\\Livewire\\Dashboard->Livewire\\ComponentConcerns\\{closure}()
#3 /Users/aldyhelix/Projects/www/backend_rmi/vendor/livewire/livewire/src/ComponentConcerns/RendersLivewireComponents.php(59): Livewire\\CompilerEngineForIgnition->evaluatePath('/Users/aldyheli...', Array)
#4 /Users/aldyhelix/Projects/www/backend_rmi/vendor/laravel/framework/src/Illuminate/View/View.php(139): Livewire\\CompilerEngineForIgnition->get('/Users/aldyheli...', Array)
#5 /Users/aldyhelix/Projects/www/backend_rmi/vendor/laravel/framework/src/Illuminate/View/View.php(122): Illuminate\\View\\View->getContents()
#6 /Users/aldyhelix/Projects/www/backend_rmi/vendor/laravel/framework/src/Illuminate/View/View.php(91): Illuminate\\View\\View->renderContents()
#7 /Users/aldyhelix/Projects/www/backend_rmi/vendor/laravel/framework/src/Illuminate/View/Concerns/ManagesComponents.php(100): Illuminate\\View\\View->render()
#8 /Users/aldyhelix/Projects/www/backend_rmi/storage/framework/views/f4899b702c6a16f1c873549d32bc50b1e46a780c.php(459): Illuminate\\View\\Factory->renderComponent()
#9 /Users/aldyhelix/Projects/www/backend_rmi/vendor/livewire/livewire/src/ComponentConcerns/RendersLivewireComponents.php(83): include('/Users/aldyheli...')
#10 /Users/aldyhelix/Projects/www/backend_rmi/vendor/livewire/livewire/src/ComponentConcerns/RendersLivewireComponents.php(84): App\\Http\\Livewire\\Dashboard->Livewire\\ComponentConcerns\\{closure}()
#11 /Users/aldyhelix/Projects/www/backend_rmi/vendor/livewire/livewire/src/ComponentConcerns/RendersLivewireComponents.php(59): Livewire\\CompilerEngineForIgnition->evaluatePath('/Users/aldyheli...', Array)
#12 /Users/aldyhelix/Projects/www/backend_rmi/vendor/laravel/framework/src/Illuminate/View/View.php(139): Livewire\\CompilerEngineForIgnition->get('/Users/aldyheli...', Array)
#13 /Users/aldyhelix/Projects/www/backend_rmi/vendor/laravel/framework/src/Illuminate/View/View.php(122): Illuminate\\View\\View->getContents()
#14 /Users/aldyhelix/Projects/www/backend_rmi/vendor/laravel/framework/src/Illuminate/View/View.php(91): Illuminate\\View\\View->renderContents()
#15 /Users/aldyhelix/Projects/www/backend_rmi/vendor/livewire/livewire/src/Component.php(235): Illuminate\\View\\View->render()
#16 /Users/aldyhelix/Projects/www/backend_rmi/vendor/livewire/livewire/src/HydrationMiddleware/RenderView.php(14): Livewire\\Component->output()
#17 /Users/aldyhelix/Projects/www/backend_rmi/vendor/livewire/livewire/src/LifecycleManager.php(141): Livewire\\HydrationMiddleware\\RenderView::dehydrate(Object(App\\Http\\Livewire\\Dashboard), Object(Livewire\\Response))
#18 /Users/aldyhelix/Projects/www/backend_rmi/vendor/livewire/livewire/src/LivewireManager.php(132): Livewire\\LifecycleManager->initialDehydrate()
#19 /Users/aldyhelix/Projects/www/backend_rmi/vendor/laravel/framework/src/Illuminate/Support/Facades/Facade.php(261): Livewire\\LivewireManager->mount('dashboard', Array)
#20 /Users/aldyhelix/Projects/www/backend_rmi/resources/views/admin/dashboard/platform.blade.php(13): Illuminate\\Support\\Facades\\Facade::__callStatic('mount', Array)
#21 /Users/aldyhelix/Projects/www/backend_rmi/vendor/laravel/framework/src/Illuminate/Filesystem/Filesystem.php(107): require('/Users/aldyheli...')
#22 /Users/aldyhelix/Projects/www/backend_rmi/vendor/laravel/framework/src/Illuminate/Filesystem/Filesystem.php(108): Illuminate\\Filesystem\\Filesystem::Illuminate\\Filesystem\\{closure}()
#23 /Users/aldyhelix/Projects/www/backend_rmi/vendor/laravel/framework/src/Illuminate/View/Engines/PhpEngine.php(58): Illuminate\\Filesystem\\Filesystem->getRequire('/Users/aldyheli...', Array)
#24 /Users/aldyhelix/Projects/www/backend_rmi/vendor/livewire/livewire/src/ComponentConcerns/RendersLivewireComponents.php(69): Illuminate\\View\\Engines\\PhpEngine->evaluatePath('/Users/aldyheli...', Array)
#25 /Users/aldyhelix/Projects/www/backend_rmi/vendor/laravel/framework/src/Illuminate/View/Engines/CompilerEngine.php(61): Livewire\\CompilerEngineForIgnition->evaluatePath('/Users/aldyheli...', Array)
#26 /Users/aldyhelix/Projects/www/backend_rmi/vendor/facade/ignition/src/Views/Engines/CompilerEngine.php(37): Illuminate\\View\\Engines\\CompilerEngine->get('/Users/aldyheli...', Array)
#27 /Users/aldyhelix/Projects/www/backend_rmi/vendor/livewire/livewire/src/ComponentConcerns/RendersLivewireComponents.php(35): Facade\\Ignition\\Views\\Engines\\CompilerEngine->get('/Users/aldyheli...', Array)
#28 /Users/aldyhelix/Projects/www/backend_rmi/vendor/laravel/framework/src/Illuminate/View/View.php(139): Livewire\\CompilerEngineForIgnition->get('/Users/aldyheli...', Array)
#29 /Users/aldyhelix/Projects/www/backend_rmi/vendor/laravel/framework/src/Illuminate/View/View.php(122): Illuminate\\View\\View->getContents()
#30 /Users/aldyhelix/Projects/www/backend_rmi/vendor/laravel/framework/src/Illuminate/View/View.php(91): Illuminate\\View\\View->renderContents()
#31 /Users/aldyhelix/Projects/www/backend_rmi/vendor/laravel/framework/src/Illuminate/Http/Response.php(69): Illuminate\\View\\View->render()
#32 /Users/aldyhelix/Projects/www/backend_rmi/vendor/laravel/framework/src/Illuminate/Http/Response.php(35): Illuminate\\Http\\Response->setContent(Object(Illuminate\\View\\View))
#33 /Users/aldyhelix/Projects/www/backend_rmi/vendor/laravel/framework/src/Illuminate/Routing/Router.php(820): Illuminate\\Http\\Response->__construct(Object(Illuminate\\View\\View), 200, Array)
#34 /Users/aldyhelix/Projects/www/backend_rmi/vendor/laravel/framework/src/Illuminate/Routing/Router.php(789): Illuminate\\Routing\\Router::toResponse(Object(Illuminate\\Http\\Request), Object(Illuminate\\View\\View))
#35 /Users/aldyhelix/Projects/www/backend_rmi/vendor/laravel/framework/src/Illuminate/Routing/Router.php(720): Illuminate\\Routing\\Router->prepareResponse(Object(Illuminate\\Http\\Request), Object(Illuminate\\View\\View))
#36 /Users/aldyhelix/Projects/www/backend_rmi/vendor/laravel/framework/src/Illuminate/Pipeline/Pipeline.php(128): Illuminate\\Routing\\Router->Illuminate\\Routing\\{closure}(Object(Illuminate\\Http\\Request))
#37 /Users/aldyhelix/Projects/www/backend_rmi/app/Http/Middleware/DashboardSetup.php(22): Illuminate\\Pipeline\\Pipeline->Illuminate\\Pipeline\\{closure}(Object(Illuminate\\Http\\Request))
#38 /Users/aldyhelix/Projects/www/backend_rmi/vendor/laravel/framework/src/Illuminate/Pipeline/Pipeline.php(167): App\\Http\\Middleware\\DashboardSetup->handle(Object(Illuminate\\Http\\Request), Object(Closure))
#39 /Users/aldyhelix/Projects/www/backend_rmi/app/Http/Middleware/CheckIfBillingInfoRequired.php(24): Illuminate\\Pipeline\\Pipeline->Illuminate\\Pipeline\\{closure}(Object(Illuminate\\Http\\Request))
#40 /Users/aldyhelix/Projects/www/backend_rmi/vendor/laravel/framework/src/Illuminate/Pipeline/Pipeline.php(167): App\\Http\\Middleware\\CheckIfBillingInfoRequired->handle(Object(Illuminate\\Http\\Request), Object(Closure))
#41 /Users/aldyhelix/Projects/www/backend_rmi/app/Http/Middleware/VerifyUserIsSubscribed.php(25): Illuminate\\Pipeline\\Pipeline->Illuminate\\Pipeline\\{closure}(Object(Illuminate\\Http\\Request))
#42 /Users/aldyhelix/Projects/www/backend_rmi/vendor/laravel/framework/src/Illuminate/Pipeline/Pipeline.php(167): App\\Http\\Middleware\\VerifyUserIsSubscribed->handle(Object(Illuminate\\Http\\Request), Object(Closure))
#43 /Users/aldyhelix/Projects/www/backend_rmi/app/Http/Middleware/CookieConsentMiddleware.php(21): Illuminate\\Pipeline\\Pipeline->Illuminate\\Pipeline\\{closure}(Object(Illuminate\\Http\\Request))
#44 /Users/aldyhelix/Projects/www/backend_rmi/vendor/laravel/framework/src/Illuminate/Pipeline/Pipeline.php(167): App\\Http\\Middleware\\CookieConsentMiddleware->handle(Object(Illuminate\\Http\\Request), Object(Closure))
#45 /Users/aldyhelix/Projects/www/backend_rmi/app/Http/Middleware/Language.php(64): Illuminate\\Pipeline\\Pipeline->Illuminate\\Pipeline\\{closure}(Object(Illuminate\\Http\\Request))
#46 /Users/aldyhelix/Projects/www/backend_rmi/vendor/laravel/framework/src/Illuminate/Pipeline/Pipeline.php(167): App\\Http\\Middleware\\Language->handle(Object(Illuminate\\Http\\Request), Object(Closure))
#47 /Users/aldyhelix/Projects/www/backend_rmi/app/Http/Middleware/InitSettings.php(8): Illuminate\\Pipeline\\Pipeline->Illuminate\\Pipeline\\{closure}(Object(Illuminate\\Http\\Request))
#48 /Users/aldyhelix/Projects/www/backend_rmi/vendor/laravel/framework/src/Illuminate/Pipeline/Pipeline.php(167): App\\Http\\Middleware\\InitSettings->handle(Object(Illuminate\\Http\\Request), Object(Closure))
#49 /Users/aldyhelix/Projects/www/backend_rmi/vendor/laravel/framework/src/Illuminate/Routing/Middleware/SubstituteBindings.php(50): Illuminate\\Pipeline\\Pipeline->Illuminate\\Pipeline\\{closure}(Object(Illuminate\\Http\\Request))
#50 /Users/aldyhelix/Projects/www/backend_rmi/vendor/laravel/framework/src/Illuminate/Pipeline/Pipeline.php(167): Illuminate\\Routing\\Middleware\\SubstituteBindings->handle(Object(Illuminate\\Http\\Request), Object(Closure))
#51 /Users/aldyhelix/Projects/www/backend_rmi/vendor/laravel/framework/src/Illuminate/Auth/Middleware/Authenticate.php(44): Illuminate\\Pipeline\\Pipeline->Illuminate\\Pipeline\\{closure}(Object(Illuminate\\Http\\Request))
#52 /Users/aldyhelix/Projects/www/backend_rmi/vendor/laravel/framework/src/Illuminate/Pipeline/Pipeline.php(167): Illuminate\\Auth\\Middleware\\Authenticate->handle(Object(Illuminate\\Http\\Request), Object(Closure))
#53 /Users/aldyhelix/Projects/www/backend_rmi/vendor/laravel/framework/src/Illuminate/Foundation/Http/Middleware/VerifyCsrfToken.php(78): Illuminate\\Pipeline\\Pipeline->Illuminate\\Pipeline\\{closure}(Object(Illuminate\\Http\\Request))
#54 /Users/aldyhelix/Projects/www/backend_rmi/vendor/laravel/framework/src/Illuminate/Pipeline/Pipeline.php(167): Illuminate\\Foundation\\Http\\Middleware\\VerifyCsrfToken->handle(Object(Illuminate\\Http\\Request), Object(Closure))
#55 /Users/aldyhelix/Projects/www/backend_rmi/vendor/laravel/framework/src/Illuminate/View/Middleware/ShareErrorsFromSession.php(49): Illuminate\\Pipeline\\Pipeline->Illuminate\\Pipeline\\{closure}(Object(Illuminate\\Http\\Request))
#56 /Users/aldyhelix/Projects/www/backend_rmi/vendor/laravel/framework/src/Illuminate/Pipeline/Pipeline.php(167): Illuminate\\View\\Middleware\\ShareErrorsFromSession->handle(Object(Illuminate\\Http\\Request), Object(Closure))
#57 /Users/aldyhelix/Projects/www/backend_rmi/vendor/laravel/framework/src/Illuminate/Session/Middleware/StartSession.php(121): Illuminate\\Pipeline\\Pipeline->Illuminate\\Pipeline\\{closure}(Object(Illuminate\\Http\\Request))
#58 /Users/aldyhelix/Projects/www/backend_rmi/vendor/laravel/framework/src/Illuminate/Session/Middleware/StartSession.php(64): Illuminate\\Session\\Middleware\\StartSession->handleStatefulRequest(Object(Illuminate\\Http\\Request), Object(Illuminate\\Session\\EncryptedStore), Object(Closure))
#59 /Users/aldyhelix/Projects/www/backend_rmi/vendor/laravel/framework/src/Illuminate/Pipeline/Pipeline.php(167): Illuminate\\Session\\Middleware\\StartSession->handle(Object(Illuminate\\Http\\Request), Object(Closure))
#60 /Users/aldyhelix/Projects/www/backend_rmi/vendor/laravel/framework/src/Illuminate/Cookie/Middleware/AddQueuedCookiesToResponse.php(37): Illuminate\\Pipeline\\Pipeline->Illuminate\\Pipeline\\{closure}(Object(Illuminate\\Http\\Request))
#61 /Users/aldyhelix/Projects/www/backend_rmi/vendor/laravel/framework/src/Illuminate/Pipeline/Pipeline.php(167): Illuminate\\Cookie\\Middleware\\AddQueuedCookiesToResponse->handle(Object(Illuminate\\Http\\Request), Object(Closure))
#62 /Users/aldyhelix/Projects/www/backend_rmi/vendor/laravel/framework/src/Illuminate/Cookie/Middleware/EncryptCookies.php(67): Illuminate\\Pipeline\\Pipeline->Illuminate\\Pipeline\\{closure}(Object(Illuminate\\Http\\Request))
#63 /Users/aldyhelix/Projects/www/backend_rmi/vendor/laravel/framework/src/Illuminate/Pipeline/Pipeline.php(167): Illuminate\\Cookie\\Middleware\\EncryptCookies->handle(Object(Illuminate\\Http\\Request), Object(Closure))
#64 /Users/aldyhelix/Projects/www/backend_rmi/vendor/laravel/framework/src/Illuminate/Pipeline/Pipeline.php(103): Illuminate\\Pipeline\\Pipeline->Illuminate\\Pipeline\\{closure}(Object(Illuminate\\Http\\Request))
#65 /Users/aldyhelix/Projects/www/backend_rmi/vendor/laravel/framework/src/Illuminate/Routing/Router.php(719): Illuminate\\Pipeline\\Pipeline->then(Object(Closure))
#66 /Users/aldyhelix/Projects/www/backend_rmi/vendor/laravel/framework/src/Illuminate/Routing/Router.php(698): Illuminate\\Routing\\Router->runRouteWithinStack(Object(Illuminate\\Routing\\Route), Object(Illuminate\\Http\\Request))
#67 /Users/aldyhelix/Projects/www/backend_rmi/vendor/laravel/framework/src/Illuminate/Routing/Router.php(662): Illuminate\\Routing\\Router->runRoute(Object(Illuminate\\Http\\Request), Object(Illuminate\\Routing\\Route))
#68 /Users/aldyhelix/Projects/www/backend_rmi/vendor/laravel/framework/src/Illuminate/Routing/Router.php(651): Illuminate\\Routing\\Router->dispatchToRoute(Object(Illuminate\\Http\\Request))
#69 /Users/aldyhelix/Projects/www/backend_rmi/vendor/laravel/framework/src/Illuminate/Foundation/Http/Kernel.php(167): Illuminate\\Routing\\Router->dispatch(Object(Illuminate\\Http\\Request))
#70 /Users/aldyhelix/Projects/www/backend_rmi/vendor/laravel/framework/src/Illuminate/Pipeline/Pipeline.php(128): Illuminate\\Foundation\\Http\\Kernel->Illuminate\\Foundation\\Http\\{closure}(Object(Illuminate\\Http\\Request))
#71 /Users/aldyhelix/Projects/www/backend_rmi/vendor/livewire/livewire/src/DisableBrowserCache.php(19): Illuminate\\Pipeline\\Pipeline->Illuminate\\Pipeline\\{closure}(Object(Illuminate\\Http\\Request))
#72 /Users/aldyhelix/Projects/www/backend_rmi/vendor/laravel/framework/src/Illuminate/Pipeline/Pipeline.php(167): Livewire\\DisableBrowserCache->handle(Object(Illuminate\\Http\\Request), Object(Closure))
#73 /Users/aldyhelix/Projects/www/backend_rmi/vendor/barryvdh/laravel-debugbar/src/Middleware/InjectDebugbar.php(66): Illuminate\\Pipeline\\Pipeline->Illuminate\\Pipeline\\{closure}(Object(Illuminate\\Http\\Request))
#74 /Users/aldyhelix/Projects/www/backend_rmi/vendor/laravel/framework/src/Illuminate/Pipeline/Pipeline.php(167): Barryvdh\\Debugbar\\Middleware\\InjectDebugbar->handle(Object(Illuminate\\Http\\Request), Object(Closure))
#75 /Users/aldyhelix/Projects/www/backend_rmi/app/Http/Middleware/CheckForInstallation.php(19): Illuminate\\Pipeline\\Pipeline->Illuminate\\Pipeline\\{closure}(Object(Illuminate\\Http\\Request))
#76 /Users/aldyhelix/Projects/www/backend_rmi/vendor/laravel/framework/src/Illuminate/Pipeline/Pipeline.php(167): App\\Http\\Middleware\\CheckForInstallation->handle(Object(Illuminate\\Http\\Request), Object(Closure))
#77 /Users/aldyhelix/Projects/www/backend_rmi/vendor/laravel/framework/src/Illuminate/Foundation/Http/Middleware/TransformsRequest.php(21): Illuminate\\Pipeline\\Pipeline->Illuminate\\Pipeline\\{closure}(Object(Illuminate\\Http\\Request))
#78 /Users/aldyhelix/Projects/www/backend_rmi/vendor/laravel/framework/src/Illuminate/Foundation/Http/Middleware/ConvertEmptyStringsToNull.php(31): Illuminate\\Foundation\\Http\\Middleware\\TransformsRequest->handle(Object(Illuminate\\Http\\Request), Object(Closure))
#79 /Users/aldyhelix/Projects/www/backend_rmi/vendor/laravel/framework/src/Illuminate/Pipeline/Pipeline.php(167): Illuminate\\Foundation\\Http\\Middleware\\ConvertEmptyStringsToNull->handle(Object(Illuminate\\Http\\Request), Object(Closure))
#80 /Users/aldyhelix/Projects/www/backend_rmi/vendor/laravel/framework/src/Illuminate/Foundation/Http/Middleware/TransformsRequest.php(21): Illuminate\\Pipeline\\Pipeline->Illuminate\\Pipeline\\{closure}(Object(Illuminate\\Http\\Request))
#81 /Users/aldyhelix/Projects/www/backend_rmi/vendor/laravel/framework/src/Illuminate/Foundation/Http/Middleware/TrimStrings.php(40): Illuminate\\Foundation\\Http\\Middleware\\TransformsRequest->handle(Object(Illuminate\\Http\\Request), Object(Closure))
#82 /Users/aldyhelix/Projects/www/backend_rmi/vendor/laravel/framework/src/Illuminate/Pipeline/Pipeline.php(167): Illuminate\\Foundation\\Http\\Middleware\\TrimStrings->handle(Object(Illuminate\\Http\\Request), Object(Closure))
#83 /Users/aldyhelix/Projects/www/backend_rmi/vendor/laravel/framework/src/Illuminate/Foundation/Http/Middleware/ValidatePostSize.php(27): Illuminate\\Pipeline\\Pipeline->Illuminate\\Pipeline\\{closure}(Object(Illuminate\\Http\\Request))
#84 /Users/aldyhelix/Projects/www/backend_rmi/vendor/laravel/framework/src/Illuminate/Pipeline/Pipeline.php(167): Illuminate\\Foundation\\Http\\Middleware\\ValidatePostSize->handle(Object(Illuminate\\Http\\Request), Object(Closure))
#85 /Users/aldyhelix/Projects/www/backend_rmi/vendor/laravel/framework/src/Illuminate/Foundation/Http/Middleware/PreventRequestsDuringMaintenance.php(86): Illuminate\\Pipeline\\Pipeline->Illuminate\\Pipeline\\{closure}(Object(Illuminate\\Http\\Request))
#86 /Users/aldyhelix/Projects/www/backend_rmi/vendor/laravel/framework/src/Illuminate/Pipeline/Pipeline.php(167): Illuminate\\Foundation\\Http\\Middleware\\PreventRequestsDuringMaintenance->handle(Object(Illuminate\\Http\\Request), Object(Closure))
#87 /Users/aldyhelix/Projects/www/backend_rmi/vendor/fruitcake/laravel-cors/src/HandleCors.php(38): Illuminate\\Pipeline\\Pipeline->Illuminate\\Pipeline\\{closure}(Object(Illuminate\\Http\\Request))
#88 /Users/aldyhelix/Projects/www/backend_rmi/vendor/laravel/framework/src/Illuminate/Pipeline/Pipeline.php(167): Fruitcake\\Cors\\HandleCors->handle(Object(Illuminate\\Http\\Request), Object(Closure))
#89 /Users/aldyhelix/Projects/www/backend_rmi/vendor/laravel/framework/src/Illuminate/Http/Middleware/TrustProxies.php(39): Illuminate\\Pipeline\\Pipeline->Illuminate\\Pipeline\\{closure}(Object(Illuminate\\Http\\Request))
#90 /Users/aldyhelix/Projects/www/backend_rmi/vendor/laravel/framework/src/Illuminate/Pipeline/Pipeline.php(167): Illuminate\\Http\\Middleware\\TrustProxies->handle(Object(Illuminate\\Http\\Request), Object(Closure))
#91 /Users/aldyhelix/Projects/www/backend_rmi/vendor/laravel/framework/src/Illuminate/Pipeline/Pipeline.php(103): Illuminate\\Pipeline\\Pipeline->Illuminate\\Pipeline\\{closure}(Object(Illuminate\\Http\\Request))
#92 /Users/aldyhelix/Projects/www/backend_rmi/vendor/laravel/framework/src/Illuminate/Foundation/Http/Kernel.php(142): Illuminate\\Pipeline\\Pipeline->then(Object(Closure))
#93 /Users/aldyhelix/Projects/www/backend_rmi/vendor/laravel/framework/src/Illuminate/Foundation/Http/Kernel.php(111): Illuminate\\Foundation\\Http\\Kernel->sendRequestThroughRouter(Object(Illuminate\\Http\\Request))
#94 /Users/aldyhelix/Projects/www/backend_rmi/public/index.php(58): Illuminate\\Foundation\\Http\\Kernel->handle(Object(Illuminate\\Http\\Request))
#95 /Applications/Herd.app/Contents/Resources/valet/server.php(153): require('/Users/aldyheli...')
#96 {main}

[previous exception] [object] (ErrorException(code: 0): Undefined variable $chartData at /Users/aldyhelix/Projects/www/backend_rmi/storage/framework/views/658ff8180bf7b0a81f7086d252bc14cbbb488153.php:26)
[stacktrace]
#0 /Users/aldyhelix/Projects/www/backend_rmi/storage/framework/views/658ff8180bf7b0a81f7086d252bc14cbbb488153.php(26): Illuminate\\Foundation\\Bootstrap\\HandleExceptions->handleError(2, 'Undefined varia...', '/Users/aldyheli...', 26)
#1 /Users/aldyhelix/Projects/www/backend_rmi/vendor/livewire/livewire/src/ComponentConcerns/RendersLivewireComponents.php(83): include('/Users/aldyheli...')
#2 /Users/aldyhelix/Projects/www/backend_rmi/vendor/livewire/livewire/src/ComponentConcerns/RendersLivewireComponents.php(84): App\\Http\\Livewire\\Dashboard->Livewire\\ComponentConcerns\\{closure}()
#3 /Users/aldyhelix/Projects/www/backend_rmi/vendor/livewire/livewire/src/ComponentConcerns/RendersLivewireComponents.php(59): Livewire\\CompilerEngineForIgnition->evaluatePath('/Users/aldyheli...', Array)
#4 /Users/aldyhelix/Projects/www/backend_rmi/vendor/laravel/framework/src/Illuminate/View/View.php(139): Livewire\\CompilerEngineForIgnition->get('/Users/aldyheli...', Array)
#5 /Users/aldyhelix/Projects/www/backend_rmi/vendor/laravel/framework/src/Illuminate/View/View.php(122): Illuminate\\View\\View->getContents()
#6 /Users/aldyhelix/Projects/www/backend_rmi/vendor/laravel/framework/src/Illuminate/View/View.php(91): Illuminate\\View\\View->renderContents()
#7 /Users/aldyhelix/Projects/www/backend_rmi/vendor/laravel/framework/src/Illuminate/View/Concerns/ManagesComponents.php(100): Illuminate\\View\\View->render()
#8 /Users/aldyhelix/Projects/www/backend_rmi/storage/framework/views/f4899b702c6a16f1c873549d32bc50b1e46a780c.php(459): Illuminate\\View\\Factory->renderComponent()
#9 /Users/aldyhelix/Projects/www/backend_rmi/vendor/livewire/livewire/src/ComponentConcerns/RendersLivewireComponents.php(83): include('/Users/aldyheli...')
#10 /Users/aldyhelix/Projects/www/backend_rmi/vendor/livewire/livewire/src/ComponentConcerns/RendersLivewireComponents.php(84): App\\Http\\Livewire\\Dashboard->Livewire\\ComponentConcerns\\{closure}()
#11 /Users/aldyhelix/Projects/www/backend_rmi/vendor/livewire/livewire/src/ComponentConcerns/RendersLivewireComponents.php(59): Livewire\\CompilerEngineForIgnition->evaluatePath('/Users/aldyheli...', Array)
#12 /Users/aldyhelix/Projects/www/backend_rmi/vendor/laravel/framework/src/Illuminate/View/View.php(139): Livewire\\CompilerEngineForIgnition->get('/Users/aldyheli...', Array)
#13 /Users/aldyhelix/Projects/www/backend_rmi/vendor/laravel/framework/src/Illuminate/View/View.php(122): Illuminate\\View\\View->getContents()
#14 /Users/aldyhelix/Projects/www/backend_rmi/vendor/laravel/framework/src/Illuminate/View/View.php(91): Illuminate\\View\\View->renderContents()
#15 /Users/aldyhelix/Projects/www/backend_rmi/vendor/livewire/livewire/src/Component.php(235): Illuminate\\View\\View->render()
#16 /Users/aldyhelix/Projects/www/backend_rmi/vendor/livewire/livewire/src/HydrationMiddleware/RenderView.php(14): Livewire\\Component->output()
#17 /Users/aldyhelix/Projects/www/backend_rmi/vendor/livewire/livewire/src/LifecycleManager.php(141): Livewire\\HydrationMiddleware\\RenderView::dehydrate(Object(App\\Http\\Livewire\\Dashboard), Object(Livewire\\Response))
#18 /Users/aldyhelix/Projects/www/backend_rmi/vendor/livewire/livewire/src/LivewireManager.php(132): Livewire\\LifecycleManager->initialDehydrate()
#19 /Users/aldyhelix/Projects/www/backend_rmi/vendor/laravel/framework/src/Illuminate/Support/Facades/Facade.php(261): Livewire\\LivewireManager->mount('dashboard', Array)
#20 /Users/aldyhelix/Projects/www/backend_rmi/storage/framework/views/7614a377bf597da1c7ed67416eae576b7feee755.php(13): Illuminate\\Support\\Facades\\Facade::__callStatic('mount', Array)
#21 /Users/aldyhelix/Projects/www/backend_rmi/vendor/laravel/framework/src/Illuminate/Filesystem/Filesystem.php(107): require('/Users/aldyheli...')
#22 /Users/aldyhelix/Projects/www/backend_rmi/vendor/laravel/framework/src/Illuminate/Filesystem/Filesystem.php(108): Illuminate\\Filesystem\\Filesystem::Illuminate\\Filesystem\\{closure}()
#23 /Users/aldyhelix/Projects/www/backend_rmi/vendor/laravel/framework/src/Illuminate/View/Engines/PhpEngine.php(58): Illuminate\\Filesystem\\Filesystem->getRequire('/Users/aldyheli...', Array)
#24 /Users/aldyhelix/Projects/www/backend_rmi/vendor/livewire/livewire/src/ComponentConcerns/RendersLivewireComponents.php(69): Illuminate\\View\\Engines\\PhpEngine->evaluatePath('/Users/aldyheli...', Array)
#25 /Users/aldyhelix/Projects/www/backend_rmi/vendor/laravel/framework/src/Illuminate/View/Engines/CompilerEngine.php(61): Livewire\\CompilerEngineForIgnition->evaluatePath('/Users/aldyheli...', Array)
#26 /Users/aldyhelix/Projects/www/backend_rmi/vendor/facade/ignition/src/Views/Engines/CompilerEngine.php(37): Illuminate\\View\\Engines\\CompilerEngine->get('/Users/aldyheli...', Array)
#27 /Users/aldyhelix/Projects/www/backend_rmi/vendor/livewire/livewire/src/ComponentConcerns/RendersLivewireComponents.php(35): Facade\\Ignition\\Views\\Engines\\CompilerEngine->get('/Users/aldyheli...', Array)
#28 /Users/aldyhelix/Projects/www/backend_rmi/vendor/laravel/framework/src/Illuminate/View/View.php(139): Livewire\\CompilerEngineForIgnition->get('/Users/aldyheli...', Array)
#29 /Users/aldyhelix/Projects/www/backend_rmi/vendor/laravel/framework/src/Illuminate/View/View.php(122): Illuminate\\View\\View->getContents()
#30 /Users/aldyhelix/Projects/www/backend_rmi/vendor/laravel/framework/src/Illuminate/View/View.php(91): Illuminate\\View\\View->renderContents()
#31 /Users/aldyhelix/Projects/www/backend_rmi/vendor/laravel/framework/src/Illuminate/Http/Response.php(69): Illuminate\\View\\View->render()
#32 /Users/aldyhelix/Projects/www/backend_rmi/vendor/laravel/framework/src/Illuminate/Http/Response.php(35): Illuminate\\Http\\Response->setContent(Object(Illuminate\\View\\View))
#33 /Users/aldyhelix/Projects/www/backend_rmi/vendor/laravel/framework/src/Illuminate/Routing/Router.php(820): Illuminate\\Http\\Response->__construct(Object(Illuminate\\View\\View), 200, Array)
#34 /Users/aldyhelix/Projects/www/backend_rmi/vendor/laravel/framework/src/Illuminate/Routing/Router.php(789): Illuminate\\Routing\\Router::toResponse(Object(Illuminate\\Http\\Request), Object(Illuminate\\View\\View))
#35 /Users/aldyhelix/Projects/www/backend_rmi/vendor/laravel/framework/src/Illuminate/Routing/Router.php(720): Illuminate\\Routing\\Router->prepareResponse(Object(Illuminate\\Http\\Request), Object(Illuminate\\View\\View))
#36 /Users/aldyhelix/Projects/www/backend_rmi/vendor/laravel/framework/src/Illuminate/Pipeline/Pipeline.php(128): Illuminate\\Routing\\Router->Illuminate\\Routing\\{closure}(Object(Illuminate\\Http\\Request))
#37 /Users/aldyhelix/Projects/www/backend_rmi/app/Http/Middleware/DashboardSetup.php(22): Illuminate\\Pipeline\\Pipeline->Illuminate\\Pipeline\\{closure}(Object(Illuminate\\Http\\Request))
#38 /Users/aldyhelix/Projects/www/backend_rmi/vendor/laravel/framework/src/Illuminate/Pipeline/Pipeline.php(167): App\\Http\\Middleware\\DashboardSetup->handle(Object(Illuminate\\Http\\Request), Object(Closure))
#39 /Users/aldyhelix/Projects/www/backend_rmi/app/Http/Middleware/CheckIfBillingInfoRequired.php(24): Illuminate\\Pipeline\\Pipeline->Illuminate\\Pipeline\\{closure}(Object(Illuminate\\Http\\Request))
#40 /Users/aldyhelix/Projects/www/backend_rmi/vendor/laravel/framework/src/Illuminate/Pipeline/Pipeline.php(167): App\\Http\\Middleware\\CheckIfBillingInfoRequired->handle(Object(Illuminate\\Http\\Request), Object(Closure))
#41 /Users/aldyhelix/Projects/www/backend_rmi/app/Http/Middleware/VerifyUserIsSubscribed.php(25): Illuminate\\Pipeline\\Pipeline->Illuminate\\Pipeline\\{closure}(Object(Illuminate\\Http\\Request))
#42 /Users/aldyhelix/Projects/www/backend_rmi/vendor/laravel/framework/src/Illuminate/Pipeline/Pipeline.php(167): App\\Http\\Middleware\\VerifyUserIsSubscribed->handle(Object(Illuminate\\Http\\Request), Object(Closure))
#43 /Users/aldyhelix/Projects/www/backend_rmi/app/Http/Middleware/CookieConsentMiddleware.php(21): Illuminate\\Pipeline\\Pipeline->Illuminate\\Pipeline\\{closure}(Object(Illuminate\\Http\\Request))
#44 /Users/aldyhelix/Projects/www/backend_rmi/vendor/laravel/framework/src/Illuminate/Pipeline/Pipeline.php(167): App\\Http\\Middleware\\CookieConsentMiddleware->handle(Object(Illuminate\\Http\\Request), Object(Closure))
#45 /Users/aldyhelix/Projects/www/backend_rmi/app/Http/Middleware/Language.php(64): Illuminate\\Pipeline\\Pipeline->Illuminate\\Pipeline\\{closure}(Object(Illuminate\\Http\\Request))
#46 /Users/aldyhelix/Projects/www/backend_rmi/vendor/laravel/framework/src/Illuminate/Pipeline/Pipeline.php(167): App\\Http\\Middleware\\Language->handle(Object(Illuminate\\Http\\Request), Object(Closure))
#47 /Users/aldyhelix/Projects/www/backend_rmi/app/Http/Middleware/InitSettings.php(8): Illuminate\\Pipeline\\Pipeline->Illuminate\\Pipeline\\{closure}(Object(Illuminate\\Http\\Request))
#48 /Users/aldyhelix/Projects/www/backend_rmi/vendor/laravel/framework/src/Illuminate/Pipeline/Pipeline.php(167): App\\Http\\Middleware\\InitSettings->handle(Object(Illuminate\\Http\\Request), Object(Closure))
#49 /Users/aldyhelix/Projects/www/backend_rmi/vendor/laravel/framework/src/Illuminate/Routing/Middleware/SubstituteBindings.php(50): Illuminate\\Pipeline\\Pipeline->Illuminate\\Pipeline\\{closure}(Object(Illuminate\\Http\\Request))
#50 /Users/aldyhelix/Projects/www/backend_rmi/vendor/laravel/framework/src/Illuminate/Pipeline/Pipeline.php(167): Illuminate\\Routing\\Middleware\\SubstituteBindings->handle(Object(Illuminate\\Http\\Request), Object(Closure))
#51 /Users/aldyhelix/Projects/www/backend_rmi/vendor/laravel/framework/src/Illuminate/Auth/Middleware/Authenticate.php(44): Illuminate\\Pipeline\\Pipeline->Illuminate\\Pipeline\\{closure}(Object(Illuminate\\Http\\Request))
#52 /Users/aldyhelix/Projects/www/backend_rmi/vendor/laravel/framework/src/Illuminate/Pipeline/Pipeline.php(167): Illuminate\\Auth\\Middleware\\Authenticate->handle(Object(Illuminate\\Http\\Request), Object(Closure))
#53 /Users/aldyhelix/Projects/www/backend_rmi/vendor/laravel/framework/src/Illuminate/Foundation/Http/Middleware/VerifyCsrfToken.php(78): Illuminate\\Pipeline\\Pipeline->Illuminate\\Pipeline\\{closure}(Object(Illuminate\\Http\\Request))
#54 /Users/aldyhelix/Projects/www/backend_rmi/vendor/laravel/framework/src/Illuminate/Pipeline/Pipeline.php(167): Illuminate\\Foundation\\Http\\Middleware\\VerifyCsrfToken->handle(Object(Illuminate\\Http\\Request), Object(Closure))
#55 /Users/aldyhelix/Projects/www/backend_rmi/vendor/laravel/framework/src/Illuminate/View/Middleware/ShareErrorsFromSession.php(49): Illuminate\\Pipeline\\Pipeline->Illuminate\\Pipeline\\{closure}(Object(Illuminate\\Http\\Request))
#56 /Users/aldyhelix/Projects/www/backend_rmi/vendor/laravel/framework/src/Illuminate/Pipeline/Pipeline.php(167): Illuminate\\View\\Middleware\\ShareErrorsFromSession->handle(Object(Illuminate\\Http\\Request), Object(Closure))
#57 /Users/aldyhelix/Projects/www/backend_rmi/vendor/laravel/framework/src/Illuminate/Session/Middleware/StartSession.php(121): Illuminate\\Pipeline\\Pipeline->Illuminate\\Pipeline\\{closure}(Object(Illuminate\\Http\\Request))
#58 /Users/aldyhelix/Projects/www/backend_rmi/vendor/laravel/framework/src/Illuminate/Session/Middleware/StartSession.php(64): Illuminate\\Session\\Middleware\\StartSession->handleStatefulRequest(Object(Illuminate\\Http\\Request), Object(Illuminate\\Session\\EncryptedStore), Object(Closure))
#59 /Users/aldyhelix/Projects/www/backend_rmi/vendor/laravel/framework/src/Illuminate/Pipeline/Pipeline.php(167): Illuminate\\Session\\Middleware\\StartSession->handle(Object(Illuminate\\Http\\Request), Object(Closure))
#60 /Users/aldyhelix/Projects/www/backend_rmi/vendor/laravel/framework/src/Illuminate/Cookie/Middleware/AddQueuedCookiesToResponse.php(37): Illuminate\\Pipeline\\Pipeline->Illuminate\\Pipeline\\{closure}(Object(Illuminate\\Http\\Request))
#61 /Users/aldyhelix/Projects/www/backend_rmi/vendor/laravel/framework/src/Illuminate/Pipeline/Pipeline.php(167): Illuminate\\Cookie\\Middleware\\AddQueuedCookiesToResponse->handle(Object(Illuminate\\Http\\Request), Object(Closure))
#62 /Users/aldyhelix/Projects/www/backend_rmi/vendor/laravel/framework/src/Illuminate/Cookie/Middleware/EncryptCookies.php(67): Illuminate\\Pipeline\\Pipeline->Illuminate\\Pipeline\\{closure}(Object(Illuminate\\Http\\Request))
#63 /Users/aldyhelix/Projects/www/backend_rmi/vendor/laravel/framework/src/Illuminate/Pipeline/Pipeline.php(167): Illuminate\\Cookie\\Middleware\\EncryptCookies->handle(Object(Illuminate\\Http\\Request), Object(Closure))
#64 /Users/aldyhelix/Projects/www/backend_rmi/vendor/laravel/framework/src/Illuminate/Pipeline/Pipeline.php(103): Illuminate\\Pipeline\\Pipeline->Illuminate\\Pipeline\\{closure}(Object(Illuminate\\Http\\Request))
#65 /Users/aldyhelix/Projects/www/backend_rmi/vendor/laravel/framework/src/Illuminate/Routing/Router.php(719): Illuminate\\Pipeline\\Pipeline->then(Object(Closure))
#66 /Users/aldyhelix/Projects/www/backend_rmi/vendor/laravel/framework/src/Illuminate/Routing/Router.php(698): Illuminate\\Routing\\Router->runRouteWithinStack(Object(Illuminate\\Routing\\Route), Object(Illuminate\\Http\\Request))
#67 /Users/aldyhelix/Projects/www/backend_rmi/vendor/laravel/framework/src/Illuminate/Routing/Router.php(662): Illuminate\\Routing\\Router->runRoute(Object(Illuminate\\Http\\Request), Object(Illuminate\\Routing\\Route))
#68 /Users/aldyhelix/Projects/www/backend_rmi/vendor/laravel/framework/src/Illuminate/Routing/Router.php(651): Illuminate\\Routing\\Router->dispatchToRoute(Object(Illuminate\\Http\\Request))
#69 /Users/aldyhelix/Projects/www/backend_rmi/vendor/laravel/framework/src/Illuminate/Foundation/Http/Kernel.php(167): Illuminate\\Routing\\Router->dispatch(Object(Illuminate\\Http\\Request))
#70 /Users/aldyhelix/Projects/www/backend_rmi/vendor/laravel/framework/src/Illuminate/Pipeline/Pipeline.php(128): Illuminate\\Foundation\\Http\\Kernel->Illuminate\\Foundation\\Http\\{closure}(Object(Illuminate\\Http\\Request))
#71 /Users/aldyhelix/Projects/www/backend_rmi/vendor/livewire/livewire/src/DisableBrowserCache.php(19): Illuminate\\Pipeline\\Pipeline->Illuminate\\Pipeline\\{closure}(Object(Illuminate\\Http\\Request))
#72 /Users/aldyhelix/Projects/www/backend_rmi/vendor/laravel/framework/src/Illuminate/Pipeline/Pipeline.php(167): Livewire\\DisableBrowserCache->handle(Object(Illuminate\\Http\\Request), Object(Closure))
#73 /Users/aldyhelix/Projects/www/backend_rmi/vendor/barryvdh/laravel-debugbar/src/Middleware/InjectDebugbar.php(66): Illuminate\\Pipeline\\Pipeline->Illuminate\\Pipeline\\{closure}(Object(Illuminate\\Http\\Request))
#74 /Users/aldyhelix/Projects/www/backend_rmi/vendor/laravel/framework/src/Illuminate/Pipeline/Pipeline.php(167): Barryvdh\\Debugbar\\Middleware\\InjectDebugbar->handle(Object(Illuminate\\Http\\Request), Object(Closure))
#75 /Users/aldyhelix/Projects/www/backend_rmi/app/Http/Middleware/CheckForInstallation.php(19): Illuminate\\Pipeline\\Pipeline->Illuminate\\Pipeline\\{closure}(Object(Illuminate\\Http\\Request))
#76 /Users/aldyhelix/Projects/www/backend_rmi/vendor/laravel/framework/src/Illuminate/Pipeline/Pipeline.php(167): App\\Http\\Middleware\\CheckForInstallation->handle(Object(Illuminate\\Http\\Request), Object(Closure))
#77 /Users/aldyhelix/Projects/www/backend_rmi/vendor/laravel/framework/src/Illuminate/Foundation/Http/Middleware/TransformsRequest.php(21): Illuminate\\Pipeline\\Pipeline->Illuminate\\Pipeline\\{closure}(Object(Illuminate\\Http\\Request))
#78 /Users/aldyhelix/Projects/www/backend_rmi/vendor/laravel/framework/src/Illuminate/Foundation/Http/Middleware/ConvertEmptyStringsToNull.php(31): Illuminate\\Foundation\\Http\\Middleware\\TransformsRequest->handle(Object(Illuminate\\Http\\Request), Object(Closure))
#79 /Users/aldyhelix/Projects/www/backend_rmi/vendor/laravel/framework/src/Illuminate/Pipeline/Pipeline.php(167): Illuminate\\Foundation\\Http\\Middleware\\ConvertEmptyStringsToNull->handle(Object(Illuminate\\Http\\Request), Object(Closure))
#80 /Users/aldyhelix/Projects/www/backend_rmi/vendor/laravel/framework/src/Illuminate/Foundation/Http/Middleware/TransformsRequest.php(21): Illuminate\\Pipeline\\Pipeline->Illuminate\\Pipeline\\{closure}(Object(Illuminate\\Http\\Request))
#81 /Users/aldyhelix/Projects/www/backend_rmi/vendor/laravel/framework/src/Illuminate/Foundation/Http/Middleware/TrimStrings.php(40): Illuminate\\Foundation\\Http\\Middleware\\TransformsRequest->handle(Object(Illuminate\\Http\\Request), Object(Closure))
#82 /Users/aldyhelix/Projects/www/backend_rmi/vendor/laravel/framework/src/Illuminate/Pipeline/Pipeline.php(167): Illuminate\\Foundation\\Http\\Middleware\\TrimStrings->handle(Object(Illuminate\\Http\\Request), Object(Closure))
#83 /Users/aldyhelix/Projects/www/backend_rmi/vendor/laravel/framework/src/Illuminate/Foundation/Http/Middleware/ValidatePostSize.php(27): Illuminate\\Pipeline\\Pipeline->Illuminate\\Pipeline\\{closure}(Object(Illuminate\\Http\\Request))
#84 /Users/aldyhelix/Projects/www/backend_rmi/vendor/laravel/framework/src/Illuminate/Pipeline/Pipeline.php(167): Illuminate\\Foundation\\Http\\Middleware\\ValidatePostSize->handle(Object(Illuminate\\Http\\Request), Object(Closure))
#85 /Users/aldyhelix/Projects/www/backend_rmi/vendor/laravel/framework/src/Illuminate/Foundation/Http/Middleware/PreventRequestsDuringMaintenance.php(86): Illuminate\\Pipeline\\Pipeline->Illuminate\\Pipeline\\{closure}(Object(Illuminate\\Http\\Request))
#86 /Users/aldyhelix/Projects/www/backend_rmi/vendor/laravel/framework/src/Illuminate/Pipeline/Pipeline.php(167): Illuminate\\Foundation\\Http\\Middleware\\PreventRequestsDuringMaintenance->handle(Object(Illuminate\\Http\\Request), Object(Closure))
#87 /Users/aldyhelix/Projects/www/backend_rmi/vendor/fruitcake/laravel-cors/src/HandleCors.php(38): Illuminate\\Pipeline\\Pipeline->Illuminate\\Pipeline\\{closure}(Object(Illuminate\\Http\\Request))
#88 /Users/aldyhelix/Projects/www/backend_rmi/vendor/laravel/framework/src/Illuminate/Pipeline/Pipeline.php(167): Fruitcake\\Cors\\HandleCors->handle(Object(Illuminate\\Http\\Request), Object(Closure))
#89 /Users/aldyhelix/Projects/www/backend_rmi/vendor/laravel/framework/src/Illuminate/Http/Middleware/TrustProxies.php(39): Illuminate\\Pipeline\\Pipeline->Illuminate\\Pipeline\\{closure}(Object(Illuminate\\Http\\Request))
#90 /Users/aldyhelix/Projects/www/backend_rmi/vendor/laravel/framework/src/Illuminate/Pipeline/Pipeline.php(167): Illuminate\\Http\\Middleware\\TrustProxies->handle(Object(Illuminate\\Http\\Request), Object(Closure))
#91 /Users/aldyhelix/Projects/www/backend_rmi/vendor/laravel/framework/src/Illuminate/Pipeline/Pipeline.php(103): Illuminate\\Pipeline\\Pipeline->Illuminate\\Pipeline\\{closure}(Object(Illuminate\\Http\\Request))
#92 /Users/aldyhelix/Projects/www/backend_rmi/vendor/laravel/framework/src/Illuminate/Foundation/Http/Kernel.php(142): Illuminate\\Pipeline\\Pipeline->then(Object(Closure))
#93 /Users/aldyhelix/Projects/www/backend_rmi/vendor/laravel/framework/src/Illuminate/Foundation/Http/Kernel.php(111): Illuminate\\Foundation\\Http\\Kernel->sendRequestThroughRouter(Object(Illuminate\\Http\\Request))
#94 /Users/aldyhelix/Projects/www/backend_rmi/public/index.php(58): Illuminate\\Foundation\\Http\\Kernel->handle(Object(Illuminate\\Http\\Request))
#95 /Applications/Herd.app/Contents/Resources/valet/server.php(153): require('/Users/aldyheli...')
#96 {main}
"} 
[2024-06-09 18:07:06] production.ERROR: syntax error, unexpected token "<" (View: /Users/aldyhelix/Projects/www/backend_rmi/resources/views/livewire/dashboard.blade.php) {"view":{"view":"/Users/aldyhelix/Projects/www/backend_rmi/storage/framework/views/f4899b702c6a16f1c873549d32bc50b1e46a780c.php","data":[]},"userId":1,"exception":"[object] (Facade\\Ignition\\Exceptions\\ViewException(code: 0): syntax error, unexpected token \"<\" (View: /Users/aldyhelix/Projects/www/backend_rmi/resources/views/livewire/dashboard.blade.php) at /Users/aldyhelix/Projects/www/backend_rmi/storage/framework/views/f4899b702c6a16f1c873549d32bc50b1e46a780c.php:659)
[stacktrace]
#0 /Users/aldyhelix/Projects/www/backend_rmi/vendor/livewire/livewire/src/ComponentConcerns/RendersLivewireComponents.php(84): App\\Http\\Livewire\\Dashboard->Livewire\\ComponentConcerns\\{closure}()
#1 /Users/aldyhelix/Projects/www/backend_rmi/vendor/livewire/livewire/src/ComponentConcerns/RendersLivewireComponents.php(59): Livewire\\CompilerEngineForIgnition->evaluatePath('/Users/aldyheli...', Array)
#2 /Users/aldyhelix/Projects/www/backend_rmi/vendor/laravel/framework/src/Illuminate/View/View.php(139): Livewire\\CompilerEngineForIgnition->get('/Users/aldyheli...', Array)
#3 /Users/aldyhelix/Projects/www/backend_rmi/vendor/laravel/framework/src/Illuminate/View/View.php(122): Illuminate\\View\\View->getContents()
#4 /Users/aldyhelix/Projects/www/backend_rmi/vendor/laravel/framework/src/Illuminate/View/View.php(91): Illuminate\\View\\View->renderContents()
#5 /Users/aldyhelix/Projects/www/backend_rmi/vendor/livewire/livewire/src/Component.php(235): Illuminate\\View\\View->render()
#6 /Users/aldyhelix/Projects/www/backend_rmi/vendor/livewire/livewire/src/HydrationMiddleware/RenderView.php(14): Livewire\\Component->output()
#7 /Users/aldyhelix/Projects/www/backend_rmi/vendor/livewire/livewire/src/LifecycleManager.php(141): Livewire\\HydrationMiddleware\\RenderView::dehydrate(Object(App\\Http\\Livewire\\Dashboard), Object(Livewire\\Response))
#8 /Users/aldyhelix/Projects/www/backend_rmi/vendor/livewire/livewire/src/LivewireManager.php(132): Livewire\\LifecycleManager->initialDehydrate()
#9 /Users/aldyhelix/Projects/www/backend_rmi/vendor/laravel/framework/src/Illuminate/Support/Facades/Facade.php(261): Livewire\\LivewireManager->mount('dashboard', Array)
#10 /Users/aldyhelix/Projects/www/backend_rmi/resources/views/admin/dashboard/platform.blade.php(13): Illuminate\\Support\\Facades\\Facade::__callStatic('mount', Array)
#11 /Users/aldyhelix/Projects/www/backend_rmi/vendor/laravel/framework/src/Illuminate/Filesystem/Filesystem.php(107): require('/Users/aldyheli...')
#12 /Users/aldyhelix/Projects/www/backend_rmi/vendor/laravel/framework/src/Illuminate/Filesystem/Filesystem.php(108): Illuminate\\Filesystem\\Filesystem::Illuminate\\Filesystem\\{closure}()
#13 /Users/aldyhelix/Projects/www/backend_rmi/vendor/laravel/framework/src/Illuminate/View/Engines/PhpEngine.php(58): Illuminate\\Filesystem\\Filesystem->getRequire('/Users/aldyheli...', Array)
#14 /Users/aldyhelix/Projects/www/backend_rmi/vendor/livewire/livewire/src/ComponentConcerns/RendersLivewireComponents.php(69): Illuminate\\View\\Engines\\PhpEngine->evaluatePath('/Users/aldyheli...', Array)
#15 /Users/aldyhelix/Projects/www/backend_rmi/vendor/laravel/framework/src/Illuminate/View/Engines/CompilerEngine.php(61): Livewire\\CompilerEngineForIgnition->evaluatePath('/Users/aldyheli...', Array)
#16 /Users/aldyhelix/Projects/www/backend_rmi/vendor/facade/ignition/src/Views/Engines/CompilerEngine.php(37): Illuminate\\View\\Engines\\CompilerEngine->get('/Users/aldyheli...', Array)
#17 /Users/aldyhelix/Projects/www/backend_rmi/vendor/livewire/livewire/src/ComponentConcerns/RendersLivewireComponents.php(35): Facade\\Ignition\\Views\\Engines\\CompilerEngine->get('/Users/aldyheli...', Array)
#18 /Users/aldyhelix/Projects/www/backend_rmi/vendor/laravel/framework/src/Illuminate/View/View.php(139): Livewire\\CompilerEngineForIgnition->get('/Users/aldyheli...', Array)
#19 /Users/aldyhelix/Projects/www/backend_rmi/vendor/laravel/framework/src/Illuminate/View/View.php(122): Illuminate\\View\\View->getContents()
#20 /Users/aldyhelix/Projects/www/backend_rmi/vendor/laravel/framework/src/Illuminate/View/View.php(91): Illuminate\\View\\View->renderContents()
#21 /Users/aldyhelix/Projects/www/backend_rmi/vendor/laravel/framework/src/Illuminate/Http/Response.php(69): Illuminate\\View\\View->render()
#22 /Users/aldyhelix/Projects/www/backend_rmi/vendor/laravel/framework/src/Illuminate/Http/Response.php(35): Illuminate\\Http\\Response->setContent(Object(Illuminate\\View\\View))
#23 /Users/aldyhelix/Projects/www/backend_rmi/vendor/laravel/framework/src/Illuminate/Routing/Router.php(820): Illuminate\\Http\\Response->__construct(Object(Illuminate\\View\\View), 200, Array)
#24 /Users/aldyhelix/Projects/www/backend_rmi/vendor/laravel/framework/src/Illuminate/Routing/Router.php(789): Illuminate\\Routing\\Router::toResponse(Object(Illuminate\\Http\\Request), Object(Illuminate\\View\\View))
#25 /Users/aldyhelix/Projects/www/backend_rmi/vendor/laravel/framework/src/Illuminate/Routing/Router.php(720): Illuminate\\Routing\\Router->prepareResponse(Object(Illuminate\\Http\\Request), Object(Illuminate\\View\\View))
#26 /Users/aldyhelix/Projects/www/backend_rmi/vendor/laravel/framework/src/Illuminate/Pipeline/Pipeline.php(128): Illuminate\\Routing\\Router->Illuminate\\Routing\\{closure}(Object(Illuminate\\Http\\Request))
#27 /Users/aldyhelix/Projects/www/backend_rmi/app/Http/Middleware/DashboardSetup.php(22): Illuminate\\Pipeline\\Pipeline->Illuminate\\Pipeline\\{closure}(Object(Illuminate\\Http\\Request))
#28 /Users/aldyhelix/Projects/www/backend_rmi/vendor/laravel/framework/src/Illuminate/Pipeline/Pipeline.php(167): App\\Http\\Middleware\\DashboardSetup->handle(Object(Illuminate\\Http\\Request), Object(Closure))
#29 /Users/aldyhelix/Projects/www/backend_rmi/app/Http/Middleware/CheckIfBillingInfoRequired.php(24): Illuminate\\Pipeline\\Pipeline->Illuminate\\Pipeline\\{closure}(Object(Illuminate\\Http\\Request))
#30 /Users/aldyhelix/Projects/www/backend_rmi/vendor/laravel/framework/src/Illuminate/Pipeline/Pipeline.php(167): App\\Http\\Middleware\\CheckIfBillingInfoRequired->handle(Object(Illuminate\\Http\\Request), Object(Closure))
#31 /Users/aldyhelix/Projects/www/backend_rmi/app/Http/Middleware/VerifyUserIsSubscribed.php(25): Illuminate\\Pipeline\\Pipeline->Illuminate\\Pipeline\\{closure}(Object(Illuminate\\Http\\Request))
#32 /Users/aldyhelix/Projects/www/backend_rmi/vendor/laravel/framework/src/Illuminate/Pipeline/Pipeline.php(167): App\\Http\\Middleware\\VerifyUserIsSubscribed->handle(Object(Illuminate\\Http\\Request), Object(Closure))
#33 /Users/aldyhelix/Projects/www/backend_rmi/app/Http/Middleware/CookieConsentMiddleware.php(21): Illuminate\\Pipeline\\Pipeline->Illuminate\\Pipeline\\{closure}(Object(Illuminate\\Http\\Request))
#34 /Users/aldyhelix/Projects/www/backend_rmi/vendor/laravel/framework/src/Illuminate/Pipeline/Pipeline.php(167): App\\Http\\Middleware\\CookieConsentMiddleware->handle(Object(Illuminate\\Http\\Request), Object(Closure))
#35 /Users/aldyhelix/Projects/www/backend_rmi/app/Http/Middleware/Language.php(64): Illuminate\\Pipeline\\Pipeline->Illuminate\\Pipeline\\{closure}(Object(Illuminate\\Http\\Request))
#36 /Users/aldyhelix/Projects/www/backend_rmi/vendor/laravel/framework/src/Illuminate/Pipeline/Pipeline.php(167): App\\Http\\Middleware\\Language->handle(Object(Illuminate\\Http\\Request), Object(Closure))
#37 /Users/aldyhelix/Projects/www/backend_rmi/app/Http/Middleware/InitSettings.php(8): Illuminate\\Pipeline\\Pipeline->Illuminate\\Pipeline\\{closure}(Object(Illuminate\\Http\\Request))
#38 /Users/aldyhelix/Projects/www/backend_rmi/vendor/laravel/framework/src/Illuminate/Pipeline/Pipeline.php(167): App\\Http\\Middleware\\InitSettings->handle(Object(Illuminate\\Http\\Request), Object(Closure))
#39 /Users/aldyhelix/Projects/www/backend_rmi/vendor/laravel/framework/src/Illuminate/Routing/Middleware/SubstituteBindings.php(50): Illuminate\\Pipeline\\Pipeline->Illuminate\\Pipeline\\{closure}(Object(Illuminate\\Http\\Request))
#40 /Users/aldyhelix/Projects/www/backend_rmi/vendor/laravel/framework/src/Illuminate/Pipeline/Pipeline.php(167): Illuminate\\Routing\\Middleware\\SubstituteBindings->handle(Object(Illuminate\\Http\\Request), Object(Closure))
#41 /Users/aldyhelix/Projects/www/backend_rmi/vendor/laravel/framework/src/Illuminate/Auth/Middleware/Authenticate.php(44): Illuminate\\Pipeline\\Pipeline->Illuminate\\Pipeline\\{closure}(Object(Illuminate\\Http\\Request))
#42 /Users/aldyhelix/Projects/www/backend_rmi/vendor/laravel/framework/src/Illuminate/Pipeline/Pipeline.php(167): Illuminate\\Auth\\Middleware\\Authenticate->handle(Object(Illuminate\\Http\\Request), Object(Closure))
#43 /Users/aldyhelix/Projects/www/backend_rmi/vendor/laravel/framework/src/Illuminate/Foundation/Http/Middleware/VerifyCsrfToken.php(78): Illuminate\\Pipeline\\Pipeline->Illuminate\\Pipeline\\{closure}(Object(Illuminate\\Http\\Request))
#44 /Users/aldyhelix/Projects/www/backend_rmi/vendor/laravel/framework/src/Illuminate/Pipeline/Pipeline.php(167): Illuminate\\Foundation\\Http\\Middleware\\VerifyCsrfToken->handle(Object(Illuminate\\Http\\Request), Object(Closure))
#45 /Users/aldyhelix/Projects/www/backend_rmi/vendor/laravel/framework/src/Illuminate/View/Middleware/ShareErrorsFromSession.php(49): Illuminate\\Pipeline\\Pipeline->Illuminate\\Pipeline\\{closure}(Object(Illuminate\\Http\\Request))
#46 /Users/aldyhelix/Projects/www/backend_rmi/vendor/laravel/framework/src/Illuminate/Pipeline/Pipeline.php(167): Illuminate\\View\\Middleware\\ShareErrorsFromSession->handle(Object(Illuminate\\Http\\Request), Object(Closure))
#47 /Users/aldyhelix/Projects/www/backend_rmi/vendor/laravel/framework/src/Illuminate/Session/Middleware/StartSession.php(121): Illuminate\\Pipeline\\Pipeline->Illuminate\\Pipeline\\{closure}(Object(Illuminate\\Http\\Request))
#48 /Users/aldyhelix/Projects/www/backend_rmi/vendor/laravel/framework/src/Illuminate/Session/Middleware/StartSession.php(64): Illuminate\\Session\\Middleware\\StartSession->handleStatefulRequest(Object(Illuminate\\Http\\Request), Object(Illuminate\\Session\\EncryptedStore), Object(Closure))
#49 /Users/aldyhelix/Projects/www/backend_rmi/vendor/laravel/framework/src/Illuminate/Pipeline/Pipeline.php(167): Illuminate\\Session\\Middleware\\StartSession->handle(Object(Illuminate\\Http\\Request), Object(Closure))
#50 /Users/aldyhelix/Projects/www/backend_rmi/vendor/laravel/framework/src/Illuminate/Cookie/Middleware/AddQueuedCookiesToResponse.php(37): Illuminate\\Pipeline\\Pipeline->Illuminate\\Pipeline\\{closure}(Object(Illuminate\\Http\\Request))
#51 /Users/aldyhelix/Projects/www/backend_rmi/vendor/laravel/framework/src/Illuminate/Pipeline/Pipeline.php(167): Illuminate\\Cookie\\Middleware\\AddQueuedCookiesToResponse->handle(Object(Illuminate\\Http\\Request), Object(Closure))
#52 /Users/aldyhelix/Projects/www/backend_rmi/vendor/laravel/framework/src/Illuminate/Cookie/Middleware/EncryptCookies.php(67): Illuminate\\Pipeline\\Pipeline->Illuminate\\Pipeline\\{closure}(Object(Illuminate\\Http\\Request))
#53 /Users/aldyhelix/Projects/www/backend_rmi/vendor/laravel/framework/src/Illuminate/Pipeline/Pipeline.php(167): Illuminate\\Cookie\\Middleware\\EncryptCookies->handle(Object(Illuminate\\Http\\Request), Object(Closure))
#54 /Users/aldyhelix/Projects/www/backend_rmi/vendor/laravel/framework/src/Illuminate/Pipeline/Pipeline.php(103): Illuminate\\Pipeline\\Pipeline->Illuminate\\Pipeline\\{closure}(Object(Illuminate\\Http\\Request))
#55 /Users/aldyhelix/Projects/www/backend_rmi/vendor/laravel/framework/src/Illuminate/Routing/Router.php(719): Illuminate\\Pipeline\\Pipeline->then(Object(Closure))
#56 /Users/aldyhelix/Projects/www/backend_rmi/vendor/laravel/framework/src/Illuminate/Routing/Router.php(698): Illuminate\\Routing\\Router->runRouteWithinStack(Object(Illuminate\\Routing\\Route), Object(Illuminate\\Http\\Request))
#57 /Users/aldyhelix/Projects/www/backend_rmi/vendor/laravel/framework/src/Illuminate/Routing/Router.php(662): Illuminate\\Routing\\Router->runRoute(Object(Illuminate\\Http\\Request), Object(Illuminate\\Routing\\Route))
#58 /Users/aldyhelix/Projects/www/backend_rmi/vendor/laravel/framework/src/Illuminate/Routing/Router.php(651): Illuminate\\Routing\\Router->dispatchToRoute(Object(Illuminate\\Http\\Request))
#59 /Users/aldyhelix/Projects/www/backend_rmi/vendor/laravel/framework/src/Illuminate/Foundation/Http/Kernel.php(167): Illuminate\\Routing\\Router->dispatch(Object(Illuminate\\Http\\Request))
#60 /Users/aldyhelix/Projects/www/backend_rmi/vendor/laravel/framework/src/Illuminate/Pipeline/Pipeline.php(128): Illuminate\\Foundation\\Http\\Kernel->Illuminate\\Foundation\\Http\\{closure}(Object(Illuminate\\Http\\Request))
#61 /Users/aldyhelix/Projects/www/backend_rmi/vendor/livewire/livewire/src/DisableBrowserCache.php(19): Illuminate\\Pipeline\\Pipeline->Illuminate\\Pipeline\\{closure}(Object(Illuminate\\Http\\Request))
#62 /Users/aldyhelix/Projects/www/backend_rmi/vendor/laravel/framework/src/Illuminate/Pipeline/Pipeline.php(167): Livewire\\DisableBrowserCache->handle(Object(Illuminate\\Http\\Request), Object(Closure))
#63 /Users/aldyhelix/Projects/www/backend_rmi/vendor/barryvdh/laravel-debugbar/src/Middleware/InjectDebugbar.php(66): Illuminate\\Pipeline\\Pipeline->Illuminate\\Pipeline\\{closure}(Object(Illuminate\\Http\\Request))
#64 /Users/aldyhelix/Projects/www/backend_rmi/vendor/laravel/framework/src/Illuminate/Pipeline/Pipeline.php(167): Barryvdh\\Debugbar\\Middleware\\InjectDebugbar->handle(Object(Illuminate\\Http\\Request), Object(Closure))
#65 /Users/aldyhelix/Projects/www/backend_rmi/app/Http/Middleware/CheckForInstallation.php(19): Illuminate\\Pipeline\\Pipeline->Illuminate\\Pipeline\\{closure}(Object(Illuminate\\Http\\Request))
#66 /Users/aldyhelix/Projects/www/backend_rmi/vendor/laravel/framework/src/Illuminate/Pipeline/Pipeline.php(167): App\\Http\\Middleware\\CheckForInstallation->handle(Object(Illuminate\\Http\\Request), Object(Closure))
#67 /Users/aldyhelix/Projects/www/backend_rmi/vendor/laravel/framework/src/Illuminate/Foundation/Http/Middleware/TransformsRequest.php(21): Illuminate\\Pipeline\\Pipeline->Illuminate\\Pipeline\\{closure}(Object(Illuminate\\Http\\Request))
#68 /Users/aldyhelix/Projects/www/backend_rmi/vendor/laravel/framework/src/Illuminate/Foundation/Http/Middleware/ConvertEmptyStringsToNull.php(31): Illuminate\\Foundation\\Http\\Middleware\\TransformsRequest->handle(Object(Illuminate\\Http\\Request), Object(Closure))
#69 /Users/aldyhelix/Projects/www/backend_rmi/vendor/laravel/framework/src/Illuminate/Pipeline/Pipeline.php(167): Illuminate\\Foundation\\Http\\Middleware\\ConvertEmptyStringsToNull->handle(Object(Illuminate\\Http\\Request), Object(Closure))
#70 /Users/aldyhelix/Projects/www/backend_rmi/vendor/laravel/framework/src/Illuminate/Foundation/Http/Middleware/TransformsRequest.php(21): Illuminate\\Pipeline\\Pipeline->Illuminate\\Pipeline\\{closure}(Object(Illuminate\\Http\\Request))
#71 /Users/aldyhelix/Projects/www/backend_rmi/vendor/laravel/framework/src/Illuminate/Foundation/Http/Middleware/TrimStrings.php(40): Illuminate\\Foundation\\Http\\Middleware\\TransformsRequest->handle(Object(Illuminate\\Http\\Request), Object(Closure))
#72 /Users/aldyhelix/Projects/www/backend_rmi/vendor/laravel/framework/src/Illuminate/Pipeline/Pipeline.php(167): Illuminate\\Foundation\\Http\\Middleware\\TrimStrings->handle(Object(Illuminate\\Http\\Request), Object(Closure))
#73 /Users/aldyhelix/Projects/www/backend_rmi/vendor/laravel/framework/src/Illuminate/Foundation/Http/Middleware/ValidatePostSize.php(27): Illuminate\\Pipeline\\Pipeline->Illuminate\\Pipeline\\{closure}(Object(Illuminate\\Http\\Request))
#74 /Users/aldyhelix/Projects/www/backend_rmi/vendor/laravel/framework/src/Illuminate/Pipeline/Pipeline.php(167): Illuminate\\Foundation\\Http\\Middleware\\ValidatePostSize->handle(Object(Illuminate\\Http\\Request), Object(Closure))
#75 /Users/aldyhelix/Projects/www/backend_rmi/vendor/laravel/framework/src/Illuminate/Foundation/Http/Middleware/PreventRequestsDuringMaintenance.php(86): Illuminate\\Pipeline\\Pipeline->Illuminate\\Pipeline\\{closure}(Object(Illuminate\\Http\\Request))
#76 /Users/aldyhelix/Projects/www/backend_rmi/vendor/laravel/framework/src/Illuminate/Pipeline/Pipeline.php(167): Illuminate\\Foundation\\Http\\Middleware\\PreventRequestsDuringMaintenance->handle(Object(Illuminate\\Http\\Request), Object(Closure))
#77 /Users/aldyhelix/Projects/www/backend_rmi/vendor/fruitcake/laravel-cors/src/HandleCors.php(38): Illuminate\\Pipeline\\Pipeline->Illuminate\\Pipeline\\{closure}(Object(Illuminate\\Http\\Request))
#78 /Users/aldyhelix/Projects/www/backend_rmi/vendor/laravel/framework/src/Illuminate/Pipeline/Pipeline.php(167): Fruitcake\\Cors\\HandleCors->handle(Object(Illuminate\\Http\\Request), Object(Closure))
#79 /Users/aldyhelix/Projects/www/backend_rmi/vendor/laravel/framework/src/Illuminate/Http/Middleware/TrustProxies.php(39): Illuminate\\Pipeline\\Pipeline->Illuminate\\Pipeline\\{closure}(Object(Illuminate\\Http\\Request))
#80 /Users/aldyhelix/Projects/www/backend_rmi/vendor/laravel/framework/src/Illuminate/Pipeline/Pipeline.php(167): Illuminate\\Http\\Middleware\\TrustProxies->handle(Object(Illuminate\\Http\\Request), Object(Closure))
#81 /Users/aldyhelix/Projects/www/backend_rmi/vendor/laravel/framework/src/Illuminate/Pipeline/Pipeline.php(103): Illuminate\\Pipeline\\Pipeline->Illuminate\\Pipeline\\{closure}(Object(Illuminate\\Http\\Request))
#82 /Users/aldyhelix/Projects/www/backend_rmi/vendor/laravel/framework/src/Illuminate/Foundation/Http/Kernel.php(142): Illuminate\\Pipeline\\Pipeline->then(Object(Closure))
#83 /Users/aldyhelix/Projects/www/backend_rmi/vendor/laravel/framework/src/Illuminate/Foundation/Http/Kernel.php(111): Illuminate\\Foundation\\Http\\Kernel->sendRequestThroughRouter(Object(Illuminate\\Http\\Request))
#84 /Users/aldyhelix/Projects/www/backend_rmi/public/index.php(58): Illuminate\\Foundation\\Http\\Kernel->handle(Object(Illuminate\\Http\\Request))
#85 /Applications/Herd.app/Contents/Resources/valet/server.php(153): require('/Users/aldyheli...')
#86 {main}

[previous exception] [object] (ParseError(code: 0): syntax error, unexpected token \"<\" at /Users/aldyhelix/Projects/www/backend_rmi/storage/framework/views/f4899b702c6a16f1c873549d32bc50b1e46a780c.php:659)
[stacktrace]
#0 /Users/aldyhelix/Projects/www/backend_rmi/vendor/livewire/livewire/src/ComponentConcerns/RendersLivewireComponents.php(84): App\\Http\\Livewire\\Dashboard->Livewire\\ComponentConcerns\\{closure}()
#1 /Users/aldyhelix/Projects/www/backend_rmi/vendor/livewire/livewire/src/ComponentConcerns/RendersLivewireComponents.php(59): Livewire\\CompilerEngineForIgnition->evaluatePath('/Users/aldyheli...', Array)
#2 /Users/aldyhelix/Projects/www/backend_rmi/vendor/laravel/framework/src/Illuminate/View/View.php(139): Livewire\\CompilerEngineForIgnition->get('/Users/aldyheli...', Array)
#3 /Users/aldyhelix/Projects/www/backend_rmi/vendor/laravel/framework/src/Illuminate/View/View.php(122): Illuminate\\View\\View->getContents()
#4 /Users/aldyhelix/Projects/www/backend_rmi/vendor/laravel/framework/src/Illuminate/View/View.php(91): Illuminate\\View\\View->renderContents()
#5 /Users/aldyhelix/Projects/www/backend_rmi/vendor/livewire/livewire/src/Component.php(235): Illuminate\\View\\View->render()
#6 /Users/aldyhelix/Projects/www/backend_rmi/vendor/livewire/livewire/src/HydrationMiddleware/RenderView.php(14): Livewire\\Component->output()
#7 /Users/aldyhelix/Projects/www/backend_rmi/vendor/livewire/livewire/src/LifecycleManager.php(141): Livewire\\HydrationMiddleware\\RenderView::dehydrate(Object(App\\Http\\Livewire\\Dashboard), Object(Livewire\\Response))
#8 /Users/aldyhelix/Projects/www/backend_rmi/vendor/livewire/livewire/src/LivewireManager.php(132): Livewire\\LifecycleManager->initialDehydrate()
#9 /Users/aldyhelix/Projects/www/backend_rmi/vendor/laravel/framework/src/Illuminate/Support/Facades/Facade.php(261): Livewire\\LivewireManager->mount('dashboard', Array)
#10 /Users/aldyhelix/Projects/www/backend_rmi/storage/framework/views/7614a377bf597da1c7ed67416eae576b7feee755.php(13): Illuminate\\Support\\Facades\\Facade::__callStatic('mount', Array)
#11 /Users/aldyhelix/Projects/www/backend_rmi/vendor/laravel/framework/src/Illuminate/Filesystem/Filesystem.php(107): require('/Users/aldyheli...')
#12 /Users/aldyhelix/Projects/www/backend_rmi/vendor/laravel/framework/src/Illuminate/Filesystem/Filesystem.php(108): Illuminate\\Filesystem\\Filesystem::Illuminate\\Filesystem\\{closure}()
#13 /Users/aldyhelix/Projects/www/backend_rmi/vendor/laravel/framework/src/Illuminate/View/Engines/PhpEngine.php(58): Illuminate\\Filesystem\\Filesystem->getRequire('/Users/aldyheli...', Array)
#14 /Users/aldyhelix/Projects/www/backend_rmi/vendor/livewire/livewire/src/ComponentConcerns/RendersLivewireComponents.php(69): Illuminate\\View\\Engines\\PhpEngine->evaluatePath('/Users/aldyheli...', Array)
#15 /Users/aldyhelix/Projects/www/backend_rmi/vendor/laravel/framework/src/Illuminate/View/Engines/CompilerEngine.php(61): Livewire\\CompilerEngineForIgnition->evaluatePath('/Users/aldyheli...', Array)
#16 /Users/aldyhelix/Projects/www/backend_rmi/vendor/facade/ignition/src/Views/Engines/CompilerEngine.php(37): Illuminate\\View\\Engines\\CompilerEngine->get('/Users/aldyheli...', Array)
#17 /Users/aldyhelix/Projects/www/backend_rmi/vendor/livewire/livewire/src/ComponentConcerns/RendersLivewireComponents.php(35): Facade\\Ignition\\Views\\Engines\\CompilerEngine->get('/Users/aldyheli...', Array)
#18 /Users/aldyhelix/Projects/www/backend_rmi/vendor/laravel/framework/src/Illuminate/View/View.php(139): Livewire\\CompilerEngineForIgnition->get('/Users/aldyheli...', Array)
#19 /Users/aldyhelix/Projects/www/backend_rmi/vendor/laravel/framework/src/Illuminate/View/View.php(122): Illuminate\\View\\View->getContents()
#20 /Users/aldyhelix/Projects/www/backend_rmi/vendor/laravel/framework/src/Illuminate/View/View.php(91): Illuminate\\View\\View->renderContents()
#21 /Users/aldyhelix/Projects/www/backend_rmi/vendor/laravel/framework/src/Illuminate/Http/Response.php(69): Illuminate\\View\\View->render()
#22 /Users/aldyhelix/Projects/www/backend_rmi/vendor/laravel/framework/src/Illuminate/Http/Response.php(35): Illuminate\\Http\\Response->setContent(Object(Illuminate\\View\\View))
#23 /Users/aldyhelix/Projects/www/backend_rmi/vendor/laravel/framework/src/Illuminate/Routing/Router.php(820): Illuminate\\Http\\Response->__construct(Object(Illuminate\\View\\View), 200, Array)
#24 /Users/aldyhelix/Projects/www/backend_rmi/vendor/laravel/framework/src/Illuminate/Routing/Router.php(789): Illuminate\\Routing\\Router::toResponse(Object(Illuminate\\Http\\Request), Object(Illuminate\\View\\View))
#25 /Users/aldyhelix/Projects/www/backend_rmi/vendor/laravel/framework/src/Illuminate/Routing/Router.php(720): Illuminate\\Routing\\Router->prepareResponse(Object(Illuminate\\Http\\Request), Object(Illuminate\\View\\View))
#26 /Users/aldyhelix/Projects/www/backend_rmi/vendor/laravel/framework/src/Illuminate/Pipeline/Pipeline.php(128): Illuminate\\Routing\\Router->Illuminate\\Routing\\{closure}(Object(Illuminate\\Http\\Request))
#27 /Users/aldyhelix/Projects/www/backend_rmi/app/Http/Middleware/DashboardSetup.php(22): Illuminate\\Pipeline\\Pipeline->Illuminate\\Pipeline\\{closure}(Object(Illuminate\\Http\\Request))
#28 /Users/aldyhelix/Projects/www/backend_rmi/vendor/laravel/framework/src/Illuminate/Pipeline/Pipeline.php(167): App\\Http\\Middleware\\DashboardSetup->handle(Object(Illuminate\\Http\\Request), Object(Closure))
#29 /Users/aldyhelix/Projects/www/backend_rmi/app/Http/Middleware/CheckIfBillingInfoRequired.php(24): Illuminate\\Pipeline\\Pipeline->Illuminate\\Pipeline\\{closure}(Object(Illuminate\\Http\\Request))
#30 /Users/aldyhelix/Projects/www/backend_rmi/vendor/laravel/framework/src/Illuminate/Pipeline/Pipeline.php(167): App\\Http\\Middleware\\CheckIfBillingInfoRequired->handle(Object(Illuminate\\Http\\Request), Object(Closure))
#31 /Users/aldyhelix/Projects/www/backend_rmi/app/Http/Middleware/VerifyUserIsSubscribed.php(25): Illuminate\\Pipeline\\Pipeline->Illuminate\\Pipeline\\{closure}(Object(Illuminate\\Http\\Request))
#32 /Users/aldyhelix/Projects/www/backend_rmi/vendor/laravel/framework/src/Illuminate/Pipeline/Pipeline.php(167): App\\Http\\Middleware\\VerifyUserIsSubscribed->handle(Object(Illuminate\\Http\\Request), Object(Closure))
#33 /Users/aldyhelix/Projects/www/backend_rmi/app/Http/Middleware/CookieConsentMiddleware.php(21): Illuminate\\Pipeline\\Pipeline->Illuminate\\Pipeline\\{closure}(Object(Illuminate\\Http\\Request))
#34 /Users/aldyhelix/Projects/www/backend_rmi/vendor/laravel/framework/src/Illuminate/Pipeline/Pipeline.php(167): App\\Http\\Middleware\\CookieConsentMiddleware->handle(Object(Illuminate\\Http\\Request), Object(Closure))
#35 /Users/aldyhelix/Projects/www/backend_rmi/app/Http/Middleware/Language.php(64): Illuminate\\Pipeline\\Pipeline->Illuminate\\Pipeline\\{closure}(Object(Illuminate\\Http\\Request))
#36 /Users/aldyhelix/Projects/www/backend_rmi/vendor/laravel/framework/src/Illuminate/Pipeline/Pipeline.php(167): App\\Http\\Middleware\\Language->handle(Object(Illuminate\\Http\\Request), Object(Closure))
#37 /Users/aldyhelix/Projects/www/backend_rmi/app/Http/Middleware/InitSettings.php(8): Illuminate\\Pipeline\\Pipeline->Illuminate\\Pipeline\\{closure}(Object(Illuminate\\Http\\Request))
#38 /Users/aldyhelix/Projects/www/backend_rmi/vendor/laravel/framework/src/Illuminate/Pipeline/Pipeline.php(167): App\\Http\\Middleware\\InitSettings->handle(Object(Illuminate\\Http\\Request), Object(Closure))
#39 /Users/aldyhelix/Projects/www/backend_rmi/vendor/laravel/framework/src/Illuminate/Routing/Middleware/SubstituteBindings.php(50): Illuminate\\Pipeline\\Pipeline->Illuminate\\Pipeline\\{closure}(Object(Illuminate\\Http\\Request))
#40 /Users/aldyhelix/Projects/www/backend_rmi/vendor/laravel/framework/src/Illuminate/Pipeline/Pipeline.php(167): Illuminate\\Routing\\Middleware\\SubstituteBindings->handle(Object(Illuminate\\Http\\Request), Object(Closure))
#41 /Users/aldyhelix/Projects/www/backend_rmi/vendor/laravel/framework/src/Illuminate/Auth/Middleware/Authenticate.php(44): Illuminate\\Pipeline\\Pipeline->Illuminate\\Pipeline\\{closure}(Object(Illuminate\\Http\\Request))
#42 /Users/aldyhelix/Projects/www/backend_rmi/vendor/laravel/framework/src/Illuminate/Pipeline/Pipeline.php(167): Illuminate\\Auth\\Middleware\\Authenticate->handle(Object(Illuminate\\Http\\Request), Object(Closure))
#43 /Users/aldyhelix/Projects/www/backend_rmi/vendor/laravel/framework/src/Illuminate/Foundation/Http/Middleware/VerifyCsrfToken.php(78): Illuminate\\Pipeline\\Pipeline->Illuminate\\Pipeline\\{closure}(Object(Illuminate\\Http\\Request))
#44 /Users/aldyhelix/Projects/www/backend_rmi/vendor/laravel/framework/src/Illuminate/Pipeline/Pipeline.php(167): Illuminate\\Foundation\\Http\\Middleware\\VerifyCsrfToken->handle(Object(Illuminate\\Http\\Request), Object(Closure))
#45 /Users/aldyhelix/Projects/www/backend_rmi/vendor/laravel/framework/src/Illuminate/View/Middleware/ShareErrorsFromSession.php(49): Illuminate\\Pipeline\\Pipeline->Illuminate\\Pipeline\\{closure}(Object(Illuminate\\Http\\Request))
#46 /Users/aldyhelix/Projects/www/backend_rmi/vendor/laravel/framework/src/Illuminate/Pipeline/Pipeline.php(167): Illuminate\\View\\Middleware\\ShareErrorsFromSession->handle(Object(Illuminate\\Http\\Request), Object(Closure))
#47 /Users/aldyhelix/Projects/www/backend_rmi/vendor/laravel/framework/src/Illuminate/Session/Middleware/StartSession.php(121): Illuminate\\Pipeline\\Pipeline->Illuminate\\Pipeline\\{closure}(Object(Illuminate\\Http\\Request))
#48 /Users/aldyhelix/Projects/www/backend_rmi/vendor/laravel/framework/src/Illuminate/Session/Middleware/StartSession.php(64): Illuminate\\Session\\Middleware\\StartSession->handleStatefulRequest(Object(Illuminate\\Http\\Request), Object(Illuminate\\Session\\EncryptedStore), Object(Closure))
#49 /Users/aldyhelix/Projects/www/backend_rmi/vendor/laravel/framework/src/Illuminate/Pipeline/Pipeline.php(167): Illuminate\\Session\\Middleware\\StartSession->handle(Object(Illuminate\\Http\\Request), Object(Closure))
#50 /Users/aldyhelix/Projects/www/backend_rmi/vendor/laravel/framework/src/Illuminate/Cookie/Middleware/AddQueuedCookiesToResponse.php(37): Illuminate\\Pipeline\\Pipeline->Illuminate\\Pipeline\\{closure}(Object(Illuminate\\Http\\Request))
#51 /Users/aldyhelix/Projects/www/backend_rmi/vendor/laravel/framework/src/Illuminate/Pipeline/Pipeline.php(167): Illuminate\\Cookie\\Middleware\\AddQueuedCookiesToResponse->handle(Object(Illuminate\\Http\\Request), Object(Closure))
#52 /Users/aldyhelix/Projects/www/backend_rmi/vendor/laravel/framework/src/Illuminate/Cookie/Middleware/EncryptCookies.php(67): Illuminate\\Pipeline\\Pipeline->Illuminate\\Pipeline\\{closure}(Object(Illuminate\\Http\\Request))
#53 /Users/aldyhelix/Projects/www/backend_rmi/vendor/laravel/framework/src/Illuminate/Pipeline/Pipeline.php(167): Illuminate\\Cookie\\Middleware\\EncryptCookies->handle(Object(Illuminate\\Http\\Request), Object(Closure))
#54 /Users/aldyhelix/Projects/www/backend_rmi/vendor/laravel/framework/src/Illuminate/Pipeline/Pipeline.php(103): Illuminate\\Pipeline\\Pipeline->Illuminate\\Pipeline\\{closure}(Object(Illuminate\\Http\\Request))
#55 /Users/aldyhelix/Projects/www/backend_rmi/vendor/laravel/framework/src/Illuminate/Routing/Router.php(719): Illuminate\\Pipeline\\Pipeline->then(Object(Closure))
#56 /Users/aldyhelix/Projects/www/backend_rmi/vendor/laravel/framework/src/Illuminate/Routing/Router.php(698): Illuminate\\Routing\\Router->runRouteWithinStack(Object(Illuminate\\Routing\\Route), Object(Illuminate\\Http\\Request))
#57 /Users/aldyhelix/Projects/www/backend_rmi/vendor/laravel/framework/src/Illuminate/Routing/Router.php(662): Illuminate\\Routing\\Router->runRoute(Object(Illuminate\\Http\\Request), Object(Illuminate\\Routing\\Route))
#58 /Users/aldyhelix/Projects/www/backend_rmi/vendor/laravel/framework/src/Illuminate/Routing/Router.php(651): Illuminate\\Routing\\Router->dispatchToRoute(Object(Illuminate\\Http\\Request))
#59 /Users/aldyhelix/Projects/www/backend_rmi/vendor/laravel/framework/src/Illuminate/Foundation/Http/Kernel.php(167): Illuminate\\Routing\\Router->dispatch(Object(Illuminate\\Http\\Request))
#60 /Users/aldyhelix/Projects/www/backend_rmi/vendor/laravel/framework/src/Illuminate/Pipeline/Pipeline.php(128): Illuminate\\Foundation\\Http\\Kernel->Illuminate\\Foundation\\Http\\{closure}(Object(Illuminate\\Http\\Request))
#61 /Users/aldyhelix/Projects/www/backend_rmi/vendor/livewire/livewire/src/DisableBrowserCache.php(19): Illuminate\\Pipeline\\Pipeline->Illuminate\\Pipeline\\{closure}(Object(Illuminate\\Http\\Request))
#62 /Users/aldyhelix/Projects/www/backend_rmi/vendor/laravel/framework/src/Illuminate/Pipeline/Pipeline.php(167): Livewire\\DisableBrowserCache->handle(Object(Illuminate\\Http\\Request), Object(Closure))
#63 /Users/aldyhelix/Projects/www/backend_rmi/vendor/barryvdh/laravel-debugbar/src/Middleware/InjectDebugbar.php(66): Illuminate\\Pipeline\\Pipeline->Illuminate\\Pipeline\\{closure}(Object(Illuminate\\Http\\Request))
#64 /Users/aldyhelix/Projects/www/backend_rmi/vendor/laravel/framework/src/Illuminate/Pipeline/Pipeline.php(167): Barryvdh\\Debugbar\\Middleware\\InjectDebugbar->handle(Object(Illuminate\\Http\\Request), Object(Closure))
#65 /Users/aldyhelix/Projects/www/backend_rmi/app/Http/Middleware/CheckForInstallation.php(19): Illuminate\\Pipeline\\Pipeline->Illuminate\\Pipeline\\{closure}(Object(Illuminate\\Http\\Request))
#66 /Users/aldyhelix/Projects/www/backend_rmi/vendor/laravel/framework/src/Illuminate/Pipeline/Pipeline.php(167): App\\Http\\Middleware\\CheckForInstallation->handle(Object(Illuminate\\Http\\Request), Object(Closure))
#67 /Users/aldyhelix/Projects/www/backend_rmi/vendor/laravel/framework/src/Illuminate/Foundation/Http/Middleware/TransformsRequest.php(21): Illuminate\\Pipeline\\Pipeline->Illuminate\\Pipeline\\{closure}(Object(Illuminate\\Http\\Request))
#68 /Users/aldyhelix/Projects/www/backend_rmi/vendor/laravel/framework/src/Illuminate/Foundation/Http/Middleware/ConvertEmptyStringsToNull.php(31): Illuminate\\Foundation\\Http\\Middleware\\TransformsRequest->handle(Object(Illuminate\\Http\\Request), Object(Closure))
#69 /Users/aldyhelix/Projects/www/backend_rmi/vendor/laravel/framework/src/Illuminate/Pipeline/Pipeline.php(167): Illuminate\\Foundation\\Http\\Middleware\\ConvertEmptyStringsToNull->handle(Object(Illuminate\\Http\\Request), Object(Closure))
#70 /Users/aldyhelix/Projects/www/backend_rmi/vendor/laravel/framework/src/Illuminate/Foundation/Http/Middleware/TransformsRequest.php(21): Illuminate\\Pipeline\\Pipeline->Illuminate\\Pipeline\\{closure}(Object(Illuminate\\Http\\Request))
#71 /Users/aldyhelix/Projects/www/backend_rmi/vendor/laravel/framework/src/Illuminate/Foundation/Http/Middleware/TrimStrings.php(40): Illuminate\\Foundation\\Http\\Middleware\\TransformsRequest->handle(Object(Illuminate\\Http\\Request), Object(Closure))
#72 /Users/aldyhelix/Projects/www/backend_rmi/vendor/laravel/framework/src/Illuminate/Pipeline/Pipeline.php(167): Illuminate\\Foundation\\Http\\Middleware\\TrimStrings->handle(Object(Illuminate\\Http\\Request), Object(Closure))
#73 /Users/aldyhelix/Projects/www/backend_rmi/vendor/laravel/framework/src/Illuminate/Foundation/Http/Middleware/ValidatePostSize.php(27): Illuminate\\Pipeline\\Pipeline->Illuminate\\Pipeline\\{closure}(Object(Illuminate\\Http\\Request))
#74 /Users/aldyhelix/Projects/www/backend_rmi/vendor/laravel/framework/src/Illuminate/Pipeline/Pipeline.php(167): Illuminate\\Foundation\\Http\\Middleware\\ValidatePostSize->handle(Object(Illuminate\\Http\\Request), Object(Closure))
#75 /Users/aldyhelix/Projects/www/backend_rmi/vendor/laravel/framework/src/Illuminate/Foundation/Http/Middleware/PreventRequestsDuringMaintenance.php(86): Illuminate\\Pipeline\\Pipeline->Illuminate\\Pipeline\\{closure}(Object(Illuminate\\Http\\Request))
#76 /Users/aldyhelix/Projects/www/backend_rmi/vendor/laravel/framework/src/Illuminate/Pipeline/Pipeline.php(167): Illuminate\\Foundation\\Http\\Middleware\\PreventRequestsDuringMaintenance->handle(Object(Illuminate\\Http\\Request), Object(Closure))
#77 /Users/aldyhelix/Projects/www/backend_rmi/vendor/fruitcake/laravel-cors/src/HandleCors.php(38): Illuminate\\Pipeline\\Pipeline->Illuminate\\Pipeline\\{closure}(Object(Illuminate\\Http\\Request))
#78 /Users/aldyhelix/Projects/www/backend_rmi/vendor/laravel/framework/src/Illuminate/Pipeline/Pipeline.php(167): Fruitcake\\Cors\\HandleCors->handle(Object(Illuminate\\Http\\Request), Object(Closure))
#79 /Users/aldyhelix/Projects/www/backend_rmi/vendor/laravel/framework/src/Illuminate/Http/Middleware/TrustProxies.php(39): Illuminate\\Pipeline\\Pipeline->Illuminate\\Pipeline\\{closure}(Object(Illuminate\\Http\\Request))
#80 /Users/aldyhelix/Projects/www/backend_rmi/vendor/laravel/framework/src/Illuminate/Pipeline/Pipeline.php(167): Illuminate\\Http\\Middleware\\TrustProxies->handle(Object(Illuminate\\Http\\Request), Object(Closure))
#81 /Users/aldyhelix/Projects/www/backend_rmi/vendor/laravel/framework/src/Illuminate/Pipeline/Pipeline.php(103): Illuminate\\Pipeline\\Pipeline->Illuminate\\Pipeline\\{closure}(Object(Illuminate\\Http\\Request))
#82 /Users/aldyhelix/Projects/www/backend_rmi/vendor/laravel/framework/src/Illuminate/Foundation/Http/Kernel.php(142): Illuminate\\Pipeline\\Pipeline->then(Object(Closure))
#83 /Users/aldyhelix/Projects/www/backend_rmi/vendor/laravel/framework/src/Illuminate/Foundation/Http/Kernel.php(111): Illuminate\\Foundation\\Http\\Kernel->sendRequestThroughRouter(Object(Illuminate\\Http\\Request))
#84 /Users/aldyhelix/Projects/www/backend_rmi/public/index.php(58): Illuminate\\Foundation\\Http\\Kernel->handle(Object(Illuminate\\Http\\Request))
#85 /Applications/Herd.app/Contents/Resources/valet/server.php(153): require('/Users/aldyheli...')
#86 {main}
"} 
[2024-06-09 18:14:56] production.ERROR: Unresolvable dependency resolving [Parameter #2 [ <required> $dataBody ]] in class App\View\Components\Table (View: /Users/aldyhelix/Projects/www/backend_rmi/resources/views/livewire/dashboard.blade.php) {"view":{"view":"/Users/aldyhelix/Projects/www/backend_rmi/vendor/laravel/framework/src/Illuminate/Container/Container.php","data":[]},"userId":1,"exception":"[object] (Facade\\Ignition\\Exceptions\\ViewException(code: 0): Unresolvable dependency resolving [Parameter #2 [ <required> $dataBody ]] in class App\\View\\Components\\Table (View: /Users/aldyhelix/Projects/www/backend_rmi/resources/views/livewire/dashboard.blade.php) at /Users/aldyhelix/Projects/www/backend_rmi/vendor/laravel/framework/src/Illuminate/Container/Container.php:1104)
[stacktrace]
#0 /Users/aldyhelix/Projects/www/backend_rmi/vendor/laravel/framework/src/Illuminate/Container/Container.php(1011): Illuminate\\Container\\Container->unresolvablePrimitive(Object(ReflectionParameter))
#1 /Users/aldyhelix/Projects/www/backend_rmi/vendor/laravel/framework/src/Illuminate/Container/Container.php(946): Illuminate\\Container\\Container->resolvePrimitive(Object(ReflectionParameter))
#2 /Users/aldyhelix/Projects/www/backend_rmi/vendor/laravel/framework/src/Illuminate/Container/Container.php(908): Illuminate\\Container\\Container->resolveDependencies(Array)
#3 /Users/aldyhelix/Projects/www/backend_rmi/vendor/laravel/framework/src/Illuminate/Container/Container.php(758): Illuminate\\Container\\Container->build('App\\\\View\\\\Compon...')
#4 /Users/aldyhelix/Projects/www/backend_rmi/vendor/laravel/framework/src/Illuminate/Foundation/Application.php(851): Illuminate\\Container\\Container->resolve('App\\\\View\\\\Compon...', Array, true)
#5 /Users/aldyhelix/Projects/www/backend_rmi/vendor/laravel/framework/src/Illuminate/Container/Container.php(694): Illuminate\\Foundation\\Application->resolve('App\\\\View\\\\Compon...', Array)
#6 /Users/aldyhelix/Projects/www/backend_rmi/vendor/laravel/framework/src/Illuminate/Foundation/Application.php(836): Illuminate\\Container\\Container->make('App\\\\View\\\\Compon...', Array)
#7 /Users/aldyhelix/Projects/www/backend_rmi/storage/framework/views/f4899b702c6a16f1c873549d32bc50b1e46a780c.php(524): Illuminate\\Foundation\\Application->make('App\\\\View\\\\Compon...', Array)
#8 /Users/aldyhelix/Projects/www/backend_rmi/vendor/livewire/livewire/src/ComponentConcerns/RendersLivewireComponents.php(83): include('/Users/aldyheli...')
#9 /Users/aldyhelix/Projects/www/backend_rmi/vendor/livewire/livewire/src/ComponentConcerns/RendersLivewireComponents.php(84): App\\Http\\Livewire\\Dashboard->Livewire\\ComponentConcerns\\{closure}()
#10 /Users/aldyhelix/Projects/www/backend_rmi/vendor/livewire/livewire/src/ComponentConcerns/RendersLivewireComponents.php(59): Livewire\\CompilerEngineForIgnition->evaluatePath('/Users/aldyheli...', Array)
#11 /Users/aldyhelix/Projects/www/backend_rmi/vendor/laravel/framework/src/Illuminate/View/View.php(139): Livewire\\CompilerEngineForIgnition->get('/Users/aldyheli...', Array)
#12 /Users/aldyhelix/Projects/www/backend_rmi/vendor/laravel/framework/src/Illuminate/View/View.php(122): Illuminate\\View\\View->getContents()
#13 /Users/aldyhelix/Projects/www/backend_rmi/vendor/laravel/framework/src/Illuminate/View/View.php(91): Illuminate\\View\\View->renderContents()
#14 /Users/aldyhelix/Projects/www/backend_rmi/vendor/livewire/livewire/src/Component.php(235): Illuminate\\View\\View->render()
#15 /Users/aldyhelix/Projects/www/backend_rmi/vendor/livewire/livewire/src/HydrationMiddleware/RenderView.php(14): Livewire\\Component->output()
#16 /Users/aldyhelix/Projects/www/backend_rmi/vendor/livewire/livewire/src/LifecycleManager.php(141): Livewire\\HydrationMiddleware\\RenderView::dehydrate(Object(App\\Http\\Livewire\\Dashboard), Object(Livewire\\Response))
#17 /Users/aldyhelix/Projects/www/backend_rmi/vendor/livewire/livewire/src/LivewireManager.php(132): Livewire\\LifecycleManager->initialDehydrate()
#18 /Users/aldyhelix/Projects/www/backend_rmi/vendor/laravel/framework/src/Illuminate/Support/Facades/Facade.php(261): Livewire\\LivewireManager->mount('dashboard', Array)
#19 /Users/aldyhelix/Projects/www/backend_rmi/resources/views/admin/dashboard/platform.blade.php(13): Illuminate\\Support\\Facades\\Facade::__callStatic('mount', Array)
#20 /Users/aldyhelix/Projects/www/backend_rmi/vendor/laravel/framework/src/Illuminate/Filesystem/Filesystem.php(107): require('/Users/aldyheli...')
#21 /Users/aldyhelix/Projects/www/backend_rmi/vendor/laravel/framework/src/Illuminate/Filesystem/Filesystem.php(108): Illuminate\\Filesystem\\Filesystem::Illuminate\\Filesystem\\{closure}()
#22 /Users/aldyhelix/Projects/www/backend_rmi/vendor/laravel/framework/src/Illuminate/View/Engines/PhpEngine.php(58): Illuminate\\Filesystem\\Filesystem->getRequire('/Users/aldyheli...', Array)
#23 /Users/aldyhelix/Projects/www/backend_rmi/vendor/livewire/livewire/src/ComponentConcerns/RendersLivewireComponents.php(69): Illuminate\\View\\Engines\\PhpEngine->evaluatePath('/Users/aldyheli...', Array)
#24 /Users/aldyhelix/Projects/www/backend_rmi/vendor/laravel/framework/src/Illuminate/View/Engines/CompilerEngine.php(61): Livewire\\CompilerEngineForIgnition->evaluatePath('/Users/aldyheli...', Array)
#25 /Users/aldyhelix/Projects/www/backend_rmi/vendor/facade/ignition/src/Views/Engines/CompilerEngine.php(37): Illuminate\\View\\Engines\\CompilerEngine->get('/Users/aldyheli...', Array)
#26 /Users/aldyhelix/Projects/www/backend_rmi/vendor/livewire/livewire/src/ComponentConcerns/RendersLivewireComponents.php(35): Facade\\Ignition\\Views\\Engines\\CompilerEngine->get('/Users/aldyheli...', Array)
#27 /Users/aldyhelix/Projects/www/backend_rmi/vendor/laravel/framework/src/Illuminate/View/View.php(139): Livewire\\CompilerEngineForIgnition->get('/Users/aldyheli...', Array)
#28 /Users/aldyhelix/Projects/www/backend_rmi/vendor/laravel/framework/src/Illuminate/View/View.php(122): Illuminate\\View\\View->getContents()
#29 /Users/aldyhelix/Projects/www/backend_rmi/vendor/laravel/framework/src/Illuminate/View/View.php(91): Illuminate\\View\\View->renderContents()
#30 /Users/aldyhelix/Projects/www/backend_rmi/vendor/laravel/framework/src/Illuminate/Http/Response.php(69): Illuminate\\View\\View->render()
#31 /Users/aldyhelix/Projects/www/backend_rmi/vendor/laravel/framework/src/Illuminate/Http/Response.php(35): Illuminate\\Http\\Response->setContent(Object(Illuminate\\View\\View))
#32 /Users/aldyhelix/Projects/www/backend_rmi/vendor/laravel/framework/src/Illuminate/Routing/Router.php(820): Illuminate\\Http\\Response->__construct(Object(Illuminate\\View\\View), 200, Array)
#33 /Users/aldyhelix/Projects/www/backend_rmi/vendor/laravel/framework/src/Illuminate/Routing/Router.php(789): Illuminate\\Routing\\Router::toResponse(Object(Illuminate\\Http\\Request), Object(Illuminate\\View\\View))
#34 /Users/aldyhelix/Projects/www/backend_rmi/vendor/laravel/framework/src/Illuminate/Routing/Router.php(720): Illuminate\\Routing\\Router->prepareResponse(Object(Illuminate\\Http\\Request), Object(Illuminate\\View\\View))
#35 /Users/aldyhelix/Projects/www/backend_rmi/vendor/laravel/framework/src/Illuminate/Pipeline/Pipeline.php(128): Illuminate\\Routing\\Router->Illuminate\\Routing\\{closure}(Object(Illuminate\\Http\\Request))
#36 /Users/aldyhelix/Projects/www/backend_rmi/app/Http/Middleware/DashboardSetup.php(22): Illuminate\\Pipeline\\Pipeline->Illuminate\\Pipeline\\{closure}(Object(Illuminate\\Http\\Request))
#37 /Users/aldyhelix/Projects/www/backend_rmi/vendor/laravel/framework/src/Illuminate/Pipeline/Pipeline.php(167): App\\Http\\Middleware\\DashboardSetup->handle(Object(Illuminate\\Http\\Request), Object(Closure))
#38 /Users/aldyhelix/Projects/www/backend_rmi/app/Http/Middleware/CheckIfBillingInfoRequired.php(24): Illuminate\\Pipeline\\Pipeline->Illuminate\\Pipeline\\{closure}(Object(Illuminate\\Http\\Request))
#39 /Users/aldyhelix/Projects/www/backend_rmi/vendor/laravel/framework/src/Illuminate/Pipeline/Pipeline.php(167): App\\Http\\Middleware\\CheckIfBillingInfoRequired->handle(Object(Illuminate\\Http\\Request), Object(Closure))
#40 /Users/aldyhelix/Projects/www/backend_rmi/app/Http/Middleware/VerifyUserIsSubscribed.php(25): Illuminate\\Pipeline\\Pipeline->Illuminate\\Pipeline\\{closure}(Object(Illuminate\\Http\\Request))
#41 /Users/aldyhelix/Projects/www/backend_rmi/vendor/laravel/framework/src/Illuminate/Pipeline/Pipeline.php(167): App\\Http\\Middleware\\VerifyUserIsSubscribed->handle(Object(Illuminate\\Http\\Request), Object(Closure))
#42 /Users/aldyhelix/Projects/www/backend_rmi/app/Http/Middleware/CookieConsentMiddleware.php(21): Illuminate\\Pipeline\\Pipeline->Illuminate\\Pipeline\\{closure}(Object(Illuminate\\Http\\Request))
#43 /Users/aldyhelix/Projects/www/backend_rmi/vendor/laravel/framework/src/Illuminate/Pipeline/Pipeline.php(167): App\\Http\\Middleware\\CookieConsentMiddleware->handle(Object(Illuminate\\Http\\Request), Object(Closure))
#44 /Users/aldyhelix/Projects/www/backend_rmi/app/Http/Middleware/Language.php(64): Illuminate\\Pipeline\\Pipeline->Illuminate\\Pipeline\\{closure}(Object(Illuminate\\Http\\Request))
#45 /Users/aldyhelix/Projects/www/backend_rmi/vendor/laravel/framework/src/Illuminate/Pipeline/Pipeline.php(167): App\\Http\\Middleware\\Language->handle(Object(Illuminate\\Http\\Request), Object(Closure))
#46 /Users/aldyhelix/Projects/www/backend_rmi/app/Http/Middleware/InitSettings.php(8): Illuminate\\Pipeline\\Pipeline->Illuminate\\Pipeline\\{closure}(Object(Illuminate\\Http\\Request))
#47 /Users/aldyhelix/Projects/www/backend_rmi/vendor/laravel/framework/src/Illuminate/Pipeline/Pipeline.php(167): App\\Http\\Middleware\\InitSettings->handle(Object(Illuminate\\Http\\Request), Object(Closure))
#48 /Users/aldyhelix/Projects/www/backend_rmi/vendor/laravel/framework/src/Illuminate/Routing/Middleware/SubstituteBindings.php(50): Illuminate\\Pipeline\\Pipeline->Illuminate\\Pipeline\\{closure}(Object(Illuminate\\Http\\Request))
#49 /Users/aldyhelix/Projects/www/backend_rmi/vendor/laravel/framework/src/Illuminate/Pipeline/Pipeline.php(167): Illuminate\\Routing\\Middleware\\SubstituteBindings->handle(Object(Illuminate\\Http\\Request), Object(Closure))
#50 /Users/aldyhelix/Projects/www/backend_rmi/vendor/laravel/framework/src/Illuminate/Auth/Middleware/Authenticate.php(44): Illuminate\\Pipeline\\Pipeline->Illuminate\\Pipeline\\{closure}(Object(Illuminate\\Http\\Request))
#51 /Users/aldyhelix/Projects/www/backend_rmi/vendor/laravel/framework/src/Illuminate/Pipeline/Pipeline.php(167): Illuminate\\Auth\\Middleware\\Authenticate->handle(Object(Illuminate\\Http\\Request), Object(Closure))
#52 /Users/aldyhelix/Projects/www/backend_rmi/vendor/laravel/framework/src/Illuminate/Foundation/Http/Middleware/VerifyCsrfToken.php(78): Illuminate\\Pipeline\\Pipeline->Illuminate\\Pipeline\\{closure}(Object(Illuminate\\Http\\Request))
#53 /Users/aldyhelix/Projects/www/backend_rmi/vendor/laravel/framework/src/Illuminate/Pipeline/Pipeline.php(167): Illuminate\\Foundation\\Http\\Middleware\\VerifyCsrfToken->handle(Object(Illuminate\\Http\\Request), Object(Closure))
#54 /Users/aldyhelix/Projects/www/backend_rmi/vendor/laravel/framework/src/Illuminate/View/Middleware/ShareErrorsFromSession.php(49): Illuminate\\Pipeline\\Pipeline->Illuminate\\Pipeline\\{closure}(Object(Illuminate\\Http\\Request))
#55 /Users/aldyhelix/Projects/www/backend_rmi/vendor/laravel/framework/src/Illuminate/Pipeline/Pipeline.php(167): Illuminate\\View\\Middleware\\ShareErrorsFromSession->handle(Object(Illuminate\\Http\\Request), Object(Closure))
#56 /Users/aldyhelix/Projects/www/backend_rmi/vendor/laravel/framework/src/Illuminate/Session/Middleware/StartSession.php(121): Illuminate\\Pipeline\\Pipeline->Illuminate\\Pipeline\\{closure}(Object(Illuminate\\Http\\Request))
#57 /Users/aldyhelix/Projects/www/backend_rmi/vendor/laravel/framework/src/Illuminate/Session/Middleware/StartSession.php(64): Illuminate\\Session\\Middleware\\StartSession->handleStatefulRequest(Object(Illuminate\\Http\\Request), Object(Illuminate\\Session\\EncryptedStore), Object(Closure))
#58 /Users/aldyhelix/Projects/www/backend_rmi/vendor/laravel/framework/src/Illuminate/Pipeline/Pipeline.php(167): Illuminate\\Session\\Middleware\\StartSession->handle(Object(Illuminate\\Http\\Request), Object(Closure))
#59 /Users/aldyhelix/Projects/www/backend_rmi/vendor/laravel/framework/src/Illuminate/Cookie/Middleware/AddQueuedCookiesToResponse.php(37): Illuminate\\Pipeline\\Pipeline->Illuminate\\Pipeline\\{closure}(Object(Illuminate\\Http\\Request))
#60 /Users/aldyhelix/Projects/www/backend_rmi/vendor/laravel/framework/src/Illuminate/Pipeline/Pipeline.php(167): Illuminate\\Cookie\\Middleware\\AddQueuedCookiesToResponse->handle(Object(Illuminate\\Http\\Request), Object(Closure))
#61 /Users/aldyhelix/Projects/www/backend_rmi/vendor/laravel/framework/src/Illuminate/Cookie/Middleware/EncryptCookies.php(67): Illuminate\\Pipeline\\Pipeline->Illuminate\\Pipeline\\{closure}(Object(Illuminate\\Http\\Request))
#62 /Users/aldyhelix/Projects/www/backend_rmi/vendor/laravel/framework/src/Illuminate/Pipeline/Pipeline.php(167): Illuminate\\Cookie\\Middleware\\EncryptCookies->handle(Object(Illuminate\\Http\\Request), Object(Closure))
#63 /Users/aldyhelix/Projects/www/backend_rmi/vendor/laravel/framework/src/Illuminate/Pipeline/Pipeline.php(103): Illuminate\\Pipeline\\Pipeline->Illuminate\\Pipeline\\{closure}(Object(Illuminate\\Http\\Request))
#64 /Users/aldyhelix/Projects/www/backend_rmi/vendor/laravel/framework/src/Illuminate/Routing/Router.php(719): Illuminate\\Pipeline\\Pipeline->then(Object(Closure))
#65 /Users/aldyhelix/Projects/www/backend_rmi/vendor/laravel/framework/src/Illuminate/Routing/Router.php(698): Illuminate\\Routing\\Router->runRouteWithinStack(Object(Illuminate\\Routing\\Route), Object(Illuminate\\Http\\Request))
#66 /Users/aldyhelix/Projects/www/backend_rmi/vendor/laravel/framework/src/Illuminate/Routing/Router.php(662): Illuminate\\Routing\\Router->runRoute(Object(Illuminate\\Http\\Request), Object(Illuminate\\Routing\\Route))
#67 /Users/aldyhelix/Projects/www/backend_rmi/vendor/laravel/framework/src/Illuminate/Routing/Router.php(651): Illuminate\\Routing\\Router->dispatchToRoute(Object(Illuminate\\Http\\Request))
#68 /Users/aldyhelix/Projects/www/backend_rmi/vendor/laravel/framework/src/Illuminate/Foundation/Http/Kernel.php(167): Illuminate\\Routing\\Router->dispatch(Object(Illuminate\\Http\\Request))
#69 /Users/aldyhelix/Projects/www/backend_rmi/vendor/laravel/framework/src/Illuminate/Pipeline/Pipeline.php(128): Illuminate\\Foundation\\Http\\Kernel->Illuminate\\Foundation\\Http\\{closure}(Object(Illuminate\\Http\\Request))
#70 /Users/aldyhelix/Projects/www/backend_rmi/vendor/livewire/livewire/src/DisableBrowserCache.php(19): Illuminate\\Pipeline\\Pipeline->Illuminate\\Pipeline\\{closure}(Object(Illuminate\\Http\\Request))
#71 /Users/aldyhelix/Projects/www/backend_rmi/vendor/laravel/framework/src/Illuminate/Pipeline/Pipeline.php(167): Livewire\\DisableBrowserCache->handle(Object(Illuminate\\Http\\Request), Object(Closure))
#72 /Users/aldyhelix/Projects/www/backend_rmi/vendor/barryvdh/laravel-debugbar/src/Middleware/InjectDebugbar.php(66): Illuminate\\Pipeline\\Pipeline->Illuminate\\Pipeline\\{closure}(Object(Illuminate\\Http\\Request))
#73 /Users/aldyhelix/Projects/www/backend_rmi/vendor/laravel/framework/src/Illuminate/Pipeline/Pipeline.php(167): Barryvdh\\Debugbar\\Middleware\\InjectDebugbar->handle(Object(Illuminate\\Http\\Request), Object(Closure))
#74 /Users/aldyhelix/Projects/www/backend_rmi/app/Http/Middleware/CheckForInstallation.php(19): Illuminate\\Pipeline\\Pipeline->Illuminate\\Pipeline\\{closure}(Object(Illuminate\\Http\\Request))
#75 /Users/aldyhelix/Projects/www/backend_rmi/vendor/laravel/framework/src/Illuminate/Pipeline/Pipeline.php(167): App\\Http\\Middleware\\CheckForInstallation->handle(Object(Illuminate\\Http\\Request), Object(Closure))
#76 /Users/aldyhelix/Projects/www/backend_rmi/vendor/laravel/framework/src/Illuminate/Foundation/Http/Middleware/TransformsRequest.php(21): Illuminate\\Pipeline\\Pipeline->Illuminate\\Pipeline\\{closure}(Object(Illuminate\\Http\\Request))
#77 /Users/aldyhelix/Projects/www/backend_rmi/vendor/laravel/framework/src/Illuminate/Foundation/Http/Middleware/ConvertEmptyStringsToNull.php(31): Illuminate\\Foundation\\Http\\Middleware\\TransformsRequest->handle(Object(Illuminate\\Http\\Request), Object(Closure))
#78 /Users/aldyhelix/Projects/www/backend_rmi/vendor/laravel/framework/src/Illuminate/Pipeline/Pipeline.php(167): Illuminate\\Foundation\\Http\\Middleware\\ConvertEmptyStringsToNull->handle(Object(Illuminate\\Http\\Request), Object(Closure))
#79 /Users/aldyhelix/Projects/www/backend_rmi/vendor/laravel/framework/src/Illuminate/Foundation/Http/Middleware/TransformsRequest.php(21): Illuminate\\Pipeline\\Pipeline->Illuminate\\Pipeline\\{closure}(Object(Illuminate\\Http\\Request))
#80 /Users/aldyhelix/Projects/www/backend_rmi/vendor/laravel/framework/src/Illuminate/Foundation/Http/Middleware/TrimStrings.php(40): Illuminate\\Foundation\\Http\\Middleware\\TransformsRequest->handle(Object(Illuminate\\Http\\Request), Object(Closure))
#81 /Users/aldyhelix/Projects/www/backend_rmi/vendor/laravel/framework/src/Illuminate/Pipeline/Pipeline.php(167): Illuminate\\Foundation\\Http\\Middleware\\TrimStrings->handle(Object(Illuminate\\Http\\Request), Object(Closure))
#82 /Users/aldyhelix/Projects/www/backend_rmi/vendor/laravel/framework/src/Illuminate/Foundation/Http/Middleware/ValidatePostSize.php(27): Illuminate\\Pipeline\\Pipeline->Illuminate\\Pipeline\\{closure}(Object(Illuminate\\Http\\Request))
#83 /Users/aldyhelix/Projects/www/backend_rmi/vendor/laravel/framework/src/Illuminate/Pipeline/Pipeline.php(167): Illuminate\\Foundation\\Http\\Middleware\\ValidatePostSize->handle(Object(Illuminate\\Http\\Request), Object(Closure))
#84 /Users/aldyhelix/Projects/www/backend_rmi/vendor/laravel/framework/src/Illuminate/Foundation/Http/Middleware/PreventRequestsDuringMaintenance.php(86): Illuminate\\Pipeline\\Pipeline->Illuminate\\Pipeline\\{closure}(Object(Illuminate\\Http\\Request))
#85 /Users/aldyhelix/Projects/www/backend_rmi/vendor/laravel/framework/src/Illuminate/Pipeline/Pipeline.php(167): Illuminate\\Foundation\\Http\\Middleware\\PreventRequestsDuringMaintenance->handle(Object(Illuminate\\Http\\Request), Object(Closure))
#86 /Users/aldyhelix/Projects/www/backend_rmi/vendor/fruitcake/laravel-cors/src/HandleCors.php(38): Illuminate\\Pipeline\\Pipeline->Illuminate\\Pipeline\\{closure}(Object(Illuminate\\Http\\Request))
#87 /Users/aldyhelix/Projects/www/backend_rmi/vendor/laravel/framework/src/Illuminate/Pipeline/Pipeline.php(167): Fruitcake\\Cors\\HandleCors->handle(Object(Illuminate\\Http\\Request), Object(Closure))
#88 /Users/aldyhelix/Projects/www/backend_rmi/vendor/laravel/framework/src/Illuminate/Http/Middleware/TrustProxies.php(39): Illuminate\\Pipeline\\Pipeline->Illuminate\\Pipeline\\{closure}(Object(Illuminate\\Http\\Request))
#89 /Users/aldyhelix/Projects/www/backend_rmi/vendor/laravel/framework/src/Illuminate/Pipeline/Pipeline.php(167): Illuminate\\Http\\Middleware\\TrustProxies->handle(Object(Illuminate\\Http\\Request), Object(Closure))
#90 /Users/aldyhelix/Projects/www/backend_rmi/vendor/laravel/framework/src/Illuminate/Pipeline/Pipeline.php(103): Illuminate\\Pipeline\\Pipeline->Illuminate\\Pipeline\\{closure}(Object(Illuminate\\Http\\Request))
#91 /Users/aldyhelix/Projects/www/backend_rmi/vendor/laravel/framework/src/Illuminate/Foundation/Http/Kernel.php(142): Illuminate\\Pipeline\\Pipeline->then(Object(Closure))
#92 /Users/aldyhelix/Projects/www/backend_rmi/vendor/laravel/framework/src/Illuminate/Foundation/Http/Kernel.php(111): Illuminate\\Foundation\\Http\\Kernel->sendRequestThroughRouter(Object(Illuminate\\Http\\Request))
#93 /Users/aldyhelix/Projects/www/backend_rmi/public/index.php(58): Illuminate\\Foundation\\Http\\Kernel->handle(Object(Illuminate\\Http\\Request))
#94 /Applications/Herd.app/Contents/Resources/valet/server.php(153): require('/Users/aldyheli...')
#95 {main}

[previous exception] [object] (Illuminate\\Contracts\\Container\\BindingResolutionException(code: 0): Unresolvable dependency resolving [Parameter #2 [ <required> $dataBody ]] in class App\\View\\Components\\Table at /Users/aldyhelix/Projects/www/backend_rmi/vendor/laravel/framework/src/Illuminate/Container/Container.php:1104)
[stacktrace]
#0 /Users/aldyhelix/Projects/www/backend_rmi/vendor/laravel/framework/src/Illuminate/Container/Container.php(1011): Illuminate\\Container\\Container->unresolvablePrimitive(Object(ReflectionParameter))
#1 /Users/aldyhelix/Projects/www/backend_rmi/vendor/laravel/framework/src/Illuminate/Container/Container.php(946): Illuminate\\Container\\Container->resolvePrimitive(Object(ReflectionParameter))
#2 /Users/aldyhelix/Projects/www/backend_rmi/vendor/laravel/framework/src/Illuminate/Container/Container.php(908): Illuminate\\Container\\Container->resolveDependencies(Array)
#3 /Users/aldyhelix/Projects/www/backend_rmi/vendor/laravel/framework/src/Illuminate/Container/Container.php(758): Illuminate\\Container\\Container->build('App\\\\View\\\\Compon...')
#4 /Users/aldyhelix/Projects/www/backend_rmi/vendor/laravel/framework/src/Illuminate/Foundation/Application.php(851): Illuminate\\Container\\Container->resolve('App\\\\View\\\\Compon...', Array, true)
#5 /Users/aldyhelix/Projects/www/backend_rmi/vendor/laravel/framework/src/Illuminate/Container/Container.php(694): Illuminate\\Foundation\\Application->resolve('App\\\\View\\\\Compon...', Array)
#6 /Users/aldyhelix/Projects/www/backend_rmi/vendor/laravel/framework/src/Illuminate/Foundation/Application.php(836): Illuminate\\Container\\Container->make('App\\\\View\\\\Compon...', Array)
#7 /Users/aldyhelix/Projects/www/backend_rmi/storage/framework/views/f4899b702c6a16f1c873549d32bc50b1e46a780c.php(524): Illuminate\\Foundation\\Application->make('App\\\\View\\\\Compon...', Array)
#8 /Users/aldyhelix/Projects/www/backend_rmi/vendor/livewire/livewire/src/ComponentConcerns/RendersLivewireComponents.php(83): include('/Users/aldyheli...')
#9 /Users/aldyhelix/Projects/www/backend_rmi/vendor/livewire/livewire/src/ComponentConcerns/RendersLivewireComponents.php(84): App\\Http\\Livewire\\Dashboard->Livewire\\ComponentConcerns\\{closure}()
#10 /Users/aldyhelix/Projects/www/backend_rmi/vendor/livewire/livewire/src/ComponentConcerns/RendersLivewireComponents.php(59): Livewire\\CompilerEngineForIgnition->evaluatePath('/Users/aldyheli...', Array)
#11 /Users/aldyhelix/Projects/www/backend_rmi/vendor/laravel/framework/src/Illuminate/View/View.php(139): Livewire\\CompilerEngineForIgnition->get('/Users/aldyheli...', Array)
#12 /Users/aldyhelix/Projects/www/backend_rmi/vendor/laravel/framework/src/Illuminate/View/View.php(122): Illuminate\\View\\View->getContents()
#13 /Users/aldyhelix/Projects/www/backend_rmi/vendor/laravel/framework/src/Illuminate/View/View.php(91): Illuminate\\View\\View->renderContents()
#14 /Users/aldyhelix/Projects/www/backend_rmi/vendor/livewire/livewire/src/Component.php(235): Illuminate\\View\\View->render()
#15 /Users/aldyhelix/Projects/www/backend_rmi/vendor/livewire/livewire/src/HydrationMiddleware/RenderView.php(14): Livewire\\Component->output()
#16 /Users/aldyhelix/Projects/www/backend_rmi/vendor/livewire/livewire/src/LifecycleManager.php(141): Livewire\\HydrationMiddleware\\RenderView::dehydrate(Object(App\\Http\\Livewire\\Dashboard), Object(Livewire\\Response))
#17 /Users/aldyhelix/Projects/www/backend_rmi/vendor/livewire/livewire/src/LivewireManager.php(132): Livewire\\LifecycleManager->initialDehydrate()
#18 /Users/aldyhelix/Projects/www/backend_rmi/vendor/laravel/framework/src/Illuminate/Support/Facades/Facade.php(261): Livewire\\LivewireManager->mount('dashboard', Array)
#19 /Users/aldyhelix/Projects/www/backend_rmi/storage/framework/views/7614a377bf597da1c7ed67416eae576b7feee755.php(13): Illuminate\\Support\\Facades\\Facade::__callStatic('mount', Array)
#20 /Users/aldyhelix/Projects/www/backend_rmi/vendor/laravel/framework/src/Illuminate/Filesystem/Filesystem.php(107): require('/Users/aldyheli...')
#21 /Users/aldyhelix/Projects/www/backend_rmi/vendor/laravel/framework/src/Illuminate/Filesystem/Filesystem.php(108): Illuminate\\Filesystem\\Filesystem::Illuminate\\Filesystem\\{closure}()
#22 /Users/aldyhelix/Projects/www/backend_rmi/vendor/laravel/framework/src/Illuminate/View/Engines/PhpEngine.php(58): Illuminate\\Filesystem\\Filesystem->getRequire('/Users/aldyheli...', Array)
#23 /Users/aldyhelix/Projects/www/backend_rmi/vendor/livewire/livewire/src/ComponentConcerns/RendersLivewireComponents.php(69): Illuminate\\View\\Engines\\PhpEngine->evaluatePath('/Users/aldyheli...', Array)
#24 /Users/aldyhelix/Projects/www/backend_rmi/vendor/laravel/framework/src/Illuminate/View/Engines/CompilerEngine.php(61): Livewire\\CompilerEngineForIgnition->evaluatePath('/Users/aldyheli...', Array)
#25 /Users/aldyhelix/Projects/www/backend_rmi/vendor/facade/ignition/src/Views/Engines/CompilerEngine.php(37): Illuminate\\View\\Engines\\CompilerEngine->get('/Users/aldyheli...', Array)
#26 /Users/aldyhelix/Projects/www/backend_rmi/vendor/livewire/livewire/src/ComponentConcerns/RendersLivewireComponents.php(35): Facade\\Ignition\\Views\\Engines\\CompilerEngine->get('/Users/aldyheli...', Array)
#27 /Users/aldyhelix/Projects/www/backend_rmi/vendor/laravel/framework/src/Illuminate/View/View.php(139): Livewire\\CompilerEngineForIgnition->get('/Users/aldyheli...', Array)
#28 /Users/aldyhelix/Projects/www/backend_rmi/vendor/laravel/framework/src/Illuminate/View/View.php(122): Illuminate\\View\\View->getContents()
#29 /Users/aldyhelix/Projects/www/backend_rmi/vendor/laravel/framework/src/Illuminate/View/View.php(91): Illuminate\\View\\View->renderContents()
#30 /Users/aldyhelix/Projects/www/backend_rmi/vendor/laravel/framework/src/Illuminate/Http/Response.php(69): Illuminate\\View\\View->render()
#31 /Users/aldyhelix/Projects/www/backend_rmi/vendor/laravel/framework/src/Illuminate/Http/Response.php(35): Illuminate\\Http\\Response->setContent(Object(Illuminate\\View\\View))
#32 /Users/aldyhelix/Projects/www/backend_rmi/vendor/laravel/framework/src/Illuminate/Routing/Router.php(820): Illuminate\\Http\\Response->__construct(Object(Illuminate\\View\\View), 200, Array)
#33 /Users/aldyhelix/Projects/www/backend_rmi/vendor/laravel/framework/src/Illuminate/Routing/Router.php(789): Illuminate\\Routing\\Router::toResponse(Object(Illuminate\\Http\\Request), Object(Illuminate\\View\\View))
#34 /Users/aldyhelix/Projects/www/backend_rmi/vendor/laravel/framework/src/Illuminate/Routing/Router.php(720): Illuminate\\Routing\\Router->prepareResponse(Object(Illuminate\\Http\\Request), Object(Illuminate\\View\\View))
#35 /Users/aldyhelix/Projects/www/backend_rmi/vendor/laravel/framework/src/Illuminate/Pipeline/Pipeline.php(128): Illuminate\\Routing\\Router->Illuminate\\Routing\\{closure}(Object(Illuminate\\Http\\Request))
#36 /Users/aldyhelix/Projects/www/backend_rmi/app/Http/Middleware/DashboardSetup.php(22): Illuminate\\Pipeline\\Pipeline->Illuminate\\Pipeline\\{closure}(Object(Illuminate\\Http\\Request))
#37 /Users/aldyhelix/Projects/www/backend_rmi/vendor/laravel/framework/src/Illuminate/Pipeline/Pipeline.php(167): App\\Http\\Middleware\\DashboardSetup->handle(Object(Illuminate\\Http\\Request), Object(Closure))
#38 /Users/aldyhelix/Projects/www/backend_rmi/app/Http/Middleware/CheckIfBillingInfoRequired.php(24): Illuminate\\Pipeline\\Pipeline->Illuminate\\Pipeline\\{closure}(Object(Illuminate\\Http\\Request))
#39 /Users/aldyhelix/Projects/www/backend_rmi/vendor/laravel/framework/src/Illuminate/Pipeline/Pipeline.php(167): App\\Http\\Middleware\\CheckIfBillingInfoRequired->handle(Object(Illuminate\\Http\\Request), Object(Closure))
#40 /Users/aldyhelix/Projects/www/backend_rmi/app/Http/Middleware/VerifyUserIsSubscribed.php(25): Illuminate\\Pipeline\\Pipeline->Illuminate\\Pipeline\\{closure}(Object(Illuminate\\Http\\Request))
#41 /Users/aldyhelix/Projects/www/backend_rmi/vendor/laravel/framework/src/Illuminate/Pipeline/Pipeline.php(167): App\\Http\\Middleware\\VerifyUserIsSubscribed->handle(Object(Illuminate\\Http\\Request), Object(Closure))
#42 /Users/aldyhelix/Projects/www/backend_rmi/app/Http/Middleware/CookieConsentMiddleware.php(21): Illuminate\\Pipeline\\Pipeline->Illuminate\\Pipeline\\{closure}(Object(Illuminate\\Http\\Request))
#43 /Users/aldyhelix/Projects/www/backend_rmi/vendor/laravel/framework/src/Illuminate/Pipeline/Pipeline.php(167): App\\Http\\Middleware\\CookieConsentMiddleware->handle(Object(Illuminate\\Http\\Request), Object(Closure))
#44 /Users/aldyhelix/Projects/www/backend_rmi/app/Http/Middleware/Language.php(64): Illuminate\\Pipeline\\Pipeline->Illuminate\\Pipeline\\{closure}(Object(Illuminate\\Http\\Request))
#45 /Users/aldyhelix/Projects/www/backend_rmi/vendor/laravel/framework/src/Illuminate/Pipeline/Pipeline.php(167): App\\Http\\Middleware\\Language->handle(Object(Illuminate\\Http\\Request), Object(Closure))
#46 /Users/aldyhelix/Projects/www/backend_rmi/app/Http/Middleware/InitSettings.php(8): Illuminate\\Pipeline\\Pipeline->Illuminate\\Pipeline\\{closure}(Object(Illuminate\\Http\\Request))
#47 /Users/aldyhelix/Projects/www/backend_rmi/vendor/laravel/framework/src/Illuminate/Pipeline/Pipeline.php(167): App\\Http\\Middleware\\InitSettings->handle(Object(Illuminate\\Http\\Request), Object(Closure))
#48 /Users/aldyhelix/Projects/www/backend_rmi/vendor/laravel/framework/src/Illuminate/Routing/Middleware/SubstituteBindings.php(50): Illuminate\\Pipeline\\Pipeline->Illuminate\\Pipeline\\{closure}(Object(Illuminate\\Http\\Request))
#49 /Users/aldyhelix/Projects/www/backend_rmi/vendor/laravel/framework/src/Illuminate/Pipeline/Pipeline.php(167): Illuminate\\Routing\\Middleware\\SubstituteBindings->handle(Object(Illuminate\\Http\\Request), Object(Closure))
#50 /Users/aldyhelix/Projects/www/backend_rmi/vendor/laravel/framework/src/Illuminate/Auth/Middleware/Authenticate.php(44): Illuminate\\Pipeline\\Pipeline->Illuminate\\Pipeline\\{closure}(Object(Illuminate\\Http\\Request))
#51 /Users/aldyhelix/Projects/www/backend_rmi/vendor/laravel/framework/src/Illuminate/Pipeline/Pipeline.php(167): Illuminate\\Auth\\Middleware\\Authenticate->handle(Object(Illuminate\\Http\\Request), Object(Closure))
#52 /Users/aldyhelix/Projects/www/backend_rmi/vendor/laravel/framework/src/Illuminate/Foundation/Http/Middleware/VerifyCsrfToken.php(78): Illuminate\\Pipeline\\Pipeline->Illuminate\\Pipeline\\{closure}(Object(Illuminate\\Http\\Request))
#53 /Users/aldyhelix/Projects/www/backend_rmi/vendor/laravel/framework/src/Illuminate/Pipeline/Pipeline.php(167): Illuminate\\Foundation\\Http\\Middleware\\VerifyCsrfToken->handle(Object(Illuminate\\Http\\Request), Object(Closure))
#54 /Users/aldyhelix/Projects/www/backend_rmi/vendor/laravel/framework/src/Illuminate/View/Middleware/ShareErrorsFromSession.php(49): Illuminate\\Pipeline\\Pipeline->Illuminate\\Pipeline\\{closure}(Object(Illuminate\\Http\\Request))
#55 /Users/aldyhelix/Projects/www/backend_rmi/vendor/laravel/framework/src/Illuminate/Pipeline/Pipeline.php(167): Illuminate\\View\\Middleware\\ShareErrorsFromSession->handle(Object(Illuminate\\Http\\Request), Object(Closure))
#56 /Users/aldyhelix/Projects/www/backend_rmi/vendor/laravel/framework/src/Illuminate/Session/Middleware/StartSession.php(121): Illuminate\\Pipeline\\Pipeline->Illuminate\\Pipeline\\{closure}(Object(Illuminate\\Http\\Request))
#57 /Users/aldyhelix/Projects/www/backend_rmi/vendor/laravel/framework/src/Illuminate/Session/Middleware/StartSession.php(64): Illuminate\\Session\\Middleware\\StartSession->handleStatefulRequest(Object(Illuminate\\Http\\Request), Object(Illuminate\\Session\\EncryptedStore), Object(Closure))
#58 /Users/aldyhelix/Projects/www/backend_rmi/vendor/laravel/framework/src/Illuminate/Pipeline/Pipeline.php(167): Illuminate\\Session\\Middleware\\StartSession->handle(Object(Illuminate\\Http\\Request), Object(Closure))
#59 /Users/aldyhelix/Projects/www/backend_rmi/vendor/laravel/framework/src/Illuminate/Cookie/Middleware/AddQueuedCookiesToResponse.php(37): Illuminate\\Pipeline\\Pipeline->Illuminate\\Pipeline\\{closure}(Object(Illuminate\\Http\\Request))
#60 /Users/aldyhelix/Projects/www/backend_rmi/vendor/laravel/framework/src/Illuminate/Pipeline/Pipeline.php(167): Illuminate\\Cookie\\Middleware\\AddQueuedCookiesToResponse->handle(Object(Illuminate\\Http\\Request), Object(Closure))
#61 /Users/aldyhelix/Projects/www/backend_rmi/vendor/laravel/framework/src/Illuminate/Cookie/Middleware/EncryptCookies.php(67): Illuminate\\Pipeline\\Pipeline->Illuminate\\Pipeline\\{closure}(Object(Illuminate\\Http\\Request))
#62 /Users/aldyhelix/Projects/www/backend_rmi/vendor/laravel/framework/src/Illuminate/Pipeline/Pipeline.php(167): Illuminate\\Cookie\\Middleware\\EncryptCookies->handle(Object(Illuminate\\Http\\Request), Object(Closure))
#63 /Users/aldyhelix/Projects/www/backend_rmi/vendor/laravel/framework/src/Illuminate/Pipeline/Pipeline.php(103): Illuminate\\Pipeline\\Pipeline->Illuminate\\Pipeline\\{closure}(Object(Illuminate\\Http\\Request))
#64 /Users/aldyhelix/Projects/www/backend_rmi/vendor/laravel/framework/src/Illuminate/Routing/Router.php(719): Illuminate\\Pipeline\\Pipeline->then(Object(Closure))
#65 /Users/aldyhelix/Projects/www/backend_rmi/vendor/laravel/framework/src/Illuminate/Routing/Router.php(698): Illuminate\\Routing\\Router->runRouteWithinStack(Object(Illuminate\\Routing\\Route), Object(Illuminate\\Http\\Request))
#66 /Users/aldyhelix/Projects/www/backend_rmi/vendor/laravel/framework/src/Illuminate/Routing/Router.php(662): Illuminate\\Routing\\Router->runRoute(Object(Illuminate\\Http\\Request), Object(Illuminate\\Routing\\Route))
#67 /Users/aldyhelix/Projects/www/backend_rmi/vendor/laravel/framework/src/Illuminate/Routing/Router.php(651): Illuminate\\Routing\\Router->dispatchToRoute(Object(Illuminate\\Http\\Request))
#68 /Users/aldyhelix/Projects/www/backend_rmi/vendor/laravel/framework/src/Illuminate/Foundation/Http/Kernel.php(167): Illuminate\\Routing\\Router->dispatch(Object(Illuminate\\Http\\Request))
#69 /Users/aldyhelix/Projects/www/backend_rmi/vendor/laravel/framework/src/Illuminate/Pipeline/Pipeline.php(128): Illuminate\\Foundation\\Http\\Kernel->Illuminate\\Foundation\\Http\\{closure}(Object(Illuminate\\Http\\Request))
#70 /Users/aldyhelix/Projects/www/backend_rmi/vendor/livewire/livewire/src/DisableBrowserCache.php(19): Illuminate\\Pipeline\\Pipeline->Illuminate\\Pipeline\\{closure}(Object(Illuminate\\Http\\Request))
#71 /Users/aldyhelix/Projects/www/backend_rmi/vendor/laravel/framework/src/Illuminate/Pipeline/Pipeline.php(167): Livewire\\DisableBrowserCache->handle(Object(Illuminate\\Http\\Request), Object(Closure))
#72 /Users/aldyhelix/Projects/www/backend_rmi/vendor/barryvdh/laravel-debugbar/src/Middleware/InjectDebugbar.php(66): Illuminate\\Pipeline\\Pipeline->Illuminate\\Pipeline\\{closure}(Object(Illuminate\\Http\\Request))
#73 /Users/aldyhelix/Projects/www/backend_rmi/vendor/laravel/framework/src/Illuminate/Pipeline/Pipeline.php(167): Barryvdh\\Debugbar\\Middleware\\InjectDebugbar->handle(Object(Illuminate\\Http\\Request), Object(Closure))
#74 /Users/aldyhelix/Projects/www/backend_rmi/app/Http/Middleware/CheckForInstallation.php(19): Illuminate\\Pipeline\\Pipeline->Illuminate\\Pipeline\\{closure}(Object(Illuminate\\Http\\Request))
#75 /Users/aldyhelix/Projects/www/backend_rmi/vendor/laravel/framework/src/Illuminate/Pipeline/Pipeline.php(167): App\\Http\\Middleware\\CheckForInstallation->handle(Object(Illuminate\\Http\\Request), Object(Closure))
#76 /Users/aldyhelix/Projects/www/backend_rmi/vendor/laravel/framework/src/Illuminate/Foundation/Http/Middleware/TransformsRequest.php(21): Illuminate\\Pipeline\\Pipeline->Illuminate\\Pipeline\\{closure}(Object(Illuminate\\Http\\Request))
#77 /Users/aldyhelix/Projects/www/backend_rmi/vendor/laravel/framework/src/Illuminate/Foundation/Http/Middleware/ConvertEmptyStringsToNull.php(31): Illuminate\\Foundation\\Http\\Middleware\\TransformsRequest->handle(Object(Illuminate\\Http\\Request), Object(Closure))
#78 /Users/aldyhelix/Projects/www/backend_rmi/vendor/laravel/framework/src/Illuminate/Pipeline/Pipeline.php(167): Illuminate\\Foundation\\Http\\Middleware\\ConvertEmptyStringsToNull->handle(Object(Illuminate\\Http\\Request), Object(Closure))
#79 /Users/aldyhelix/Projects/www/backend_rmi/vendor/laravel/framework/src/Illuminate/Foundation/Http/Middleware/TransformsRequest.php(21): Illuminate\\Pipeline\\Pipeline->Illuminate\\Pipeline\\{closure}(Object(Illuminate\\Http\\Request))
#80 /Users/aldyhelix/Projects/www/backend_rmi/vendor/laravel/framework/src/Illuminate/Foundation/Http/Middleware/TrimStrings.php(40): Illuminate\\Foundation\\Http\\Middleware\\TransformsRequest->handle(Object(Illuminate\\Http\\Request), Object(Closure))
#81 /Users/aldyhelix/Projects/www/backend_rmi/vendor/laravel/framework/src/Illuminate/Pipeline/Pipeline.php(167): Illuminate\\Foundation\\Http\\Middleware\\TrimStrings->handle(Object(Illuminate\\Http\\Request), Object(Closure))
#82 /Users/aldyhelix/Projects/www/backend_rmi/vendor/laravel/framework/src/Illuminate/Foundation/Http/Middleware/ValidatePostSize.php(27): Illuminate\\Pipeline\\Pipeline->Illuminate\\Pipeline\\{closure}(Object(Illuminate\\Http\\Request))
#83 /Users/aldyhelix/Projects/www/backend_rmi/vendor/laravel/framework/src/Illuminate/Pipeline/Pipeline.php(167): Illuminate\\Foundation\\Http\\Middleware\\ValidatePostSize->handle(Object(Illuminate\\Http\\Request), Object(Closure))
#84 /Users/aldyhelix/Projects/www/backend_rmi/vendor/laravel/framework/src/Illuminate/Foundation/Http/Middleware/PreventRequestsDuringMaintenance.php(86): Illuminate\\Pipeline\\Pipeline->Illuminate\\Pipeline\\{closure}(Object(Illuminate\\Http\\Request))
#85 /Users/aldyhelix/Projects/www/backend_rmi/vendor/laravel/framework/src/Illuminate/Pipeline/Pipeline.php(167): Illuminate\\Foundation\\Http\\Middleware\\PreventRequestsDuringMaintenance->handle(Object(Illuminate\\Http\\Request), Object(Closure))
#86 /Users/aldyhelix/Projects/www/backend_rmi/vendor/fruitcake/laravel-cors/src/HandleCors.php(38): Illuminate\\Pipeline\\Pipeline->Illuminate\\Pipeline\\{closure}(Object(Illuminate\\Http\\Request))
#87 /Users/aldyhelix/Projects/www/backend_rmi/vendor/laravel/framework/src/Illuminate/Pipeline/Pipeline.php(167): Fruitcake\\Cors\\HandleCors->handle(Object(Illuminate\\Http\\Request), Object(Closure))
#88 /Users/aldyhelix/Projects/www/backend_rmi/vendor/laravel/framework/src/Illuminate/Http/Middleware/TrustProxies.php(39): Illuminate\\Pipeline\\Pipeline->Illuminate\\Pipeline\\{closure}(Object(Illuminate\\Http\\Request))
#89 /Users/aldyhelix/Projects/www/backend_rmi/vendor/laravel/framework/src/Illuminate/Pipeline/Pipeline.php(167): Illuminate\\Http\\Middleware\\TrustProxies->handle(Object(Illuminate\\Http\\Request), Object(Closure))
#90 /Users/aldyhelix/Projects/www/backend_rmi/vendor/laravel/framework/src/Illuminate/Pipeline/Pipeline.php(103): Illuminate\\Pipeline\\Pipeline->Illuminate\\Pipeline\\{closure}(Object(Illuminate\\Http\\Request))
#91 /Users/aldyhelix/Projects/www/backend_rmi/vendor/laravel/framework/src/Illuminate/Foundation/Http/Kernel.php(142): Illuminate\\Pipeline\\Pipeline->then(Object(Closure))
#92 /Users/aldyhelix/Projects/www/backend_rmi/vendor/laravel/framework/src/Illuminate/Foundation/Http/Kernel.php(111): Illuminate\\Foundation\\Http\\Kernel->sendRequestThroughRouter(Object(Illuminate\\Http\\Request))
#93 /Users/aldyhelix/Projects/www/backend_rmi/public/index.php(58): Illuminate\\Foundation\\Http\\Kernel->handle(Object(Illuminate\\Http\\Request))
#94 /Applications/Herd.app/Contents/Resources/valet/server.php(153): require('/Users/aldyheli...')
#95 {main}
"} 
